Symbol,Name,IndustryCode,Industry
300750,Contemporary Amperex Technology Co.  Limited Class A,52102030,전기 부품 및 장비
300308,Zhongji Innolight Co.  Ltd. Class A,57102010,통신 및 네트워킹
300502,Eoptolink Technology Inc.  Ltd. Class A,57104010,전자 장비 및 부품
000333,Midea Group Co.  Ltd. Class A,53204030,"가전제품, 도구 및 가정 용품"
002371,Naura Technology Group Co Ltd Class A,57101020,반도체 장비 및 테스트
002594,BYD Company Limited Class A,53101010,자동차 및 트럭 제조
002475,Luxshare Precision Industry Co Ltd Class A,57104010,전자 장비 및 부품
002384,Suzhou Dongshan Precision Manufacturing Co Ltd Class A,57101010,반도체
002415,Hangzhou Hikvision Digital Technology Co Ltd Class A,57102010,통신 및 네트워킹
300059,East Money Information Co Ltd Class A,55102010,투자 은행 및 중개 서비스
000858,Wuliangye Yibin Co Ltd Class A,54101020,증류주 및 포도주
300394,Suzhou TFC Optical Communication Co.  Ltd. Class A,57104010,전자 장비 및 부품
002379,Shandong Hongqiao Aluminum Industry Holding Co Ltd Class A,51201030,알루미늄
002916,Shennan Circuits Co Ltd Class A,57101010,반도체
300408,Chaozhou Three-circle (Group) Co Ltd Class A,57104010,전자 장비 및 부품
300274,Sungrow Power Supply Co Ltd Class A,50201010,재생 가능 에너지 장비 및 서비스
300476,Victory Giant Technology (HuiZhou) Co Ltd Class A,57101010,반도체
002463,WUS Printed Circuit (Kunshan) Co.  Ltd. Class A,57101010,반도체
000651,Gree Electric Appliances  Inc. of Zhuhai Class A,53204030,"가전제품, 도구 및 가정 용품"
002938,Avary Holding Shenzhen Co Ltd Class A,57101010,반도체
002714,Muyuan Foods Group Co Ltd Class A,54102010,어업 및 농업
000001,Ping An Bank Co Ltd Class A,55101010,은행
002142,Bank of Ningbo Co Ltd Class A,55101010,은행
000725,BOE Technology Group Co Ltd Class A,57104010,전자 장비 및 부품
000338,Weichai Power Co Ltd Class A,53101020,"자동차, 트럭 및 오토바이 부품"
300760,Shenzhen Mindray Bio-Medical Electronics Co.  Ltd. Class A,56101010,첨단 의료 장비 및 기술
301377,Guangdong Dtech Technology Co Ltd Class A,52102010,산업용 기계 및 장비
300604,Hangzhou Changchuan Technology Co Ltd Class A,57101020,반도체 장비 및 테스트
300033,Hithink RoyalFlush Information Network Co.  Ltd. Class A,57301010,핀테크
300433,Lens Technology Co.  Ltd. Class A,57104010,전자 장비 및 부품
301308,Shenzhen Longsys Electronics Co Ltd Class A,57101010,반도체
300124,Shenzhen Inovance Technology Co Ltd Class A,52102030,전기 부품 및 장비
301165,Ruijie Networks Co Ltd Class A,57401010,통합 통신 서비스
002352,S.F. Holding Co Ltd Class A,52405010,"배달, 우편, 항공 화물 및 육상 물류"
003816,CGN Power Co Ltd Class A,59101020,민자 발전 사업
302132,AVIC Chengdu Aircraft Co Ltd Class A,52102030,전기 부품 및 장비
002281,Accelink Technologies Co Ltd Class A,57104010,전자 장비 및 부품
000657,China Tungsten and Hightech Materials Co Ltd Class A,51201050,특수 채굴 및 금속
002353,Yantai Jereh Oilfield Services Group Co Ltd Class A,50103020,오일 관련 서비스 및 장비
000792,Qinghai Yanhu Industry Co Ltd Class A,51101020,농화학제
002050,Zhejiang Sanhua Intelligent Controls Co Ltd Class A,52102010,산업용 기계 및 장비
000063,ZTE Corp Class A,57102010,통신 및 네트워킹
301526,Chongqing Polycomp International Corp Class A,51101010,상품 화학
300999,Yihai Kerry Arawana Holdings Co Ltd Class A,54102020,식품 가공
000568,Luzhou Laojiao Co Ltd Class A,54101020,증류주 및 포도주
002028,Sieyuan Electric Co Ltd Class A,52102030,전기 부품 및 장비
001280,China National Uranium Co Ltd Class A,50301010,우라늄
002493,Rongsheng Petrochemical Co Ltd Class A,51101010,상품 화학
000776,GF Securities Co.  Ltd. Class A,55102020,투자 관리 및 펀드 운영
300857,Sharetronic Data Technology Co Ltd Class A,57106010,컴퓨터 하드웨어
301200,Shenzhen Han's Cnc Technology Co Ltd Class A,57101020,반도체 장비 및 테스트
000408,Zangge Mining Co Ltd Class A,51101010,상품 화학
300014,EVE Energy Co.  Ltd. Class A,52102030,전기 부품 및 장비
000977,IEIT SYSTEMS Co Ltd Class A,57106010,컴퓨터 하드웨어
000938,Unisplendour Corp Ltd Class A,57107010,통합 하드웨어 및 소프트웨어
300442,Range Intelligent Computing Technology Group Company Limited Class A,57401010,통합 통신 서비스
000988,HGTECH Co Ltd Class A,57104010,전자 장비 및 부품
000100,TCL Technology Group Corporation Class A,57104010,전자 장비 및 부품
002736,Guosen Securities Co.  Ltd. Class A,55102010,투자 은행 및 중개 서비스
002602,Zhejiang Century Huatong Group Co Ltd Class A,57201020,소프트웨어
000166,Shenwan Hongyuan Group Co Ltd Class A,55102010,투자 은행 및 중개 서비스
002230,iFLYTEK Co Ltd Class A,57201020,소프트웨어
000958,SPIC Industry Finance Holdings Co Ltd Class A,59104010,복합 유틸리티
301217,Anhui Tongguan Copper Foil Group Co Ltd Class A,51201050,특수 채굴 및 금속
002008,Han's Laser Technology Industry Group Co Ltd Class A,52102010,산업용 기계 및 장비
002156,TongFu Microelectronics Co Ltd Class A,57101020,반도체 장비 및 테스트
000425,XCMG Construction Machinery Co.  Ltd. Class A,52102020,중장비 및 차량
002080,Sinoma Science and Technology Co.  Ltd. Class A,51101030,특수 화학제
300498,Wens Foodstuff Group Co.  Ltd. Class A,54102010,어업 및 농업
002600,Lingyi iTech (Guangdong) Co Class A,57104010,전자 장비 및 부품
000538,Yunnan Baiyao Group Co Ltd Class A,56201040,제약
001309,Shenzhen Techwinsemi Technology Co Ltd Class A,57101010,반도체
000807,Yunnan Aluminium Co Ltd Class A,51201030,알루미늄
000617,CNPC Capital Co Ltd Class A,55101010,은행
002001,Zhejiang NHU Co.  Ltd. Class A,54102020,식품 가공
000630,Tongling Nonferrous Metals Group Co Ltd Class A,51201050,특수 채굴 및 금속
002460,Ganfeng Lithium Group Co.  Ltd Class A,51101010,상품 화학
002648,Satellite Chemical Co Ltd Class A,51101010,상품 화학
000895,Henan Shuanghui Investment & Development Co Ltd Class A,54102020,식품 가공
300757,RoboTechnik Intelligent Technology Co Ltd Class A,52102010,산업용 기계 및 장비
000301,Jiangsu Eastern Shenghong Co Ltd Class A,51101010,상품 화학
002128,Inner Mongolia Dian Tou Energy Corp Ltd Class A,51201030,알루미늄
300015,Aier Eye Hospital Group Co Ltd Class A,56102010,의료 시설 및 서비스
001289,China Longyuan Power Group Corp Ltd Class A,59101010,전력 유틸리티
002709,Guangzhou Tinci Materials Technology Co Ltd Class A,51101010,상품 화학
002653,Haisco Pharmaceutical Group Co.  Ltd. Class A,56201040,제약
002241,Goertek Inc. Class A,57104010,전자 장비 및 부품
300620,Advanced Fiber Resources Zhuhai Ltd Class A,52102030,전기 부품 및 장비
002851,Shenzhen Megmeet Electrical Co Ltd Class A,57104010,전자 장비 및 부품
301638,CSG Digital Power Grid Research Institute Co Ltd Class A,57201020,소프트웨어
002027,Focus Media Information Technology Co Ltd Class A,53302010,광고 및 마케팅
002311,Guangdong Haid Group Co Ltd Class A,54102010,어업 및 농업
002179,Jonhon Optronic Technology Co Ltd Class A,57104010,전자 장비 및 부품
300661,SG Micro Corp Class A,57101010,반도체
300475,Shannon Semiconductor Technology Co Ltd Class A,57106010,컴퓨터 하드웨어
002422,Sichuan Kelun Pharmaceutical Co Ltd Class A,56201040,제약
300759,Pharmaron Beijing Co Ltd Class A,56202010,생명 공학 및 의학 연구
002202,Goldwind Science & Technology Co Ltd Class A,50201010,재생 가능 에너지 장비 및 서비스
000636,Guangdong Fenghua Advanced Technology Holding Co Ltd Class A,57104010,전자 장비 및 부품
300054,Hubei Dinglong Co Ltd Class A,51101030,특수 화학제
002409,Jiangsu Yoke Technology Co.  Ltd. Class A,51101010,상품 화학
002837,Shenzhen Envicool Technology Co Ltd Class A,52102010,산업용 기계 및 장비
002466,Tianqi Lithium Corporation Class A,51201050,특수 채굴 및 금속
300285,Shandong Sinocera Functional Material Co Ltd Class A,52102030,전기 부품 및 장비
001389,Delton Technology (Guangzhou) Inc Class A,57101010,반도체
000975,Shanjin International Gold Co Ltd Class A,51201080,다각적 채굴
300666,Konfoong Materials International Co Ltd Class A,57104010,전자 장비 및 부품
000708,CITIC Pacific Special Steel Group Co Ltd Class A,51201020,철 및 강철
001979,China Merchants Shekou Industrial Zone Holdings Co Ltd Class A,60101010,"부동산 임대, 개발 및 운영"
000426,Inner Mongolia Xingye Silver&Tin Mining Co Ltd Class A,51201050,특수 채굴 및 금속
002625,Kuang-Chi Technologies Co Ltd Class A,52101010,항공우주 및 방위
300223,Ingenic Semiconductor Co Ltd Class A,57101010,반도체
002428,Yunnan Lincang Xinyuan Germanium Industry Co Ltd Class A,51201050,특수 채굴 및 금속
300136,Shenzhen Sunway Communication Co Ltd Class A,57104010,전자 장비 및 부품
000703,Hengyi Petrochemical Co Ltd Class A,51101010,상품 화학
300866,Anker Innovations Technology Co Ltd Class A,52102030,전기 부품 및 장비
001965,China Merchants Expressway Network Technology Holdings Co Ltd Class A,52407030,고속도로 및 철도
000021,Shenzhen Kaifa Technology Co Ltd Class A,57106010,컴퓨터 하드웨어
000960,Yunnan Tin Co Ltd Class A,51201050,특수 채굴 및 금속
002532,Tianshan Aluminum Group Co Ltd Class A,51201030,알루미늄
300567,Wuhan Jingce Electronic Group Co Ltd Class A,52102010,산업용 기계 및 장비
002304,Jiangsu Yanghe Distillery Co Ltd Class A,54101020,증류주 및 포도주
000625,Chongqing Changan Automobile Co Ltd Class A,53101010,자동차 및 트럭 제조
002185,Tianshui Huatian Technology Co Ltd Class A,57101020,반도체 장비 및 테스트
002595,Himile Mechanical Science and Technology Shandong Co Ltd Class A,52102010,산업용 기계 및 장비
002414,Wuhan Guide Infrared Co Ltd Class A,52102010,산업용 기계 및 장비
000831,China Rare Earth Resources and Technology Co Ltd Class A,51201050,특수 채굴 및 금속
002436,Shenzhen Fastprint Circuit Tech Co Ltd Class A,57101010,반도체
000933,Henan Shenhuo Coal & Power Co Ltd Class A,51201030,알루미늄
000768,Avic XiAn Aircraft Industry Group Co Ltd Class A,52101010,항공우주 및 방위
300765,CSPC Innovation Pharmaceutical Co.  Ltd. Class A,54102020,식품 가공
002821,Asymchem Laboratories (Tianjin) Co Ltd Class A,56201040,제약
002920,Huizhou Desay SV Automotive Co Ltd Class A,53101020,"자동차, 트럭 및 오토바이 부품"
301511,Jiujiang Defu Technology Co Ltd Class A,51201050,특수 채굴 및 금속
002484,Nantong Jianghai Capacitor Co Ltd Class A,57104010,전자 장비 및 부품
301358,Hunan Yuneng New Energy Battery Material Co Ltd Class A,51101030,특수 화학제
300316,Zhejiang Jingsheng Mechanical & Electrical Co Ltd Class A,57101020,반도체 장비 및 테스트
002064,Huafon Chemical Co Ltd Class A,51101030,특수 화학제
002049,Unigroup Guoxin Microelectronics Co Ltd Class A,57101010,반도체
002812,Yunnan Energy New Material (Group) Co Ltd Class A,51101010,상품 화학
300058,BlueFocus Intelligent Communications Group Co Ltd Class A,53302010,광고 및 마케팅
002850,Shenzhen Kedali Industry Co.  Ltd. Class A,57104010,전자 장비 및 부품
002558,Giant Network Group Co.  Ltd. Class A,57201020,소프트웨어
300450,Wuxi Lead Intelligent Equipment Co Ltd Class A,52102010,산업용 기계 및 장비
300418,Kunlun Tech Co.  Ltd. Class A,57201030,온라인 서비스
002236,Zhejiang Dahua Technology Co Ltd Class A,57102010,통신 및 네트워킹
300390,Canmax Technologies Co Ltd Class A,51101010,상품 화학
003031,Hebei Sinopack Electronic Technology Co Ltd Class A,57104010,전자 장비 및 부품
300548,EverProX Technologies Co Ltd Class A,57102010,통신 및 네트워킹
301269,Empyrean Technology Co Ltd Class A,57201020,소프트웨어
300373,Yangzhou Yangjie Electronic Technology Co Ltd Class A,57101010,반도체
000963,Huadong Medicine Co Ltd Class A,56201040,제약
001391,Air China Cargo Co Ltd Class A,52405010,"배달, 우편, 항공 화물 및 육상 물류"
301536,SigmaStar Technology Ltd Class A,57101010,반도체
300803,Beijing Compass Technology Development Co Ltd Class A,57301010,핀테크
300454,Sangfor Technologies Inc Class A,57201020,소프트웨어
000783,Changjiang Securities Co Ltd Class A,55102010,투자 은행 및 중개 서비스
300628,Yealink Xiamen Network Technology Co Ltd Class A,57102010,통신 및 네트워킹
001872,China Merchants Port Group Co Ltd Class A,52407020,항만 운영 및 서비스
300037,Shenzhen Capchem Technology Co Ltd Class A,51101030,특수 화학제
000157,Zoomlion Heavy Industry Science and Technology Co Ltd Class A,52102020,중장비 및 차량
002074,Gotion High tech Co Ltd Class A,52102030,전기 부품 및 장비
000066,China Greatwall Technology Group Co Ltd Class A,57106010,컴퓨터 하드웨어
300395,Hubei Feilihua Quartz Glass Co Ltd Class A,51101010,상품 화학
300751,Suzhou Maxwell Technologies Co Ltd Class A,52102010,산업용 기계 및 장비
002636,Goldenmax International Group Ltd Class A,57101010,반도체
002407,Do-Fluoride New Materials Co Ltd Class A,51101090,다각적 화학 산업
001257,Luoyang Shenglong Mining Group Co Ltd Class A,51201050,특수 채굴 및 금속
300782,Maxscend Microelectronics Co Ltd Class A,57101010,반도체
301611,Suzhou Kematek Inc Class A,52102010,산업용 기계 및 장비
002203,Zhejiang Hailiang Co Ltd Class A,51201050,특수 채굴 및 금속
301396,GloryView Technology Co Ltd Class A,57201020,소프트웨어
001203,Dazhong Mining Co Ltd Class A,51201020,철 및 강철
002555,37 Interactive Entertainment Network Technology Group Co Ltd Class A,57201030,온라인 서비스
000893,Asia Potash International Investment Guangzhou Co Ltd Class A,51101020,농화학제
000999,China Resources Sanjiu Medical & Pharmaceutical Co Ltd Class A,56201040,제약
301696,Nanchang Sanrui Intelligence Technology Co Ltd Class A,52101010,항공우주 및 방위
301236,iSoftStone Information Technology Group Co Ltd Class A,57201010,IT 서비스 및 컨설팅
300979,Huali Industrial Group Co Ltd Class A,53202030,제화
000811,Moon Environment Technology Co Ltd Class A,52102030,전기 부품 및 장비
000596,Anhui Gujing Distillery Co Ltd Class A,54101020,증류주 및 포도주
300347,Hangzhou Tigermed Consulting Co Ltd Class A,56202010,생명 공학 및 의학 연구
301656,Suzhou Inovance Automotive Co Ltd Class A,53101020,"자동차, 트럭 및 오토바이 부품"
002294,Shenzhen Salubris Pharmaceuticals Co Ltd Class A,56201040,제약
300346,Jiangsu Nata Opto-Electronic Material Co Ltd Class A,51101010,상품 화학
002078,Shandong Sun Paper Co Ltd Class A,51301020,종이 제품
001286,Shaanxi Energy Investment Co Ltd Class A,59101020,민자 발전 사업
002945,ChinaLin Securities Co Ltd Class A,55102010,투자 은행 및 중개 서비스
002138,Shenzhen Sunlord Electronics Co Ltd Class A,57104010,전자 장비 및 부품
300972,Fujian Wanchen Food Group Co Ltd Class A,54102010,어업 및 농업
002195,Shanghai Stonehill Technology Co Ltd Class A,57201020,소프트웨어
300832,Shenzhen New Industries Biomedical Engineering Co Ltd Class A,56101020,"의료 장비, 물품 및 유통"
000878,Yunnan Copper Co Ltd Class A,51201050,특수 채굴 및 금속
000559,Wanxiang Qianchao Co Ltd Class A,53101020,"자동차, 트럭 및 오토바이 부품"
002155,Hunan Gold Corp Ltd Class A,51201060,금
000987,Guangzhou Yuexiu Capital Holdings Group Co Ltd Class A,55102010,투자 은행 및 중개 서비스
300919,CNGR Advanced Material Co.  Ltd. Class A,52102030,전기 부품 및 장비
002738,Sinomine Resource Group Co Ltd Class A,51201050,특수 채굴 및 금속
301205,Linktel Technologies Co Ltd Class A,57102010,통신 및 네트워킹
300001,Qingdao TGOOD Electric Co Ltd Class A,52102040,중전기장비
000688,GuoCheng Mining Co Ltd Class A,51201050,특수 채굴 및 금속
000983,Shanxi Coking Coal Energy Group Co Ltd Class A,50101010,석탄
002966,Bank of Suzhou Co Ltd Class A,55101010,은행
002129,TCL Zhonghuan Renewable Energy Technology Co Ltd Class A,50201010,재생 가능 에너지 장비 및 서비스
002131,Leo Group Co Ltd Class A,53302010,광고 및 마케팅
002273,Zhejiang Crystal-Optech Co.  Ltd. Class A,57104010,전자 장비 및 부품
002429,Shenzhen MTC Co.  Ltd. Class A,57106030,가정용 전자 제품
002601,LB Group Co Ltd Class A,51101030,특수 화학제
002517,Kingnet Network Co Ltd Class A,57201020,소프트웨어
300115,Shenzhen Everwin Precision Technology Co Ltd Class A,57104010,전자 장비 및 부품
300672,Hunan Goke Microelectronics Co Ltd Class A,57101010,반도체
300017,Wangsu Science & Technology Co Ltd Class A,57201010,IT 서비스 및 컨설팅
000729,Beijing Yanjing Brewery Co Ltd Class A,54101010,양조업
002056,Hengdian Group DMEGC Magnetics Co Ltd Class A,57101010,반도체
002831,ShenZhen YUTO Packaging Technology Co Ltd Class A,51302020,종이 포장재
002444,Hangzhou GreatStar Industrial Co Ltd Class A,53204030,"가전제품, 도구 및 가정 용품"
002126,Zhejiang Yinlun Machinery Co Ltd Class A,53101020,"자동차, 트럭 및 오토바이 부품"
002841,Guangzhou Shiyuan Electronic Technology Co Ltd Class A,57104010,전자 장비 및 부품
000661,Changchun High-Tech Industry Group Co Ltd Class A,56201040,제약
000973,FSPG Hi-Tech Co Ltd Class A,51101010,상품 화학
300207,Sunwoda Electronic Co Ltd Class A,52102030,전기 부품 및 장비
300251,Beijing Enlight Media Co Ltd Class A,53302030,엔터테인먼트 제작
300570,T&S Communications Co Ltd Class A,57104010,전자 장비 및 부품
300458,All Winner Technology Co Ltd Class A,57101010,반도체
002859,Zhejiang Jiemei Electronic and Technology Co Ltd Class A,57104010,전자 장비 및 부품
300487,Sunresin New Materials Co Ltd Class A,51101030,특수 화학제
300870,Shenzhen Honor Electronic Co Ltd Class A,57104010,전자 장비 및 부품
002340,GEM Co.  Ltd. Class A,51101030,특수 화학제
300489,Optics Technology Holding Co Ltd Class A,57104010,전자 장비 및 부품
002432,Andon Health Co Ltd Class A,56101020,"의료 장비, 물품 및 유통"
000423,Dong-E-E-Jiao Co Ltd Class A,56201040,제약
300903,Guangdong Kingshine Electronic Technology Co Ltd Class A,57101010,반도체
301018,Guangdong Shenling Environmental Systems Co Ltd Class A,52102030,전기 부품 및 장비
002939,China Great Wall Securities Co Ltd Class A,55102010,투자 은행 및 중개 서비스
300776,Wuhan DR Laser Technology Corp Ltd Class A,57101020,반도체 장비 및 테스트
002032,Zhejiang Supor Co Ltd Class A,53204030,"가전제품, 도구 및 가정 용품"
002261,Talkweb Information System Co Ltd Class A,57201020,소프트웨어
300209,Xingyun Technology Co Ltd Class A,57201030,온라인 서비스
300438,Guangzhou Great Power Energy and Technology Co Ltd Class A,52102030,전기 부품 및 장비
002472,Zhejiang Shuanghuan Driveline Co Ltd Class A,53101020,"자동차, 트럭 및 오토바이 부품"
002252,Shanghai RAAS Blood Products Co Ltd Class A,56201040,제약
001267,Hui Lyu Ecological Technology Groups Co Ltd Class A,52201020,건설 및 엔지니어링
300677,Intco Medical Technology Co Ltd Class A,56101020,"의료 장비, 물품 및 유통"
000883,Hubei Energy Group Co Ltd Class A,59101020,민자 발전 사업
000786,Beijing New Building Materials Public Limited Company Class A,53203020,건설 자재 및 비품
000582,Beibu Gulf Port Co Ltd Class A,52407020,항만 운영 및 서비스
300122,Chongqing Zhifei Biological Products Co Ltd Class A,56201040,제약
002245,Jiangsu Azure Corp Class A,52102030,전기 부품 및 장비
000728,Guoyuan Securities Co Ltd Class A,55102010,투자 은행 및 중개 서비스
000876,New Hope Liuhe Co Ltd Class A,54102010,어업 및 농업
000002,China Vanke Co.  Ltd. Class A,60101010,"부동산 임대, 개발 및 운영"
300896,Imeik Technology Development Co Ltd Class A,56101020,"의료 장비, 물품 및 유통"
002378,Chongyi Zhangyuan Tungsten Co Ltd Class A,51201050,특수 채굴 및 금속
000887,Anhui Zhongding Sealing Parts Co Ltd Class A,53101020,"자동차, 트럭 및 오토바이 부품"
000967,Infore Environment Technology Group Co Ltd Class A,52203010,환경 서비스 및 장비
300748,Jl Mag Rare-Earth Co Ltd Class A,51101010,상품 화학
301550,Zhejiang Sling Intelligent Drive Group Co Ltd Class A,53101020,"자동차, 트럭 및 오토바이 부품"
300806,Jiangsu Sidike New Materials Science & Technology Co Ltd Class A,51101010,상품 화학
300811,POCO Holding Co Ltd Class A,57104010,전자 장비 및 부품
002747,Estun Automation Co Ltd Class A,52102010,산업용 기계 및 장비
002240,Chengxin Lithium Group Co Ltd Class A,51101010,상품 화학
000027,Shenzhen Energy Group Co Ltd Class A,59101010,전력 유틸리티
002222,Castech Inc Class A,57104010,전자 장비 및 부품
000800,FAW Jiefang Group Co Ltd Class A,53101010,자동차 및 트럭 제조
002673,Western Securities Co Ltd Class A,55102030,다각적 투자 서비스
002025,Guizhou Space Appliance Co Ltd Class A,57104010,전자 장비 및 부품
300339,Jiangsu Hoperun Software Co Ltd Class A,57201020,소프트웨어
300413,Mango Excellent Media Co.  Ltd. Class A,53302030,엔터테인먼트 제작
300558,Betta Pharmaceuticals Co.  Ltd. Class A,56201040,제약
000060,Shenzhen Zhongjin Lingnan Nonfemet Co Ltd Class A,51201050,특수 채굴 및 금속
002244,Hangzhou Binjiang Real Estate Group Co Ltd Class A,60101010,"부동산 임대, 개발 및 운영"
300236,Shanghai Sinyang Semiconductor Materials Co Ltd Class A,51101010,상품 화학
002603,Shijiazhuang Yiling Pharmaceutical Co Ltd Class A,56201040,제약
000981,Sensteed Hi-Tech Group Class A,53101020,"자동차, 트럭 및 오토바이 부품"
000629,Pangang Group Vanadium & Titanium Resources Co Ltd Class A,51101030,특수 화학제
000539,Guangdong Electric Power Development Co Ltd Class A,59101020,민자 발전 사업
301626,Suzhou Tianmai Thermal Technology Co Ltd Class A,57104010,전자 장비 및 부품
002157,Jiangxi Zhengbang Technology Co Ltd Class A,54102010,어업 및 농업
000962,Ningxia Orient Tantalum Industry Co Ltd Class A,51201050,특수 채굴 및 금속
301345,Zhejiang Taotao Vehicles Co Ltd Class A,53101010,자동차 및 트럭 제조
002797,First Capital Securities Co Ltd Class A,55102030,다각적 투자 서비스
000415,Bohai Leasing Co Ltd Class A,52203040,경영 지원 서비스
300496,Thunder Software Technology Co Ltd Class A,57201020,소프트웨어
000959,Beijing Shougang Co Ltd Class A,51201020,철 및 강철
300474,Changsha Jingjia Microelectronics Co Ltd Class A,57101010,반도체
002608,Jiangsu Guoxin Corp Ltd Class A,59101020,민자 발전 사업
300432,Fulin Precision Co Ltd Class A,51101010,상품 화학
002271,Beijing Oriental Yuhong Waterproof Technology Co Ltd Class A,51202010,건설 자재
001339,Jwipc Technology Co Ltd Class A,57106010,컴퓨터 하드웨어
002487,Dajin Heavy Industry Co Ltd Class A,50201010,재생 가능 에너지 장비 및 서비스
003022,Levima Advanced Materials Corp Class A,51101090,다각적 화학 산업
002223,Jiangsu Yuyue Medical Equipment and Supply Co.  Ltd. Class A,56101020,"의료 장비, 물품 및 유통"
300814,Shenzhen Jove Enterprise Ltd Class A,57101010,반도체
000877,Tianshan Material Co Ltd Class A,51202010,건설 자재
002465,Guangzhou Haige Communications Group Inc Co Class A,57102010,통신 및 네트워킹
301297,Ferrotec An Hui Technology Development Co Ltd Class A,52203040,경영 지원 서비스
000737,North Copper Co Ltd Class A,51201050,특수 채굴 및 금속
000564,CCOOP Group Co Ltd Class A,53402010,백화점
300763,Ginlong Technologies Co Ltd Class A,52102030,전기 부품 및 장비
002716,Hunan Silver Co Ltd Class A,51201050,특수 채굴 및 금속
002015,GCL Energy Technology Co Ltd Class A,59101020,민자 발전 사업
000739,Apeloa Pharmaceutical Co Ltd Class A,56201040,제약
300255,Hebei Changshan Biochemical Pharmaceutical Co Ltd Class A,56201040,제약
002756,Yongxing Special Materials Technology Co.  Ltd. Class A,51201020,철 및 강철
002456,OFILM Group Co Ltd Class A,57104010,전자 장비 및 부품
002266,Zhefu Holding Group Co Ltd Class A,52203010,환경 서비스 및 장비
000791,GEPIC Energy Development Co Ltd Class A,59101020,민자 발전 사업
300953,Ningbo Zhenyu Technology Co Ltd Class A,52102030,전기 부품 및 장비
000921,Hisense Home Appliances Group Co Ltd Class A,53204030,"가전제품, 도구 및 가정 용품"
000034,Digital China Group Co Ltd Class A,57106030,가정용 전자 제품
000547,Addsino Co Ltd Class A,52101010,항공우주 및 방위
002459,JA Solar Technology Co Ltd Class A,50201010,재생 가능 에너지 장비 및 서비스
002180,Pantum Technology Co Ltd Class A,57106010,컴퓨터 하드웨어
002152,GRG Banking Equipment Co Ltd Class A,57106010,컴퓨터 하드웨어
002046,Sinomach Precision Industry Group Co Ltd Class A,52102010,산업용 기계 및 장비
002317,Guangdong Zhongsheng Pharmaceutical Co Ltd Class A,56201040,제약
000932,Hunan Valin Steel Co Ltd Class A,51201020,철 및 강철
002007,Hualan Biological Engineering Inc Class A,56201040,제약
000951,Sinotruk Jinan Truck Co Ltd Class A,52102020,중장비 및 차량
300003,Lepu Medical Technology (Beijing) Co.  Ltd. Class A,56101020,"의료 장비, 물품 및 유통"
002335,Kehua Data Co.  Ltd. Class A,52203040,경영 지원 서비스
002065,DHC Software Co Ltd Class A,57201010,IT 서비스 및 컨설팅
002364,Hangzhou Zhonhen Electric Co Ltd Class A,52102030,전기 부품 및 장비
000062,Shenzhen Huaqiang Industry Co Ltd Class A,57104010,전자 장비 및 부품
300024,SIASUN Robot & Automation Co Ltd Class A,52102010,산업용 기계 및 장비
000750,Sealand Securities Co.  Ltd. Class A,55102010,투자 은행 및 중개 서비스
300260,Kunshan Kinglai Hygienic Materials Co Ltd Class A,52102010,산업용 기계 및 장비
000738,Aecc Aero Engine Control Co Ltd Class A,52101010,항공우주 및 방위
002536,Feilong Auto Components Co Ltd Class A,53101020,"자동차, 트럭 및 오토바이 부품"
300012,Centre Testing International Group Co Ltd Class A,52203040,경영 지원 서비스
002768,Qingdao Gon Technology Co Ltd Class A,51101010,상품 화학
001270,Zhejiang Chengchang Technology Co Ltd Class A,57101010,반도체
300199,Hybio Pharmaceutical Co Ltd Class A,56201040,제약
002498,Qingdao Hanhe Cable Co Ltd Class A,52102030,전기 부품 및 장비
002491,Tongding Interconnection Information Co Ltd Class A,52102030,전기 부품 및 장비
300083,Guangdong Create Century Intelligent Equipment Group Corp Ltd Class A,52102010,산업용 기계 및 장비
002430,Hangzhou Oxygen Plant Group Co Ltd Class A,51101010,상품 화학
301171,Easy Click Worldwide Network Technology Co Ltd Class A,53302010,광고 및 마케팅
300456,Sai MicroElectronics Inc Class A,57101010,반도체
000088,Shenzhen Yan Tian Port Holdings Co Ltd Class A,52407020,항만 운영 및 서비스
000429,Guangdong Provincial Expressway Development Co Ltd Class A,52407030,고속도로 및 철도
300383,Beijing Sinnet Technology Co Ltd Class A,57201010,IT 서비스 및 컨설팅
002153,Beijing Shiji Information Technology Co Ltd Class A,57201020,소프트웨어
002624,Perfect World Co Ltd Class A,57201030,온라인 서비스
000830,Luxi Chemical Group Co Ltd Class A,51101010,상품 화학
002552,Baoding Technology Co Ltd Class A,51201050,특수 채굴 및 금속
300073,Beijing Easpring Material Technology Co Ltd Class A,52102030,전기 부품 및 장비
000733,China Zhenhua Group Science & Technology Co Ltd Class A,57104010,전자 장비 및 부품
000400,Xj Electric Co Ltd Class A,52102040,중전기장비
002085,Zhejiang Wanfeng Auto Wheel Co Ltd Class A,53101020,"자동차, 트럭 및 오토바이 부품"
001331,Senton Energy Co Ltd Class A,59102010,천연가스 유틸리티
002262,Jiangsu Nhwa Pharmaceutical Co Ltd Class A,56201040,제약
300503,Guangzhou Haozhi Industrial Co Ltd Class A,52102030,전기 부품 및 장비
000155,Sichuan New Energy Power Co Ltd Class A,59101020,민자 발전 사업
300726,Zhuzhou Hongda Electronics Corp Ltd Class A,57104010,전자 장비 및 부품
000603,Shengda Resources Co Ltd Class A,51201050,특수 채굴 및 금속
300623,Jiangsu JieJie Microelectronics Co Ltd Class A,57101010,반도체
002683,Guangdong Hongda Holdings Group Co Ltd Class A,51201070,채굴 지원 서비스 및 장비
002739,Ruyi Film Entertainment Co Ltd Class A,53301040,여가 및 오락시설
002545,Qingdao East Steel Tower Stock Co Ltd Class A,51101020,농화학제
002396,Fujian Star-net Communication Co Ltd Class A,57102010,통신 및 네트워킹
002926,Huaxi Securities Co Ltd Class A,55102010,투자 은행 및 중개 서비스
300779,Qingdao Huicheng Environmental Technology Group Co Ltd Class A,51101030,특수 화학제
300602,Shenzhen FRD Science & Technology Co Ltd Class A,57104010,전자 장비 및 부품
300627,Shanghai Huace Navigation Technology Ltd Class A,52101010,항공우주 및 방위
002670,GUOSHENG SECURITIES Inc Class A,55102020,투자 관리 및 펀드 운영
300738,Guangdong Aofei Data Technology Co Ltd Class A,57201010,IT 서비스 및 컨설팅
000623,Jilin Aodong Pharmaceutical Group Co Ltd Class A,56201040,제약
002497,Sichuan Yahua Industrial Group Co Ltd Class A,51101010,상품 화학
301486,Shenzhen Zesum Technology Co Ltd Class A,57104010,전자 장비 및 부품
000709,HBIS Co Ltd Class A,51201020,철 및 강철
000683,Inner Mongolia Berun Chemical Co Ltd Class A,51101010,상품 화학
001896,Henan Yuneng Holdings Co Ltd Class A,59101010,전력 유틸리티
300085,Shenzhen InfoGem Technologies Co Ltd Class A,57401020,무선 통신 서비스
002468,STO Express Co Ltd Class A,52405010,"배달, 우편, 항공 화물 및 육상 물류"
301606,Ugreen Group Ltd Class A,57104010,전자 장비 및 부품
002130,Shenzhen Woer Heat-shrinkable Material Co.  Ltd Class A,57104010,전자 장비 및 부품
000009,China Baoan Group Co Ltd Class A,51101030,특수 화학제
300142,Walvax Biotechnology Co Ltd Class A,56201040,제약
003035,China Southern Power Grid Energy Efficiency&Clean Energy Co Ltd Class A,52201020,건설 및 엔지니어링
002265,Jianshe Industry Group (Yunnan) Co Ltd Class A,52101010,항공우주 및 방위
000598,Chengdu Xingrong Environment Co Ltd Class A,59103010,수자원 유틸리티
002773,Chengdu Kanghong Pharmaceutical Group Co Ltd Class A,56201040,제약
000158,Shijiazhuang ChangShan BeiMing Technology Co Ltd Class A,57201010,IT 서비스 및 컨설팅
300699,Weihai Guangwei Composites Co Ltd Class A,51101010,상품 화학
002149,Western Metal Materials Co Ltd Class A,51201050,특수 채굴 및 금속
001359,Pamica Technology Corp Class A,52102030,전기 부품 및 장비
002423,COFCO Capital Holdings Co Ltd Class A,55301030,생명 및 건강 보험
300762,Jushri Technologies Inc Class A,57102010,통신 및 네트워킹
002568,Shanghai Bairun Investment Holding Group Co Ltd Class A,54101020,증류주 및 포도주
300724,Shenzhen S.C New Energy Technology Corp Class A,50201010,재생 가능 에너지 장비 및 서비스
000039,China International Marine Containers Group Co Ltd Class A,52102020,중장비 및 차량
300398,PhiChem Corp Class A,51101030,특수 화학제
000519,North Industries Group Red Arrow Co Ltd Class A,52101010,항공우주 및 방위
002518,Shenzhen Kstar Science & Technology Co Ltd Class A,52102030,전기 부품 및 장비
002895,Guizhou Chanhen Chemical Corp Class A,51101010,상품 화학
002948,Bank of Qingdao Co Ltd Class A,55101010,은행
002792,Tongyu Communication Inc Class A,57102010,통신 및 네트워킹
002299,Fujian Sunner Development Co Ltd Class A,54102020,식품 가공
300843,Shenglan Technology Co Ltd Class A,57104010,전자 장비 및 부품
000029,ShenZhen Special Economic Zone Real Estate & Properties Group Co Ltd Class A,60101010,"부동산 임대, 개발 및 운영"
002975,Zhuhai Bojay Electronics Co Ltd Class A,52102010,산업용 기계 및 장비
300747,Wuhan Raycus Fiber Laser Technologies Co Ltd Class A,52102010,산업용 기계 및 장비
301319,Shenzhen Vital New Material Co Ltd Class A,57104010,전자 장비 및 부품
301301,Yili Chuanning Biotechnology Co Ltd Class A,56201040,제약
002044,Meinian Onehealth Healthcare Holdings Co.  Ltd. Class A,56102010,의료 시설 및 서비스
001365,Tianhai Auto Electronics Group Co Ltd Class A,53101020,"자동차, 트럭 및 오토바이 부품"
300821,Shandong Dongyue Organosilicon Materials Co Ltd Class A,51101030,특수 화학제
000825,Shanxi Taigang Stainless Steel Co Ltd Class A,51201020,철 및 강철
002237,Shandong Humon Smelting Co Ltd Class A,51201060,금
001301,Shijiazhuang Shangtai Technology Co Ltd Class A,52102030,전기 부품 및 장비
003021,Shenzhen Zhaowei Machinery & Electronics Co Ltd Class A,52102010,산업용 기계 및 장비
300568,Shenzhen Senior Technology Material Co Ltd Class A,51101010,상품 화학
002402,Shenzhen H&T Intelligent Control Co Ltd Class A,57104010,전자 장비 및 부품
300718,Zhejiang Changsheng Sliding Bearings Co Ltd Class A,52102010,산업용 기계 및 장비
300323,BOE HC SemiTek Corp Class A,57101010,반도체
002318,Zhejiang JIULI Hi-tech Metals Co Ltd Class A,51201020,철 및 강철
002120,YUNDA Holding Group Co Ltd Class A,52405010,"배달, 우편, 항공 화물 및 육상 물류"
001337,Sichuan Gold Co Ltd Class A,51201060,금
001696,Chongqing Zonsen Power Machinery Co Ltd Class A,53101020,"자동차, 트럭 및 오토바이 부품"
300131,ShenZhen Yitoa Intelligent Control Co Ltd Class A,57104010,전자 장비 및 부품
002979,China Leadshine Technology Co Ltd Class A,52102030,전기 부품 및 장비
300257,Kaishan Group Co Ltd Class A,52102010,산업용 기계 및 장비
002500,Shanxi Securities Co Ltd Class A,55102010,투자 은행 및 중개 서비스
002461,Guangzhou Zhujiang Brewery Co Ltd Class A,54101010,양조업
002611,Guangdong Dongfang Precision Science & Technology Co Ltd Class A,52102010,산업용 기계 및 장비
000686,Northeast Securities Co Ltd Class A,55102010,투자 은행 및 중개 서비스
300088,Wuhu Token Sciences Co Ltd Class A,57104010,전자 장비 및 부품
300277,Hangzhou Turbine Power Group Co Ltd Class A,57201010,IT 서비스 및 컨설팅
000875,SPIC Green Energy Co Ltd Class A,59101020,민자 발전 사업
002901,Double Medical Technology Inc Class A,56101020,"의료 장비, 물품 및 유통"
301362,Up-shine Lighting Co Ltd Class A,53203020,건설 자재 및 비품
301035,Shandong Weifang Rainbow Chemical Co Ltd Class A,51101020,농화학제
301219,Ganzhou Tengyuan Cobalt New Material Co Ltd Class A,51201050,특수 채굴 및 금속
300835,Sinomag Technology Co Ltd Class A,52102030,전기 부품 및 장비
002192,Youngy Co.  Ltd. Class A,51201050,특수 채굴 및 금속
300975,Nanjing Sunlord Electronics Corp Ltd Class A,57104010,전자 장비 및 부품
002389,Aerospace CH UAV Co Ltd Class A,52101010,항공우주 및 방위
000997,Newland Digital Technology Co Ltd Class A,57301010,핀테크
002270,Huaming Power Equipment Co Ltd Class A,52102040,중전기장비
301275,Hanshow Technology Co Ltd Class A,57107010,통합 하드웨어 및 소프트웨어
002249,Zhongshan Broad-Ocean Motor Co Ltd Class A,52102030,전기 부품 및 장비
300364,Col Global Co Ltd Class A,53302040,소비자 출판
000513,Livzon Pharmaceutical Group Inc Class A,56201040,제약
001386,MarcoPolo Holdings Co Ltd Class A,53203020,건설 자재 및 비품
000937,Jizhong Energy Resources Co Ltd Class A,50101010,석탄
002326,Zhejiang Yongtai Technology Co Ltd Class A,51101010,상품 화학
000032,Shenzhen Sed Industry Co Ltd Class A,52201020,건설 및 엔지니어링
300679,Electric Connector Technology Co Ltd Class A,57104010,전자 장비 및 부품
002925,Xiamen Intretech Inc Class A,57106030,가정용 전자 제품
300170,Hand Enterprise Solutions Co Ltd Class A,57201010,IT 서비스 및 컨설팅
002913,Aoshikang Technology Co Ltd Class A,57101010,반도체
000969,Advanced Technology & Materials Co Ltd Class A,51201020,철 및 강철
000935,SICHUAN HEXIE SHUANGMA Co Ltd Class A,51202010,건설 자재
300613,Shanghai Fullhan Microelectronics Co Ltd Class A,57101010,반도체
300102,Xiamen Changelight Co Ltd Class A,57101010,반도체
300676,BGI Genomics Co Ltd Class A,56202010,생명 공학 및 의학 연구
300179,SF Diamond Co Ltd Class A,52102010,산업용 기계 및 장비
000543,An Hui Wenergy Co Ltd Class A,59101020,민자 발전 사업
001287,Shenzhen CECport Technologies Co Ltd Class A,57104010,전자 장비 및 부품
000537,Green Development Electricity Group of Tianjin Co Ltd Class A,59101010,전력 유틸리티
301093,Jiangsu Hualan New Pharmaceutical Material Co Ltd Class A,53101030,타이어 및 고무 제품
002745,MLS Co Ltd Class A,57101010,반도체
000591,CECEP Solar Energy Co Ltd Class A,59101020,민자 발전 사업
300253,Winning Health Technology Group Co Ltd Class A,57201010,IT 서비스 및 컨설팅
300657,Xiamen Hongxin Electronics Technology Group Inc Class A,57101010,반도체
300888,Winner Medical Co Ltd Class A,56101020,"의료 장비, 물품 및 유통"
301029,Dongguan Yiheda Automation Co Ltd Class A,52102010,산업용 기계 및 장비
002439,Venustech Group Inc Class A,57201020,소프트웨어
300146,Byhealth Co Ltd Class A,54102020,식품 가공
301498,Gambol Pet Group Co.  Ltd. Class A,54102020,식품 가공
002145,Tinergy Chemical Co Ltd Class A,51101010,상품 화학
300773,Lakala Payment Co Ltd Class A,52203040,경영 지원 서비스
301123,YD Electronic Technology Co Ltd Class A,57104010,전자 장비 및 부품
300140,Cecep Environmental Protection Co Ltd Class A,52203010,환경 서비스 및 장비
301286,Sichuan Qiaoyuan Gas Co Ltd Class A,51101010,상품 화학
301392,Guangdong Huicheng Vacuum Technology Co Ltd Class A,52102010,산업용 기계 및 장비
002957,Shenzhen Colibri Technologies Co Ltd Class A,52102010,산업용 기계 및 장비
000506,Zhaojin International Gold Co Ltd Class A,51201060,금
002827,Xizang GaoZheng Explosive Co.  Ltd. Class A,51201070,채굴 지원 서비스 및 장비
300723,ApicHope Pharmaceutical Group Co.  Ltd. Class A,56201040,제약
002980,Shenzhen Everbest Machinery Industry Co Ltd Class A,52102010,산업용 기계 및 장비
300735,DBG Technology Co Ltd Class A,57104010,전자 장비 및 부품
300720,Guang Dong High Dream Intellectualized Machinery Co Ltd Class A,52102010,산업용 기계 및 장비
300684,Jones Tech PLC Class A,57104010,전자 장비 및 부품
000528,Guangxi Liugong Machinery Co Ltd Class A,52102020,중장비 및 차량
000766,Tonghua Golden-Horse Pharmaceutical Industry Co Ltd Class A,56201040,제약
002958,Qingdao Rural Commercial Bank Corp Class A,55101010,은행
000833,Guangxi Yuegui Guangye Holdings Co Ltd Class A,54102020,식품 가공
301285,HONG RI DA Technology Co Ltd Class A,57104010,전자 장비 및 부품
300607,Guangdong Topstar Technology Co Ltd Class A,52102010,산업용 기계 및 장비
000902,YONFER Agricultural Technology Co Ltd Class A,51101020,농화학제
300002,Beijing Ultrapower Software Co Ltd Class A,57201020,소프트웨어
000685,Zhongshan Public Utilities Group Co Ltd Class A,59103010,수자원 유틸리티
002048,Ningbo Huaxiang Electronic Co Ltd Class A,53101020,"자동차, 트럭 및 오토바이 부품"
301128,ShenZhen QiangRui Precision Technology Co Ltd Class A,52102010,산업용 기계 및 장비
001221,Higold Group Co Ltd Class A,53204030,"가전제품, 도구 및 가정 용품"
000620,Winnovation Culturaltainment Development Ltd Class A,60101010,"부동산 임대, 개발 및 운영"
301316,Hydsoft Technology Co Ltd Class A,57201010,IT 서비스 및 컨설팅
000050,Tianma Microelectronics Co Ltd Class A,57104010,전자 장비 및 부품
000970,Beijing Zhong Ke San Huan High-Tech Co Ltd Class A,52102030,전기 부품 및 장비
002176,Jiangxi Special Electric Motor Co Ltd Class A,52102040,중전기장비
300593,Beijing Relpow Technology Co Ltd Class A,52102030,전기 부품 및 장비
300436,Fujian Cosunter Pharmaceutical Co Ltd Class A,56201040,제약
000682,Dongfang Electronics Co Ltd Class A,52102040,중전기장비
000723,Shanxi Meijin Energy Co Ltd Class A,51201020,철 및 강철
300144,Songcheng Performance Development Co Ltd Class A,53302030,엔터테인먼트 제작
002151,Beijing BDStar Navigation Co Ltd Class A,53101020,"자동차, 트럭 및 오토바이 부품"
300166,Business-intelligence of Oriental Nations Corp Ltd Class A,57201020,소프트웨어
002312,Sichuan Development Lomon Co Ltd Class A,51101010,상품 화학
002929,Runjian Co Ltd Class A,52201020,건설 및 엔지니어링
300638,Fibocom Wireless Inc. Class A,57102010,통신 및 네트워킹
301183,Hubei DOTI Micro Technology Co Ltd Class A,57104010,전자 장비 및 부품
000898,Angang Steel Co Ltd Class A,51201020,철 및 강철
002815,Suntak Technology Co Ltd Class A,57101010,반도체
002506,GCL System Integration Technology Co Ltd Class A,50201010,재생 가능 에너지 장비 및 서비스
002563,Zhejiang Semir Garment Co Ltd Class A,53202020,의류 및 액세서리
001213,China Railway Special Cargo Logistics Co Ltd Class A,52405030,지상 화물 및 물류
002969,Jiamei Food Packaging (Chuzhou) Co Ltd Class A,51302010,용기(종이 제외) 및 포장재
300761,Jiangsu Lihua Foods Group Co Ltd Class A,54102010,어업 및 농업
300660,Jiangsu Leili Motor Co Ltd Class A,52102030,전기 부품 및 장비
300342,Changshu Tianyin Electromechanical Co Ltd Class A,52102030,전기 부품 및 장비
301005,Essence Fastening Systems (Shanghai) Co Ltd Class A,52102010,산업용 기계 및 장비
301682,Chengdu Hongming Electronics Co Ltd Class A,57104010,전자 장비 및 부품
000680,Shantui Construction Machinery Co Ltd Class A,52102020,중장비 및 차량
002405,Seeway.ai Co Ltd Class A,57201020,소프트웨어
002171,Anhui Truchum Advanced Materials and Technology Co Ltd Class A,51201050,특수 채굴 및 금속
002290,Suzhou Hesheng Special Material Co Ltd Class A,52102010,산업용 기계 및 장비
000600,HCIG Energy Investment Co Ltd Class A,59101010,전력 유틸리티
300319,Shenzhen Microgate Technology Co Ltd Class A,57104010,전자 장비 및 부품
002410,Glodon Co Ltd Class A,57201020,소프트웨어
002896,Ningbo ZhongDa Leader Intelligent Transmission Co Ltd Class A,52102030,전기 부품 및 장비
000563,Shaanxi International Trust Co Ltd Class A,55102020,투자 관리 및 펀드 운영
002310,Beijing Orient EcoEnergy Co Ltd Class A,52203010,환경 서비스 및 장비
300469,Transportation Telecommunication & Information Development Inc Ltd Zhejiang,57201010,IT 서비스 및 컨설팅
301292,Shandong Hi-tech Spring Material Technology Co Ltd Class A,51101030,특수 화학제
301071,Henan Liliang Diamond Co Ltd Class A,53203020,건설 자재 및 비품
301599,Wuxi Rich Intelligent Equipment Co.  Ltd Class A,52102010,산업용 기계 및 장비
002539,Chengdu Wintrue Holding Co Ltd Class A,51101020,농화학제
002250,Lianhe Chemical Technology Co.  Ltd. Class A,51101020,농화학제
002583,Hytera Communications Corp Ltd Class A,57102010,통신 및 네트워킹
301603,Jirfine Intelligent Equipment Co Ltd Class A,52102010,산업용 기계 및 장비
002508,Hangzhou Robam Appliances Co Ltd Class A,53204030,"가전제품, 도구 및 가정 용품"
300827,Sineng Electric Co Ltd Class A,52102030,전기 부품 및 장비
300573,Shenyang Xingqi Pharmaceutical Co Ltd Class A,56201040,제약
002832,BIEM.L.FDLKK Garment Co Ltd Class A,53202020,의류 및 액세서리
301389,Long Young Electronic (Kunshan) Co Ltd Class A,52102030,전기 부품 및 장비
002158,Shanghai Hanbell Precise Machinery Co Ltd Class A,52102010,산업용 기계 및 장비
002947,Suzhou Hengmingda Electronic Technology Co Ltd Class A,57104010,전자 장비 및 부품
000966,Chn Energy Changyuan Electric Power Co Ltd Class A,59101010,전력 유틸리티
300201,Xuzhou Handler Special Vehicle Co Ltd Class A,52102020,중장비 및 차량
301086,Shenzhen hongfuhan Technology Co Ltd Class A,57104010,전자 장비 및 부품
300409,Guangdong Dowstone Technology Co Ltd Class A,51101010,상품 화학
000778,Xinxing Ductile Iron Pipes Co Ltd Class A,51201020,철 및 강철
301095,Semitronix Corp Class A,57101020,반도체 장비 및 테스트
002320,Hainan Strait Shipping Co Ltd Class A,52406020,지상 및 해상 여객 운송
002645,Jiangsu Huahong Technology Co Ltd Class A,52203010,환경 서비스 및 장비
001369,Inner Mongolia Shuangxin Environment-Friendly Material Co Ltd Class A,51101010,상품 화학
000927,China Railway Materials Co Ltd Class A,52407030,고속도로 및 철도
301338,GKG Precision Machine Co Ltd Class A,57101020,반도체 장비 및 테스트
300655,Crystal Clear Electronic Material Co Ltd Class A,51101030,특수 화학제
300009,Anhui Anke Biotechnology Group Co Ltd Class A,56201040,제약
000069,Shenzhen Overseas Chinese Town Co Ltd Class A,60101010,"부동산 임대, 개발 및 운영"
002984,Qingdao Sentury Tire Co Ltd Class A,53101030,타이어 및 고무 제품
002779,Zhejiang Zhongjian Technology Co Ltd Class A,53204030,"가전제품, 도구 및 가정 용품"
301047,Sino Biological Inc Class A,56202010,생명 공학 및 의학 연구
301369,PowerTECH Co Ltd Class A,57101020,반도체 장비 및 테스트
000410,Shenyang Machine Tool Co Ltd Class A,52102010,산업용 기계 및 장비
300296,Leyard Optoelectronic Co Ltd Class A,57104010,전자 장비 및 부품
300693,Shenzhen Sinexcel Electric Co Ltd Class A,52102030,전기 부품 및 장비
300302,Toyou Feiji Electronics Co Ltd Class A,57201010,IT 서비스 및 컨설팅
002458,Shandong Yisheng Livestock & Poultry Breeding Co Ltd Class A,54102010,어업 및 농업
002698,Harbin Boshi Automation Co Ltd Class A,52102010,산업용 기계 및 장비
301669,Hangzhou Gold Electronic Equipment Co Ltd Class A,52102030,전기 부품 및 장비
300601,Shenzhen Kangtai Biological Products Co Ltd Class A,56201040,제약
300184,Wuhan P&S Information Technology Co Ltd Class A,57101010,반도체
001258,Xinjiang Lixin Energy Co Ltd Class A,59101020,민자 발전 사업
002946,New Hope Dairy Co Ltd Class A,54102020,식품 가공
300957,Yunnan Botanee Bio-Technology Group Co Ltd Class A,54201020,개인 생활 필수 용품
002440,Zhejiang Runtu Co Ltd Class A,51101030,특수 화학제
000785,Easyhome New Retail Group Corp Ltd Class A,53403020,주택 개조 제품 및 서비스 소매
301196,Xiamen Voke Mold & Plastic Engineering Co Ltd Class A,51101010,상품 화학
002990,Maxvision Technology Corp Class A,57107010,통합 하드웨어 및 소프트웨어
002911,Foran Energy Group Co Ltd Class A,59102010,천연가스 유틸리티
002408,Zibo Qixiang Tengda Chemical Co Ltd Class A,51101010,상품 화학
002226,Anhui Jiangnan Chemical Industry Co Ltd Class A,51101010,상품 화학
300671,Fine Made Microelectronics Group Co Ltd Class A,57101010,반도체
000534,Wedge Industrial Co Ltd Class A,56201040,제약
002354,Tianyu Digital Technology Group Co Ltd Class A,57201030,온라인 서비스
000422,Hubei Yihua Chemical Industry Co Ltd Class A,51101090,다각적 화학 산업
002031,Greatoo Intelligent Equipment Inc Class A,52102010,산업용 기계 및 장비
002906,Foryou Corp Class A,53101020,"자동차, 트럭 및 오토바이 부품"
000581,Weifu High-Technology Group Co Ltd Class A,53101020,"자동차, 트럭 및 오토바이 부품"
300182,Beijing Jetsen Technology Co Ltd Class A,53302030,엔터테인먼트 제작
300455,Beijing Aerospace Shenzhou Intelligent Equipment Technology Co Ltd Class A,52102010,산업용 기계 및 장비
000656,Jinke Property Group Co Ltd Class A,60101010,"부동산 임대, 개발 및 운영"
000552,Gansu Energy Chemical Co Ltd Class A,50101010,석탄
002541,Anhui Honglu Steel Construction (Group) Co Ltd Class A,52201020,건설 및 엔지니어링
000612,JiaoZuo WanFang Aluminum Manufacturing Co Ltd Class A,51201030,알루미늄
300139,Beijing Xiaocheng Technology Stock Co Ltd Class A,51201060,금
301080,Acrobiosystems Co Ltd Class A,56201040,제약
000628,Chengdu Hi-tech Development Co Ltd Class A,52201020,건설 및 엔지니어링
300204,Staidson (Beijing) BioPharmaceuticals Co Ltd Class A,56201040,제약
301363,Mehow Innovative Ltd. Class A,56101010,첨단 의료 장비 및 기술
002400,Guangdong Advertising Group Co Ltd Class A,53302010,광고 및 마케팅
301267,Huaxia Eye Hospital Group Co Ltd Class A,56102010,의료 시설 및 서비스
300133,Zhejiang Huace Film & TV Co Ltd Class A,53302030,엔터테인먼트 제작
002867,Chow Tai Seng Jewellery Co Ltd Class A,53202020,의류 및 액세서리
300357,Zhejiang Wolwo Bio-Pharmaceutical Co Ltd Class A,56201040,제약
000799,Jiugui Liquor Co Ltd Class A,54101020,증류주 및 포도주
002372,Zhejiang Weixing New Building Materials Co Ltd Class A,53203020,건설 자재 및 비품
000672,Gansu Shangfeng Materials Co Ltd Class A,51202010,건설 자재
002399,Shenzhen Hepalink Pharmaceutical Group Co Ltd Class A,56201040,제약
000089,Shenzhen Airport Co Ltd Class A,52407010,공항 운영 및 서비스
300100,Shuanglin Co Ltd Class A,53101020,"자동차, 트럭 및 오토바이 부품"
002690,Hefei Meyer Optoelectronic Technology Inc Class A,52102010,산업용 기계 및 장비
002507,Chongqing Fuling Zhacai Group Co Ltd Class A,54102020,식품 가공
002847,Yankershop Food Co Ltd Class A,54102020,식품 가공
300457,Shenzhen Yinghe Technology Co Ltd Class A,52102010,산업용 기계 및 장비
301589,XiAn NovaStar Tech Co Ltd Class A,57104010,전자 장비 및 부품
301015,Qingdao Baheal Medical Inc Class A,56201040,제약
300244,Dian Diagnostics Group Co Ltd Class A,56102010,의료 시설 및 서비스
002607,Offcn Education Technology Co Ltd Class A,63103010,전문 및 비즈니스 교육
002534,Xizi Clean Energy Equipment Manufacturing Co Ltd Class A,52102030,전기 부품 및 장비
002167,Guangdong Orient Zirconic Ind Sci & Tech Co Ltd Class A,51201050,특수 채굴 및 금속
002010,Transfar Zhilian Co Ltd Class A,52405030,지상 화물 및 물류
301031,XiAn Sinofuse Electric Co Ltd Class A,52102030,전기 부품 및 장비
300459,Zhejiang Jinke Tom Culture Industry Co Ltd Class A,57201020,소프트웨어
301371,Harbin Fuerjia Technology Co Ltd Class A,54201020,개인 생활 필수 용품
000905,Xiamen Port Development Co Ltd Class A,52202010,다각적 산업용 제품 도매
300769,Shenzhen Dynanonic Co Ltd Class A,51101010,상품 화학
300529,Jafron Biomedical Co Ltd Class A,56101020,"의료 장비, 물품 및 유통"
002842,Guangdong Xianglu Tungsten Co Ltd Class A,51201050,특수 채굴 및 금속
301500,Guangdong Feinan Resources Recycling Co Ltd Class A,52203010,환경 서비스 및 장비
002019,Yifan Pharmaceutical Co Ltd Class A,56201040,제약
002385,Beijing Dabeinong Technology Group Co Ltd Class A,54102010,어업 및 농업
001308,Shenzhen KTC Technology Co Ltd Class A,57106030,가정용 전자 제품
002755,Beijing Aosaikang Pharmaceutical Co Ltd Class A,56201040,제약
002585,Jiangsu Shuangxing Color Plastic New Materials Co Ltd Class A,51101010,상품 화학
300428,Lizhong Sitong Light Alloys Group Co Ltd Class A,51201030,알루미늄
000815,MCC Meili Cloud Computing Industry Investment Co Ltd Class A,57201010,IT 서비스 및 컨설팅
002647,Rendong Holdings Group Co Ltd Class A,52203040,경영 지원 서비스
000681,Visual China Group Co Ltd Class A,52203040,경영 지원 서비스
000592,Zhongfu Straits Pingtan Development Co Ltd Class A,51301010,임업 및 목재 제품
300969,Ningbo Hengshuai Co Ltd Class A,53101020,"자동차, 트럭 및 오토바이 부품"
300229,TRS Information Technology Co Ltd Class A,57201020,소프트웨어
000156,Wasu Media Holding Co Ltd Class A,53302020,방송
002643,Valiant Co Ltd Class A,51101030,특수 화학제
300070,Beijing Originwater Technology Co Ltd Class A,52203010,환경 서비스 및 장비
000070,Shenzhen SDG Information Co Ltd Class A,57102010,통신 및 네트워킹
000048,Shenzhen Kingkey Smart Agriculture Times Co Ltd Class A,54102010,어업 및 농업
301150,Hubei Zhongyi Technology Inc Class A,51201050,특수 채굴 및 금속
300576,Shenzhen Rongda Photosensitive & Technology Co Ltd Class A,51101030,특수 화학제
300480,GL Tech Co Ltd Class A,52102010,산업용 기계 및 장비
300990,Sanhe Tongfei Refrigeration Co Ltd Class A,52102030,전기 부품 및 장비
300034,Gaona Aero Material Co Ltd Class A,52101010,항공우주 및 방위
002366,RongFa Nuclear Equipment Co Ltd Class A,52102010,산업용 기계 및 장비
300682,Longshine Technology Group Co Ltd Class A,57201020,소프트웨어
300331,SVG Tech Group Co Ltd Class A,57105010,사무기기
002701,ORG Technology Co Ltd Class A,51302010,용기(종이 제외) 및 포장재
300093,Gansu Jingang Solar Co Ltd Class A,50201010,재생 가능 에너지 장비 및 서비스
002174,YOOZOO Interactive Co Ltd Class A,57201030,온라인 서비스
301291,Guangdong Mingyang Electric Co Ltd Class A,52102040,중전기장비
000767,Jinneng Holding Shanxi Electric Power Co Ltd Class A,59101010,전력 유틸리티
002936,Bank of Zhengzhou Co Ltd Class A,55101010,은행
002348,Goldlok Holdings (Guangdong) Co Ltd Class A,53205010,장난감 및 어린이 제품
003018,JinFu Technology Co Ltd Class A,51302010,용기(종이 제외) 및 포장재
000719,Central China Land Media Co Ltd Class A,53302040,소비자 출판
002020,Zhejiang Jingxin Pharmaceutical Co Ltd Class A,56201040,제약
000908,CSPC Hunan Jingfeng Pharmaceutical Co Ltd Class A,56201040,제약
002373,China TransInfo Technology Co Ltd Class A,57201010,IT 서비스 및 컨설팅
301382,Fengzhushou Co Ltd Class A,57201020,소프트웨어
002091,Jiangsu Guotai International Group Co Ltd Class A,53202010,직물 및 가죽제품
002292,Alpha Group Class A,53205010,장난감 및 어린이 제품
002139,Shenzhen Topband Co Ltd Class A,57104010,전자 장비 및 부품
002060,Guangdong Construction Engineering Group Co Ltd Class A,52201020,건설 및 엔지니어링
300820,Sichuan Injet Electric Co Ltd Class A,52102030,전기 부품 및 장비
002416,Shenzhen Aisidi Co Ltd Class A,57106020,전화 및 소형 장치
002978,Sichuan Anning Iron and Titanium Co Ltd Class A,51201050,특수 채굴 및 금속
300049,Inner Mongolia Furui Medical Science Co Ltd Class A,56101010,첨단 의료 장비 및 기술
300913,Zhejiang Zhaolong Interconnect Technology Co Ltd Class A,52102030,전기 부품 및 장비
000762,Tibet Mineral Development Co Ltd Class A,51201050,특수 채굴 및 금속
001227,Bank of Lanzhou Co Ltd Class A,55101010,은행
000697,Ligeance Aerospace Technology Co Ltd Class A,52101010,항공우주 및 방위
301293,Sanbo Hospital Management Group Ltd Class A,56102010,의료 시설 및 서비스
300113,Hangzhou Shunwang Technology Co Ltd Class A,57201030,온라인 서비스
300855,Jiangsu ToLand Alloy Co Ltd Class A,51201020,철 및 강철
301489,Guangdong Suqun New Material Co Ltd Class A,57104010,전자 장비 및 부품
301571,Teemsun Technology Co Ltd Class A,52101010,항공우주 및 방위
002617,Roshow Technology Co Ltd Class A,52102030,전기 부품 및 장비
002182,Baowu Magnesium Technology Co Ltd Class A,51201050,특수 채굴 및 금속
301238,Jiangsu Ruitai New Energy Materials Co Ltd Class A,51101010,상품 화학
002003,Zhejiang Weixing Industrial Development Co Ltd Class A,53202020,의류 및 액세서리
000599,Qingdao Doublestar Co Ltd Class A,53101030,타이어 및 고무 제품
002268,CETC Cyberspace Security Technology Co Ltd Class A,52203040,경영 지원 서비스
300065,Beijing Highlander Digital Technology Co Ltd Class A,57102010,통신 및 네트워킹
000998,Yuan Long Ping High-Tech Agriculture Co.  Ltd. Class A,54102010,어업 및 농업
300951,Shenzhen BSC Technology Co Ltd Class A,57104010,전자 장비 및 부품
002287,Tibet Cheezheng Tibetan Medicine Co Ltd Class A,56201040,제약
000567,Hainan Haide Capital Management Co Ltd Class A,55102020,투자 관리 및 펀드 운영
002531,Titan Wind Energy Suzhou Co Ltd Class A,50201010,재생 가능 에너지 장비 및 서비스
003036,Zhejiang Taitan Co Ltd Class A,52102010,산업용 기계 및 장비
002183,Eternal Asia Supply Chain Management Ltd Class A,52202010,다각적 산업용 제품 도매
000758,China Nonferrous Metal Industry's Foreign Engineering and Construction Co Ltd,51201050,특수 채굴 및 금속
301232,Finework (HuNan) New Energy Technology Co Ltd Class A,52102010,산업용 기계 및 장비
002741,Guangdong Guanghua Sci-Tech Co Ltd Class A,51101010,상품 화학
300775,XiAn Triangle Defense Co Ltd Class A,52101010,항공우주 및 방위
002246,North Chemical Industries Co Ltd Class A,51101030,특수 화학제
000901,Aerospace Hi-Tech Holding Group Co Ltd Class A,53101020,"자동차, 트럭 및 오토바이 부품"
002838,Shandong Dawn Polymer Co Ltd Class A,51101010,상품 화학
300353,Kyland Technology Co Ltd Class A,57102010,통신 및 네트워킹
300850,Luoyang Xinqianglian Slewing Bearing Co Ltd Class A,52102010,산업용 기계 및 장비
002655,Gettop Acoustic Co Ltd Class A,52102030,전기 부품 및 장비
300446,Aerospace Intelligent Manufacturing Technology Co Ltd Class A,53101020,"자동차, 트럭 및 오토바이 부품"
300118,Risen Energy Co Ltd Class A,50201010,재생 가능 에너지 장비 및 서비스
000553,ADAMA Ltd Class A,51101020,농화학제
301312,Shenzhen iN Cube Automation Co Ltd Class A,52102010,산업용 기계 및 장비
002096,Explosive Co Ltd Class A,51201070,채굴 지원 서비스 및 장비
002092,Xinjiang Zhongtai Chemical Co Ltd Class A,51101030,특수 화학제
300861,Yangling Metron New Material Co Ltd Class A,52102010,산업용 기계 및 장비
300725,PharmaBlock Sciences Nanjing Inc Class A,56201040,제약
002081,Suzhou Gold Mantis Construction Decoration Co Ltd Class A,52201020,건설 및 엔지니어링
301529,WuHu Foresight Technology Co Ltd Class A,53403010,"자동차 차량, 부품 및 서비스 소매"
300363,Porton Pharma Solutions Ltd Class A,56201040,제약
301366,Shenzhen Edadoc Technology Co Ltd Class A,57101010,반도체
002987,Northking Information Technology Co Ltd Class A,57301010,핀테크
300687,Guangzhou Sie Consulting Co Ltd Class A,57201020,소프트웨어
002217,Holitech Technology Co Ltd Class A,57104010,전자 장비 및 부품
000801,Sichuan Jiuzhou Electric Co Ltd Class A,57102010,통신 및 네트워킹
002544,Cetc Potevio Science&Technology Co Ltd Class A,57102010,통신 및 네트워킹
002413,Beijing LeiKe Defense Technology Co Ltd Class A,52101010,항공우주 및 방위
300315,Ourpalm Co Ltd Class A,57201030,온라인 서비스
000061,Shenzhen Agricultural Power Group Co Ltd Class A,54102010,어업 및 농업
000035,China Tianying Inc Class A,52203010,환경 서비스 및 장비
300468,Shenzhen Forms Syntron Information Co Ltd Class A,57201020,소프트웨어
000990,Chengzhi Co Ltd Class A,51101010,상품 화학
300077,Nsing Technologies Inc Class A,57101010,반도체
000880,Weichai Heavy Machinery Co Ltd Class A,52102010,산업용 기계 및 장비
301039,CIMC Vehicles Group Co Ltd Class A,52102020,중장비 및 차량
300863,Ningbo KBE Electrical Technology Co Ltd Class A,52102030,전기 부품 및 장비
002922,Eaglerise Electric & Electronic China Co Ltd Class A,52102040,중전기장비
300007,Hanwei Electronics Group Corp Class A,52102030,전기 부품 및 장비
002361,Anhui Shenjian New Materials Co Ltd Class A,51101010,상품 화학
002897,Wenzhou Yihua Connector Co Ltd Class A,57104010,전자 장비 및 부품
002024,Suning.Com Co Ltd Class A,53403050,컴퓨터 및 전자 제품 소매
300674,Yusys Technologies Co.  Ltd. Class A,57201020,소프트웨어
002718,Zhejiang Youpon Integrated Ceiling Co Ltd Class A,53203020,건설 자재 및 비품
002967,GRG Metrology & Test Group Co Ltd Class A,52203040,경영 지원 서비스
002931,Zhejiang Fenglong Electric Co Ltd Class A,52102010,산업용 기계 및 장비
300185,Tongyu Heavy Industry Co Ltd Class A,51201020,철 및 강철
002597,Anhui Jinhe Industrial Co Ltd Class A,51101010,상품 화학
300376,East Group Co Ltd Class A,52102030,전기 부품 및 장비
002216,Sanquan Food Co Ltd Class A,54102020,식품 가공
002083,Sunvim Group Co Ltd Class A,53202010,직물 및 가죽제품
300618,Nanjing Hanrui Cobalt Co Ltd Class A,51201050,특수 채굴 및 금속
001393,Beijing Victory Electric Co Ltd Class A,57104010,전자 장비 및 부품
301531,Shandong Chunguang Technology Group Co Ltd Class A,57104010,전자 장비 및 부품
300130,Xgd Inc Class A,52203040,경영 지원 서비스
300580,Wuxi Best Precision Machinery Co Ltd Class A,53101020,"자동차, 트럭 및 오토바이 부품"
002654,Shenzhen Mason Technologies Co Ltd Class A,53302010,광고 및 마케팅
000099,Citic Offshore Helicopter Co Ltd Class A,52406010,항공사
002315,Focus Technology Co Ltd Class A,57201030,온라인 서비스
301307,Chongqing Millison Technologies Inc Class A,51201050,특수 채굴 및 금속
000810,Skyworth Digital Co Ltd Class A,57102010,통신 및 네트워킹
002668,Guangdong TCL Smart Home Appliances Co Ltd Class A,53204030,"가전제품, 도구 및 가정 용품"
300868,Shenzhen Jame Technology Corp Ltd Class A,57104010,전자 장비 및 부품
002675,Yantai Dongcheng Biochemicals Co Ltd Class A,56201040,제약
002258,Lier Chemical Co Ltd Class A,51101020,농화학제
002051,China CAMC Engineering Co Ltd Class A,52201020,건설 및 엔지니어링
002011,Zhejiang DunAn Artificial Environment Co Ltd Class A,52102030,전기 부품 및 장비
000837,Qinchuan Machine Tool & Tool Group Share Co Ltd Class A,52102010,산업용 기계 및 장비
301566,Dalian Dalicap Technology Co Ltd Class A,57104010,전자 장비 및 부품
000839,CITIC Guoan Information Industry Co Ltd Class A,57401010,통합 통신 서비스
301678,HENGHUI Technology Corp Ltd Class A,57101010,반도체
300910,Xinxiang Richful Lube Additive Co Ltd Class A,51101010,상품 화학
002170,Shenzhen Batian Ecotypic Engineering Co Ltd Class A,51101020,농화학제
300377,Shenzhen Ysstech Info-Tech Co Ltd Class A,57201020,소프트웨어
002297,Hunan Boyun New Materials Co Ltd Class A,52101010,항공우주 및 방위
300005,Toread Holdings Group Co Ltd Class A,53202020,의류 및 액세서리
000510,Sichuan Xinjinlu Group Co.  Ltd. Class A,51101010,상품 화학
301188,Shandong Linuo Pharmaceutical Packaging Co Ltd Class A,51302010,용기(종이 제외) 및 포장재
300026,Tianjin Chase Sun Pharmaceutical Co Ltd Class A,56201040,제약
301373,Guangzhou Lingwe Technology Co Ltd Class A,51101030,특수 화학제
000700,Jiangnan Mould & Plastic Technology Co Ltd Class A,53101020,"자동차, 트럭 및 오토바이 부품"
301207,Hualan Biological Vaccine Inc Class A,56201040,제약
300304,Jiangsu Yunyi Electric Co Ltd Class A,53101020,"자동차, 트럭 및 오토바이 부품"
002993,Dongguan Aohai Technology Co Ltd Class A,52102030,전기 부품 및 장비
000028,China National Accord Medicines Corp Ltd Class A,56201040,제약
301021,Inno Laser Technology Co Ltd Class A,52102010,산업용 기계 및 장비
301109,Hunan Junxin Environmental Protection Co Ltd Class A,52203010,환경 서비스 및 장비
300171,Tofflon Science and Technology Group Co Ltd Class A,52102010,산업용 기계 및 장비
301665,CAC Nantong Chemical Co Ltd Class A,51101020,농화학제
002807,Jiangsu Jiangyin Rural Commercial Bank Co Ltd Class A,55101010,은행
002181,Guangdong Guangzhou Daily Media Co Ltd Class A,53302010,광고 및 마케팅
000555,Digital China Information Service Group Co Ltd Class A,57301010,핀테크
301510,Googol Technology Co Ltd Class A,52102030,전기 부품 및 장비
300768,Hangzhou DPtech Technologies Co Ltd Class A,57201020,소프트웨어
300777,Sinofibers Technology Co Ltd Class A,51101030,특수 화학제
000065,NORINCO International Cooperation Ltd Class A,52201020,건설 및 엔지니어링
000403,Pacific Shuanglin Bio-pharmacy Co Ltd Class A,56201040,제약
301563,ICkey (Shanghai) Internet and Technology Co Ltd Class A,57401010,통합 통신 서비스
300008,Bestway Marine & Energy Technology Co Ltd Class A,52102050,조선
002254,Tayho Advanced Materials Group Co Ltd Class A,53202010,직물 및 가죽제품
002338,Changchun UP Optotech Co Ltd Class A,52102010,산업용 기계 및 장비
300624,Wondershare Technology Group Co Ltd Class A,57201020,소프트웨어
002063,YGSOFT Inc Class A,57201010,IT 서비스 및 컨설팅
301629,Sidea Semiconductor Equipment Shenzhen Co Ltd Class A,57101020,반도체 장비 및 테스트
300976,Dongguan Tarry Electronics Co Ltd Class A,57104010,전자 장비 및 부품
002276,Zhejiang Wanma Co Ltd Class A,52102030,전기 부품 및 장비
000949,Xinxiang Chemical Fiber Co Ltd Class A,53202010,직물 및 가죽제품
300595,Autek China Inc Class A,56101020,"의료 장비, 물품 및 유통"
002839,Jiangsu Zhangjiagang Rural Commercial Bank Co Ltd Class A,55101010,은행
301263,Guangdong Taienkang Pharmaceutical Co Ltd Class A,56201040,제약
000690,Guangdong Baolihua New Energy Stock Co Ltd Class A,59101010,전력 유틸리티
000899,Jiangxi Ganneng Co Ltd Class A,59101010,전력 유틸리티
301087,Cofoe Medical Technology Co Ltd Class A,56101020,"의료 장비, 물품 및 유통"
301488,Longhorn Auto Co Ltd Class A,53101020,"자동차, 트럭 및 오토바이 부품"
002043,Dehua TB New Decoration Material Co Ltd Class A,51301010,임업 및 목재 제품
002251,Better Life Commercial Chain Share Co Ltd Class A,54301020,식품 소매 및 유통
300224,Yantai Zhenghai Magnetic Material Co Ltd Class A,51201050,특수 채굴 및 금속
002283,Tianrun Industry Technology Co Ltd Class A,53101020,"자동차, 트럭 및 오토바이 부품"
000917,Hunan TV & Broadcast Intermediary Co Ltd Class A,53302010,광고 및 마케팅
300846,Capitalonline Data Service Co Ltd Class A,57201010,IT 서비스 및 컨설팅
002289,Shenzhen Success Electronics Co Ltd Class A,57104010,전자 장비 및 부품
002865,Hainan Drinda New Energy Technology Co Ltd Class A,50201010,재생 가능 에너지 장비 및 서비스
002204,Dalian Huarui Heavy Industry Group Co.  Ltd Class A,52102020,중장비 및 차량
002324,Shanghai Pret Composites Co Ltd Class A,51101010,상품 화학
000828,Dongguan Development Holdings Co Ltd Class A,52201020,건설 및 엔지니어링
300303,Shenzhen Jufei Optoelectronics Co Ltd Class A,57101010,반도체
300191,Sino Geophysical Co Ltd Class A,50102020,"오일, 가스 탐사 및 생산"
002891,Yantai China Pet Foods Co Ltd Class A,54102020,식품 가공
301013,Shenzhen Lihexing Co Ltd Class A,57104010,전자 장비 및 부품
300263,Longhua Technology Group Luoyang Co Ltd Class A,52102010,산업용 기계 및 장비
002635,Suzhou Anjie Technology Co Ltd Class A,57104010,전자 장비 및 부품
301658,Shenzhen SOFARSOLAR Co Ltd Class A,50201010,재생 가능 에너지 장비 및 서비스
002309,Jiangsu Zhongli Group Co Ltd Class A,50201010,재생 가능 에너지 장비 및 서비스
301458,Juneway Electronic Technology Co Ltd Class A,57104010,전자 장비 및 부품
003043,Suzhou Huaya Intelligence Technology Co Ltd Class A,51201020,철 및 강철
002169,Guangzhou Zhiguang Electric Co Ltd Class A,52102040,중전기장비
300328,Dongguan Eontec Co Ltd Class A,51201050,특수 채굴 및 금속
002706,Shanghai Liangxin Electrical Co Ltd Class A,52102030,전기 부품 및 장비
300790,DongGuan YuTong Optical Technology Co Ltd Class A,57106030,가정용 전자 제품
300181,Zhejiang Jolly Pharmaceutical Co Ltd Class A,56201040,제약
301127,Wuhan Tianyuan Group Co Ltd Class A,52203010,환경 서비스 및 장비
301155,Jiangsu Haili Wind Power Equipment Technology Co Ltd Class A,50201010,재생 가능 에너지 장비 및 서비스
002565,Shanghai Shunho New Materials Technology Co Ltd Class A,51302020,종이 포장재
301091,Shenzhen Urban Transport Planning Center Co Ltd Class A,52201020,건설 및 엔지니어링
000727,TPV Technology Co Ltd Class A,57104010,전자 장비 및 부품
301607,Zhejiang EV-Tech Co Ltd Class A,53101020,"자동차, 트럭 및 오토바이 부품"
002580,Shandong Sacred Sun Power Sources Co Ltd Class A,52102030,전기 부품 및 장비
002626,Xiamen Kingdomway Group Co Class A,54102020,식품 가공
301061,MotoMotion China Corp Class A,53204040,가정용 가구
002881,MeiG Smart Technology Co Ltd Class A,57102010,통신 및 네트워킹
301584,Shanghai C&D INNOSTIC Medical Technology Group Co Ltd Class A,56101020,"의료 장비, 물품 및 유통"
002549,Hunan Kaimeite Gases Co Ltd Class A,51101010,상품 화학
300378,Digiwin Co Ltd Class A,57201020,소프트웨어
301248,Nexwise Intelligence China Ltd Class A,57201010,IT 서비스 및 컨설팅
300159,Xinjiang Machinery Research Institute Co Ltd Class A,52102020,중장비 및 차량
002387,Visionox Technology Inc Class A,57104010,전자 장비 및 부품
002426,Suzhou Victory Precision Manufacture Co Ltd Class A,57104010,전자 장비 및 부품
300740,SYoung Group Co Ltd Class A,54201020,개인 생활 필수 용품
300415,Yizumi Holdings Co Ltd Class A,52102010,산업용 기계 및 장비
002588,Stanley Agriculture Group Co Ltd Class A,51101020,농화학제
300497,Jiangxi Fushine Pharmaceutical Co Ltd Class A,56201040,제약
301357,North Long Dragon New Materials Tech Co Ltd Class A,52101010,항공우주 및 방위
000922,Harbin Electric Corporation Jiamusi Electric Machine Co Ltd Class A,52102040,중전기장비
000950,C.Q. Pharmaceutical Holding Co Ltd Class A,56201040,제약
002557,Chacha Food Co Ltd Class A,54102020,식품 가공
300382,Suzhou SLAC Precision Equipment Co Ltd Class A,52102010,산업용 기계 및 장비
301310,Wuxi Xinhongye Wire & Cable Co Ltd Class A,52102030,전기 부품 및 장비
300772,Windey Energy Technology Group Co Ltd Class A,50201010,재생 가능 에너지 장비 및 서비스
002100,Tecon Biology Co Ltd Class A,54102010,어업 및 농업
002173,Innovative Medical Management Co Ltd Class A,56102010,의료 시설 및 서비스
000516,XiAn International Medical Investment Co Ltd Class A,56102010,의료 시설 및 서비스
300938,EMTEK (Shenzhen) Co Ltd Class A,52203040,경영 지원 서비스
002761,Zhejiang Construction Investment Group Co Ltd Class A,52201020,건설 및 엔지니어링
301216,Wankai New Materials Co.  Ltd. Class A,51101010,상품 화학
301630,Tongyu Advanced Materials (Guangdong) Co Ltd Class A,51101010,상품 화학
000793,Huawen Media Group Class A,53302020,방송
002970,Streamax Technology Co Ltd Class A,57107010,통합 하드웨어 및 소프트웨어
001208,Hunan Valin Wire & Cable Co Ltd Class A,52102030,전기 부품 및 장비
000031,Grandjoy Holdings Group Co Ltd Class A,60101010,"부동산 임대, 개발 및 운영"
002062,Hongrun Construction Group Co Ltd Class A,52201020,건설 및 엔지니어링
000401,BBMG Jidong Cement Group Co Ltd Class A,51202010,건설 자재
002705,Guangdong Xinbao Electrical Appliances Holdings Co Ltd Class A,53204030,"가전제품, 도구 및 가정 용품"
002639,Fujian Snowman Group Co Ltd Class A,52102010,산업용 기계 및 장비
002115,Sunwave Communications Co Ltd Class A,53302010,광고 및 마케팅
301090,China Resources Chemical Innovative Materials Co Ltd Class A,51101010,상품 화학
300486,OMH SCIENCE Group Co Ltd Class A,52102010,산업용 기계 및 장비
301099,Shanghai Yct Electronics Group Co Ltd Class A,57101010,반도체
002345,Guangdong CHJ Industry Co Ltd Class A,53202020,의류 및 액세서리
000049,Shenzhen Desay Battery Technology Co Ltd Class A,52102030,전기 부품 및 장비
300766,Merit Interactive Co Ltd Class A,52203040,경영 지원 서비스
002971,Hubei Heyuan Gas Co Ltd Class A,51101010,상품 화학
002882,Jinlongyu Group Co Ltd Class A,52102030,전기 부품 및 장비
301328,Wcon Electronics Co Ltd Class A,57104010,전자 장비 및 부품
000795,Innuovo Technology Co Ltd Class A,51101010,상품 화학
300276,SanFeng Intelligent Equipment Group Co Ltd Class A,52102010,산업용 기계 및 장비
000923,HBIS Resources Co Ltd Class A,51201020,철 및 강철
002943,Hunan Yujing Machinery Co Ltd Class A,52102010,산업용 기계 및 장비
000006,Shenzhen Zhenye (Group) Co Ltd Class A,60101010,"부동산 임대, 개발 및 운영"
000593,Delong Composite Energy Group Co Ltd Class A,59102010,천연가스 유틸리티
002759,Tonze New Energy Technology Co Ltd Class A,51101010,상품 화학
002346,Shanghai Zhezhong Group Co Ltd Class A,52102030,전기 부품 및 장비
300596,Rianlon Corp Class A,51101010,상품 화학
002937,Ningbo Sunrise Elc Technology Co Ltd Class A,57104010,전자 장비 및 부품
301078,Kidswant Digital Technology Co Ltd Class A,54102020,식품 가공
301381,Sailvan Times Co Ltd Class A,57201030,온라인 서비스
301191,Shenzhen Phoenix Telecom Technology Co Ltd Class A,57102010,통신 및 네트워킹
300035,Hunan Zhongke Electric Co Ltd Class A,51101010,상품 화학
300188,SDIC Intelligence Information Technology Co Ltd Class A,52203040,경영 지원 서비스
002061,Zhejiang Communications Technology Co Ltd Class A,52201020,건설 및 엔지니어링
000420,Jilin Chemical Fibre Stock Co Ltd Class A,51101030,특수 화학제
300298,Sinocare Inc Class A,56101020,"의료 장비, 물품 및 유통"
002961,Ruida Futures Co Ltd Class A,55102010,투자 은행 및 중개 서비스
301177,Dr Corp Ltd Class A,53202020,의류 및 액세서리
002511,C&S Paper Co Ltd Class A,54201020,개인 생활 필수 용품
000536,Hua Ying Technology Group Co Ltd Class A,57104010,전자 장비 및 부품
301421,Nanjing Wavelength Opto-Electronic Science & Technology Co Ltd Class A,52102030,전기 부품 및 장비
300031,Wuxi Boton Technology Ltd Class A,57201030,온라인 서비스
001914,China Merchants Property Operation & Service Co Ltd Class A,60101020,부동산 서비스
300119,Tianjin Ringpu Bio-Technology Co Ltd Class A,56201040,제약
002293,Luolai Lifestyle Technology Co Ltd Class A,53204040,가정용 가구
301600,Flaircomm Microelectronics Inc Class A,57102010,통신 및 네트워킹
002208,Hefei Urban Construction Development Co Ltd Class A,60101010,"부동산 임대, 개발 및 운영"
300634,Richinfo Technology Co Ltd Class A,57201010,IT 서비스 및 컨설팅
300129,TSP Wind Power Group Co Ltd Class A,50201010,재생 가능 에너지 장비 및 서비스
002243,Shenzhen Leaguer Co Ltd Class A,51302010,용기(종이 제외) 및 포장재
002368,Taiji Computer Corp Ltd Class A,57201010,IT 서비스 및 컨설팅
002004,Huapont Life Sciences Co Ltd Class A,51101090,다각적 화학 산업
002215,Shenzhen Noposion Crop Science Co Ltd Class A,51101020,농화학제
002579,Huizhou China Eagle Electronic Technology Inc Class A,57101010,반도체
300842,Wuxi DK Electronic Materials Co Ltd Class A,57101010,반도체
300909,Shenzhen Hui Chuang Da Technology Co Ltd Class A,57104010,전자 장비 및 부품
002099,Zhejiang Hisoar Pharmaceutical Co Ltd Class A,56201040,제약
003010,Guangzhou Ruoyuchen Technology Co Ltd Class A,57201030,온라인 서비스
000818,Hangjin Technology Co Ltd Class A,51101010,상품 화학
300483,Sino Prima Gas Technology Co Ltd Class A,50102020,"오일, 가스 탐사 및 생산"
301209,Longkou Union Chemical Co Ltd Class A,51101030,특수 화학제
300045,Hwa Create Corp Class A,57102010,통신 및 네트워킹
000676,Genimous Technology Co Ltd Class A,53302010,광고 및 마케팅
300444,Beijing Sojo Electric Co Ltd Class A,52102040,중전기장비
301413,Shenzhen Ampron Technology Co Ltd Class A,57104010,전자 장비 및 부품
300053,Zhuhai Aerospace Microchips Science & Technology Co Ltd Class A,57101010,반도체
002119,Ningbo Kangqiang Electronics Co Ltd Class A,57101010,반도체
002239,Aotecar New Energy Technology Group Co Ltd Class A,53101020,"자동차, 트럭 및 오토바이 부품"
002351,Edifier Technology Co Ltd Class A,57106030,가정용 전자 제품
002703,Zhejiang Shibao Co Ltd Class A,53101020,"자동차, 트럭 및 오토바이 부품"
002392,Beijing Lirr High-temperature Materials Co Ltd Class A,51202010,건설 자재
002960,Jade Bird Integrated Technologies Co Ltd Class A,57102010,통신 및 네트워킹
000859,Anhui Guofeng New Materials Co Ltd Class A,51302010,용기(종이 제외) 및 포장재
000930,COFCO Biotechnology Co Ltd Class A,51101090,다각적 화학 산업
000848,CHENG DE LOLO Co Ltd Class A,54101030,무알콜 음료
000980,Zotye Automobile Co Ltd Class A,53101010,자동차 및 트럭 제조
301522,Zhonghe Shangda Aeronautic Materials Co Ltd Class A,51201020,철 및 강철
000823,Guangdong Goworld Co Ltd Class A,57101010,반도체
002079,Suzhou Good-Ark Electronics Co Ltd Class A,50201010,재생 가능 에너지 장비 및 서비스
002214,Zhe Jiang Dali Technology Co Ltd Class A,57104010,전자 장비 및 부품
000829,Telling Telecommunication Holding Co Ltd Class A,53403050,컴퓨터 및 전자 제품 소매
002488,Zhejiang Jingu Co Ltd Class A,53101020,"자동차, 트럭 및 오토바이 부품"
002437,HARBIN GLORIA PHARMACEUTICALS Co Ltd Class A,56201040,제약
301225,Hengbo Holdings Co Ltd Class A,53101020,"자동차, 트럭 및 오토바이 부품"
002550,Changzhou Qianhong Biopharma Co Ltd Class A,56201040,제약
300633,SonoScape Medical Corp Class A,56101010,첨단 의료 장비 및 기술
301551,Hebei Broadcasting Wireless Media Co Ltd Class A,53302020,방송
002053,Yunnan Energy Investment Co Ltd Class A,51101010,상품 화학
002221,Oriental Energy Co Ltd Class A,51101010,상품 화학
300499,Guangzhou Goaland Energy Conservation Tech Co Ltd Class A,52102030,전기 부품 및 장비
002730,Dianguang Explosion-proof Technology Co Ltd Class A,52102030,전기 부품 및 장비
002985,Beijing Bei Mo Gao Ke Friction Material Co Ltd Class A,52101010,항공우주 및 방위
300151,Shenzhen Changhong Technology Co Ltd Class A,52102010,산업용 기계 및 장비
300072,Beijing Haixin Energy Technology Co Ltd Class A,51101010,상품 화학
002885,Shenzhen JingQuanHua Electronics Co Ltd Class A,52102030,전기 부품 및 장비
002332,Zhejiang Xianju Pharmaceutical Co Ltd Class A,56201040,제약
000712,Guangdong Golden Dragon Development Inc Class A,55102010,투자 은행 및 중개 서비스
300401,Zhejiang Garden Biopharmaceutical Co Ltd Class A,56201040,제약
002121,ShenZhen Clou Electronics Co Ltd Class A,52102030,전기 부품 및 장비
002515,Jinzi Ham Co Ltd Class A,54102020,식품 가공
000533,Guangdong Shunna Electric Co Ltd Class A,52102040,중전기장비
300440,Chengdu Yunda Technology Co Ltd Class A,57201010,IT 서비스 및 컨설팅
301246,Hubei Hongyuan Pharmaceutical Technology Co Ltd Class A,56201040,제약
300739,Sunshine Global Circuits Co Ltd Class A,57101010,반도체
000761,Bengang Steel Plates Co Ltd Class A,51201020,철 및 강철
002533,Gold Cup Electric Apparatus Co Ltd Class A,52102030,전기 부품 및 장비
002190,Sichuan Chengfei Integration Technology Corp Ltd Class A,53101020,"자동차, 트럭 및 오토바이 부품"
002965,Lucky Harvest Co Ltd Class A,53101020,"자동차, 트럭 및 오토바이 부품"
300101,Chengdu CORPRO Technology Co Ltd Class A,57102010,통신 및 네트워킹
000550,Jiangling Motors Corp Ltd Class A,53101010,자동차 및 트럭 제조
300042,Netac Technology Co Ltd Class A,57106010,컴퓨터 하드웨어
301617,Shandong Boyuan Advanced Materials Co Ltd Class A,56201040,제약
002233,Guangdong Tapai Group Co Ltd Class A,51202010,건설 자재
301262,Hicon Network Technology (Shandong) Co Ltd Class A,53302020,방송
300145,Nanfang Pump Industry Co Ltd Class A,52102010,산업용 기계 및 장비
300482,Guangzhou Wondfo Biotech Co Ltd Class A,56101020,"의료 장비, 물품 및 유통"
001233,Haian Rubber Group Co Ltd Class A,53101030,타이어 및 고무 제품
300322,Huizhou Speed Wireless Technology Co Ltd Class A,57102010,통신 및 네트워킹
301189,Shenzhen Aoni Electronic Co Ltd Class A,57106030,가정용 전자 제품
002928,China Express Airlines Co Ltd Class A,52406010,항공사
002955,Hitevision Co Ltd Class A,57106010,컴퓨터 하드웨어
002039,Guizhou Qianyuan Power Co Ltd Class A,59101020,민자 발전 사업
002075,Jiangsu Shagang Co Ltd Class A,51201020,철 및 강철
301376,Ziel Home Furnishing Technology Co Ltd Class A,53403030,가정용 가구 소매
002681,Shenzhen Fenda Technology Co Ltd Class A,57106030,가정용 전자 제품
301251,Jiangxi Welgao Electronics Co Ltd Class A,57101010,반도체
300741,Huabao Technology Co Ltd Class A,54102020,식품 가공
002277,Hunan Friendship&Apollo Commercial Co Ltd Class A,53402010,백화점
301070,Kale Environment Technology (Shanghai) Co Ltd Class A,52102030,전기 부품 및 장비
300222,Csg Smart Science&Technology Co Ltd Class A,52102040,중전기장비
003009,Shaanxi Zhongtian Rocket Technology Co Ltd Class A,52101010,항공우주 및 방위
003013,Guangzhou Metro Design & Research Institute Co Ltd Class A,52201020,건설 및 엔지니어링
000885,CEVIA Enviro Inc Class A,52203010,환경 서비스 및 장비
300337,Yinbang Clad Material Co Ltd Class A,51201030,알루미늄
002350,Beijing Creative Group Co Ltd Class A,52102040,중전기장비
301662,Ongoal Technology Co Ltd Class A,52102010,산업용 기계 및 장비
000751,Huludao Zinc Industry Co Ltd Class A,51201050,특수 채굴 및 금속
300127,Chengdu Galaxy Magnets Co Ltd Class A,52102030,전기 부품 및 장비
300706,Fujian Acetron New Materials Co Ltd Class A,51201050,특수 채굴 및 금속
002572,Suofeiya Home Collection Co Ltd Class A,53204040,가정용 가구
300098,Gosuncn Technology Group Co Ltd Class A,57201010,IT 서비스 및 컨설팅
002421,Shenzhen Das Intellitech Co Ltd Class A,57201010,IT 서비스 및 컨설팅
301602,Shantou Institute of Ultrasonic Instrument Co Ltd Class A,56101010,첨단 의료 장비 및 기술
002219,New Journey Health Technology Group Co Ltd Class A,56102010,의료 시설 및 서비스
300986,GETO New Materials Group Corporation Limited Class A,53203020,건설 자재 및 비품
301631,Shenzhen Uniconn Technology Co Ltd Class A,52102030,전기 부품 및 장비
301179,Jiangsu Zeyu Intelligent Electric Power Co Ltd Class A,57107010,통합 하드웨어 및 소프트웨어
000989,Jiuzhitang Co Ltd Class A,56201040,제약
001237,Ningbo Hicon Industry Technology Co Ltd Class A,53204030,"가전제품, 도구 및 가정 용품"
002818,Chengdu Fusen Noble-House Industrial Co Ltd Class A,60101010,"부동산 임대, 개발 및 운영"
301306,XiAn Xice Testing Technology Co Ltd Class A,52203040,경영 지원 서비스
300959,Wuxi Online Offline Communication Information Technology Co Ltd Class A,57201030,온라인 서비스
300997,Huanlejia Food Group Co Ltd Class A,54101030,무알콜 음료
002303,MYS Group Co Ltd Class A,51302020,종이 포장재
000869,Yantai Changyu Pioneer Wine Co Ltd Class A,54101020,증류주 및 포도주
300516,Hubei Jiuzhiyang Infrared System Co Ltd Class A,57104010,전자 장비 및 부품
301175,Beijing China Sciences Runyu Environmental Technology Co Ltd Class A,52203010,환경 서비스 및 장비
002150,Jiangsu Chint Power Technology Co Ltd Class A,50201010,재생 가능 에너지 장비 및 서비스
000860,Beijing Shunxin Agriculture Co Ltd Class A,54101020,증류주 및 포도주
001314,Emdoor Information Co Ltd Class A,57106010,컴퓨터 하드웨어
300252,Kingsignal Technology Co Ltd Class A,57102010,통신 및 네트워킹
002017,Eastcompeace Technology Co Ltd Class A,57101010,반도체
002737,Sunflower Pharmaceutical Group Co Ltd Class A,56201040,제약
002125,Xiangtan Electrochemical Scientific Co Ltd Class A,51101010,상품 화학
300900,Guanglian Aviation Industry Co Ltd Class A,52101010,항공우주 및 방위
002796,Suzhou Shijia Science & Technology Inc Class A,52102040,중전기장비
002030,Daan Gene Co Ltd Class A,56101020,"의료 장비, 물품 및 유통"
300294,China Resources Boya Bio pharmaceutical Group Co Ltd Class A,56201040,제약
002446,Guangdong Shenglu Telecommunication Tech Co Ltd Class A,57102010,통신 및 네트워킹
301559,CIMC Safeway Technologies Co Ltd Class A,52102010,산업용 기계 및 장비
301327,Shenzhen Hello Tech Energy Co Ltd Class A,52102030,전기 부품 및 장비
002651,Chengdu Leejun Industrial Co Ltd Class A,52102010,산업용 기계 및 장비
002471,Jiangsu Zhongchao Holding Co Ltd Class A,52102030,전기 부품 및 장비
002434,Zhejiang Wanliyang Co Ltd Class A,53101020,"자동차, 트럭 및 오토바이 부품"
002342,Juli Sling Co Ltd Class A,52102010,산업용 기계 및 장비
300527,China Harzone Industry Corp Ltd Class A,52102020,중장비 및 차량
002516,Kuangda Technology Group Co Ltd Class A,53101020,"자동차, 트럭 및 오토바이 부품"
002941,Xinjiang Communications Construction Group Co Ltd Class A,52201020,건설 및 엔지니어링
301323,Guangzhou Newlife New Material Co Ltd Class A,53101030,타이어 및 고무 제품
301580,Aidite Qinhuangdao Technology Co Ltd Class A,56101020,"의료 장비, 물품 및 유통"
301050,Chengdu RML Technology Co Ltd Class A,57101010,반도체
300109,Boai NKY Medical Holdings Ltd Class A,51101030,특수 화학제
002212,Topsec Technologies Group Inc Class A,57201030,온라인 서비스
300785,Beijing Zhidemai Technology Co Ltd Class A,57201030,온라인 서비스
002097,Sunward Intelligent Equipment Co Ltd Class A,52102020,중장비 및 차량
002782,Shenzhen Click Technology Co Ltd Class A,57104010,전자 장비 및 부품
300327,Sino Wealth Electronic Ltd Class A,57101010,반도체
301565,Sinolong New Materials Co Ltd Class A,51302010,용기(종이 제외) 및 포장재
301228,SEP Analytical (Shanghai) Co Ltd Class A,52203040,경영 지원 서비스
300641,Jiangsu Zhengdan Chemical Industry Co Ltd Class A,51101010,상품 화학
002527,Shanghai STEP Electric Corp Class A,52102010,산업용 기계 및 장비
301280,Zhejiang Zuch Technology Co Ltd Class A,57104010,전자 장비 및 부품
300926,Jiangsu Bojun Industrial Technology Co Ltd Class A,52102010,산업용 기계 및 장비
002833,Guangzhou Kdt Machinery Group Co Ltd Class A,52102010,산업용 기계 및 장비
300770,Guangdong South New Media Co Ltd Class A,53302020,방송
002267,Shaanxi Provincial Natural Gas Co Ltd Class A,50103030,오일 및 가스 수송 서비스
301667,Rnbc New Energy Co Ltd Class A,53101020,"자동차, 트럭 및 오토바이 부품"
002785,Xiamen Wanli Stone Stock Co Ltd Class A,51202010,건설 자재
000402,Financial Street Holdings Co Ltd Class A,60101010,"부동산 임대, 개발 및 운영"
002256,Zetta Group Co Ltd Class A,51101010,상품 화학
300520,GuoChuang Software Co Ltd Class A,57201020,소프트웨어
002721,Beijing Kingee Culture Development Co Ltd Class A,53202020,의류 및 액세서리
002023,Sichuan Haite High-tech Co Ltd Class A,52203040,경영 지원 서비스
002275,Guilin Sanjin Pharmaceutical Co Ltd Class A,56201040,제약
300702,Zhejiang Tianyu Pharmaceutical Co Ltd Class A,56201040,제약
300708,Focus Lightings Tech Co Ltd Class A,57101010,반도체
300895,Beijing Topnew Info & Tech Co Ltd Class A,57201010,IT 서비스 및 컨설팅
000722,Hunan Energy Group Development Co Ltd Class A,59101020,민자 발전 사업
001323,DeRucci Healthy Sleep Co Ltd Class A,53204040,가정용 가구
000026,FIYTA Precision Technology Co Ltd Class A,53202020,의류 및 액세서리
300143,INKON Life Technology Co Ltd Class A,56102010,의료 시설 및 서비스
300872,Tansun Technology Co Ltd Class A,57301010,핀테크
000650,Renhe Pharmacy Co Ltd Class A,56201040,제약
300180,Huafon Microfibre Shanghai Co Ltd Class A,51101030,특수 화학제
000498,Shandong Hi Speed Road&Bridge Co Ltd Class A,52201020,건설 및 엔지니어링
300893,Zhejiang Songyuan Automotive Safety Systems Co Ltd Class A,53101020,"자동차, 트럭 및 오토바이 부품"
300348,Shenzhen Sunline Tech Co Ltd Class A,57201020,소프트웨어
001298,Shenzhen Best of Best Holdings Co Ltd Class A,57101010,반도체
301069,Shandong Kaisheng New Materials Co Ltd Class A,51101010,상품 화학
301680,Goode EIS (Suzhou) Corp Ltd Class A,52102030,전기 부품 및 장비
002041,Shandong Denghai Seeds Co Ltd Class A,54102010,어업 및 농업
300168,Wonders Information Co Ltd Class A,57201020,소프트웨어
301162,State Power Rixin Tech Co Ltd Class A,57201020,소프트웨어
000813,Dezhan Healthcare Co Ltd Class A,56201040,제약
002127,NanJi E-Commerce Co Ltd Class A,53302010,광고 및 마케팅
300834,Rastar Environmental Protection Materials Co Ltd Class A,51101010,상품 화학
301487,Tianjin Guoan Mengguli New Materials Science & Technology Co Ltd Class A,51101010,상품 화학
300091,Jin Tong Ling Technology Group Co Ltd Class A,52102010,산업용 기계 및 장비
300416,Suzhou Sushi Testing Group Co Ltd Class A,52102010,산업용 기계 및 장비
002605,Shanghai Yaoji Technology Co Ltd Class A,57201020,소프트웨어
301592,Sichuan 6912 Communication Technology Co Ltd Class A,52101010,항공우주 및 방위
002803,Xiamen Jihong Co Ltd Class A,57201030,온라인 서비스
002733,Shenzhen Center Power Tech Co Ltd Class A,52102030,전기 부품 및 장비
000012,CSG Holding Co Ltd Class A,51101010,상품 화학
002386,Yibin Tianyuan Group Co Ltd Class A,51101010,상품 화학
001285,Guangzhou Ruili Kormee Automotive Electronic Co Ltd Class A,53101020,"자동차, 트럭 및 오토바이 부품"
002036,LianChuang Electronic Technology Co Ltd Class A,57104010,전자 장비 및 부품
300063,Guangdong Tloong Technology Group Co Ltd Class A,53302010,광고 및 마케팅
000566,Hainan Haiyao Co Ltd Class A,56201040,제약
300540,Sichuan Shudao Equipment & Technology Co Ltd Class A,52102010,산업용 기계 및 장비
002104,Hengbao Co Ltd Class A,57104010,전자 장비 및 부품
300196,Jiangsu Changhai Composite Materials Co Ltd Class A,51202010,건설 자재
002734,Limin Group Co Ltd Class A,51101020,농화학제
003039,Guangdong Shunkong Development Co Ltd Class A,59103010,수자원 유틸리티
301687,Suzhou Xinguangyi Electronics Co Ltd Class A,57104010,전자 장비 및 부품
300700,Changsha DIALINE New Material Sci & Tech Co Ltd Class A,52102010,산업용 기계 및 장비
001311,Chuzhou Duoli Automotive Technology Co Ltd Class A,53101020,"자동차, 트럭 및 오토바이 부품"
002110,Sansteel Minguang Co Ltd Fujian Class A,51201020,철 및 강철
002106,Shenzhen Laibao Hi-Tech Co Ltd Class A,57104010,전자 장비 및 부품
000059,North Huajin Chemical Industries Co Ltd Class A,51101010,상품 화학
002272,Sichuan Crun Co Ltd Class A,52102010,산업용 기계 및 장비
002077,Jiangsu Dagang Co Ltd Class A,57101010,반도체
002034,Wangneng Environment Co Ltd Class A,52203010,환경 서비스 및 장비
301326,J.Pond Precision Technology Co Ltd Class A,57104010,전자 장비 및 부품
001330,Bona Film Group Co Ltd Class A,53301040,여가 및 오락시설
002194,Wuhan Fingu Electronic Technology Co Ltd Class A,57102010,통신 및 네트워킹
300506,Shenzhen Minkave Technology Co Ltd Class A,52201020,건설 및 엔지니어링
300492,Huatu Cendes Co Ltd Class A,63101010,기타 교육 서비스 제공
002787,Suzhou Hycan Holdings Co Ltd Class A,51302010,용기(종이 제외) 및 포장재
300566,Ningbo Exciton Technology Co Ltd Class A,57104010,전자 장비 및 부품
300996,Pansoft Co Ltd Class A,57201020,소프트웨어
300983,Shanghai Urban Architecture Design Co Ltd Class A,52201020,건설 및 엔지니어링
300685,Amoy Diagnostics Co Ltd Class A,56101020,"의료 장비, 물품 및 유통"
002445,Zhong Nan Hong Culture Group Co Ltd Class A,52102010,산업용 기계 및 장비
301393,Suzhou Highfine Biotech Co Ltd Class A,51101010,상품 화학
300174,Fujian Yuanli Active Carbon Co Ltd Class A,51101010,상품 화학
002824,Guangdong Hoshion Industrial Aluminium Co Ltd Class A,53101020,"자동차, 트럭 및 오토바이 부품"
000503,China Reform Health Management and Services Group Co Ltd Class A,52203040,경영 지원 서비스
300617,Jiangsu Aukura Intelligent Power Co Ltd Class A,52102030,전기 부품 및 장비
000517,Rongan Property Co Ltd Class A,60101010,"부동산 임대, 개발 및 운영"
300783,Three Squirrels Inc Class A,54301020,식품 소매 및 유통
300467,Sichuan Xunyou Network Technology Co Ltd Class A,57201020,소프트웨어
000601,Guangdong Shaoneng Group Co Ltd Class A,59101010,전력 유틸리티
300153,Shanghai Cooltech Power Co Ltd Class A,52102040,중전기장비
002108,Cangzhou Mingzhu Plastic Co Ltd Class A,53203020,건설 자재 및 비품
000928,Sinosteel Engineering & Technology Co Ltd Class A,52201020,건설 및 엔지니어링
002006,Zhejiang Jinggong Integration Technology Co Ltd Class A,52102010,산업용 기계 및 장비
000595,Ningxia Guoyun New Energy Co Ltd Class A,59101020,민자 발전 사업
002448,ZYNP Corp Class A,53101020,"자동차, 트럭 및 오토바이 부품"
000544,Central Plains Environment Protection Co Ltd Class A,59103010,수자원 유틸리티
000030,FAWER Automotive Parts Ltd Co Class A,53101020,"자동차, 트럭 및 오토바이 부품"
002009,Miracle Automation Engineering Co Ltd Class A,52102010,산업용 기계 및 장비
300709,Jiangsu Gian Technology Co Ltd Class A,57104010,전자 장비 및 부품
300400,Shenzhen JT Automation Equipment Co Ltd Class A,52102030,전기 부품 및 장비
002213,Shenzhen Dawei Innovation Technology Co Ltd Class A,57101010,반도체
000597,Northeast Pharmaceutical Group Co Ltd Class A,56201040,제약
002438,Jiangsu Shentong Valve Co Ltd Class A,52102010,산업용 기계 및 장비
002870,Guangdong Senssun Weighing Apparatus Group Ltd Class A,53101020,"자동차, 트럭 및 오토바이 부품"
300819,Jiangsu Jujie Microfiber Technology Group Co Ltd Class A,53202010,직물 및 가죽제품
301230,PharmaResources (Shanghai) Co Ltd Class A,56202010,생명 공학 및 의학 연구
002163,Hainan Development Holdings Nanhai Co Ltd Class A,52201020,건설 및 엔지니어링
002727,Yixintang Pharmaceutical Co Ltd Class A,54301010,의약품 소매
301317,Xinlei Compressor Co Ltd Class A,52102030,전기 부품 및 장비
002892,Keli Motor Group Co Ltd Class A,52102030,전기 부품 및 장비
002093,Guomai Technologies Inc Class A,63102010,"초, 중, 고등 교육기관"
002452,Changgao Electric Group Co Ltd Class A,52102040,중전기장비
300852,Sihui Fuji Electronics Technology Co Ltd Class A,57101010,반도체
000756,Shandong Xinhua Pharmaceutical Co Ltd Class A,56201040,제약
300206,Edan Instruments Inc Class A,56101010,첨단 의료 장비 및 기술
001382,Guangdong Xinyaguang Cable Co Ltd Class A,52102030,전기 부품 및 장비
002612,Lancy Co Ltd Class A,53202020,의류 및 액세서리
301365,Matrix Design Co Ltd Class A,53203010,주택 건설
300284,JSTI Group Co Ltd Class A,52201020,건설 및 엔지니어링
002810,Shandong Head Group Co Ltd Class A,51101030,특수 화학제
002631,Der Future Science and Technology Holding Group Co Ltd Class A,53204040,가정용 가구
002546,Nanjing Xinlian Electronics Co Ltd Class A,52102030,전기 부품 및 장비
300080,Henan Yicheng New Energy Co Ltd Class A,50201010,재생 가능 에너지 장비 및 서비스
002935,Chengdu Spaceon Electronics Co Ltd Class A,57104010,전자 장비 및 부품
002255,Suzhou Hailu Heavy Industry Co Ltd Class A,52102010,산업용 기계 및 장비
001212,Sinostone Guangdong Co Ltd Class A,51202010,건설 자재
301568,XiaMen Sinictek Intelligent Technology Co Ltd Class A,52102010,산업용 기계 및 장비
300648,Fujian Nebula Electronics Co Ltd Class A,52102010,산업용 기계 및 장비
002380,Nanjing Sciyon Wisdom Technology Group Co Ltd Class A,52102010,산업용 기계 및 장비
300905,Poly Plastic Masterbatch SuZhou Co Ltd Class A,51101010,상품 화학
002284,Zhejiang Asia-Pacific Mechanical & Electronic Co Ltd Class A,53101020,"자동차, 트럭 및 오토바이 부품"
301215,CATARC Automotive Proving Ground Co Ltd Class A,52203040,경영 지원 서비스
002141,Infund Holding Co Ltd Class A,56201040,제약
300678,Chengdu Information Technology of Chinese Academy of Sciences Co Ltd Class A,57201010,IT 서비스 및 컨설팅
300227,Shenzhen Sunshine Laser & Electronics Technology Co Ltd Class A,57101020,반도체 장비 및 테스트
002135,Zhejiang Southeast Space Frame Co Ltd Class A,52201020,건설 및 엔지니어링
300393,Jolywood Suzhou Sunwatt Co Ltd Class A,50201010,재생 가능 에너지 장비 및 서비스
300067,Shanghai Anoky Group Co Ltd Class A,51101030,특수 화학제
300075,Beijing eGOVA Co Ltd Class A,57201020,소프트웨어
000631,Shunfa Hengneng Corp Class A,60101010,"부동산 임대, 개발 및 운영"
300406,Beijing Strong Biotechnologies Inc Class A,56101020,"의료 장비, 물품 및 유통"
300587,Zhejiang Tiantie Science & Technology Co Ltd Class A,53101030,타이어 및 고무 제품
002242,Joyoung Co Ltd Class A,53204030,"가전제품, 도구 및 가정 용품"
002123,Montnets Cloud Technology Group Co Ltd Class A,57401010,통합 통신 서비스
002650,Jiajia Food Group Co Ltd Class A,54102020,식품 가공
300267,Hunan Er-Kang Pharmaceutical Co Ltd Class A,56201040,제약
300756,Guangdong Jinma Entertainment Corp Ltd Class A,53205020,오락용 제품
300341,Motic Xiamen Electric Group Co Ltd Class A,52102030,전기 부품 및 장비
002840,Zhejiang Huatong Meat Products Co Ltd Class A,54102020,식품 가공
002537,HyUnion Holding Co Ltd Class A,53101020,"자동차, 트럭 및 오토바이 부품"
000755,Shanxi Hi speed Group Co Ltd Class A,52407030,고속도로 및 철도
002052,Shenzhen Coship Electronics Co Ltd Class A,52102030,전기 부품 및 장비
300265,Jiangsu Tongguang Electronic Wire&Cable Co Ltd Class A,52102030,전기 부품 및 장비
300192,Suzhou Kingswood Education Technology Co Ltd Class A,51101010,상품 화학
300197,CECEP Techand Ecology&Environment Co Ltd Class A,52203010,환경 서비스 및 장비
301260,Greenworks (Jiangsu) Co Ltd Class A,53204030,"가전제품, 도구 및 가정 용품"
000777,SUFA Technology Industry Co Ltd CNNC Class A,52102010,산업용 기계 및 장비
000058,Shenzhen SEG Co Ltd Class A,60101020,부동산 서비스
301535,Zhejiang Huayuan Auto Technology Co Ltd Class A,53101020,"자동차, 트럭 및 오토바이 부품"
301408,Anhui Huaren Health Pharmaceutical Co Ltd Class A,54301010,의약품 소매
000589,Gui Zhou Tyre Co Ltd Class A,53101030,타이어 및 고무 제품
300731,Shenzhen Cotran New Material Co Ltd Class A,53101030,타이어 및 고무 제품
301182,Henan Carve Electronics Technology Co Ltd Class A,57104010,전자 장비 및 부품
000019,Shenzhen Cereals Holdings Co Ltd Class A,54102020,식품 가공
002664,Xinzhi Group Co Ltd Class A,52102030,전기 부품 및 장비
002164,Ningbo Donly Co Ltd Class A,52102010,산업용 기계 및 장비
002082,Wanbangde Pharmaceutical Holding Group Co Ltd Class A,56201040,제약
300443,Jinlei Technology Co Ltd Class A,50201010,재생 가능 에너지 장비 및 서비스
300525,Fujian Boss Software Corp Class A,57201020,소프트웨어
002467,Net263 Ltd Class A,57401010,통합 통신 서비스
000561,Shaanxi Fenghuo Electronics Co Ltd Class A,57102010,통신 및 네트워킹
300137,Hebei Sailhero Environmental Protection High-tech Co Ltd Class A,52203010,환경 서비스 및 장비
002951,Sichuan Jinshi Technology Co Ltd Class A,52102030,전기 부품 및 장비
002298,Anhui ZhongDianXinLong Science and Technology Co Ltd Class A,52102040,중전기장비
000968,Shanxi Blue Flame Holding Co Ltd Class A,50102020,"오일, 가스 탐사 및 생산"
300815,EIT Environmental Development Group Co Ltd Class A,52203010,환경 서비스 및 장비
000551,Create Technology & Science Co Ltd Class A,52102010,산업용 기계 및 장비
301339,Jiangsu Tongxingbao Intelligent Transportation Technology Co Ltd Class A,57201010,IT 서비스 및 컨설팅
000090,Shenzhen Tagen Group Co Ltd Class A,52201020,건설 및 엔지니어링
300681,Zhuhai Enpower Electric Co Ltd Class A,53101020,"자동차, 트럭 및 오토바이 부품"
002042,Huafu Fashion Co Ltd Class A,53202010,직물 및 가죽제품
300217,Zhenjiang Dongfang Electric Heating Technology Co Ltd Class A,52102030,전기 부품 및 장비
000008,China High Speed Railway Technology Co Ltd Class A,52407030,고속도로 및 철도
300134,Anhui Tatfook Technology Co Ltd Class A,57102010,통신 및 네트워킹
300984,Zhejiang JW Precision Machinery Co Ltd Class A,52102010,산업용 기계 및 장비
300324,Beijing Watertek Information Technology Co Ltd Class A,57106010,컴퓨터 하드웨어
301148,Xiamen Jiarong Technology Corp Ltd Class A,52203010,환경 서비스 및 장비
300493,Shanghai Fortune Techgroup Co Ltd Class A,57101010,반도체
300586,Malion New Materials Co Ltd Class A,51101030,특수 화학제
300435,Hangzhou Zhongtai Cryogenic Technology Corp Class A,59102010,천연가스 유틸리티
300809,Hiecise Precision Equipment Co Ltd Class A,52102010,산업용 기계 및 장비
002057,Sinosteel New Materials Co Ltd Class A,51101010,상품 화학
002014,Huangshan Novel Co Ltd Class A,51302010,용기(종이 제외) 및 포장재
002067,Zhejiang Jingxing Paper Joint Stock Co Ltd Class A,51302020,종이 포장재
300057,Shantou Wanshun New Material Group Co Ltd Class A,51201030,알루미늄
300696,Chengdu ALD Aviation Manufacturing Corp Class A,52101010,항공우주 및 방위
002678,Guangzhou Pearl River Piano Group Co Ltd Class A,53205020,오락용 제품
301235,Wuhan Huakang Century Clean Technology Co Ltd Class A,52201020,건설 및 엔지니어링
002229,Hongbo Co Ltd Class A,52203020,상업 인쇄 서비스
300981,Zhonghong Pulin Medical Products Co Ltd Class A,56101020,"의료 장비, 물품 및 유통"
300343,Lecron Industrial Development Group Co Ltd Class A,51101030,특수 화학제
300358,Truking Technology Ltd Class A,52102010,산업용 기계 및 장비
301683,Guangzhou Human New Material Science and Technology Co Ltd Class A,51101010,상품 화학
002424,Guizhou Bailing Group Pharmaceutical Co Ltd Class A,56201040,제약
300079,Sumavision Technologies Co Ltd Class A,57201010,IT 서비스 및 컨설팅
300221,Guangdong Silver Age Sci &Tech Co Ltd Class A,51101010,상품 화학
300680,Wuxi Longsheng Technology Co Ltd Class A,53101020,"자동차, 트럭 및 오토바이 부품"
300925,Shenzhen Farben Information Technology Co Ltd Class A,57201010,IT 서비스 및 컨설팅
000572,Haima Automobile Co Ltd Class A,53101010,자동차 및 트럭 제조
002470,Kingenta Ecological Engineering Group Co Ltd Class A,51101020,농화학제
300164,Tong Petrotech Corp Class A,50103020,오일 관련 서비스 및 장비
300946,Hengda New Materials Fujian Co Ltd Class A,52102010,산업용 기계 및 장비
300802,Jutze Intelligence Technology Co Ltd Class A,57101010,반도체
002992,Shenzhen Baoming Technology Co Ltd Class A,57104010,전자 장비 및 부품
300841,Chengdu Kanghua Biological Products Co Ltd Class A,56201040,제약
002697,Chengdu Hongqi Chain Co Ltd Class A,54301020,식품 소매 및 유통
001400,Giansun Precision Technology Group Co Ltd Class A,52102010,산업용 기계 및 장비
002801,Hangzhou Weiguang Electronic Co Ltd Class A,52102030,전기 부품 및 장비
002708,Changzhou NRB Corp Class A,52102010,산업용 기계 및 장비
002540,Jiangsu Asia-Pacific Light Alloy Technology Co Ltd Class A,51201030,알루미늄
002140,East China Engineering Science and Technology Co Ltd Class A,52201020,건설 및 엔지니어링
000524,Guangzhou Lingnan Group Holdings Co Ltd Class A,53301040,여가 및 오락시설
301628,Shenzhen Q&D Circuits Co Ltd Class A,57101010,반도체
002519,Jiangsu Yinhe Electronics Co Ltd Class A,52102030,전기 부품 및 장비
301160,Suzhou Xianglou New Material Co Ltd Class A,53101020,"자동차, 트럭 및 오토바이 부품"
002606,Dalian Insulator Group Co Ltd Class A,52102030,전기 부품 및 장비
003041,Zhejiang Truelove Vogue Co Ltd Class A,53202010,직물 및 가죽제품
300226,Shanghai Ganglian E-Commerce Holdings Co Ltd Class A,57201030,온라인 서비스
300598,ArcherMind Technology Co Ltd Class A,57201020,소프트웨어
300592,Huakai Yibai Technology Co Ltd Class A,57201030,온라인 서비스
301000,Shanghai Hajime Advanced Material Technology Co Ltd Class A,53101020,"자동차, 트럭 및 오토바이 부품"
002559,Jiangsu Yawei Machine Tool Co Ltd Class A,52102010,산업용 기계 및 장비
300360,Hangzhou Sunrise Technology Co Ltd Class A,52102030,전기 부품 및 장비
301387,Shenzhen Bromake New Material Co Ltd Class A,57104010,전자 장비 및 부품
301137,HIT Welding Industry Co Ltd Class A,51201020,철 및 강철
301153,Beijing CTJ Information Technology Co Ltd Class A,57201020,소프트웨어
000796,Caissa Tourism Group Co Ltd Class A,52407010,공항 운영 및 서비스
301261,Hengong Precision Equipment Co Ltd Class A,53204030,"가전제품, 도구 및 가정 용품"
002029,Fujian Septwolves Industry Co Ltd Class A,53202020,의류 및 액세서리
300047,Shenzhen Tianyuan Dic Information Technology Co Ltd Class A,57107010,통합 하드웨어 및 소프트웨어
002695,Jiangxi Huangshanghuang Group Food Co Ltd Class A,54102020,식품 가공
301517,Shaanxi Huada Science Technology Co Ltd Class A,57104010,전자 장비 및 부품
301608,Shenzhen Boshijie Technology Co Ltd Class A,53101020,"자동차, 트럭 및 오토바이 부품"
300689,Shenzhen Chengtian Weiye Technology Co Ltd Class A,57101010,반도체
002154,Baoxiniao Holding Co Ltd Class A,53202020,의류 및 액세서리
301379,Techshine Electronics Co Ltd Class A,57104010,전자 장비 및 부품
002819,Beijing Oriental Jicheng Co Ltd Class A,52102010,산업용 기계 및 장비
000881,CGN Nuclear Technology Development Co Ltd Class A,51101010,상품 화학
001288,Sichuan Zigong Conveying Machine Group Co Ltd Class A,52102040,중전기장비
301092,Zhejiang Zhengguang Industrial Co Ltd Class A,51101010,상품 화학
300256,Jiangxi Firstar Panel Technology Co Ltd Class A,57104010,전자 장비 및 부품
002210,Shenzhen Feima International Supply Chain Co Ltd Class A,52203010,환경 서비스 및 장비
300084,Haimo Technologies Group Corp Class A,50103020,오일 관련 서비스 및 장비
301051,Shenzhen Xinhao Photoelectricity Technology Co Ltd Class A,57104010,전자 장비 및 부품
002685,Wuxi Huadong Heavy Machinery Co Ltd Class A,52102020,중장비 및 차량
300128,Suzhou Jinfu Technology Co Ltd Class A,57104010,전자 장비 및 부품
002068,Jiangxi Black Cat Carbon Black Inc Ltd Class A,51101030,특수 화학제
002538,Anhui Sierte Fertilizer Industry Ltd Co Class A,51101020,농화학제
300039,Shanghai Kaibao Pharmaceutical Co Ltd Class A,56201040,제약
300212,Beijing E-hualu Information Technology Co Ltd Class A,57201010,IT 서비스 및 컨설팅
002047,Shenzhen Bauing Construction Holding Group Co Ltd Class A,52201020,건설 및 엔지니어링
301479,Guangdong Hongjing Optoelectronic Technology Inc Class A,57106030,가정용 전자 제품
002038,Beijing SL Pharmaceutical Co Ltd Class A,56201040,제약
301439,Weihai Honglin Electronic Co Ltd Class A,52102030,전기 부품 및 장비
300307,Ningbo Cixing Co Ltd Class A,52102010,산업용 기계 및 장비
002915,Zhejiang Zhongxin Fluoride Materials Co Ltd Class A,51101030,특수 화학제
301349,Liaoning Xinde New Material Technology Group Co Ltd Class A,51101030,특수 화학제
301333,R&G PharmaStudies Co Ltd Class A,56202010,생명 공학 및 의학 연구
300041,Hubei Huitian New Materials Co Ltd Class A,51101030,특수 화학제
002206,Zhejiang Hailide New Material Co Ltd Class A,51101030,특수 화학제
000531,Guangzhou Hengyun Enterprises Holding Ltd Class A,59101010,전력 유틸리티
300964,Jiangsu Allfavor Intelligent Circuits Technology Co Ltd Class A,57101010,반도체
002390,Guizhou Xinbang Pharmaceutical Co Ltd Class A,56201040,제약
000915,Shandong WIT Dyne Health Co Ltd Class A,56201040,제약
300697,Jiangyin Electrical Alloy Co Ltd Class A,51201050,특수 채굴 및 금속
002382,Blue Sail Medical Co.  Ltd. Class A,56101020,"의료 장비, 물품 및 유통"
000541,Foshan Electrical and Lighting Co Ltd Class A,53203020,건설 자재 및 비품
000957,Zhongtong Bus Holding Co Ltd Class A,53101010,자동차 및 트럭 제조
002649,Beyondsoft Corp Class A,57201010,IT 서비스 및 컨설팅
301265,Huaxin Resources Technology Co Ltd Class A,52203010,환경 서비스 및 장비
002279,Beijing Join-Cheer Software Co Ltd Class A,57201020,소프트웨어
002302,China West Construction Group Co Ltd Class A,51202010,건설 자재
300488,EST Tools Co Ltd Class A,52102010,산업용 기계 및 장비
000615,Jointown Aesthetics Valley Co Ltd Class A,56102010,의료 시설 및 서비스
002950,Allmed Medical Products Co Ltd Class A,56101020,"의료 장비, 물품 및 유통"
000913,Zhejiang Qianjiang Motorcycle Co Ltd Class A,53101010,자동차 및 트럭 제조
000735,Luoniushan Co Ltd Class A,54102010,어업 및 농업
001322,Arrow Home Group Co Ltd Class A,53203020,건설 자재 및 비품
000042,Shenzhen Centralcon Investment Holding Co Ltd Class A,60101010,"부동산 임대, 개발 및 운영"
300722,Jiangxi Xinyu Guoke Technology Co Ltd Class A,52101010,항공우주 및 방위
002132,Henan Hengxing Science & Technology Co Ltd Class A,51201020,철 및 강철
002232,Qiming Information Technology Co Ltd Class A,57201010,IT 서비스 및 컨설팅
000409,Yunding Technology Co Ltd Class A,57107010,통합 하드웨어 및 소프트웨어
300579,BeiJing Certificate Authority Co Ltd Class A,57201030,온라인 서비스
300043,Rastar Group Class A,57201030,온라인 서비스
300258,Jiangsu Pacific Precision Forging Co Ltd Class A,53101020,"자동차, 트럭 및 오토바이 부품"
300470,Sinoseal Holding Co Ltd Class A,52102010,산업용 기계 및 장비
002489,Yotrio Group Co Ltd Class A,53204040,가정용 가구
300792,Hangzhou Onechance Tech Corp Class A,57201030,온라인 서비스
301101,Mingyue Optical Lens Co Ltd Class A,56101020,"의료 장비, 물품 및 유통"
300397,XiAn Tianhe Defense Technology Co Ltd Class A,52101010,항공우주 및 방위
301303,Zenner Metering Technology (Shanghai) Ltd Class A,52102010,산업용 기계 및 장비
300125,Lingda Group Co Ltd Class A,50201010,재생 가능 에너지 장비 및 서비스
301632,Guangdong Provincial Academy of Building Research Group Co Ltd Class A,52201020,건설 및 엔지니어링
300369,NSFOCUS Technologies Group Co Ltd Class A,57201020,소프트웨어
301596,Reach Machinery Co Ltd Class A,52102010,산업용 기계 및 장비
000025,Shenzhen Tellus Holding Co Ltd Class A,53403040,의류 및 액세서리 소매
300619,Foshan Golden Milky Way Intelligent Equipment Co Ltd Class A,52102010,산업용 기계 및 장비
300161,Wuhan Huazhong Numerical Control Co Ltd Class A,52102010,산업용 기계 및 장비
000718,Suning Universal Co Ltd Class A,60101010,"부동산 임대, 개발 및 운영"
002314,Shenzhen New Nanshan Holding Group Co Ltd Class A,60101010,"부동산 임대, 개발 및 운영"
000036,China Union Holdings Ltd Class A,60101010,"부동산 임대, 개발 및 운영"
001236,Soho Holly Futures Co.  Ltd. Class A,55102010,투자 은행 및 중개 서비스
000670,Infotmic Co Ltd Class A,57101010,반도체
300429,Changzhou Tronly New Electronic Materials Co Ltd Class A,51101030,특수 화학제
003006,Chongqing Baiya Sanitary Products Co Ltd Class A,54201020,개인 생활 필수 용품
002218,Shenzhen Topraysolar Co Ltd Class A,50201010,재생 가능 에너지 장비 및 서비스
300632,Xiamen Guang Pu Electronics Co Ltd Class A,57101010,반도체
301609,Shandong University Electric Power Technology Co Ltd Class A,52102030,전기 부품 및 장비
301120,Newonder Special Electric Co Ltd Class A,52102040,중전기장비
300018,Wuhan Zhongyuan Huadian Science & Technology Co Ltd Class A,52102030,전기 부품 및 장비
300249,Yimikang Tech Group Co Ltd Class A,52102030,전기 부품 및 장비
002349,Jinghua Pharmaceutical Group Co Ltd Class A,56201040,제약
300705,Hunan Jiudian Pharmaceutical Co Ltd Class A,56201040,제약
002902,Dongguan Mentech Optical & Magnetic Co Ltd Class A,52102030,전기 부품 및 장비
301367,BMC Medical Co Ltd Class A,56101010,첨단 의료 장비 및 기술
002907,Chongqing Pharscin Pharmaceutical Co Ltd Class A,56201040,제약
300019,Chengdu Guibao Science & Technology Co Ltd Class A,51101030,특수 화학제
002752,Sunrise Group Co Ltd Class A,51302010,용기(종이 제외) 및 포장재
002328,Shanghai Xinpeng Industry Co Ltd Class A,53101020,"자동차, 트럭 및 오토바이 부품"
300943,Zhejiang Chunhui Intelligent Control Co Ltd Class A,52102010,산업용 기계 및 장비
002101,Guangdong Hongtu Technology Holdings Co Ltd Class A,53101020,"자동차, 트럭 및 오토바이 부품"
301305,Shenzhen Lions King Hi-Tech Co Ltd Class A,52201020,건설 및 엔지니어링
002073,Mesnac Co Ltd Class A,52102010,산업용 기계 및 장비
000525,Nanjing Red Sun Co Ltd Class A,51101020,농화학제
300292,Wutong Holding Group Co Ltd Class A,57401020,무선 통신 서비스
002793,Luoxin Pharmaceuticals Group Stock Co Ltd Class A,56201040,제약
002884,Guangdong LingXiao Pump Industry Co Ltd Class A,52102010,산업용 기계 및 장비
002530,JC Finance & Tax Interconnect Holdings Ltd Class A,52102010,산업용 기계 및 장비
300463,Maccura Biotechnology Co Ltd Class A,56101020,"의료 장비, 물품 및 유통"
301330,Zkteco Co Ltd Class A,57104010,전자 장비 및 부품
300232,Unilumin Group Co Ltd Class A,57104010,전자 장비 및 부품
000912,Sichuan Lutianhua Co Ltd Class A,51101020,농화학제
300403,Hanyu Group Joint Stock Co Ltd Class A,52102010,산업용 기계 및 장비
300046,Tech Semiconductors Co Ltd Class A,57101010,반도체
002263,Zhejiang Great Southeast Corp Ltd Class A,51302010,용기(종이 제외) 및 포장재
002235,Xiamen Anne Co Ltd Class A,51301020,종이 제품
002510,Tianjin Motor Dies Co Ltd Class A,53101020,"자동차, 트럭 및 오토바이 부품"
300158,Shanxi Zhendong Pharmaceutical Co Ltd Class A,56201040,제약
300451,B-SOFT Co Ltd Class A,56101010,첨단 의료 장비 및 기술
300036,Beijing SuperMap Software Co Ltd Class A,57201020,소프트웨어
002562,Brother Enterprises Holding Co Ltd Class A,56201040,제약
300006,Chongqing Lummy Pharmaceutical Co Ltd Class A,56201040,제약
300203,Focused Photonics Hangzhou Inc Class A,57105010,사무기기
002956,Guilin Seamild Foods Co Ltd Class A,54102020,식품 가공
301252,Zhejiang Tongxing Technology Co Ltd Class A,52102030,전기 부품 및 장비
000411,Zhejiang Int'l Group Co Ltd Class A,56201040,제약
300048,Hiconics Eco-energy Technology Co Ltd Class A,52102030,전기 부품 및 장비
000948,Yunnan Nantian Electronics Information Co Ltd Class A,57201010,IT 서비스 및 컨설팅
002997,Rayhoo Motor Dies Co Ltd Class A,52102010,산업용 기계 및 장비
002478,Jiangsu Changbao Steeltube Co Ltd Class A,51201020,철 및 강철
300465,Global Infotech Co Ltd Class A,57301010,핀테크
301613,Alnera Aluminium Co Ltd Class A,51201030,알루미늄
301468,Pourin Special Welding Technology Co Ltd Class A,52102010,산업용 기계 및 장비
300733,Chengdu Xiling Power Science & Technology Inc Co Class A,53101020,"자동차, 트럭 및 오토바이 부품"
301259,Hunan Airbluer Environmental Protection Technology Co Ltd Class A,52203010,환경 서비스 및 장비
300547,Sichuan Chuanhuan Technology Co.  Ltd Class A,53101020,"자동차, 트럭 및 오토바이 부품"
002553,Jiangsu NanFang Precision Co Ltd Class A,52102010,산업용 기계 및 장비
300581,XiAn ChenXi Aviation Technology Corp Ltd Class A,52101010,항공우주 및 방위
300351,Zhejiang Yonggui Electric Equipment Co Ltd Class A,52102030,전기 부품 및 장비
002134,Tianjin Printronics Circuit Corp Class A,57101010,반도체
003040,Chutian Dragon Co Ltd Class A,57101010,반도체
300278,Huachangda Intelligent Equipment Group Co Ltd Class A,52102010,산업용 기계 및 장비
300561,SGSG Science&Technology Co Ltd Zhuhai Class A,57301010,핀테크
300737,Keshun Waterproof Technologies Co Ltd Class A,51202010,건설 자재
301525,Shanghai Ruking Technologies Co Ltd Class A,52102030,전기 부품 및 장비
301397,Chongqing Sulian Plastic Co Ltd Class A,53101020,"자동차, 트럭 및 오토바이 부품"
300528,Omnijoi Media Corp Class A,53302030,엔터테인먼트 제작
301282,Camelot Electronics Technology Co Ltd Class A,57101010,반도체
301201,Chengda Pharmaceuticals Co Ltd Class A,56201040,제약
002528,Shenzhen Infinova Ltd Class A,57201020,소프트웨어
300149,ChemPartner PharmaTech Co Ltd Class A,56202010,생명 공학 및 의학 연구
301017,ShuYu Civilian Pharmacy Corp Ltd Class A,54301010,의약품 소매
002805,Shandong Fengyuan Chemical Co Ltd Class A,51101010,상품 화학
002334,Shenzhen INVT Electric Co Ltd Class A,52102030,전기 부품 및 장비
000900,Xiandai Investment Co Ltd Class A,52202010,다각적 산업용 제품 도매
001283,Shenzhen Highpower Technology Co Ltd Class A,52102030,전기 부품 및 장비
002301,Shenzhen Comix Group Co Ltd Class A,52203060,비즈니스 지원 용품
002102,Hubei NengTer Technology Co Ltd Class A,51101010,상품 화학
301548,Hunan SUND Technological Corp Class A,52102010,산업용 기계 및 장비
001313,Guangdong Yuehai Feeds Group Co Ltd Class A,54102010,어업 및 농업
000501,Wushang Group Co Ltd Class A,53402010,백화점
002196,Zhejiang Founder Motor Co Ltd Class A,52102010,산업용 기계 및 장비
301239,Bright Eye Hospital Group Co Ltd Class A,56102010,의료 시설 및 서비스
300287,Beijing Philisense Technology Co Ltd Class A,57201010,IT 서비스 및 컨설팅
300825,IAT Automobile Technology Co Ltd Class A,52203040,경영 지원 서비스
300963,Shanghai Zhongzhou Special Alloy Materials Co Ltd Class A,51201050,특수 채굴 및 금속
000920,Vontron Technology Co Ltd Class A,51101030,특수 화학제
300233,Shandong Jincheng Pharmaceutical Group Co Ltd Class A,56201040,제약
002940,Zhejiang Anglikang Pharmaceutical Co Ltd Class A,56201040,제약
301322,Guangdong Lvtong New Energy Electric Vehicle Technology Co Ltd Class A,53101010,자동차 및 트럭 제조
003012,Guangdong Dongpeng Holdings Co Ltd Class A,53203020,건설 자재 및 비품
300848,Miracll Chemicals Co Ltd Class A,51101010,상품 화학
002791,Guangdong Kinlong Hardware Products Co Ltd Class A,53203020,건설 자재 및 비품
002327,Shenzhen Fuanna Bedding and Furnishing Co Ltd Class A,53202010,직물 및 가죽제품
300293,Shenyang Blue Silver Industry Automation Equipment Co Ltd Class A,52102010,산업용 기계 및 장비
300066,Sanchuan Wisdom Technology Co Ltd Class A,52102010,산업용 기계 및 장비
300138,Chenguang Biotech Group Co Ltd Class A,54102020,식품 가공
002201,Jiangsu Jiuding New Material Co Ltd Class A,51101010,상품 화학
000523,Hongmian Zhihui Science and Technology Innovation Co Ltd Guangzhou Class A,54102020,식품 가공
001388,Shandong Senter Electronic Co Ltd Class A,57201010,IT 서비스 및 컨설팅
002376,Shandong New Beiyang Information Technology Co Ltd Class A,52102010,산업용 기계 및 장비
301268,Shenzhen Minglida Precision Technology Co Ltd Class A,52102010,산업용 기계 및 장비
002300,Fujian Nanping Sun Cable Co Ltd Class A,51201050,특수 채굴 및 금속
002274,Jiangsu Huachang Chemical Co Ltd Class A,51101090,다각적 화학 산업
002746,Shandong Xiantan Group Co Ltd Class A,54102020,식품 가공
300300,Strait Innovation Internet Co Ltd Class A,57201010,IT 서비스 및 컨설팅
000571,Sundiro Holding Co Ltd Class A,50101010,석탄
300461,Tanac Automation Co Ltd Class A,52102010,산업용 기계 및 장비
002657,Sinodata Co Ltd Class A,57201010,IT 서비스 및 컨설팅
301508,China Machinery Huanyu Certification and Inspection Co Ltd Class A,52203040,경영 지원 서비스
000717,Guangdong Zhongnan Iron & Steel Co Ltd Class A,51201020,철 및 강철
001376,Jiangxi Bestoo Energy Co Ltd Class A,59103010,수자원 유틸리티
300873,Hichain Logistics Co Ltd Class A,52405030,지상 화물 및 물류
300918,Shandong Nanshan Fashion Sci-Tech Co Ltd Class A,53202010,직물 및 가죽제품
000557,Ningxia Western Venture Industrial Co Ltd Class A,52405030,지상 화물 및 물류
002191,Shenzhen Jinjia Group Co Ltd Class A,52203020,상업 인쇄 서비스
002777,Sichuan Jiuyuan Yinhai Software Co Ltd Class A,57201020,소프트웨어
001223,OK Science and Technology Co Ltd Class A,52102010,산업용 기계 및 장비
000560,5I5j Holding Group Co Ltd Class A,60101020,부동산 서비스
300082,Liaoning Oxiranchem Inc Class A,51101030,특수 화학제
002640,Global Top E-Commerce Co Ltd Class A,57201030,온라인 서비스
300531,Urovo Technology Co Ltd Class A,57106010,컴퓨터 하드웨어
300715,Jiangsu Canlon Building Materials Co Ltd Class A,51202010,건설 자재
300695,Zhejiang Zhaofeng Mechanical and Electronic Co Ltd Class A,53101020,"자동차, 트럭 및 오토바이 부품"
002146,Risesun Real Estate Development Co Ltd Class A,60101010,"부동산 임대, 개발 및 운영"
003033,Qingdao CHOHO Industrial Co Ltd Class A,52102010,산업용 기계 및 장비
000404,Changhong Huayi Compressor Co Ltd Class A,52102010,산업용 기계 및 장비
300856,Nanjing COSMOS Chemical Co Ltd Class A,51101030,특수 화학제
002589,Realcan Pharmaceutical Group Co Ltd Class A,56201040,제약
301085,Beijing Asiacom Information Technology Co Ltd Class A,57201010,IT 서비스 및 컨설팅
301096,Hangzhou Bio-Sincerity Pharma-Tech Co Ltd Class A,56202010,생명 공학 및 의학 연구
000430,Zhang Jia Jie Tourism Group Co Ltd Class A,53301040,여가 및 오락시설
002886,Shenzhen WOTE Advanced Materials Co Ltd Class A,51101010,상품 화학
002959,Bear Electric Appliance Co Ltd Class A,53204030,"가전제품, 도구 및 가정 용품"
300688,Dark Horse Technology Group Co Ltd Class A,52203040,경영 지원 서비스
002419,Rainbow Digital Commercial Co Ltd Class A,53402010,백화점
002988,Guangdong Haomei New Materials Co Ltd Class A,51201030,알루미늄
300791,Sirio Pharma Co Ltd Class A,54102020,식품 가공
002567,Tangrenshen Group Co Ltd Class A,54102010,어업 및 농업
002481,Yantai Shuangta Food Co Ltd Class A,54102020,식품 가공
300545,Shenzhen Liande Automatic Equipment Co Ltd Class A,57104010,전자 장비 및 부품
002291,Guangdong Yowant Technology Group Co Ltd Class A,57201030,온라인 서비스
002577,Shenzhen Rapoo Technology Co Ltd Class A,57106010,컴퓨터 하드웨어
002358,Henan Senyuan Electric Co Ltd Class A,52102040,중전기장비
002383,Beijing UniStrong Science & Technology Co Ltd Class A,57102010,통신 및 네트워킹
000782,Guangdong Highsun Meida New Materials Co Ltd Class A,51101010,상품 화학
300507,Jiangsu Olive Sensors High-Tech Co Ltd Class A,53101020,"자동차, 트럭 및 오토바이 부품"
301558,SFC Holdings Co Ltd Class A,57201030,온라인 서비스
002122,HuiZhou Intelligence Technology Group Co Ltd Class A,52102010,산업용 기계 및 장비
301141,Zhejiang Zhongke Magnetic Industry Co Ltd Class A,52102030,전기 부품 및 장비
000925,UniTTEC Co Ltd Class A,57107010,통합 하드웨어 및 소프트웨어
002455,Jiangsu Baichuan High-Tech New Materials Co Ltd Class A,51101030,특수 화학제
301012,Jiangsu Yangdian Science & Technology Co Ltd Class A,52102040,중전기장비
300286,Acrel Co Ltd Class A,52102030,전기 부품 및 장비
300885,Yangzhou Seashine New Materials Co Ltd Class A,52102010,산업용 기계 및 장비
002632,Daoming Optics&Chemical Co Ltd Class A,51101010,상품 화학
000862,Ning Xia Yin Xing Energy Co Ltd Class A,59101020,민자 발전 사업
300590,Queclink Wireless Solutions Co Ltd Class A,57102010,통신 및 네트워킹
002757,Nanxing Machinery Co Ltd Class A,52102010,산업용 기계 및 장비
000652,Tianjin TEDA Resources Recycling Group Co Ltd Class A,52202010,다각적 산업용 제품 도매
300505,Kunming Chuan Jin Nuo Chemical Co Ltd Class A,51101020,농화학제
300421,Jiangsu LiXing General Steel Ball Co Ltd Class A,52102010,산업용 기계 및 장비
300539,Ningbo Henghe Precision Industry Co Ltd Class A,52102010,산업용 기계 및 장비
000888,Emei Shan Tourism Co Ltd Class A,53301040,여가 및 오락시설
301556,Zhejiang Top Cloud-Agri Technology Co Ltd Class A,57201010,IT 서비스 및 컨설팅
001356,Fuling Technology Co Ltd Class A,51101010,상품 화학
300259,Suntront Technology Co Ltd Class A,52102010,산업용 기계 및 장비
301076,Sino-High (China) Co Ltd Class A,51101010,상품 화학
301368,Zhejiang FORE Intelligent Technology Co Ltd Class A,52102010,산업용 기계 및 장비
301256,Huarong Chemical Co Ltd Class A,51101010,상품 화학
300801,Shandong Taihe Technologies Co Ltd Class A,51101030,특수 화학제
300611,Zhejiang Meili High Technology Co Ltd Class A,53101020,"자동차, 트럭 및 오토바이 부품"
301491,Hansong (Nanjing) Technology Ltd Class A,57106030,가정용 전자 제품
300261,Aba Chemicals Corp Class A,51101020,농화학제
002707,UTour Group Co Ltd Class A,53301040,여가 및 오락시설
300860,Funshine Culture Group Co Ltd Class A,53301040,여가 및 오락시설
301132,JiAn Mankun Technology Co Ltd Class A,57101010,반도체
002638,Dongguan Kingsun Optoelectronic Co Ltd Class A,53203020,건설 자재 및 비품
001328,Dencare Chongqing Oral Care Co Ltd Class A,54201020,개인 생활 필수 용품
300508,Shanghai Weihong Electronic Technology Co Ltd Class A,52102010,산업용 기계 및 장비
300291,Beijing Baination Pictures Co Ltd Class A,53302030,엔터테인먼트 제작
301004,Zhejiang Cayi Vacuum Container Co Ltd Class A,51302010,용기(종이 제외) 및 포장재
301168,Jiangsu Tongling Electric Co Ltd Class A,52102030,전기 부품 및 장비
300368,Hebei Huijin Group Co Ltd Class A,52102010,산업용 기계 및 장비
300711,GHT Co Ltd Class A,57102010,통신 및 네트워킹
000863,Sanxiang Impression Co Ltd Class A,60101010,"부동산 임대, 개발 및 운영"
003032,Jiangsu Chuanzhiboke Education Technology Co Ltd Class A,63103010,전문 및 비즈니스 교육
000936,Jiangsu Huaxicun Co Ltd Class A,53202010,직물 및 가죽제품
002543,Guangdong Vanward New Electric Co Ltd Class A,53204030,"가전제품, 도구 및 가정 용품"
002112,San Bian Science & Technology Co Ltd Class A,52102040,중전기장비
002582,Haoxiangni Health Food Co Ltd Class A,54102020,식품 가공
002483,Jiangsu Rainbow Heavy Industries Co Ltd Class A,52102020,중장비 및 차량
300016,Beijing Beilu Pharmaceutical Co Ltd Class A,56201040,제약
002124,Tech-bank Food Co Ltd Class A,54102010,어업 및 농업
002570,Beingmate Co Ltd Class A,54102020,식품 가공
300767,QuakeSafe Technologies Co Ltd Class A,53203020,건설 자재 및 비품
002166,Guilin Layn Natural Ingredients Corp Class A,54102020,식품 가공
300027,Huayi Brothers Media Corp Class A,53302030,엔터테인먼트 제작
002344,Haining China Leather Market Co Ltd Class A,60101010,"부동산 임대, 개발 및 운영"
002111,Weihai Guangtai Airport Equipment Co Ltd Class A,52102020,중장비 및 차량
301028,Xiamen Dingrongyan Technology Co.  Ltd Class A,52102010,산업용 기계 및 장비
300569,Qingdao Tianneng Heavy Industries Co Ltd Class A,50201010,재생 가능 에너지 장비 및 서비스
301557,Cytech Group Co Ltd Class A,51101010,상품 화학
000852,Sinopec Oilfield Equipment Corp Class A,50103020,오일 관련 서비스 및 장비
300055,Beijing WBD New Materials Group Co Ltd Class A,51101010,상품 화학
300533,Shenzhen Bingchuan Network Co Ltd Class A,57201020,소프트웨어
002609,Shenzhen Jieshun Science and Technology Industry Co Ltd Class A,57107010,통합 하드웨어 및 소프트웨어
002189,Costar Group Co Ltd Class A,57104010,전자 장비 및 부품
002986,Guangdong Yussen Energy Technology Co Ltd Class A,51101030,특수 화학제
300087,Winall Hi-tech Seed Co Ltd Class A,54102010,어업 및 농업
300795,Zhejiang Meorient Commerce & Exhibition Inc Class A,52203040,경영 지원 서비스
300745,Shinry Technologies Co Ltd Class A,53101020,"자동차, 트럭 및 오토바이 부품"
300183,Qingdao Eastsoft Communication Technology Co Ltd Class A,57102010,통신 및 네트워킹
002307,Xinjiang Beixin Road & Bridge Group Co Ltd Class A,52201020,건설 및 엔지니어링
002406,Xuchang Yuandong Drive Shaft Co Ltd Class A,53101020,"자동차, 트럭 및 오토바이 부품"
300727,Ningbo Runhe High-Tech Materials Co Ltd Class A,51101010,상품 화학
000720,Shandong Xinneng Taishan Power Generation Co Ltd Class A,57102010,통신 및 네트워킹
301213,Sichuan Discovery Dream Science & Technology Co Ltd Class A,57201020,소프트웨어
300589,Jianglong Shipbuilding Co Ltd Class A,52102050,조선
300755,Vats Liquor Chain Store Management Joint Stock Co Ltd Class A,54301020,식품 소매 및 유통
300320,Jiangyin Haida Rubber and Plastic Co Ltd Class A,53101030,타이어 및 고무 제품
300355,M-Grass Ecology and Environment (Group) Co Ltd Class A,52203010,환경 서비스 및 장비
301513,Shangshui Smartech Ltd Class A,52102010,산업용 기계 및 장비
002238,Shenzhen Topway Video Communication Co Ltd Class A,53302020,방송
300797,NCS Testing Technology Co Ltd Class A,52203040,경영 지원 서비스
300189,Hainan Shennong Seed Industry Technology Co Ltd Class A,54102010,어업 및 농업
002479,Zhejiang Fuchunjiang Environmental Thermoelectric Co Ltd Class A,59101020,민자 발전 사업
002590,Zhejiang VIE Science & Technology Co Ltd Class A,53101020,"자동차, 트럭 및 오토바이 부품"
002973,QiaoYin City Management Co Ltd Class A,52203010,환경 서비스 및 장비
002526,Shandong Mining Machinery Group Co Ltd Class A,51201070,채굴 지원 서비스 및 장비
002165,Hongbaoli Group Corp Ltd Class A,51101010,상품 화학
002662,Fengjing New Energy Technology Co.  Ltd. Class A,53101020,"자동차, 트럭 및 오토바이 부품"
002642,Ronglian Group Ltd Class A,57201010,IT 서비스 및 컨설팅
002637,Zanyu Technology Group Co Ltd Class A,51101010,상품 화학
002482,Shenzhen Grandland Group Co Ltd Class A,53403020,주택 개조 제품 및 서비스 소매
300518,Guangxi Xinxunda Technology Group Co Ltd Class A,57201030,온라인 서비스
301348,Foshan Blue Rocket Electronics Co Ltd Class A,57101010,반도체
300219,Hongli Zhihui Group Co Ltd Class A,57101010,반도체
300622,Doctorglasses Chain Co Ltd Class A,53403090,기타 전문 소매
002919,MINGCHEN HEALTH Co Ltd Class A,57201030,온라인 서비스
301622,Baotou INST Magnetic New Materials Co Ltd Class A,52102030,전기 부품 및 장비
002520,ZheJiang RIFA Precision Machinery Co Ltd Class A,52102010,산업용 기계 및 장비
300889,Shenzhen EXC-LED Technology Co Ltd Class A,53203020,건설 자재 및 비품
002573,Beijing SPC Environment Protection Tech Co Ltd Class A,52203010,환경 서비스 및 장비
000665,Hubei Radio & Television Information Network Co Ltd Class A,57401010,통합 통신 서비스
001207,Shandong Link Science and Technology Co Ltd Class A,51101030,특수 화학제
002677,Zhejiang Meida Industrial Co Ltd Class A,53204030,"가전제품, 도구 및 가정 용품"
300434,Sichuan Goldstone Asia Pharmaceutical Inc Class A,56201040,제약
300788,Citic Press Corp Class A,53302040,소비자 출판
301211,Hubei Biocause Heilen Pharmaceutical Co Ltd Class A,56201040,제약
300147,Xiangxue Pharmaceutical Co Ltd Class A,56201040,제약
300485,Beijing Science Sun Pharmaceutical Co Ltd Class A,56201040,제약
002728,Teyi Pharmaceutical Group Co Ltd Class A,56201040,제약
000759,Zhongbai Holdings Group Co Ltd Class A,54301020,식품 소매 및 유통
301206,Shandong Sanyuan Biotechnology Co Ltd Class A,54102020,식품 가공
002033,LiJiang YuLong Tourism Co Ltd Class A,53301040,여가 및 오락시설
301048,Gemac Engineering Machinery Co Ltd Class A,52102020,중장비 및 차량
002375,Zhejiang Yasha Decoration Co Ltd Class A,52201020,건설 및 엔지니어링
301110,Qingmu Tec Co Ltd Class A,57201030,온라인 서비스
301528,Guangzhou Doppler Electronic Technologies Co Ltd Class A,52102010,산업용 기계 및 장비
300833,Guangzhou Haoyang Electronic Co Ltd Class A,52102030,전기 부품 및 장비
001332,Wuxi Chemical Equipment Co Ltd Class A,52102010,산업용 기계 및 장비
300123,YaGuang Technology Group Co Ltd Class A,57101010,반도체
002045,Guoguang Electric Co Ltd Class A,57106030,가정용 전자 제품
002749,Sichuan Guoguang Agrochemical Co Ltd Class A,51101020,농화학제
002641,Era Co Ltd Class A,53203020,건설 자재 및 비품
002264,New Hua Du Technology Co Ltd Class A,53302010,광고 및 마케팅
002880,Shenzhen Weiguang Biological Products Co Ltd Class A,56201040,제약
300194,Fuan Pharmaceutical Group Co Ltd Class A,56201040,제약
002584,Xilong Scientific Co Ltd Class A,51101010,상품 화학
002658,Beijing SDL Technology Co Ltd Class A,52102010,산업용 기계 및 장비
003000,Jinzai Food Group Co Ltd Class A,54102020,식품 가공
002560,Henan Tong-Da Cable Co Ltd Class A,52102030,전기 부품 및 장비
002876,Shenzhen Sunnypol Optoelectronics Co Ltd Class A,57104010,전자 장비 및 부품
300840,Qingdao Kutesmart Co Ltd Class A,53202020,의류 및 액세서리
002953,GuangDong Rifeng Electric Cable Co Ltd Class A,52102030,전기 부품 및 장비
000753,Fujian Zhangzhou Development Co Ltd Class A,52201020,건설 및 엔지니어링
300571,Hangzhou Anysoft Information Technology Co Ltd Class A,57102010,통신 및 네트워킹
000993,Fujian Mindong Electric Power Group Co Ltd Class A,60101010,"부동산 임대, 개발 및 운영"
300781,Guangdong Insight Brand Marketing Group Co Ltd Class A,53302010,광고 및 마케팅
300894,Marssenger Kitchenware Co Ltd Class A,53204030,"가전제품, 도구 및 가정 용품"
301391,Colorlight Cloud Tech Ltd Class A,57106030,가정용 전자 제품
300490,Hnac Technology Co Ltd Class A,52102030,전기 부품 및 장비
002523,Zhuzhou Tianqiao Crane Co Ltd Class A,52102020,중장비 및 차량
300386,Feitian Technologies Co Ltd Class A,57106010,컴퓨터 하드웨어
002765,Landai Technology Group Corp Ltd Class A,53101020,"자동차, 트럭 및 오토바이 부품"
300177,Guangzhou Hi Target Navigation Tech Co Ltd Class A,52101010,항공우주 및 방위
300836,Kunshan TopA Intelligent Equipment Co Ltd Class A,52102010,산업용 기계 및 장비
300215,Suzhou Electrical Apparatus Science Academy Co Ltd Class A,52203040,경영 지원 서비스
300010,Doushen Beijing Education & Technology Inc Class A,57201010,IT 서비스 및 컨설팅
301180,Suzhou Wanxiang Technology Co Ltd Class A,57104010,전자 장비 및 부품
300572,Shenzhen Anche Technologies Co Ltd Class A,52102010,산업용 기계 및 장비
300869,Contec Medical Systems Co Ltd Class A,56101010,첨단 의료 장비 및 기술
002026,Shandong Weida Machinery Co Ltd Class A,52102010,산업용 기계 및 장비
002989,Shenzhen Strongteam Decoration Engineering Co Ltd Class A,53203010,주택 건설
300818,Naipu Mining Machinery Co Ltd Class A,51201070,채굴 지원 서비스 및 장비
002556,Anhui Huilong Agricultural Means of Production Co Ltd Class A,51101020,농화학제
002889,Shenzhen Easttop Supply Chain Management Co Ltd Class A,52405010,"배달, 우편, 항공 화물 및 육상 물류"
300271,Beijing Thunisoft Co Ltd Class A,57201010,IT 서비스 및 컨설팅
000417,Hefei Department Store Group Co Ltd Class A,53402010,백화점
300388,CECEP Guozhen Environmental Protection Technology Co Ltd Class A,52203010,환경 서비스 및 장비
300656,Shenzhen MinDe Electronics Technology Ltd Class A,57106010,컴퓨터 하드웨어
300552,VanJee Technology Co Ltd Class A,52102010,산업용 기계 및 장비
002501,Jilin Liyuan Precision Manufacturing Co Ltd Class A,51201030,알루미늄
300523,Beijing Global Safety Technology Co Ltd Class A,57201020,소프트웨어
300917,Shenzhen SDG Service Co Ltd Class A,60101020,부동산 서비스
300663,Client Service International Inc Class A,57201010,IT 서비스 및 컨설팅
002823,Shenzhen Kaizhong Precision Technology Co Ltd Class A,52102030,전기 부품 및 장비
000428,Huatian Hotel Group Co Ltd Class A,53301010,"호텔, 모텔 및 크루즈 라인"
301507,Hangzhou Minsheng Healthcare Co Ltd Class A,56201040,제약
300471,Houpu Clean Energy Group Co Ltd Class A,52102010,산업용 기계 및 장비
002393,Tianjin Lisheng Pharmaceutical Co Ltd Class A,56201040,제약
000045,Shenzhen Textile Holdings Co Ltd Class A,57104010,전자 장비 및 부품
000713,SDIC Fengle Seed Co Ltd Class A,51101020,농화학제
002059,Yunnan Tourism Co Ltd Class A,53301040,여가 및 오락시설
300541,Beijing Advanced Digital Technology Co Ltd Class A,57201010,IT 서비스 및 컨설팅
002401,COSCO SHIPPING Technology Co Ltd Class A,57201020,소프트웨어
002137,Shenzhen Sea Star Technology Co Ltd Class A,52102030,전기 부품 및 장비
301202,Suzhou Longway Electronic Machinery Co Ltd Class A,57106010,컴퓨터 하드웨어
002443,Zhejiang Kingland Pipeline and Technologies Co Ltd Class A,51201020,철 및 강철
000558,Chengdu New Tianfu Culture Tourism Development Co Ltd Class A,53301040,여가 및 오락시설
000507,Zhuhai Port Co Ltd Class A,52407020,항만 운영 및 서비스
002788,Luyan Pharma Co Ltd Class A,56201040,제약
000011,ShenZhen Properties & Resources Development Group Ltd Class A,60101020,부동산 서비스
002627,Hubei Three Gorges Tourism Group Co Ltd Class A,53301040,여가 및 오락시설
301590,Shenzhen UUGreenPower Co Ltd Class A,52102030,전기 부품 및 장비
301325,Shenzhen Manst Technology Co Ltd Class A,52102010,산업용 기계 및 장비
002370,Zhejiang Yatai Pharmaceutical Co Ltd Class A,56201040,제약
000078,Shenzhen Neptunus Bioengineering Co Ltd Class A,56201040,제약
002866,Jiangsu Transimage Technology Co Ltd Class A,57106010,컴퓨터 하드웨어
002522,Zhejiang Zhongcheng Packing Material Co Ltd Class A,51302010,용기(종이 제외) 및 포장재
300389,Shenzhen Absen Optoelectronic Co Ltd Class A,57104010,전자 장비 및 부품
002846,Guangdong Enpack Packaging Co Ltd Class A,51302010,용기(종이 제외) 및 포장재
000821,J.S. Corrugating Machinery Co Ltd Class A,52102010,산업용 기계 및 장비
300099,Uroica Precision Information Engineering Co Ltd Class A,52102010,산업용 기계 및 장비
000886,Hainan Expressway Co Ltd Class A,60101010,"부동산 임대, 개발 및 운영"
301516,Shenzhen VAPEL Power Supply Technology Co Ltd Class A,52102030,전기 부품 및 장비
002735,Shenzhen Prince New Materials Co Ltd Class A,51302010,용기(종이 제외) 및 포장재
300968,Guangdong Green Precision Components Co Ltd Class A,57104010,전자 장비 및 부품
002829,Beijing StarNeto Technology Co Ltd Class A,52101010,항공우주 및 방위
300532,New Trend International Logis-Tech Co Ltd Class A,57201010,IT 서비스 및 컨설팅
001380,Hwaway Technology Corp Ltd Class A,53101020,"자동차, 트럭 및 오토바이 부품"
300774,BGT Group Co Ltd Class A,52203010,환경 서비스 및 장비
002197,SZZT Electronics Co Ltd Class A,57107010,통합 하드웨어 및 소프트웨어
002285,Shenzhen Worldunion Group Inc Class A,60101020,부동산 서비스
301075,Tibet Duo Rui Pharmaceutical Co Ltd Class A,56201040,제약
002225,Puyang Refractories Group Co Ltd Class A,51202010,건설 자재
300349,Goldcard Smart Group Co Ltd Class A,52102030,전기 부품 및 장비
300559,Chengdu Jiafaantai Education Technology Co Ltd Class A,57107010,통합 하드웨어 및 소프트웨어
300867,Shengyuan Environmental Protection Co Ltd Class A,52203010,환경 서비스 및 장비
301007,Dalian Demaishi Precision Technology Co Ltd Class A,53101020,"자동차, 트럭 및 오토바이 부품"
300669,Hangzhou Huning Elevator Parts Co Ltd Class A,52102040,중전기장비
002454,Songz Automobile Air Conditioning Co Ltd Class A,53101020,"자동차, 트럭 및 오토바이 부품"
301149,ShanDong Longhua New Material Co Ltd Class A,51101010,상품 화학
300643,Hamaton Automotive Technology Co Ltd Class A,53101020,"자동차, 트럭 및 오토바이 부품"
300441,Ningbo Baosi Energy Equipment Co Ltd Class A,52102010,산업용 기계 및 장비
300228,Zhangjiagang Furui Special Equipment Co Ltd Class A,52102010,산업용 기계 및 장비
300061,QITIAN Technology Group Co Ltd Class A,53302010,광고 및 마케팅
300326,Shanghai Kinetic Medical Co Ltd Class A,56101020,"의료 장비, 물품 및 유통"
300071,FS Development Investment Holdings Class A,53302010,광고 및 마케팅
002983,Anhui Coreach Technology Co Ltd Class A,57104010,전자 장비 및 부품
300629,Guangdong King-Strong Technology Co Ltd Class A,57102010,통신 및 네트워킹
301595,GuangDong Taili Technology Group Co Ltd Class A,51302010,용기(종이 제외) 및 포장재
300973,Ligao Foods Co Ltd Class A,54102020,식품 가공
300062,Ceepower Co Ltd Class A,52102040,중전기장비
301538,Shenzhen Jdd Tech New Material Co Ltd Class A,53101030,타이어 및 고무 제품
300248,Newcapec Electronics Co Ltd Class A,57201010,IT 서비스 및 컨설팅
002724,Ocean's King Lighting Science & Technology Co Ltd Class A,52102030,전기 부품 및 장비
002586,Zhejiang Reclaim Construction Group Co Ltd Class A,52201020,건설 및 엔지니어링
002005,Elec-Tech International Co Ltd Class A,53204030,"가전제품, 도구 및 가정 용품"
300577,Anhui Korrun Co Ltd Class A,53202020,의류 및 액세서리
301501,Hefei Hengxin Life Science and Technology Co Ltd Class A,51302020,종이 포장재
002367,Canny Elevator Co Ltd Class A,52102040,중전기장비
002161,Invengo Information Technology Co Ltd Class A,57101010,반도체
002441,Zhongyeda Electric Co Ltd Class A,52102030,전기 부품 및 장비
301058,COFCO Technology & Industry Co Ltd Class A,52201020,건설 및 엔지니어링
001338,Gdh Supertime Group Co Ltd Class A,54101020,증류주 및 포도주
000819,Yueyang Xingchang Petro-Chemical Co Ltd Class A,51101010,상품 화학
002177,Guangzhou KingTeller Technology Co Ltd Class A,60101020,부동산 서비스
002480,Chengdu Xinzhu Road&Bridge Machinery Co Ltd Class A,52102020,중장비 및 차량
301370,GKHT Medical Technology Co Ltd Class A,56101020,"의료 장비, 물품 및 유통"
300758,Anshan Hifichem Co Ltd Class A,51101030,특수 화학제
300447,Nanjing Quanxin Cable Technology Co Ltd Class A,57102010,통신 및 네트워킹
000521,Changhong Meiling Co Ltd Class A,53204030,"가전제품, 도구 및 가정 용품"
001316,Lubair Aviation Technology Co Ltd Class A,52101010,항공우주 및 방위
301356,Zhejiang Tianzhen Technology Co Ltd Class A,53203020,건설 자재 및 비품
300882,Zhejiang Wellsun Intelligent Technology Co Ltd Class A,52102030,전기 부품 및 장비
301277,Newland Pharmaceutical Co Ltd Class A,56201040,제약
300859,Western Regions Tourism Development Co Ltd Class A,53301040,여가 및 오락시설
002117,Tungkong Inc Class A,52203020,상업 인쇄 서비스
300494,Hubei Century Network Technology Inc Class A,57201030,온라인 서비스
002427,Zhejiang Unifull Industrial Fibre Co Ltd Class A,51101030,특수 화학제
002321,Henan Huaying Agricultural Development Co Ltd Class A,54102010,어업 및 농업
300563,Shenyu Communication Technology Inc Class A,52102030,전기 부품 및 장비
300793,Cosonic Intelligent Technologies Co Ltd Class A,57104010,전자 장비 및 부품
000518,Jiangsu Sihuan Bioengineering Co Ltd Class A,56201040,제약
003020,Hefei Lifeon Pharmaceutical Co Ltd Class A,56201040,제약
300847,HG Technologies Co Ltd Class A,51101030,특수 화학제
002845,Shenzhen TXD Technology Co Ltd Class A,57104010,전자 장비 및 부품
300584,Nanjing Hicin Pharmaceutical Co Ltd Class A,56201040,제약
001312,Hangzhou Fuen Co Ltd Class A,53202010,직물 및 가죽제품
300121,Shandong Yanggu Huatai Chemical Co Ltd Class A,53101030,타이어 및 고무 제품
002418,Zhe Jiang Kangsheng Co Ltd Class A,52102030,전기 부품 및 장비
300210,Anshan Senyuan Road & Bridge Co Ltd Class A,52102020,중장비 및 차량
000096,Shenzhen Guangju Energy Co Ltd Class A,50102030,"오일, 가스 정제 및 마케팅"
002512,Tatwah Smartech Co Ltd Class A,57104010,전자 장비 및 부품
300816,ActBlue Co Ltd Class A,53101020,"자동차, 트럭 및 오토바이 부품"
002996,Chongqing Shunbo Aluminum Co Ltd Class A,51201030,알루미늄
000526,Xueda Xiamen Education Technology Group Co Ltd Class A,63101010,기타 교육 서비스 제공
301618,Dongguan Changlian New Materials Technology Co Ltd Class A,51101030,특수 화학제
300354,DongHua Testing Technology Co Ltd Class A,52102010,산업용 기계 및 장비
002843,Bichamp Cutting Technology Hunan Co Ltd Class A,52102030,전기 부품 및 장비
000678,Xiangyang Automobile Bearing Co Ltd Class A,53101020,"자동차, 트럭 및 오토바이 부품"
002693,Hainan Shuangcheng Pharmaceuticals Co Ltd Class A,56201040,제약
300952,Jiangsu Hanvo Safety Product Co Ltd Class A,53202020,의류 및 액세서리
002490,Shandong Molong Petroleum Machinery Co Ltd Class A,50103020,오일 관련 서비스 및 장비
003019,TES Touch Embedded Solutions Xiamen Co Ltd Class A,57104010,전자 장비 및 부품
002616,Guangdong Chant Group Inc Class A,59101010,전력 유틸리티
300991,Shenzhen Chuangyitong Technology Co Ltd Class A,57104010,전자 장비 및 부품
300380,Shanghai Amarsoft Information & Technology Co Ltd Class A,57301010,핀테크
300311,Surfilter Network Technology Co Ltd Class A,57201020,소프트웨어
300537,Jiangsu Kuangshun Photosensitivity New-Material Stock Co Ltd Class A,51101030,특수 화학제
300332,Top Resource Energy Co Ltd Class A,52201020,건설 및 엔지니어링
300481,Puyang Huicheng Electronic Material Co Ltd Class A,51101030,특수 화학제
300662,Beijing Career International Co Ltd Class A,52203030,고용 서비스
000892,H&R Century Union Corp Class A,53302030,엔터테인먼트 제작
300345,Hunan Huamin Holdings Co Ltd Class A,57101010,반도체
301060,Shanghai Labway Clinical Laboratory Co Ltd Class A,56102010,의료 시설 및 서비스
002644,Lanzhou Foci Pharmaceutical Co Ltd Class A,56201040,제약
000802,Beijing Jingxi Culture & Tourism Co Ltd Class A,53302030,엔터테인먼트 제작
300120,Tianjin Jingwei Huikai Optoelectronic Co Ltd Class A,57104010,전자 장비 및 부품
002322,Ningbo Ligong Environment and Energy Technology Co Ltd Class A,57201020,소프트웨어
301122,Caina Technology Co Ltd Class A,56101020,"의료 장비, 물품 및 유통"
300317,Jiawei Renewable Energy Co Ltd Class A,52102030,전기 부품 및 장비
002474,Fujian Rongji Software Co Ltd Class A,57107010,통합 하드웨어 및 소프트웨어
002035,Vatti Corp Ltd Class A,53204030,"가전제품, 도구 및 가정 용품"
002930,Guangdong Great River Smarter Logistics Co Ltd Class A,52407020,항만 운영 및 서비스
300318,Beijing Bohui Innovation Biotechnology Group Co Ltd Class A,56201040,제약
300858,Beijing Scitop Bio-tech Co Ltd Class A,54102020,식품 가공
000919,Jinling Pharmaceutical Co Ltd Class A,56201040,제약
300911,Zhejiang Entive Smart Kitchen Appliance Co Ltd Class A,53204030,"가전제품, 도구 및 가정 용품"
300096,YLZ Information Technology Co Ltd Class A,57201020,소프트웨어
300504,Sichuan Tianyi Comheart Telecom Co Ltd Class A,57102010,통신 및 네트워킹
002918,Monalisa Group Co Ltd Class A,53203020,건설 자재 및 비품
301116,JiangSu YiKe Food Group Co Ltd Class A,54102020,식품 가공
300111,Zhejiang Sunflower Great Health Co Ltd Class A,56201040,제약
300044,Shenzhen Sunwin Intelligent Co Ltd Class A,57201010,IT 서비스 및 컨설팅
300887,Pony Testing International Group Co Ltd Class A,52203040,경영 지원 서비스
300639,Guangdong Hybribio Biotech Co Ltd Class A,56101020,"의료 장비, 물품 및 유통"
002758,ZJAMP Group Co Ltd Class A,51101020,농화학제
301172,Sichuan Joyou Digital Technologies Co Ltd Class A,57201010,IT 서비스 및 컨설팅
002160,Jiangsu Alcha Aluminium Group Co Ltd Class A,51201030,알루미늄
002688,Jinhe Biotechnology Co Ltd Class A,56201040,제약
000882,Beijing Hualian Department Store Co Ltd Class A,60101010,"부동산 임대, 개발 및 운영"
000655,Shandong Jinling Mining Co Ltd Class A,51201020,철 및 강철
300652,Hang Zhou Radical Energy-Saving Technology Co Ltd Class A,53101020,"자동차, 트럭 및 오토바이 부품"
300712,Fujian Yongfu Power Engineering Co Ltd Class A,52201020,건설 및 엔지니어링
001279,Anhui Strong State New Materials Co Ltd Class A,52102010,산업용 기계 및 장비
300004,Nanfang Ventilator Co Ltd Class A,52102030,전기 부품 및 장비
002991,Gan Yuan Foods Co Ltd Class A,54102020,식품 가공
301668,Beijing HCRT Electrical Equipments Co Ltd Class A,52102030,전기 부품 및 장비
002116,China Haisum Engineering Co Ltd Class A,52201020,건설 및 엔지니어링
000816,Jiangsu Nonghua Intelligent Agriculture Technology Co Ltd Class A,52102020,중장비 및 차량
301102,Mega info Media Co Ltd Class A,53302010,광고 및 마케팅
002449,Foshan Nationstar Optoelectronics Co Ltd Class A,57101010,반도체
002772,Tianshui Zhongxing Bio-technology Co Ltd Class A,54102010,어업 및 농업
301190,Jiujiang Shanshui Technology Co Ltd Class A,51101010,상품 화학
002365,Qianjiang Yongan Pharmaceutical Co Ltd Class A,56201040,제약
300466,Saimo Technology Co Ltd Class A,52102010,산업용 기계 및 장비
301002,Shenzhen Sosen Electronics Co Ltd Class A,52102030,전기 부품 및 장비
000626,Grand Industrial Holding Co Ltd Class A,52202010,다각적 산업용 제품 도매
002564,SuZhou THVOW Technology Co Ltd Class A,52102010,산업용 기계 및 장비
002362,Hanwang Technology Co Ltd Class A,57106010,컴퓨터 하드웨어
300310,Eastone Century Technology Co Ltd Class A,57401010,통합 통신 서비스
000016,Konka Group Co Ltd Class A,57106030,가정용 전자 제품
300021,Dayu Irrigation Group Co Ltd Class A,52203010,환경 서비스 및 장비
301315,Shanghai Wisdom Information Technology Co Ltd Class A,57201020,소프트웨어
301187,Suzhou Alton Electrical & Mechanical Industry Co Ltd Class A,52203010,환경 서비스 및 장비
002521,Qifeng New Material Co Ltd Class A,51301020,종이 제품
002040,Nanjing Port Co Ltd Class A,52407020,항만 운영 및 서비스
300448,Haoyun Technologies Co Ltd Class A,57107010,통합 하드웨어 및 소프트웨어
301210,Wuxi Jinyang Precision Manufacturing Co Ltd Class A,52102030,전기 부품 및 장비
300290,Bringspring Science and Technology Co Ltd Class A,57201010,IT 서비스 및 컨설팅
301016,Nanjing Railway New Technology Co Ltd Class A,52102020,중장비 및 차량
300473,Fuxin Dare Automotive Parts Co Ltd Class A,53101020,"자동차, 트럭 및 오토바이 부품"
300068,Zhejiang Narada Power Source Co Ltd Class A,52102030,전기 부품 및 장비
300200,Beijing Comens New Materials Co Ltd Class A,51101030,특수 화학제
300603,Leon Technology Co Ltd Class A,57401010,통합 통신 서비스
301077,Zhejiang Chinastars New Materials Group Co Ltd Class A,51101030,특수 화학제
002086,Shandong Oriental Ocean Sci-Tech Co Ltd Class A,54102020,식품 가공
301509,Kingchem Liaoning Life Science Co Ltd Class A,56201040,제약
300213,Beijing Jiaxun Feihong Electrical Co Ltd Class A,57102010,통신 및 네트워킹
301518,Changhua Chemical Technology Co Ltd Class A,51101030,특수 화학제
300683,Wuhan Hiteck Biological Pharma Co Ltd Class A,56201040,제약
300384,Beijing Sanlian Hope Shin-Gosen Technical Service Co Ltd Class A,52102010,산업용 기계 및 장비
002786,Shenzhen Silver Basis Technology Co Ltd Class A,52102010,산업용 기계 및 장비
000822,Shandong Haihua Co Ltd Class A,51101010,상품 화학
000889,ZJBC Information Technology Co Ltd Class A,57401010,통합 통신 서비스
001238,Zhejiang Zhengte Co Ltd Class A,53204040,가정용 가구
002088,Luyang Energy-Saving Materials Co Ltd Class A,51101030,특수 화학제
002628,Chengdu Road & Bridge Engineering Co Ltd Class A,52201020,건설 및 엔지니어링
000850,Anhui Huamao Textile Co Ltd Class A,53202010,직물 및 가죽제품
300231,Beijing Trust & Far Technology Co Ltd Class A,57201010,IT 서비스 및 컨설팅
301398,Ningbo Sinyuan ZM Technology Co Ltd Class A,53101020,"자동차, 트럭 및 오토바이 부품"
000906,Zheshang Development Group Co Ltd Class A,51201020,철 및 강철
000721,XiAn Catering Co Ltd Class A,53301020,레스토랑 및 바
002554,China Oil Hbp Science & Technology Co Ltd Class A,50103020,오일 관련 서비스 및 장비
301221,Wuhan Kotei Informatics Co Ltd Class A,57201020,소프트웨어
300830,JinXianDai Information Industry Co Ltd Class A,57201020,소프트웨어
002187,Guangzhou Grandbuy Co Ltd Class A,53402010,백화점
000797,China Wu Yi Co Ltd Class A,60101010,"부동산 임대, 개발 및 운영"
300691,Union Optech Co Ltd Class A,57106030,가정용 전자 제품
000607,Zhejiang Huamei Holding Co Ltd Class A,53302010,광고 및 마케팅
002228,Xiamen Hexing Packaging Printing Co Ltd Class A,51302020,종이 포장재
002090,Wiscom System Co Ltd Class A,57201010,IT 서비스 및 컨설팅
300299,Fuchun Technology Co Ltd Class A,57201020,소프트웨어
000659,Zhuhai Zhongfu Enterprise Co Ltd Class A,51302010,용기(종이 제외) 및 포장재
002596,Hainan RuiZe New Building Material Co Ltd Class A,51202010,건설 자재
002469,Shandong Sunway Chemical Group Co Ltd Class A,51101010,상품 화학
001269,Inner Mongolia OJing Science & Technology Co Ltd Class A,52203040,경영 지원 서비스
002962,Hubei W-OLF Photoelectric Technology Co Ltd Class A,57104010,전자 장비 및 부품
002269,Shanghai Metersbonwe Fashion&Accessories Co Ltd Class A,53202020,의류 및 액세서리
000505,Hainan Jingliang Holdings Co Ltd Class A,54102020,식품 가공
000532,Zhuhai Huajin Capital Co Ltd Class A,55102020,투자 관리 및 펀드 운영
301302,Beijing Huaru Technology Co Ltd Class A,57201010,IT 서비스 및 컨설팅
001378,Guangdong Decro Film New Materials Co Ltd Class A,51101010,상품 화학
300107,Hebei Jianxin Chemical Co Ltd Class A,51101030,특수 화학제
301383,Minami Acoustics Ltd Class A,57106030,가정용 전자 제품
002339,Integrated Electronic Systems Lab Co Ltd Class A,52102040,중전기장비
000716,Nanfang Black Sesame Group Co Ltd Class A,54102020,식품 가공
002016,Guangdong Shirongzhaoye Co Ltd Class A,60101010,"부동산 임대, 개발 및 운영"
000546,Jinyuan EP Co Ltd Class A,52203010,환경 서비스 및 장비
300916,Shenzhen Longtech Smart Control Co Ltd Class A,57104010,전자 장비 및 부품
301038,Shenzhen Water Planning & Design Institute Co Ltd Class A,52201020,건설 및 엔지니어링
301117,Jiayuan Science and Technology Co Ltd Class A,57107010,통합 하드웨어 및 소프트웨어
002305,Langold Real Estate Co Ltd Class A,60101010,"부동산 임대, 개발 및 운영"
300978,WINBO-Dongjian Automotive Technology Co Ltd Class A,53101020,"자동차, 트럭 및 오토바이 부품"
300822,Shenzhen Bestek Technology Co Ltd Class A,52102030,전기 부품 및 장비
000903,Kunming Yunnei Power Co Ltd Class A,52102010,산업용 기계 및 장비
002453,Great Chinasoft Technology Co Ltd Class A,51101010,상품 화학
301332,Guangdong Deerma Technology Co Ltd Class A,53204030,"가전제품, 도구 및 가정 용품"
301449,Shenzhen Tiansu Calibration and Testing Co Ltd Class A,52203040,경영 지원 서비스
002103,Guangbo Group Stock Co Ltd Class A,52203060,비즈니스 지원 용품
300658,Xiamen Yanjan New Material Co Ltd Class A,53202010,직물 및 가죽제품
300427,Red Phase Inc Class A,52102030,전기 부품 및 장비
002667,Willing New Energy Co Ltd Class A,51101010,상품 화학
000736,Cccg Urban Development Holding Group Co Ltd Class A,60101020,부동산 서비스
002329,Royal Group Co Ltd Class A,54102020,식품 가공
300272,Canature Health Technology Co Ltd Class A,52203010,환경 서비스 및 장비
002107,Shandong Wohua Pharmaceutical Co Ltd Class A,56201040,제약
002148,Beijing Bewinner Communications Co Ltd Class A,57401020,무선 통신 서비스
300542,Brilliance Technology Co Ltd Class A,57201010,IT 서비스 및 컨설팅
002095,Zhejiang Netsun Co Ltd Class A,57301010,핀테크
300011,Beijing Dinghan Technology Group Co Ltd Class A,52102030,전기 부품 및 장비
002868,Lifecome Biochemistry Co Ltd Class A,56201040,제약
300402,Nanjing Baose Co Ltd Class A,52102010,산업용 기계 및 장비
300190,Welle Group Co Ltd Class A,52203010,환경 서비스 및 장비
000407,Shandong Shengli Co Ltd Class A,59102010,천연가스 유틸리티
002676,Guangdong Sunwill Precising Plastic Co Ltd Class A,52102030,전기 부품 및 장비
300352,Beijing VRV Software Corp Ltd Class A,57201030,온라인 서비스
002356,Shenzhen Pengfei Green Energy Development Co Ltd Class A,53403040,의류 및 액세서리 소매
300805,Guangdong Brandmax Marketing Co Ltd Class A,53302010,광고 및 마케팅
301073,SSAW Hotels & Resorts Group Co Ltd Class A,53301010,"호텔, 모텔 및 크루즈 라인"
300439,MedicalSystem Biotechnology Co Ltd Class A,56101020,"의료 장비, 물품 및 유통"
300110,Huaren Pharmaceutical Co Ltd Class A,56201040,제약
002462,Cachet Pharmaceutical Co Ltd Class A,56201040,제약
301456,Qingdao Paguld Intelligent Manufacturing Co Ltd Class A,52102010,산업용 기계 및 장비
001390,Anhui Guqi Down & Feather Textile Inc Class A,53202010,직물 및 가죽제품
300078,Hangzhou Century Co Ltd Class A,52203070,전문 정보 서비스
301195,Nanjing Bestway Intelligent Control Technology Co Ltd Class A,57201010,IT 서비스 및 컨설팅
300690,Shandong Shuangyi Technology Co Ltd Class A,52102010,산업용 기계 및 장비
002184,Shanghai Hi-Tech Control System Co Ltd Class A,57201010,IT 서비스 및 컨설팅
000965,Tianjin Tianbao Infrastructure Co Ltd Class A,60101010,"부동산 임대, 개발 및 운영"
002296,HeNan Splendor Science & Technology Co Ltd Class A,57102010,통신 및 네트워킹
002766,Shenzhen Soling Industrial Co Ltd Class A,53101020,"자동차, 트럭 및 오토바이 부품"
301208,ChinaEtek Service & Technology Co Ltd Class A,57201010,IT 서비스 및 컨설팅
300051,Lians Technology Co Ltd Class A,57102010,통신 및 네트워킹
000926,Hubei Fuxing Science and Technology Co Ltd Class A,60101010,"부동산 임대, 개발 및 운영"
000151,China National Complete Plant Import & Export Corp Ltd Class A,52201020,건설 및 엔지니어링
300698,Wanma Technology Co Ltd Class A,57102010,통신 및 네트워킹
300511,Shanghai Xuerong Biotechnology Co Ltd Class A,54102010,어업 및 농업
000726,Lu Thai Textile Co Ltd Class A,53202010,직물 및 가죽제품
300879,Ningbo Daye Garden Machinery Co Ltd Class A,52102020,중장비 및 차량
300664,Penyao Environmental Protection Co Ltd Class A,52201020,건설 및 엔지니어링
300729,Loctek Ergonomic Technology Corp Class A,53204040,가정용 가구
300551,Shanghai Guao Electronic Technology Co Ltd Class A,57301010,핀테크
300225,Shanghai Kinlita Chemical Co.  Ltd Class A,51101010,상품 화학
300530,Hunan Lead Power Technology Group Co Ltd Class A,51101010,상품 화학
301499,Shanghai Vico Precision Mold & Plastics Co Ltd Class A,53101020,"자동차, 트럭 및 오토바이 부품"
000868,Anhui Ankai Automobile Co Ltd Class A,52102020,중장비 및 차량
300399,Jiangxi Tianli Technology Inc Class A,55301010,복합보험 및 중개인
300288,Guiyang Longmaster Information & Technology Co Ltd Class A,57201030,온라인 서비스
002374,Shandong Chiway Industry Development Co Ltd Class A,51302010,용기(종이 제외) 및 포장재
002178,Shanghai Yanhua Smartech Group Co Ltd Class A,57201010,IT 서비스 및 컨설팅
003037,Guangdong Sanhe Pile Co Ltd Class A,51202010,건설 자재
001306,Zhejiang XiaSha Precision Manufacturing Co Ltd Class A,52102010,산업용 기계 및 장비
002548,Shenzhen Kingsino Technology Co Ltd Class A,54102010,어업 및 농업
000701,Xiamen Xinde Co Ltd Class A,52202010,다각적 산업용 제품 도매
002798,DO&SHUIHUA Group Co Ltd Class A,53203020,건설 자재 및 비품
000514,Chongqing yukaifa Co Ltd Class A,60101010,"부동산 임대, 개발 및 운영"
300132,FuJian Nox Bellcow Holdings Co.  Ltd. Class A,54201020,개인 생활 필수 용품
002037,Poly Union Chemical Holding Group Co Ltd Class A,52201020,건설 및 엔지니어링
002879,Chang Lan Technology Group Co Ltd Class A,57104010,전자 장비 및 부품
002912,Shenzhen Sinovatio Technology Co Ltd Class A,57201010,IT 서비스 및 컨설팅
002055,Shenzhen Deren Electronic Co Ltd Class A,52102030,전기 부품 및 장비
301046,Shanghai Nenghui Technology Co Ltd Class A,52201020,건설 및 엔지니어링
300250,Hangzhou CNCR-IT Co Ltd Class A,57201010,IT 서비스 및 컨설팅
002575,Guangdong Qunxing Toys Joint Stock Co Ltd Class A,60101020,부동산 서비스
002369,Shenzhen Zowee Technology Co Ltd Class A,57102010,통신 및 네트워킹
002646,Qinghai Huzhu TianYouDe Highland Barley Spirit Co Ltd Class A,54101020,증류주 및 포도주
000710,Berry Genomics Co Ltd Class A,56101020,"의료 장비, 물품 및 유통"
300160,Jiangsu Xiuqiang Glasswork Co Ltd Class A,51101010,상품 화학
300829,Henan Jindan Lactic Acid Technology Co Ltd Class A,51101030,특수 화학제
002109,Shaanxi Xinghua Chemistry Co Ltd Class A,51101010,상품 화학
002932,Wuhan Easy Diagnosis Biomedicine Co Ltd Class A,56101020,"의료 장비, 물품 및 유통"
300314,Ningbo David Medical Device Co Ltd Class A,56101020,"의료 장비, 물품 및 유통"
300056,Xiamen Zhongchuang Environmental Technology Co Ltd Class A,52203010,환경 서비스 및 장비
301575,Jiangxi Avonflow HVAC Tech Co Ltd Class A,53203020,건설 자재 및 비품
002403,Aishida Co Ltd Class A,53204030,"가전제품, 도구 및 가정 용품"
002878,Beijing Yuanlong Yato Culture Dissemination Co Ltd Class A,53302010,광고 및 마케팅
300673,Petpal Pet Nutrition Technology Co Ltd Class A,54102020,식품 가공
003002,Shanxi Huhua Group Co Ltd Class A,51101010,상품 화학
003029,Jilin University Zhengyuan Information Technologies Co Ltd Class A,57201010,IT 서비스 및 컨설팅
301311,KSEC Intelligent Technology Co Ltd Class A,52102010,산업용 기계 및 장비
301089,Tuoxin Pharmaceutical Group Co Ltd Class A,56201040,제약
002094,Qingdao Kingking Applied Chemistry Co Ltd Class A,54201010,가정용 제품
003028,Genbyte Technology Inc Class A,52102030,전기 부품 및 장비
301042,Zhuhai Raysharp Technology Co Ltd Class A,57102010,통신 및 네트워킹
000789,Jiangxi Wannianqing Cement Co Ltd Class A,51202010,건설 자재
002672,Dongjiang Environmental Co Ltd Class A,52203010,환경 서비스 및 장비
300289,Beijing Leadman Biochemistry Co Ltd Class A,56101020,"의료 장비, 물품 및 유통"
301633,Wuhan Guide Technology Co Ltd Class A,52102030,전기 부품 및 장비
300094,Zhanjiang Guolian Aquatic Products Co Ltd Class A,54102020,식품 가공
000488,Shandong Chenming Paper Holdings Ltd Class A,51301020,종이 제품
301399,Zhejiang Extek Technology Co Ltd Class A,52102030,전기 부품 및 장비
300238,Guanhao Biotech Co Ltd Class A,56101020,"의료 장비, 물품 및 유통"
002355,Xingmin Intelligent Transportation Systems (Group) Co Ltd Class A,53101020,"자동차, 트럭 및 오토바이 부품"
002224,Sanlux Co Ltd Class A,53101030,타이어 및 고무 제품
300982,Suwen Electric Energy Technology Co Ltd Class A,52201020,건설 및 엔지니어링
000838,CASIN Real Estate Development Group Co Ltd Class A,60101010,"부동산 임대, 개발 및 운영"
000731,Sichuan Meifeng Chemical Industry Co Ltd Class A,51101020,농화학제
002313,Sunsea AIoT Technology Co Ltd Class A,57102010,통신 및 네트워킹
002175,Guangxi Oriental Intelligent Manufacturing Technology Co Ltd Class A,52102010,산업용 기계 및 장비
002021,Zoje Resources Investment Co Ltd Class A,52102010,산업용 기계 및 장비
000931,Beijing Centergate Technologies Holding Co Ltd Class A,56201040,제약
003005,Beijing Jingyeda Technology Co Ltd Class A,57201010,IT 서비스 및 컨설팅
002425,Kaiser (China) Culture Co Ltd Class A,57201020,소프트웨어
300157,New JCM Group Co Ltd Class A,50103020,오일 관련 서비스 및 장비
301255,Zhejiang TongLi Transmission Technology Co Ltd Class A,52102010,산업용 기계 및 장비
301220,Kunshan Asia Aroma Corp Ltd Class A,54102020,식품 가공
002623,Changzhou Almaden Co Ltd Class A,50201010,재생 가능 에너지 장비 및 서비스
301129,Runa Smart Equipment Co Ltd Class A,52102010,산업용 기계 및 장비
300945,Mclon Jewellery Co Ltd Class A,53403040,의류 및 액세서리 소매
002496,Jiangsu Huifeng Bio Agriculture Co Ltd Class A,51101020,농화학제
001215,Zhengzhou Qianweiyangchu Food Co Ltd Class A,54102020,식품 가공
000576,Guangdong Ganhua Science & Industry Co Ltd Class A,52101010,항공우주 및 방위
300940,Shen Zhen Australis Electronic Technology Co Ltd Class A,57104010,전자 장비 및 부품
300187,Yonker Environmental Protection Co Ltd Class A,52203010,환경 서비스 및 장비
002542,China Zhonghua Geotechnical Engineering Group Co Ltd Class A,52201020,건설 및 엔지니어링
002278,Shanghai SK Petroleum & Chemical Equipment Corp Ltd Class A,50103020,오일 관련 서비스 및 장비
003001,Zhongyan Technology Co Ltd Class A,52201020,건설 및 엔지니어링
002282,BOSUN Co Ltd Class A,52102010,산업용 기계 및 장비
301266,Suzhou YourBest New-type Materials Co Ltd Class A,50201010,재생 가능 에너지 장비 및 서비스
002614,Xiamen Comfort Science & Technology Group Co Ltd Class A,53204030,"가전제품, 도구 및 가정 용품"
300366,Troy Information Technology Co Ltd Class A,57201010,IT 서비스 및 컨설팅
002908,Guangdong Tecsun Science & Technology Co Ltd Class A,57201020,소프트웨어
300266,Xingyuan Environment Technology Co Ltd Class A,52102010,산업용 기계 및 장비
300333,Sinosun Technology Co Ltd Class A,57201010,IT 서비스 및 컨설팅
002172,Jiangsu Aoyang Health Industry Co Ltd Class A,56102010,의료 시설 및 서비스
300247,Youngy Health Co Ltd Class A,56101020,"의료 장비, 물품 및 유통"
002168,Chongqing Hifuture Information Technology Co Ltd Class A,52102030,전기 부품 및 장비
001201,Dongrui Food Group Co Ltd Class A,54102010,어업 및 농업
300411,Zhejiang Jindun Fans Co Ltd Class A,52102010,산업용 기계 및 장비
300904,Yinchuan Weili Transmission Technology Co Ltd Class A,52102010,산업용 기계 및 장비
300546,Shenzhen Emperor Technology Co Ltd Class A,52102010,산업용 기계 및 장비
300032,Jinlong Machinery & Electronic Co Ltd Class A,57104010,전자 장비 및 부품
300941,Chase Science Co Ltd Class A,57107010,통합 하드웨어 및 소프트웨어
002547,Suzhou Chunxing Precision Mechanical Co Ltd Class A,53101020,"자동차, 트럭 및 오토바이 부품"
300329,Hailun Piano Co Ltd Class A,53205020,오락용 제품
002259,Sichuan Shengda Forestry Industry Co Ltd Class A,59102010,천연가스 유틸리티
300636,Jiangxi Synergy Pharmaceutical Co Ltd Class A,56201040,제약
000068,Shenzhen Huakong Seg Co Ltd Class A,51202010,건설 자재
300148,Tangel Culture Co Ltd Class A,53302040,소비자 출판
000910,Dare Power Dekor Home Co Ltd Class A,51301010,임업 및 목재 제품
300477,Hezong Science&Technology Co Ltd Class A,52102030,전기 부품 및 장비
300512,Hangzhou Zhongya Machinery Co Ltd Class A,52102010,산업용 기계 및 장비
300237,Shandong Meichen Technology Group Co Ltd Class A,53101020,"자동차, 트럭 및 오토바이 부품"
002022,Shanghai Kehua Bio-Engineering Co Ltd Class A,56101020,"의료 장비, 물품 및 유통"
300423,Sunfly Intelligent Technology Co Ltd Class A,52102030,전기 부품 및 장비
300365,Beijing Forever Technology Co Ltd Class A,57201010,IT 서비스 및 컨설팅
000897,Tianjin Jinbin Development Co Ltd Class A,60101010,"부동산 임대, 개발 및 운영"
300052,Shenzhen Zqgame Co Ltd Class A,57201010,IT 서비스 및 컨설팅
300175,Lontrue Co Ltd Class A,54102020,식품 가공
002726,Shandong Longda Meishi Co Ltd Class A,54102020,식품 가공
002663,Pubang Landscape Architecture Co Ltd Class A,52201020,건설 및 엔지니어링
001228,Yongtaiyun Chemical Logistics Co Ltd Class A,52405020,해양 화물 및 물류
002702,HaiXin Foods Co Ltd Class A,54102020,식품 가공
300510,Jilin Jinguan Electric Co Ltd Class A,52102040,중전기장비
300810,Beijing Zhongkehaixun Digital S&T Co Ltd Class A,52101010,항공우주 및 방위
300891,Guangdong Huiyun Titanium Industry Co Ltd Class A,51101010,상품 화학
300020,Enjoyor Technology Co Ltd Class A,57201010,IT 서비스 및 컨설팅
001239,Xiangtan Yongda Machinery Manufacturing Co Ltd Class A,52102010,산업용 기계 및 장비
002722,Wuchan Zhongda Geron Co Ltd Class A,51201020,철 및 강철
300771,Shenzhen Zhilai Sci and Tech Co Ltd Class A,52102010,산업용 기계 및 장비
002398,Lets Holding Group Co Ltd Class A,51202010,건설 자재
002869,Shenzhen Genvict Technologies Co Ltd Class A,57107010,통합 하드웨어 및 소프트웨어
300484,ShenZhen V&T Technologies Co Ltd Class A,52102030,전기 부품 및 장비
002561,Shanghai Xujiahui Commercial Co Ltd Class A,53402010,백화점
002659,Beijing Kaiwen Education Technology Co Ltd Class A,63101010,기타 교육 서비스 제공
301173,Shanghai Mobitech Technology Co Ltd Class A,53101020,"자동차, 트럭 및 오토바이 부품"
300942,Shenzhen Bioeasy Biotechnology Co Ltd Class A,56101020,"의료 장비, 물품 및 유통"
300359,Qtone Education Group Guangdong Co Ltd Class A,57201020,소프트웨어
002476,Shandong Newleaf Chemical Co Ltd Class A,51101030,특수 화학제
002323,Shandong Yabo Technology Co Ltd Class A,52201020,건설 및 엔지니어링
301103,Liaoning He Eye Hospital Group Co Ltd Class A,56102010,의료 시설 및 서비스
002551,Shenzhen Glory Medical Co Ltd Class A,56101020,"의료 장비, 물품 및 유통"
301418,Jiangsu Xiechang Electronic Technology Group Co Ltd Class A,57104010,전자 장비 및 부품
300653,Yantai Zhenghai Bio-Tech Co Ltd Class A,56101020,"의료 장비, 물품 및 유통"
301296,Shandong Newjf Technology Packaging Co Ltd Class A,51302020,종이 포장재
002234,Shandong Minhe Animal Husbandry Co Ltd Class A,54102020,식품 가공
300575,Jiangsu Flag Chemical Industry Co Ltd Class A,51101020,농화학제
300659,Zhongfu Information Inc Class A,57201020,소프트웨어
300025,Hangzhou Huaxing Chuangye Communication Technology Co Ltd Class A,57401020,무선 통신 서비스
003038,Anhui Xinbo Aluminum Co Ltd Class A,51201030,알루미늄
002769,Guangdong Prolto Supply Chain Management Co Ltd Class A,52203040,경영 지원 서비스
300269,Shenzhen Liantronics Co Ltd Class A,57104010,전자 장비 및 부품
300097,Dalian Zhiyun Automation Co Ltd Class A,52102010,산업용 기계 및 장비
002581,Shandong Sinobioway Biomedicine Co Ltd Class A,56201040,제약
000669,Jinhong Holding Group Co Ltd Class A,50103030,오일 및 가스 수송 서비스
000826,Tus Environmental Science and Technology Development Co Ltd Class A,52203010,환경 서비스 및 장비
300335,Guangzhou Devotion Thermal Technology Co Ltd Class A,52203010,환경 서비스 및 장비
002729,Hollyland China Electronics Technology Corp Ltd Class A,52102030,전기 부품 및 장비
300334,Tianjin MOTIMO Membrane Technology Group Co Ltd Class A,52203010,환경 서비스 및 장비
002977,Chengdu Tianjian Technology Co Ltd Class A,52101010,항공우주 및 방위
000635,Ningxia Younglight Chemicals Co Ltd Class A,51101010,상품 화학
002661,Chen Ke Ming Food Manufacturing Co Ltd Class A,54102020,식품 가공
002982,Hunan Xiangjia Animal Husbandry Co Ltd Class A,54102020,식품 가공
300150,Beijing Century Real Technology Co Ltd Class A,57102010,통신 및 네트워킹
300422,Guangxi Bossco Environmental Protection Technology Co Ltd Class A,59103010,수자원 유틸리티
002855,Dongguan Chitwing Technology Co Ltd Class A,57104010,전자 장비 및 부품
002343,Ciwen Media Co Ltd Class A,53302030,엔터테인먼트 제작
301278,QC Solar Corp Class A,50201010,재생 가능 에너지 장비 및 서비스
300703,Cre8 Direct Ningbo Co Ltd Class A,52203060,비즈니스 지원 용품
002431,Palm Eco-Town Development Co Ltd Class A,52201020,건설 및 엔지니어링
300565,Shenzhen Kexin Communication Technologies Co Ltd Class A,57102010,통신 및 네트워킹
301052,Goldmye Inc Class A,53302040,소비자 출판
002574,Zhejiang Ming Jewelry Co Ltd Class A,53202020,의류 및 액세서리
300155,Guangdong Anjubao Digital Technology Co Ltd Class A,57102010,통신 및 네트워킹
300616,Guangzhou Shangpin Home Collection Co Ltd Class A,53204040,가정용 가구
300796,Bsm Chemical Co Ltd Class A,51101020,농화학제
000055,China Fangda Group Co Ltd Class A,53203020,건설 자재 및 비품
301152,Tianli Lithium Energy Group Co Ltd Class A,51101030,특수 화학제
002114,Yunnan Luoping Zinc & Electricity Co Ltd Class A,51201050,특수 채굴 및 금속
300340,Jiangmen Kanhoo Industry Co Ltd Class A,51101010,상품 화학
300295,Everyday Network Co Ltd Class A,57201030,온라인 서비스
002253,Wisesoft Co Ltd Class A,57201020,소프트웨어
300205,Wuhan Tianyu Information Industry Co Ltd Class A,57101010,반도체
002656,Modern Avenue Group Co Ltd Class A,53202020,의류 및 액세서리
002622,Whole Shine Medical Technology Co Ltd Class A,56102010,의료 시설 및 서비스
000605,Bohai Water Industry Co Ltd Class A,59103010,수자원 유틸리티
300074,AVCON Information Technology Co Ltd Class A,57201010,IT 서비스 및 컨설팅
002802,Wuxi Honghui New Materials Technology Co Ltd Class A,51101030,특수 화학제
002630,China Western Power Industrial Co Ltd Class A,52201020,건설 및 엔지니어링
300396,Dirui Industrial Co Ltd Class A,56101020,"의료 장비, 물품 및 유통"
301372,Beijing Sys Science & Technology Co Ltd Class A,59103010,수자원 유틸리티
002247,Zhejiang Juli Culture Development Co Ltd Class A,53204040,가정용 가구
002620,Shenzhen Ruihe Construction Decoration Co Ltd Class A,53403020,주택 개조 제품 및 서비스 소매
301519,An Hui Shun Yu Water Co Ltd Class A,52102010,산업용 기계 및 장비
002717,LingNan Eco & Culture-Tourism Co Ltd Class A,52201020,건설 및 엔지니어링
002910,Lanzhou Zhuangyuan Pasture Co Ltd Class A,54102020,식품 가공
300081,Hengxin Shambala Culture Co Ltd Class A,57201020,소프트웨어
000010,Shenzhen Ecobeauty Co Ltd Class A,52201020,건설 및 엔지니어링
000856,Tangshan Jidong Equipment and Engineering Co Ltd Class A,52102010,산업용 기계 및 장비
000639,Xiwang Foodstuffs Co Ltd Class A,54102020,식품 가공
002494,Huasi Holding Co Ltd Class A,53202020,의류 및 액세서리
300245,Shanghai DragonNet Technology Co Ltd Class A,57201010,IT 서비스 및 컨설팅
301030,Suzhou Shijing Environmental Technology Co Ltd Class A,52203010,환경 서비스 및 장비
002227,Autosun Electric SZ Inc Class A,52102030,전기 부품 및 장비
002514,Jiangsu Boamax Technologies Group Co Ltd Class A,52102010,산업용 기계 및 장비
300430,Beijing Chieftain Control Technology Group Co Ltd Class A,52102010,산업용 기계 및 장비
300152,Xiong an New Power Technology Co Ltd Class A,52203010,환경 서비스 및 장비
