Symbol,Name,IndustryCode,Industry
601288,Agricultural Bank of China Ltd Class A,55101010,은행
601398,Industrial and Commercial Bank of China Ltd Class A,55101010,은행
601857,PetroChina Co Ltd Class A,50102010,통합 오일 및 가스
600519,Kweichow Moutai Co.  Ltd. Class A,54101020,증류주 및 포도주
601988,Bank of China Ltd Class A,55101010,은행
601138,Foxconn Industrial Internet Co Ltd Class A,57102010,통신 및 네트워킹
601088,China Shenhua Energy Co Ltd Class A,50101010,석탄
600036,China Merchants Bank Co Ltd Class A,55101010,은행
601628,China Life Insurance Co Ltd Class A,55301030,생명 및 건강 보험
688256,Cambricon Technologies Corp Ltd Class A,57101010,반도체
600900,China Yangtze Power Co Ltd Class A,59101010,전력 유틸리티
688041,Hygon Information Technology Co Ltd Class A,57101010,반도체
601899,Zijin Mining Group Co Ltd Class A,51201060,금
601318,Ping An Insurance (Group) Company of China  Ltd. Class A,55301030,생명 및 건강 보험
601728,China Telecom Corp Ltd Class A,57401010,통합 통신 서비스
601658,Postal Savings Bank of China Co Ltd Class A,55101010,은행
600028,China Petroleum and Chemical Corporation Class A,50102030,"오일, 가스 정제 및 마케팅"
603259,WuXi AppTec Co.  Ltd. Class A,56202010,생명 공학 및 의학 연구
601166,Industrial Bank Co Ltd Class A,55101010,은행
601328,Bank of Communications Co Ltd Class A,55101010,은행
688012,Advanced Micro-Fabrication Equipment Inc China Class A,57101020,반도체 장비 및 테스트
600183,Shengyi Technology Co Ltd Class A,57104010,전자 장비 및 부품
600276,Jiangsu Hengrui Pharmaceuticals Co Ltd Class A,56201040,제약
600030,CITIC Securities Company Limited Class A,55102010,투자 은행 및 중개 서비스
688981,Semiconductor Manufacturing International Corp Class A,57101010,반도체
603993,CMOC Group Limited Class A,51201050,특수 채굴 및 금속
601998,China Citic Bank Corp Ltd Class A,55101010,은행
600000,Shanghai Pudong Development Bank Co.  Ltd. Class A,55101010,은행
603986,GigaDevice Semiconductor Inc Class A,57101010,반도체
601211,Guotai Haitong Securities Co Ltd Class A,55102010,투자 은행 및 중개 서비스
600150,China CSSC Holdings Ltd Class A,52102050,조선
601319,People's Insurance Company Group of China Ltd Class A,55301020,손해보험
601816,Beijing-Shanghai High Speed Railway Co Ltd Class A,52407030,고속도로 및 철도
601225,Shaanxi Coal Industry Co Ltd Class A,50101010,석탄
688008,Montage Technology Co.  Ltd. Class A,57101010,반도체
600309,Wanhua Chemical Group Co Ltd Class A,51101010,상품 화학
601939,China Construction Bank Corp Class A,55101010,은행
600919,Bank of Jiangsu Co Ltd Class A,55101010,은행
601601,China Pacific Insurance (Group) Co.  Ltd. Class A,55301030,생명 및 건강 보험
603288,Foshan Haitian Flavouring and Food Co Ltd Class A,54102020,식품 가공
688072,Piotech Inc Class A,57101020,반도체 장비 및 테스트
601919,COSCO Shipping Holdings Co Ltd Class A,52405020,해양 화물 및 물류
600406,NARI Technology Co Ltd Class A,57201010,IT 서비스 및 컨설팅
688498,Yuanjie Semiconductor Technology Co Ltd Class A,57101010,반도체
601668,China State Construction Engineering Corp Ltd Class A,52201020,건설 및 엔지니어링
601985,China National Nuclear Power Co Ltd Class A,59101020,민자 발전 사업
600025,Huaneng Lancang River Hydropower Inc Class A,59101020,민자 발전 사업
603268,Guangdong Songfa Ceramics Co Ltd Class A,52102050,조선
601066,China Securities Co Ltd Class A,55102010,투자 은행 및 중개 서비스
600176,China Jushi Co Ltd Class A,51202010,건설 자재
600989,Ningxia Baofeng Energy Group Co Ltd Class A,51101010,상품 화학
688702,Suzhou Centec Communications Co Ltd Class A,57101010,반도체
600887,Inner Mongolia Yili Industrial Group Co.  Ltd. Class A,54102020,식품 가공
600031,Sany Heavy Industry Co Ltd Class A,52102020,중장비 및 차량
688146,Peric Special Gases Co Ltd Class A,51101010,상품 화학
600809,Shanxi Xinghuacun Fen Wine Factory Co Ltd Class A,54101020,증류주 및 포도주
600111,China Northern Rare Earth (Group) High-Tech Co Ltd Class A,51201010,금 제외 귀금속 및 광물
688082,ACM Research (Shanghai) Inc Class A,57101020,반도체 장비 및 테스트
601766,Crrc Corp Ltd Class A,52102020,중장비 및 차량
600487,Hengtong Optic-Electric Co Ltd Class A,57102010,통신 및 네트워킹
601688,Huatai Securities Co.  Ltd. Class A,55102010,투자 은행 및 중개 서비스
601100,Jiangsu Hengli Hydraulic Co.  Ltd. Class A,52102010,산업용 기계 및 장비
601818,China Everbright Bank Co Ltd Class A,55101010,은행
600584,JCET Group Co Ltd Class A,57101010,반도체
601009,Bank of Nanjing Co Ltd Class A,55101010,은행
601872,China Merchants Energy Shipping Co Ltd Class A,52405020,해양 화물 및 물류
603256,Grace Fabric Technology Co Ltd Class A,57104010,전자 장비 및 부품
601869,Yangtze Optical Fibre and Cable Joint Stock Ltd Co Class A,57102010,통신 및 네트워킹
600690,Haier Smart Home Co Ltd Class A,53204030,"가전제품, 도구 및 가정 용품"
600999,China Merchants Securities Co Ltd Class A,55102010,투자 은행 및 중개 서비스
600050,China United Network Communications Ltd Class A,57401010,통합 통신 서비스
601229,Bank of Shanghai Co Ltd Class A,55101010,은행
603019,Dawning Information Industry Co Ltd Class A,57106010,컴퓨터 하드웨어
688120,Hwatsing Technology Co Ltd Class A,57101020,반도체 장비 및 테스트
600188,Yankuang Energy Group Company Limited Class A,50101010,석탄
688506,Sichuan Biokin Pharmaceutical Co.  Ltd. Class A,56201040,제약
601898,China Coal Energy Co Ltd Class A,50101010,석탄
600760,Avic Shenyang Aircraft Co Ltd Class A,52101010,항공우주 및 방위
601600,Aluminum Corporation of China Ltd Class A,51201030,알루미늄
600019,Baoshan Iron & Steel Co Ltd Class A,51201020,철 및 강철
600016,China Minsheng Banking Corp Ltd Class A,55101010,은행
603296,Huaqin Co. Ltd. Class A,57106010,컴퓨터 하드웨어
601336,New China Life Insurance Co Ltd Class A,55301030,생명 및 건강 보험
600346,Hengli Petrochemical Co Ltd Class A,51101010,상품 화학
600018,Shanghai International Port (Group) Co.  Ltd. Class A,52407020,항만 운영 및 서비스
688361,Skyverse Technology Co Ltd Class A,52102010,산업용 기계 및 장비
688111,Beijing Kingsoft Office Software  Inc. Class A,57201020,소프트웨어
600489,Zhongjin Gold Corp Ltd Class A,51201060,금
600926,Bank of Hangzhou Co Ltd Class A,55101010,은행
600104,SAIC Motor Corp Ltd Class A,53101010,자동차 및 트럭 제조
605117,Ningbo Deye Technology Corp Class A,50201010,재생 가능 에너지 장비 및 서비스
688347,Hua Hong Grace Semiconductor Ltd Class A,57101010,반도체
600522,Jiangsu Zhongtian Technology Co Ltd Class A,57102010,통신 및 네트워킹
600886,SDIC Power Holdings Co Ltd Class A,59101020,민자 발전 사업
600160,Zhejiang Juhua Co Ltd Class A,51101010,상품 화학
601698,China Satellite Communications Co Ltd Class A,57401020,무선 통신 서비스
688525,Biwin Storage Technology Co Ltd Class A,57101010,반도체
600660,Fuyao Glass Industry Group Co Ltd Class A,53101020,"자동차, 트럭 및 오토바이 부품"
603501,OmniVision Integrated Circuits Group Inc Class A,57101010,반도체
688521,VeriSilicon Microelectronics (Shanghai) Co.  Ltd. Class A,57101010,반도체
600905,China Three Gorges Renewables Group Co Ltd Class A,59101010,전력 유틸리티
601888,China Tourism Group Duty Free Corp Ltd Class A,52407010,공항 운영 및 서비스
600547,Shandong Gold Mining Co Ltd Class A,51201060,금
600089,Tbea Co Ltd Class A,52102040,중전기장비
600015,Hua Xia Bank Co Ltd Class A,55101010,은행
601169,Bank of Beijing Co Ltd Class A,55101010,은행
600673,Guangdong HEC Technology Holding Co Ltd Class A,51201030,알루미늄
601995,China International Capital Corporation Limited Class A,55102010,투자 은행 및 중개 서비스
600010,Inner Mongolia BaoTou Steel Union Co Ltd Class A,51201020,철 및 강철
600938,CNOOC Ltd Class A,50102010,통합 오일 및 가스
603228,Shenzhen Kinwong Electronic Co Ltd Class A,57101010,반도체
601633,Great Wall Motor Co Ltd Class A,53101010,자동차 및 트럭 제조
600893,AECC Aviation Power Co Ltd Class A,52101010,항공우주 및 방위
601012,LONGi Green Energy Technology Co.  Ltd. Class A,50201010,재생 가능 에너지 장비 및 서비스
601006,Daqin Railway Co Ltd Class A,52405030,지상 화물 및 물류
601111,Air China Limited Class A,52406010,항공사
600362,Jiangxi Copper Co Ltd Class A,51201050,특수 채굴 및 금속
688183,Shengyi Electronics Co Ltd Class A,57101010,반도체
601127,Seres Group Co.  Ltd. Class A,53101010,자동차 및 트럭 제조
601168,Western Mining Co Ltd Class A,51201050,특수 채굴 및 금속
600795,Gd Power Development Co Ltd Class A,59101010,전력 유틸리티
688271,Shanghai United Imaging Healthcare Co.  Ltd. Class A,56101010,첨단 의료 장비 및 기술
601881,China Galaxy Securities Co Ltd Class A,55102010,투자 은행 및 중개 서비스
601390,China Railway Group Ltd Class A,52201020,건설 및 엔지니어링
601868,China Energy Engineering Corp Ltd Class A,52201020,건설 및 엔지니어링
603893,Rockchip Electronics Co Ltd Class A,57101010,반도체
600549,Xiamen Tungsten Co Ltd Class A,51201050,특수 채굴 및 금속
600941,China Mobile Ltd Class A,57401010,통합 통신 서비스
601689,Ningbo Tuopu Group Co Ltd Class A,53101020,"자동차, 트럭 및 오토바이 부품"
601991,Datang International Power Generation Co Ltd Class A,59101020,민자 발전 사업
601727,Shanghai Electric Group Co Ltd Class A,52102040,중전기장비
605499,Eastroc Beverage (Group) Co Ltd Class A,54101030,무알콜 음료
688126,National Silicon Industry Group Co Ltd Class A,57101010,반도체
688200,Beijing Huafeng Test & Control Technology Co Ltd Class A,57101020,반도체 장비 및 테스트
600875,Dongfang Electric Corp Ltd Class A,50201010,재생 가능 에너지 장비 및 서비스
600236,Guangxi Guiguan Electric Power Co Ltd Class A,59101010,전력 유틸리티
601825,Shanghai Rural Commercial Bank Co Ltd Class A,55101010,은행
601669,Power Construction Corporation of China Ltd Class A,52201020,건설 및 엔지니어링
600436,Zhangzhou Pientzehuang Pharmaceutical Co Ltd Class A,56201040,제약
688172,Beijing YanDong Micro Electronic Co Ltd Class A,57101010,반도체
603799,Zhejiang Huayou Cobalt Co Ltd Class A,51201050,특수 채굴 및 금속
688396,China Resources Microelectronics Ltd Class A,57101010,반도체
688249,Nexchip Semiconductor Corp Class A,57101010,반도체
600118,China Spacesat Co Ltd Class A,52101010,항공우주 및 방위
688469,United Nova Technology Co Ltd Class A,57101010,반도체
688002,Raytron Technology Co Ltd Class A,57101010,반도체
601838,Bank of Chengdu Co Ltd Class A,55101010,은행
688777,SUPCON Technology Co Ltd Class A,52102010,산업용 기계 및 장비
600011,Huaneng Power International Inc Class A,59101020,민자 발전 사업
600674,Sichuan Chuantou Energy Co Ltd Class A,59101010,전력 유틸리티
603195,Goneo Group Co Ltd Class A,52102030,전기 부품 및 장비
600039,Sichuan Road & Bridge Group Co Ltd Class A,52201020,건설 및 엔지니어링
601958,Jinduicheng Molybdenum Co Ltd Class A,51201050,특수 채굴 및 금속
600482,China Shipbuilding Industry Group Power Co Ltd Class A,52102040,중전기장비
601179,China XD Electric Co Ltd Class A,52102040,중전기장비
601800,China Communications Construction Co Ltd Class A,52201020,건설 및 엔지니어링
600026,COSCO Shipping Energy Transportation Co Ltd Class A,50103030,오일 및 가스 수송 서비스
601186,China Railway Construction Corp Ltd Class A,52201020,건설 및 엔지니어링
600585,Anhui Conch Cement Company Limited Class A,51202010,건설 자재
688629,Sichuan Huafeng Technology Co Ltd Class A,57104010,전자 장비 및 부품
600958,Orient Securities Company Limited Class A,55102010,투자 은행 및 중개 서비스
600029,China Southern Airlines Co Ltd Class A,52406010,항공사
688585,Swancor Advanced Materials Co Ltd Class A,51101010,상품 화학
600703,Sanan Optoelectronics Co Ltd Class A,57101010,반도체
688519,Nanya New Material Technology Co Ltd Class A,57104010,전자 장비 및 부품
688037,Kingsemi Co Ltd Class A,57101020,반도체 장비 및 테스트
600023,Zhejiang Zheneng Electric Power Co Ltd Class A,59101020,민자 발전 사업
601360,360 Security Technology Inc Class A,57201030,온라인 서비스
601231,Universal Scientific Industrial (Shanghai) Co Ltd Class A,57104010,전자 장비 및 부품
601018,Ningbo Zhoushan Port Co Ltd Class A,52407020,항만 운영 및 서비스
600066,Yutong Bus Co Ltd Class A,52102020,중장비 및 차량
600988,Chifeng Jilong Gold Mining Group Ltd Class A,51201060,금
688409,Shenyang Fortune Precision Equipment Co Ltd Class A,57101020,반도체 장비 및 테스트
600048,Poly Developments and Holdings Group Co Ltd Class A,60101010,"부동산 임대, 개발 및 운영"
600415,Zhejiang China Commodities City Group Co Ltd Class A,53402010,백화점
688017,Leader Harmonious Drive Systems Co Ltd Class A,52102010,산업용 기계 및 장비
600233,YTO Express Group Co Ltd Class A,52405010,"배달, 우편, 항공 화물 및 육상 물류"
603156,Hebei Yangyuan ZhiHui Beverage Co Ltd Class A,54102020,식품 가공
688036,SHENZHEN TRANSSION HOLDINGS CO.  LTD. Class A,57106020,전화 및 소형 장치
688313,Henan Shijia Photons Technology Co Ltd Class A,57101010,반도체
601916,China Zheshang Bank Co Ltd Class A,55101010,은행
600378,Haohua Chemical Science & Technology Corp Ltd Class A,51101010,상품 화학
688141,JoulWatt Technology Co Ltd Class A,57101010,반도체
600115,China Eastern Airlines Corp Ltd Class A,52406010,항공사
600292,SPIC Hydropower Co Ltd Class A,59101020,민자 발전 사업
600105,Jiangsu Etern Co Ltd Class A,52102030,전기 부품 및 장비
600009,Shanghai International Airport Co Ltd Class A,52407010,공항 운영 및 서비스
600438,Tongwei Co Ltd Class A,50201010,재생 가능 에너지 장비 및 서비스
601788,Everbright Securities Co Ltd Class A,55102010,투자 은행 및 중개 서비스
601077,Chongqing Rural Commercial Bank Co Ltd Class A,55101010,은행
601901,Founder Securities Co Ltd Class A,55102010,투자 은행 및 중개 서비스
600426,Shandong Hualu-Hengsheng Chemical Co Ltd Class A,51101010,상품 화학
688766,Puya Semiconductor (Shanghai) Co Ltd Class A,57101010,반도체
600221,Hainan Airlines Holding Co Ltd Class A,52406010,항공사
601061,CITIC Metal Co Ltd Class A,51201020,철 및 강철
600885,Hongfa Technology Co Ltd Class A,57104010,전자 장비 및 부품
600418,Anhui Jianghuai Automobile Group Corp Ltd Class A,53101010,자동차 및 트럭 제조
688019,Anji Microelectronics Technology (Shanghai) Co.  Ltd. Class A,57101010,반도체
688630,Circuit Fabology Microelectronics Equipment Co Ltd Class A,57101020,반도체 장비 및 테스트
688775,Arashi Vision Inc. Class A,57106030,가정용 전자 제품
600580,Wolong Electric Group Co Ltd Class A,52102030,전기 부품 및 장비
601059,Cinda Securities Co Ltd Class A,55102010,투자 은행 및 중개 서비스
601877,Zhejiang Chint Electrics Co Ltd Class A,52102030,전기 부품 및 장비
600219,Shandong Nanshan Aluminium Co Ltd Class A,51201030,알루미늄
600372,AVIC Airborne Systems Co Ltd Class A,52101010,항공우주 및 방위
601233,Tongkun Group Co.  Ltd. Class A,51101030,특수 화학제
600601,Founder Technology Group Co Ltd Class A,57101010,반도체
600460,Hangzhou Silan Microelectronics Co Ltd Class A,57101010,반도체
688578,Shanghai Allist Pharmaceuticals Co Ltd Class A,56202010,생명 공학 및 의학 연구
600803,ENN Natural Gas Co Ltd Class A,59102010,천연가스 유틸리티
688147,Jiangsu Leadmicro Nano Technology Co Ltd Class A,57101020,반도체 장비 및 테스트
600350,Shandong Hi-speed Co Ltd Class A,52407030,고속도로 및 철도
600498,Fiberhome Telecommunication Technologies Co Ltd Class A,57102010,통신 및 네트워킹
688048,Suzhou Everbright Photonics Co Ltd Class A,57101010,반도체
600096,Yunnan Yuntianhua Co Ltd Class A,51101020,농화학제
600879,China Aerospace Times Electronics Co Ltd Class A,52101010,항공우주 및 방위
600196,Shanghai Fosun Pharmaceutical Group Co Ltd Class A,56201040,제약
603659,Shanghai Putailai New Energy Technology Group Co Ltd Class A,52102030,전기 부품 및 장비
600726,Huadian Energy Co Ltd Class A,59101010,전력 유틸리티
601377,Industrial Securities Co Ltd Class A,55102020,투자 관리 및 펀드 운영
600895,Shanghai Zhangjiang Hi-Tech Park Development Co Ltd Class A,60101010,"부동산 임대, 개발 및 운영"
600497,Yunnan Chihong Zinc & Germanium Co Ltd Class A,51201050,특수 채굴 및 금속
688375,Guobo Electronics Co Ltd Class A,57101010,반도체
688110,Dosilicon Co Ltd Class A,57101010,반도체
600667,Wuxi Taiji Industry Ltd Corp Class A,52201020,건설 및 엔지니어링
688432,GRINM Semiconductor Materials Co Ltd Class A,57101010,반도체
600741,HUAYU Automotive Systems Co Ltd Class A,53101020,"자동차, 트럭 및 오토바이 부품"
688548,Guangzhou Guanggang Gases & Energy Co Ltd Class A,51101010,상품 화학
688234,SICC Co Ltd Class A,57101010,반도체
601699,Shanxi LuAn Environmental Energy Dev Co Ltd Class A,50101010,석탄
601208,Sichuan Em Technology Co Ltd Class A,52102030,전기 부품 및 장비
601456,Guolian Minsheng Securities Co Ltd Class A,55102010,투자 은행 및 중개 서비스
688331,RemeGen Co.  Ltd. Class A,56202010,생명 공학 및 의학 연구
601298,Qingdao Port International Co Ltd Class A,52407020,항만 운영 및 서비스
688387,CICT Mobile Communication Technology Co Ltd Class A,57102010,통신 및 네트워킹
601607,Shanghai Pharmaceuticals Holding Co Ltd Class A,56201040,제약
601618,Metallurgical Corporation of China Ltd Class A,52201020,건설 및 엔지니어링
688322,Orbbec Inc Class A,57104010,전자 장비 및 부품
688223,Jinko Solar Co Ltd Class A,50201010,재생 가능 에너지 장비 및 서비스
603979,JCHX Mining Management Co Ltd Class A,51201070,채굴 지원 서비스 및 장비
688796,Biocytogen Pharmaceuticals (Beijing) Co Ltd Class A,56202010,생명 공학 및 의학 연구
603083,CIG ShangHai Co Ltd Class A,57102010,통신 및 네트워킹
603087,Gan & Lee Pharmaceuticals Class A,56201040,제약
603629,Jiangsu Lettall Electronic Co Ltd Class A,57104010,전자 장비 및 부품
600377,Jiangsu Expressway Co Ltd Class A,52407030,고속도로 및 철도
601117,China National Chemical Engineering Co Ltd Class A,52201020,건설 및 엔지니어링
600027,Huadian Power International Corp Ltd Class A,59101020,민자 발전 사업
688627,Shenzhen SEICHI Technologies Co Ltd Class A,52102010,산업용 기계 및 장비
601198,Dongxing Securities Corp Ltd Class A,55102010,투자 은행 및 중개 서비스
600918,Zhongtai Securities Co Ltd Class A,55102010,투자 은행 및 중개 서비스
688047,Loongson Technology Corp Ltd Class A,57101010,반도체
600578,Beijing Jingneng Power Co Ltd Class A,59101020,민자 발전 사업
601058,Sailun Group Co.  Ltd. Class A,53101030,타이어 및 고무 제품
605376,Jiangsu Boqian New Materials Stock Co Ltd Class A,57104010,전자 장비 및 부품
600985,Huaibei Mining Holdings Co Ltd Class A,50101010,석탄
601021,Spring Airlines Co.  Ltd. Class A,52406010,항공사
601878,Zheshang Securities Co Ltd Class A,55102010,투자 은행 및 중개 서비스
603129,Zhejiang CFMOTO Power Co Ltd Class A,53101010,자동차 및 트럭 제조
688187,Zhuzhou CRRC Times Electric Co Ltd Class A,52102040,중전기장비
600352,Zhejiang Longsheng Group Co Ltd Class A,51101030,특수 화학제
688220,ASR Microelectronics Co.  Ltd. Class A,57101010,반도체
688336,Sunshine Guojian Pharmaceutical Shanghai Co Ltd Class A,56201040,제약
600206,Grinm Advanced Materials Co Ltd Class A,51201050,특수 채굴 및 금속
600570,Hundsun Technologies Inc. Class A,57301010,핀테크
688009,China Railway Signal & Communication Corp Ltd Class A,52102010,산업용 기계 및 장비
600642,Shenergy Co Ltd Class A,59104010,복합 유틸리티
601108,Caitong Securities Co Ltd Class A,55102010,투자 은행 및 중개 서비스
688027,Quantum CTEK Co Ltd Class A,57102010,통신 및 네트워킹
603049,Zhongce Rubber Group Co Ltd Class A,53101030,타이어 및 고무 제품
688188,Shanghai BOCHU Electronic Technology Corp Ltd Class A,52102010,산업용 기계 및 장비
600909,Huaan Securities Co Ltd Class A,55102010,투자 은행 및 중개 서비스
603260,Hoshine Silicon Industry Co Ltd Class A,51101030,특수 화학제
600061,SDIC Capital Co Ltd Class A,55102010,투자 은행 및 중개 서비스
688099,Amlogic Shanghai Co Ltd Class A,57101010,반도체
688728,GalaxyCore Inc. Class A,57101010,반도체
603699,Neway Valve Suzhou Co Ltd Class A,52102010,산업용 기계 및 장비
600143,Kingfa Sci & Tech Co Ltd Class A,51101010,상품 화학
600021,Shanghai Electric Power Co Ltd Class A,59101010,전력 유틸리티
601212,Baiyin Nonferrous Group Co Ltd Class A,51201050,특수 채굴 및 금속
688549,Grandit Co Ltd Class A,51101010,상품 화학
600995,China Southern Power Grid Energy Storage Co Ltd Class A,59101010,전력 유틸리티
600392,Shenghe Resources Holding Co Ltd Class A,51201010,금 제외 귀금속 및 광물
601555,Soochow Securities Co Ltd Class A,55102010,투자 은행 및 중개 서비스
600588,Yonyou Network Technology Co Ltd Class A,57201020,소프트웨어
603806,Hangzhou First Applied Material Co Ltd Class A,51101010,상품 화학
600845,Shanghai Baosight Software Co Ltd Class A,57201020,소프트웨어
601136,Capital Securities Corp Ltd Class A,55102020,투자 관리 및 펀드 운영
600863,Inner Mongolia MengDian HuaNeng Thermal Power Corp Ltd Class A,59101010,전력 유틸리티
688300,Novoray Corp Class A,51101010,상품 화학
688303,Xinjiang Daqo New Energy Co Ltd Class A,50201010,재생 가능 에너지 장비 및 서비스
600968,CNOOC Energy Technology & Services Ltd Class A,50103020,오일 관련 서비스 및 장비
688213,SmartSens Technology (Shanghai) Co Ltd Class A,57101010,반도체
603392,Beijing Wantai Biological Pharmacy Enterprise Co Ltd Class A,56201040,제약
603650,Red Avenue New Materials Group Co Ltd Class A,51101030,특수 화학제
603379,Zhejiang Sanmei Chemical Industry Co Ltd Class A,51101010,상품 화학
688411,Beijing HyperStrong Technology Co.  Ltd. Class A,52102030,전기 부품 및 장비
688433,Farsoon Technologies Co Ltd Class A,57104010,전자 장비 및 부품
601238,Guangzhou Automobile Group Co Ltd Class A,53101010,자동차 및 트럭 제조
600141,Hubei Xingfa Chemicals Group Co Ltd Class A,51101010,상품 화학
600711,Chengtun Mining Group Co Ltd Class A,51201050,특수 채굴 및 금속
601126,Beijing Sifang Automation Co Ltd Class A,52102040,중전기장비
601665,Qilu Bank Co Ltd Class A,55101010,은행
601162,Tianfeng Securities Co Ltd Class A,55102010,투자 은행 및 중개 서비스
600901,Jiangsu Financial Leasing Co Ltd Class A,55101030,소비자 대출
600298,Angel Yeast Co Ltd Class A,54102020,식품 가공
601216,Inner Mongolia Junzheng Energy & Chemical Group Co Ltd Class A,51101010,상품 화학
600600,Tsingtao Brewery Co Ltd Class A,54101010,양조업
603369,Jiangsu King's Luck Brewery Joint-Stock Co Ltd Class A,54101020,증류주 및 포도주
688472,CSI Solar Co Ltd Class A,50201010,재생 가능 에너지 장비 및 서비스
688295,Zhongfu Shenying Carbon Fiber Co Ltd Class A,51101030,특수 화학제
601777,Chongqing Afari Technology Co.  Ltd. Class A,53101010,자동차 및 트럭 제조
600256,Guanghui Energy Co Ltd Class A,50102010,통합 오일 및 가스
601577,Bank of Changsha Co Ltd Class A,55101010,은행
600663,Shanghai Lujiazui Finance & Trade Zone Development Co Ltd Class A,60101010,"부동산 임대, 개발 및 운영"
600177,Youngor Fashion Co Ltd Class A,53202020,의류 및 액세서리
688536,3Peak Inc Class A,57101010,반도체
688025,Shenzhen JPT Opto-Electronics Co Ltd Class A,57101020,반도체 장비 및 테스트
688668,Dongguan Dingtong Precision Metal Co Ltd Class A,57104010,전자 장비 및 부품
601808,China Oilfield Services Ltd Class A,50103010,오일 및 가스 시추
600869,Far East Smarter Energy Co Ltd Class A,52102030,전기 부품 및 장비
605589,Jinan Shengquan Group Share Holding Co Ltd Class A,51101010,상품 화학
600157,Wintime Energy Group Co Ltd Class A,59101020,민자 발전 사업
603929,L&K Engineering Suzhou Co Ltd Class A,52201020,건설 및 엔지니어링
600733,BAIC BluePark New Energy Technology Co Ltd Class A,53101010,자동차 및 트럭 제조
600331,Sichuan Hongda Co Ltd Class A,51101020,농화학제
600085,Beijing Tong Ren Tang Co Ltd Class A,56201040,제약
605358,Hangzhou Lion Microelectronics Co Ltd Class A,57101010,반도체
600060,Hisense Visual Technology Co.  Ltd. Class A,57106030,가정용 전자 제품
603298,Hangcha Group Co Ltd Class A,52102020,중장비 및 차량
601611,China Nuclear Engineering & Construction Corp Ltd Class A,52201020,건설 및 엔지니어링
688065,Cathay Biotech Inc Class A,51101030,특수 화학제
688235,BeOne Medicines AG Class A,56202010,생명 공학 및 의학 연구
688122,Western Superconducting Technologies Co Ltd Class A,51201050,특수 채굴 및 금속
601696,BOC International China Co Ltd Class A,55102010,투자 은행 및 중개 서비스
603198,Anhui Yingjia Distillery Co Ltd Class A,54101020,증류주 및 포도주
601598,Sinotrans Ltd Class A,52405010,"배달, 우편, 항공 화물 및 육상 물류"
688167,Focuslight Technologies Inc Class A,57101010,반도체
688676,Hainan Jinpan Smart Technology Co.  Ltd. Class A,52102040,중전기장비
600515,Hainan Airport Infrastructure Co Ltd Class A,52407010,공항 운영 및 서비스
603308,Anhui Yingliu Electromechanical Co Ltd Class A,52102010,산업용 기계 및 장비
600707,Caihong Display Devices Co Ltd Class A,57104010,전자 장비 및 부품
601236,Hongta Securities Co Ltd Class A,55102010,투자 은행 및 중개 서비스
603127,Joinn Laboratories China Co Ltd Class A,56202010,생명 공학 및 의학 연구
600839,Sichuan Changhong Electric Co Ltd Class A,57106030,가정용 전자 제품
600109,Sinolink Securities Co Ltd Class A,55102010,투자 은행 및 중개 서비스
600428,COSCO SHIPPING Specialized Carriers Co Ltd Class A,52405020,해양 화물 및 물류
688538,Everdisplay Optronics (Shanghai) Co Ltd Class A,57104010,전자 장비 및 부품
603486,Ecovacs Robotics Co Ltd Class A,53204030,"가전제품, 도구 및 가정 용품"
688052,Suzhou Novosense Microelectronics Co Ltd Class A,57101010,반도체
600562,Glarun Technology Co Ltd Class A,52101010,항공우주 및 방위
600641,Shanghai Vital Deeptech Co Ltd Class A,57101020,반도체 장비 및 테스트
603606,Ningbo Orient Wires & Cables Co Ltd Class A,52102030,전기 부품 및 장비
603568,Zhejiang Weiming Environment Protection Co Ltd Class A,50201010,재생 가능 에너지 장비 및 서비스
688266,Suzhou Zelgen Biopharmaceuticals Co Ltd Class A,56201040,제약
603225,Xinfengming Group Co Ltd Class A,53202010,직물 및 가죽제품
603823,Lily Group Co Ltd Class A,51101030,특수 화학제
600348,Shan Xi Hua Yang Group New Energy Co Ltd Class A,50101010,석탄
688599,Trina Solar Co.  Ltd. Class A,50201010,재생 가능 에너지 장비 및 서비스
688545,Hubei Sinophorus Electronic Materials Co Ltd Class A,51101010,상품 화학
600961,Zhuzhou Smelter Group Co Ltd Class A,51201050,특수 채굴 및 금속
688362,Forehope Electronic Ningbo Co Ltd Class A,57101010,반도체
600301,Guangxi Huaxi Nonferrous Metal Co Ltd Class A,51201050,특수 채굴 및 금속
688617,APT Medical Inc Class A,56101020,"의료 장비, 물품 및 유통"
688180,Shanghai Junshi Biosciences Co Ltd Class A,56201040,제약
688301,iRay Group Class A,56101010,첨단 의료 장비 및 기술
600801,Huaxin Building Materials Group Co Ltd Class A,51202010,건설 자재
600563,Xiamen Faratronic Co Ltd Class A,57104010,전자 장비 및 부품
600332,Guangzhou Baiyunshan Pharmaceutical Holdings Co Ltd Class A,56201040,제약
600925,Jiangsu Xukuang Energy Co Ltd Class A,50101010,석탄
600330,TDG Holding Co Ltd Class A,57104010,전자 장비 및 부품
688318,Shenzhen Fortune Trend Technology Co Ltd Class A,57301010,핀테크
600259,China Rare Earth Nonferrous Metals Co Ltd Class A,51201050,특수 채굴 및 금속
601990,Nanjing Securities Co Ltd Class A,55102010,투자 은행 및 중개 서비스
600536,China National Software & Service Co Ltd Class A,57201020,소프트웨어
600079,Humanwell Healthcare (Group) Co Ltd Class A,56201040,제약
603179,Jiangsu Xinquan Automotive Trim Co Ltd Class A,53101020,"자동차, 트럭 및 오토바이 부품"
603061,JHT Design Co Ltd Class A,57101010,반도체
600871,Sinopec Oilfield Service Corp Class A,50103010,오일 및 가스 시추
601933,Yonghui Superstores Co Ltd Class A,54301020,식품 소매 및 유통
600699,Ningbo Joyson Electronic Corp. Class A,53101020,"자동차, 트럭 및 오토바이 부품"
600483,Fujian Funeng Co Ltd Class A,59101020,민자 발전 사업
688333,XiAn Bright Laser Technologies Co Ltd Class A,57104010,전자 장비 및 부품
603939,Yifeng Pharmacy Chain Co.  Ltd. Class A,54301010,의약품 소매
688102,Shaanxi Sirui Advanced Materials Co Ltd Class A,51201050,특수 채굴 및 금속
688385,Shanghai Fudan Microelectronics Group Co Ltd Class A,57101010,반도체
688568,Geovis Technology Co Ltd Class A,57201010,IT 서비스 및 컨설팅
688449,Maxio Technology Hangzhou Co Ltd Class A,57101010,반도체
600398,HLA Group Corp Ltd Class A,53202020,의류 및 액세서리
601001,Jinneng Holding Shanxi Coal Industry Co Ltd Class A,50101010,석탄
603338,Zhejiang Dingli Machinery Co Ltd Class A,52102020,중장비 및 차량
688195,Optowide Technologies Co Ltd Class A,57102010,통신 및 네트워킹
600282,NanJing Iron & Steel Co Ltd Class A,51201020,철 및 강철
688192,Dizal Pharmaceutical Co Ltd Class A,56202010,생명 공학 및 의학 연구
601156,Eastern Air Logistics Co Ltd Class A,52405010,"배달, 우편, 항공 화물 및 육상 물류"
600517,State Grid Yingda Co Ltd Class A,52102040,중전기장비
600777,Shandong Xinchao Energy Corp Ltd Class A,50102020,"오일, 가스 탐사 및 생산"
603920,Olympic Circuit Technology Co Ltd Class A,57101010,반도체
603444,G-bits Network Technology (Xiamen) Co.  Ltd. Class A,57201030,온라인 서비스
600637,Oriental Pearl Group Co Ltd Class A,53302020,방송
688297,Avic Chengdu Uas Co Ltd Class A,52101010,항공우주 및 방위
688169,Beijing Roborock Technology Co Ltd Class A,53204030,"가전제품, 도구 및 가정 용품"
601615,Ming Yang Smart Energy Group Ltd Class A,50201010,재생 가능 에너지 장비 및 서비스
600369,Southwest Securities Co Ltd Class A,55102010,투자 은행 및 중개 서비스
603766,Loncin Motor Co Ltd Class A,53101010,자동차 및 트럭 제조
600737,COFCO Sugar Holding Co Ltd Class A,54102020,식품 가공
601799,Changzhou Xingyu Automotive Lighting Systems Co Ltd Class A,53101020,"자동차, 트럭 및 오토바이 부품"
600521,Zhejiang Huahai Pharmaceutical Co Ltd Class A,56201040,제약
600884,Ningbo Shanshan Co Ltd Class A,57104010,전자 장비 및 부품
688248,China Southern Power Grid Technology Co Ltd Class A,52203070,전문 정보 서비스
601000,Tangshan Port Group Co Ltd Class A,52407020,항만 운영 및 서비스
600499,Keda Industrial Group Co Ltd Class A,52102010,산업용 기계 및 장비
688692,Wuhan Dameng Database Co Ltd Class A,57201020,소프트웨어
601880,Liaoning Port Co Ltd Class A,52407020,항만 운영 및 서비스
688127,Zhejiang Lante Optics Co Ltd Class A,57104010,전자 장비 및 부품
600312,Henan Pinggao Electric Co Ltd Class A,52102040,중전기장비
603688,Jiangsu Pacific Quartz Co Ltd Class A,57104010,전자 장비 및 부품
600208,Quzhou Xin'an Development Co Ltd Class A,60101010,"부동산 임대, 개발 및 운영"
601155,Seazen Holdings Co Ltd Class A,60101010,"부동산 임대, 개발 및 운영"
600732,Shanghai Aiko Solar Energy Co Ltd Class A,50201010,재생 가능 에너지 장비 및 서비스
600595,Henan Zhongfu Industrial Co Ltd Class A,51201030,알루미늄
688114,MGI Tech Co Ltd Class A,56101010,첨단 의료 장비 및 기술
600396,Huadian Liaoning Energy Development Co Ltd Class A,59101010,전력 유틸리티
688018,Espressif Systems (Shanghai) Co.  Ltd. Class A,57101010,반도체
688608,Bestechnic Shanghai Co Ltd Class A,57101010,반도체
603067,Hubei Zhenhua Chemical Co Ltd Class A,51101010,상품 화학
601918,China Coal Xinji Energy Co Ltd Class A,50101010,석탄
600153,Xiamen C&D Inc Class A,52202010,다각적 산업용 제품 도매
600998,Jointown Pharmaceutical Group Co Ltd Class A,56201040,제약
603119,Zhejiang Rongtai Electric Material Co Ltd Class A,52102030,전기 부품 및 장비
600299,Bluestar Adisseo Co Class A,56201040,제약
600816,J-Yuan Trust Co Ltd Class A,55102020,투자 관리 및 펀드 운영
688652,Beijing Jingyi Automation Equipment Co Ltd Class A,57101020,반도체 장비 및 테스트
601606,Anhui Great Wall Military Industry Co Ltd Class A,52101010,항공우주 및 방위
600161,Beijing Tiantan Biological Products Corp Ltd Class A,56201040,제약
688368,Shanghai Bright Power Semiconductor Co Ltd Class A,57101010,반도체
600546,Shanxi Coal International Energy Group Co Ltd Class A,50101010,석탄
600704,Wuchan Zhongda Group Co Ltd Class A,52405010,"배달, 우편, 항공 화물 및 육상 물류"
600862,Avic Aviation High Technology Co Ltd Class A,52101010,항공우주 및 방위
601069,Western Region Gold Co Ltd Class A,51201060,금
688278,Xiamen Amoytop Biotech Co Ltd Class A,56201040,제약
603345,Anjoy Foods Group Co Ltd Class A,54102020,식품 가공
600295,Inner Mongolia ERDOS Resources Co Ltd Class A,51201020,철 및 강철
688205,Wuxi Taclink Optoelectronics Technology Co Ltd Class A,57104010,전자 장비 및 부품
600246,Vantone Neo Development Group Co Ltd Class A,60101010,"부동산 임대, 개발 및 운영"
603596,Bethel Automotive Safety Systems Co Ltd Class A,53101020,"자동차, 트럭 및 오토바이 부품"
605111,Wuxi Nce Power Co Ltd Class A,57101010,반도체
605090,Jiangxi Jovo Energy Co Ltd Class A,59102010,천연가스 유틸리티
601016,CECEP Wind-Power Corp Class A,59101020,민자 발전 사업
688778,XTC New Energy Materials Xiamen Co Ltd Class A,51101030,특수 화학제
600575,Huaihe Energy (Group) Co Ltd Class A,52407020,항만 운영 및 서비스
600323,Grandblue Environment Co Ltd Class A,52203010,환경 서비스 및 장비
600583,Offshore Oil Engineering Co Ltd Class A,52201020,건설 및 엔지니어링
603678,Fujian Torch Electron Technology Co Ltd Class A,57104010,전자 장비 및 부품
603186,Zhejiang Wazam New Materials Co Ltd Class A,52102030,전기 부품 및 장비
688403,Union Semiconductor Hefei Co Ltd Class A,57101020,반도체 장비 및 테스트
603160,Shenzhen Goodix Technology Co Ltd Class A,57101010,반도체
600977,China Film Group Co Ltd Class A,53302030,엔터테인먼트 제작
603306,HMT (Xiamen) New Technical Materials Co Ltd Class A,53101020,"자동차, 트럭 및 오토바이 부품"
601717,ZCZL Industrial Technology Group Co Ltd Class A,51201070,채굴 지원 서비스 및 장비
603663,Sanxiang Advanced Materials Co Ltd Class A,51201050,특수 채굴 및 금속
600166,Beiqi Foton Motor Co Ltd Class A,53101010,자동차 및 트럭 제조
688475,Hangzhou EZVIZ Network Co Ltd Class A,57106030,가정용 전자 제품
600126,Hang Zhou Iron & Steel Co Ltd Class A,51201020,철 및 강철
603885,JUNEYAO AIRLINES Co Ltd Class A,52406010,항공사
600353,Chengdu Xuguang Electronics Co Ltd Class A,52102030,전기 부품 및 장비
601099,Pacific Securities Co Ltd Class A,55102010,투자 은행 및 중개 서비스
601399,Sinomach Heavy Equipment Group Co Ltd Class A,52102010,산업용 기계 및 장비
688349,Sany Renewable Energy Co Ltd Class A,50201010,재생 가능 에너지 장비 및 서비스
601928,Jiangsu Phoenix Publishing & Media Corp Ltd Class A,53302040,소비자 출판
600095,Xiangcai Co Ltd Class A,55102030,다각적 투자 서비스
600100,Tsinghua Tongfang Co.  Ltd. Class A,57107010,통합 하드웨어 및 소프트웨어
688615,Intsig Information Co Ltd Class A,57201020,소프트웨어
603605,Proya Cosmetics Co Ltd Class A,54201020,개인 생활 필수 용품
601118,China Hainan Rubber Industry Group Co Ltd Class A,53101030,타이어 및 고무 제품
688001,Suzhou HYC Technology Co Ltd Class A,52102010,산업용 기계 및 장비
688563,Baimtec Material Co Ltd Class A,52101010,항공우주 및 방위
600566,Hubei Jumpcan Pharmaceutical Co Ltd Class A,56201040,제약
688400,LUSTER LightTech Co Ltd Class A,52102010,산업용 기계 및 장비
601866,COSCO SHIPPING Development Co Ltd Class A,51302010,용기(종이 제외) 및 포장재
603881,Shanghai AtHub Co Ltd Class A,52203040,경영 지원 서비스
603236,Quectel Wireless Solutions Co Ltd Class A,57401020,무선 통신 서비스
600535,Tasly Pharmaceutical Group Co Ltd Class A,56201040,제약
688531,Unicomp Technology (Group) Co Ltd Class A,52102010,산업용 기계 및 장비
601228,Guangzhou Port Co Ltd Class A,52407020,항만 운영 및 서비스
603565,Shanghai Zhonggu Logistics Co Ltd Class A,52405020,해양 화물 및 물류
601963,Bank of Chongqing Co Ltd Class A,55101010,은행
601128,Jiangsu Changshu Rural Commercial Bank Co Ltd Class A,55101010,은행
600388,Zijin Longking Co.  Ltd. Class A,52203010,환경 서비스 및 장비
600664,Harbin Pharmaceutical Group Co.  Ltd. Class A,56201040,제약
601608,CITIC Heavy Industries Co Ltd Class A,52102010,산업용 기계 및 장비
688425,China Railway Construction Heavy Industry Corp Ltd Class A,52102020,중장비 및 차량
603301,Zhende Medical Co Ltd Class A,56101020,"의료 장비, 물품 및 유통"
600873,MeiHua Holdings Group Co Ltd Class A,54102020,식품 가공
603816,Jason Furniture Hangzhou Co Ltd Class A,53204040,가정용 가구
600745,Wingtech Technology Co Ltd Class A,57106020,전화 및 소형 장치
601666,Pingdingshan Tianan Coal Mining Co Ltd Class A,50101010,석탄
600550,Baoding Tianwei Baobian Electric Co Ltd Class A,52102040,중전기장비
688123,Giantec Semiconductor Corp Class A,57101010,반도체
688502,MLoptic Corp Class A,57105010,사무기기
601567,NINGBO SANXING MEDICAL ELECTRIC Co. Ltd. Class A,52102030,전기 부품 및 장비
600390,Minmetals Capital Co Ltd Class A,55101050,기업 금융 서비스
603730,Shanghai Daimay Automotive Interior Co Ltd Class A,53101020,"자동차, 트럭 및 오토바이 부품"
603728,Shanghai Moons' Electric Co Ltd Class A,52102030,전기 부품 및 장비
600098,Guangzhou Development Group Inc Class A,50101010,석탄
600038,Avicopter PLC Class A,52101010,항공우주 및 방위
688352,Hefei Chipmore Technology Co Ltd Class A,52203040,경영 지원 서비스
600906,Caida Securities Co Ltd Class A,55102010,투자 은행 및 중개 서비스
601106,China First Heavy Industries Co Ltd Class A,52102010,산업용 기계 및 장비
603005,China Wafer Level CSP Co Ltd Class A,57101020,반도체 장비 및 테스트
688372,Shanghai V-Test Semiconductor Tech Co Ltd Class A,57101020,반도체 장비 및 테스트
600516,FangDa Carbon New Material Co Ltd Class A,51101030,특수 화학제
600685,CSSC Offshore & Marine Engineering Group Co Ltd Class A,52102050,조선
688343,Shenzhen Intellifusion Technologies Co Ltd Class A,57107010,통합 하드웨어 및 소프트웨어
603737,Skshu Paint Co Ltd Class A,51101010,상품 화학
600598,Heilongjiang Agriculture Co Ltd Class A,54102010,어업 및 농업
688819,Tianneng Battery Group Co Ltd Class A,52102030,전기 부품 및 장비
603667,Zhejiang XCC Group Co Ltd Class A,52102010,산업용 기계 및 장비
600486,Jiangsu Yangnong Chemical Co Ltd Class A,51101020,농화학제
688257,Shareate Tools Ltd Class A,51201020,철 및 강철
603773,WG Tech JiangXi Group Co Ltd Class A,57104010,전자 장비 및 부품
600329,Tianjin Pharmaceutical Da Ren Tang Group Corporation Limited Class A,56201040,제약
688596,Shanghai GenTech Co Ltd Class A,52102010,산업용 기계 및 장비
600132,Chongqing Brewery Co Ltd Class A,54101010,양조업
600008,Beijing Capital Eco-Environment Protection Group Co Ltd Class A,59103010,수자원 유틸리티
600765,AVIC Heavy Machinery Co Ltd Class A,51201020,철 및 강철
600602,Inesa Intelligent Tech Inc Class A,57201010,IT 서비스 및 컨설팅
603290,StarPower Semiconductor Ltd Class A,57101010,반도체
603077,Sichuan Hebang Biotechnology Co Ltd Class A,51101020,농화학제
600848,Shanghai Lingang Holdings Co Ltd Class A,60101010,"부동산 임대, 개발 및 운영"
603588,Beijing GeoEnviron Engineering & Technology Inc Class A,52203010,환경 서비스 및 장비
601865,Flat Glass Group Co Ltd Class A,50201010,재생 가능 에너지 장비 및 서비스
600316,Jiangxi Hongdu Aviation Industry Co Ltd Class A,52101010,항공우주 및 방위
603899,Shanghai M&G Stationery Inc. Class A,52203060,비즈니스 지원 용품
600970,Sinoma International Engineering Co Ltd Class A,52201020,건설 및 엔지니어링
600688,Sinopec Shanghai Petrochemical Co Ltd Class A,50102030,"오일, 가스 정제 및 마케팅"
601677,Henan Mingtai Al Industrial Co Ltd Class A,51201030,알루미늄
603233,DaShenLin Pharmaceutical Group Co Ltd Class A,54301010,의약품 소매
600170,Shanghai Construction Group Co Ltd Class A,52201020,건설 및 엔지니어링
603124,Jiangxi Jiangnan New Material Technology Co Ltd Class A,51201050,특수 채굴 및 금속
603337,Jack Technology Co Ltd Class A,52102010,산업용 기계 및 장비
688131,Shanghai Haoyuan Chemexpress Co Ltd Class A,56201040,제약
600511,China National Medicines Corp Ltd Class A,56201040,제약
601997,Bank of Guiyang Co Ltd Class A,55101010,은행
601858,China Science Publishing & Media Ltd Class A,53302040,소비자 출판
600582,Tiandi Science & Technology Co Ltd Class A,51201070,채굴 지원 서비스 및 장비
603991,Shenzhen Leading Semiconductor Industry Co.  Ltd Class A,51101030,특수 화학제
688392,SBT Ultrasonic Technology Co Ltd Class A,52102010,산업용 기계 및 장비
603516,Beijing Tricolor Technology Co Ltd Class A,57104010,전자 장비 및 부품
600518,Kangmei Pharmaceutical Co Ltd Class A,56201040,제약
603358,Huada Automotive Technology Corp Ltd Class A,53101020,"자동차, 트럭 및 오토바이 부품"
601158,Chongqing Water Group Co Ltd Class A,59103010,수자원 유틸리티
603876,Jiangsu Dingsheng New Materials Joint-Stock Co Ltd Class A,51201030,알루미늄
600967,Inner Mongolia First Machinery Group Co.  Ltd. Class A,52102020,중장비 및 차량
603530,Jiangsu Shemar Electric Co Ltd Class A,52102030,전기 부품 및 장비
603833,Oppein Home Group Inc Class A,53203020,건설 자재 및 비품
688097,Bozhon Precision Industry Technology Co Ltd Class A,52102010,산업용 기계 및 장비
600186,Lotus Holdings Co Ltd Class A,54102020,식품 가공
601187,Xiamen Bank Co Ltd Class A,55101010,은행
688005,Ningbo Ronbay New Energy Technology Co Ltd Class A,52102030,전기 부품 및 장비
600004,Guangzhou Baiyun International Airport Co Ltd Class A,52407010,공항 운영 및 서비스
600179,Antong Holdings Co Ltd Class A,52405010,"배달, 우편, 항공 화물 및 육상 물류"
688233,Thinkon Semiconductor Jinzhou Corp Class A,57101010,반도체
688270,Great Microwave Technology Co Ltd Class A,57101010,반도체
603341,Shanghai Longcheer Technology Co Ltd Class A,57106020,전화 및 소형 장치
600012,Anhui Expressway Co Ltd Class A,52407030,고속도로 및 철도
603950,Xiangyang Changyuandonggu Industry Co Ltd Class A,53101020,"자동차, 트럭 및 오토바이 부품"
688268,Guangdong Huate Gas Co Ltd Class A,51101010,상품 화학
688523,Hunan Aerospace Huanyu Communication Technology Co Ltd Class A,52101010,항공우주 및 방위
600927,Yongan Futures Co Ltd Class A,55102020,투자 관리 및 펀드 운영
603115,Nantong Haixing Electronics Co Ltd Class A,51201030,알루미늄
600380,Joincare Pharmaceutical Group Industry Co Ltd Class A,56201040,제약
688584,Wafer Works Shanghai Co Ltd Class A,57101010,반도체
603618,Hangzhou Cable Co Ltd Class A,52102030,전기 부품 및 장비
600131,State Grid Information & Communication Co Ltd Class A,57401010,통합 통신 서비스
603171,Servyou Software Group Co Ltd Class A,57201020,소프트웨어
603000,People.cn Co Ltd Class A,53302010,광고 및 마케팅
688363,Bloomage Biotechnology Corp Ltd Class A,56201040,제약
688388,Guangdong Jiayuan Technology Co Ltd Class A,51201050,특수 채굴 및 금속
600500,Sinochem International Corp Class A,51101090,다각적 화학 산업
603658,Autobio Diagnostics Co Ltd Class A,56101020,"의료 장비, 물품 및 유통"
601098,China South Publishing & Media Group Co Ltd Class A,53302040,소비자 출판
600114,NBTM New Materials Group Co Ltd Class A,52102010,산업용 기계 및 장비
600629,Arcplus Group PLC Class A,52201020,건설 및 엔지니어링
600007,China World Trade Center Co Ltd Class A,60101010,"부동산 임대, 개발 및 운영"
600606,Greenland Holdings Corp Ltd Class A,52201020,건설 및 엔지니어링
688281,Shaanxi Huaqin Technology Industry Co Ltd Class A,51101010,상품 화학
600226,Zhejiang Hengtong Holding Co Ltd Class A,51201050,특수 채굴 및 금속
603529,Aima Technology Group Co Ltd Class A,53205020,오락용 제품
601101,Beijing Haohua Energy Resource Co Ltd Class A,50101010,석탄
600577,Tongling Jingda Special Magnet Wire Co Ltd Class A,52102030,전기 부품 및 장비
601969,Hainan Mining Co.  Ltd. Class A,51201020,철 및 강철
600655,Shanghai Yuyuan Tourist Mart (Group) Co.  Ltd. Class A,53403040,의류 및 액세서리 소매
688208,Autel Intelligent Technology Corp Ltd Class A,53101020,"자동차, 트럭 및 오토바이 부품"
600339,China Petroleum Engineering Co Ltd Class A,52201020,건설 및 엔지니어링
601020,Tibet Huayu Mining Co Ltd Class A,51201050,특수 채굴 및 금속
688561,Qi An Xin Technology Group Inc Class A,57201020,소프트웨어
603132,Jinhui Mining Inc Ltd Class A,51201050,특수 채굴 및 금속
688726,Laplace Renewable Energy Technology Co Ltd Class A,57101010,반도체
601636,Zhuzhou Kibing Group Co Ltd Class A,53203020,건설 자재 및 비품
600397,Jiangxi Tungsten Rare and Precious Equipment Co Ltd Class A,50101010,석탄
688520,Sinocelltech Group Limited Class A,56202010,생명 공학 및 의학 연구
688166,BrightGene Bio-Medical Technology Co Ltd Class A,56201040,제약
605198,Yantai North Andre Juice Co Ltd Class A,54101030,무알콜 음료
601139,Shenzhen Gas Corp Ltd Class A,59102010,천연가스 유틸리티
600032,Zhejiang Provincial New Energy Investment Group Co Ltd Class A,59101020,민자 발전 사업
688708,Chengdu Jiachi Electronic Technology Co Ltd Class A,52101010,항공우주 및 방위
603226,Vohringer Home Technology Co Ltd Class A,53203020,건설 자재 및 비품
603733,Xianhe Co Ltd Class A,51301020,종이 제품
688800,Suzhou Recodeal Interconnect System Co Ltd Class A,57104010,전자 장비 및 부품
605020,Zhejiang Yonghe Refrigerant Co Ltd Class A,51101010,상품 화학
600057,Xiamen Xiangyu Co Ltd Class A,52405010,"배달, 우편, 항공 화물 및 육상 물류"
688503,Changzhou Fusion New Material Co Ltd Class A,57104010,전자 장비 및 부품
688690,Suzhou Nanomicro Technology Co Ltd Class A,51101010,상품 화학
605196,Hebei Huatong Wires & Cables Group Co Ltd Class A,52102030,전기 부품 및 장비
600110,Nuode New Materials Co Ltd Class A,57104010,전자 장비 및 부품
603786,Keboda Technology Co Ltd Class A,53101020,"자동차, 트럭 및 오토바이 부품"
600754,Shanghai Jin Jiang International Hotels Co Ltd Class A,53301010,"호텔, 모텔 및 크루즈 라인"
600172,Henan Huanghe Whirlwind Co Ltd Class A,51201010,금 제외 귀금속 및 광물
600120,Zhejiang Orient Holdings Group Co Ltd Class A,55102010,투자 은행 및 중개 서비스
603638,Yantai Eddie Precision Machinery Co Ltd Class A,53204030,"가전제품, 도구 및 가정 용품"
601609,Ningbo Jintian Copper (Group) Co Ltd Class A,51201050,특수 채굴 및 금속
603002,Epoxy Base Electronic Material Corp Ltd Class A,51101030,특수 화학제
600956,China Suntien Green Energy Corp Ltd Class A,59102010,천연가스 유틸리티
600459,Sino Platinum Metals Co Ltd Class A,51201010,금 제외 귀금속 및 광물
600062,China Resources Double-Crane Pharmaceutical Co Ltd Class A,56201040,제약
600820,Shanghai Tunnel Engineering Co Ltd Class A,52201020,건설 및 엔지니어링
600410,Beijing Teamsun Technology Co Ltd Class A,57201010,IT 서비스 및 컨설팅
688700,Kunshan Dongwei Technology Co Ltd Class A,52102010,산업용 기계 및 장비
603858,Shandong Buchang Pharmaceuticals Co Ltd Class A,56201040,제약
600867,Tonghua Dongbao Pharmaceutical Co Ltd Class A,56201040,제약
600552,Triumph Science&Technology Co Ltd Class A,57104010,전자 장비 및 부품
688709,Chengdu Sino Microelectronics Tech Co Ltd Class A,57101010,반도체
601975,Nanjing Tanker Corp Class A,50103030,오일 및 가스 수송 서비스
688390,GoodWe Technologies Co Ltd Class A,50201010,재생 가능 에너지 장비 및 서비스
601333,Guangshen Railway Co Ltd Class A,52406020,지상 및 해상 여객 운송
603871,Jiayou International Logistics Co Ltd Class A,52405010,"배달, 우편, 항공 화물 및 육상 물류"
605296,Yunnan Shennong Agricultural Industry Group Co Ltd Class A,54102010,어업 및 농업
688582,Anhui XDLK Microsystem Corp Ltd Class A,57101010,반도체
600267,Zhejiang Hisun Pharmaceutical Co Ltd Class A,56201040,제약
600763,Topchoice Medical Co Inc Class A,56102010,의료 시설 및 서비스
600171,Shanghai Belling Corp Ltd Class A,57101010,반도체
601137,Ningbo Boway Alloy Material Co Ltd Class A,51201050,특수 채굴 및 금속
600739,Liaoning Cheng Da Co Ltd Class A,56201040,제약
601519,Shanghai Dzh Ltd Class A,52203070,전문 정보 서비스
688772,Zhuhai CosMX Battery Co Ltd Class A,52102030,전기 부품 및 장비
603283,Suzhou Secote Precision Electronic Co Ltd Class A,57104010,전자 장비 및 부품
605289,Shanghai Luoman Technologies Inc Class A,52201020,건설 및 엔지니어링
601921,Zhejiang Publishing & Media Co Ltd Class A,53302040,소비자 출판
603938,Tangshan Sunfar Silicon Industries Co Ltd Class A,51101030,특수 화학제
601966,Shandong Linglong Tyre Co Ltd Class A,53101030,타이어 및 고무 제품
603997,Ningbo Jifeng Auto Parts Co Ltd Class A,53101020,"자동차, 트럭 및 오토바이 부품"
600435,North Navigation Control Technology Co Ltd Class A,52101010,항공우주 및 방위
688150,Shaanxi Lighte Optoelectronics Material Co Ltd Class A,57101010,반도체
688332,Shenzhen Bluetrum Technology Co Ltd Class A,57101010,반도체
600531,Henan Yuguang Gold & Lead Co Ltd Class A,51201050,특수 채굴 및 금속
688308,OKE Precision Cutting Tools Co Ltd Class A,52102010,산업용 기계 및 장비
688380,Shenzhen China Micro Semicon Co Ltd Class A,57101010,반도체
600490,Pengxin International Mining Co Ltd Class A,51201050,특수 채굴 및 금속
688605,Sprint Precision Technologies Co Ltd Class A,57101020,반도체 장비 및 테스트
688206,Primarius Technologies Co.  Ltd. Class A,57104010,전자 장비 및 부품
603009,Shanghai Beite Technology Group Co Ltd Class A,53101020,"자동차, 트럭 및 오토바이 부품"
688046,GemPharmatech Co Ltd Class A,56202010,생명 공학 및 의학 연구
603456,Zhejiang Jiuzhou Pharmaceutical Co Ltd Class A,56201040,제약
688222,HitGen Inc Class A,56202010,생명 공학 및 의학 연구
603063,Shenzhen Hopewind Electric Co Ltd Class A,50201010,재생 가능 에너지 장비 및 서비스
600151,Shanghai Aerospace Automobile Electromechanical Co Ltd Class A,53101020,"자동차, 트럭 및 오토바이 부품"
600744,Datang HuaYin Electric Power Co Ltd Class A,59101020,민자 발전 사업
601326,Qinhuangdao Port Co Ltd Class A,52407020,항만 운영 및 서비스
600528,China Railway Hi-tech Industry Corp Ltd Class A,52201020,건설 및 엔지니어링
600928,Bank of XiAn Co Ltd Class A,55101010,은행
688143,Yangtze Optical Electronic Co Ltd Class A,57101010,반도체
600877,CETC Chips Technology Inc Class A,57101010,반도체
688106,Jinhong Gas Co Ltd Class A,51101010,상품 화학
603317,Sichuan Teway Food Group Co Ltd Class A,54102020,식품 가공
600403,Henan Dayou Energy Co Ltd Class A,50101010,석탄
688661,Suzhou UIGreen Micro & Nano Technologies Co Ltd Class A,57104010,전자 장비 및 부품
603355,Kingclean Electric Co Ltd Class A,53204030,"가전제품, 도구 및 가정 용품"
603162,Fujian Highton Development Co Ltd Class A,52405020,해양 화물 및 물류
600959,Jiangsu Broadcasting Cable Information Network Corp Ltd Class A,53302020,방송
601369,XiAn Shaangu Power Co Ltd Class A,52102010,산업용 기계 및 장비
688484,Southchip Semiconductor Technology Shanghai Co Ltd Class A,57101010,반도체
600888,Xinjiang Joinworld Co Ltd Class A,57104010,전자 장비 및 부품
600623,Shanghai Huayi Group Corp Ltd Class A,51101010,상품 화학
603026,Shida Shinghwa Advanced Material Group Co Ltd Class A,51101010,상품 화학
603025,Beijing Dahao Technology Corp Ltd Class A,52102010,산업용 기계 및 장비
688507,Shanghai Suochen Information Technology Co Ltd Class A,57201010,IT 서비스 및 컨설팅
600750,China Resources Jiangzhong Pharmaceutical Co Ltd Class A,56201040,제약
688279,Fortior Technology (Shenzhen) Co Ltd Class A,57101010,반도체
600345,Wuhan Yangtze Communication Industry Group Co Ltd Class A,57201010,IT 서비스 및 컨설팅
600835,Shanghai Mechanical & Electrical Industry Co Ltd Class A,52102040,중전기장비
688779,Minmetals New Energy Materials Hunan Co Ltd Class A,52102030,전기 부품 및 장비
688353,Jiangsu HSC New Energy Materials Co Ltd Class A,51101030,특수 화학제
688003,Suzhou TZTEK Technology Co Ltd Class A,52102010,산업용 기계 및 장비
600651,Shanghai Feilo Acoustics Co Ltd Class A,53101020,"자동차, 트럭 및 오토바이 부품"
603031,Anhui Anfu Battery Technology Co Ltd Class A,52102030,전기 부품 및 장비
601702,Shanghai Huafon Aluminium Corp Class A,51201030,알루미늄
600201,Jinyu Bio-Technology Co Ltd Class A,56201040,제약
603662,Keli Sensing Technology Ningbo Co Ltd Class A,52102010,산업용 기계 및 장비
600548,Shenzhen Expressway Corp Ltd Class A,52407030,고속도로 및 철도
600162,Shenzhen Heungkong Holding Co Ltd Class A,60101010,"부동산 임대, 개발 및 운영"
603826,Fujian Kuncai Material Technology Co Ltd Class A,51101010,상품 화학
600808,Maanshan Iron & Steel Co Ltd Class A,51201020,철 및 강철
600761,Anhui Heli Co Ltd Class A,52102020,중장비 및 차량
688593,Shanghai New Vision Microelectronics Co Ltd Class A,57101010,반도체
600872,Jonjee Hi-tech Industrial and Commercial Holding Co Ltd Class A,54102020,식품 가공
601678,Befar Group Co Ltd Class A,51101010,상품 화학
688535,Jiangsu HHCK Advanced Materials Co Ltd Class A,51101030,특수 화학제
688625,GCH Technology Co Ltd Class A,51101010,상품 화학
600452,Chongqing Fuling Electric Power Industrial Co Ltd Class A,59101010,전력 유틸리티
601778,Jinko Power Technology Co Ltd Class A,59101020,민자 발전 사업
601083,Shanghai Jinjiang Shipping Group Co Ltd Class A,52405020,해양 화물 및 물류
601568,Shaanxi Beiyuan Chemical Industry Group Co Ltd Class A,51101010,상품 화학
601019,Shandong Publishing & Media Co Ltd Class A,53302040,소비자 출판
600596,Zhejiang XinAn Chemical Industrial Group Co Ltd Class A,51101020,농화학제
688100,Willfar Information Technology Co Ltd Class A,57102010,통신 및 네트워킹
603203,Quick Intelligent Equipment Co Ltd Class A,57104010,전자 장비 및 부품
600022,Shandong Iron and Steel Co Ltd Class A,51201020,철 및 강철
688401,Shenzhen Newway Photomask Making Co Ltd Class A,57101010,반도체
603738,TKD Science and Technology Co Ltd Class A,57104010,전자 장비 및 부품
601619,Jiaze Renewables Corp Ltd Class A,59101020,민자 발전 사업
688202,Shanghai Medicilon Inc Class A,56202010,생명 공학 및 의학 연구
601827,Chongqing Sanfeng Environment Group Corp Ltd Class A,59101010,전력 유틸리티
600056,China Meheco Group Co Ltd Class A,56201040,제약
601375,Central China Securities Co Ltd Class A,55102010,투자 은행 및 중개 서비스
603039,Weaver Network Technology Co Ltd Class A,57201020,소프트웨어
603014,Shandong Weigao Blood Purification Products Co Ltd Class A,56101010,첨단 의료 장비 및 기술
600933,IKD Co Ltd Class A,53101020,"자동차, 트럭 및 오토바이 부품"
603882,Guangzhou Kingmed Diagnostics Group Co Ltd Class A,56102010,의료 시설 및 서비스
600621,Shanghai Chinafortune Co Ltd Class A,55102010,투자 은행 및 중개 서비스
600779,Sichuan Swellfun Co Ltd Class A,54101020,증류주 및 포도주
688686,OPT Machine Vision Tech Co Ltd Class A,57106030,가정용 전자 제품
603078,Jiangyin Jianghua Micro-electronic Materials Co.  Ltd. Class A,51101030,특수 화학제
600633,Zhejiang Digital Culture Technology Group Co.  Ltd. Class A,57201030,온라인 서비스
688612,Shenzhen VMAX New Energy Group Co Ltd Class A,53101020,"자동차, 트럭 및 오토바이 부품"
601965,China Automotive Engineering Research Institute Co Ltd Class A,52203040,경영 지원 서비스
688028,Beijing Worldia Diamond Tools Co Ltd Class A,52102010,산업용 기계 및 장비
600409,Tangshan Sanyou Chemical Industries Co Ltd Class A,51101010,상품 화학
688321,Shenzhen Chipscreen Biosciences Co Ltd Class A,56201040,제약
600783,Luxin Venture Capital Group Co Ltd Class A,53203020,건설 자재 및 비품
603505,China Kings Resources Group Co Ltd Class A,51201010,금 제외 귀금속 및 광물
601133,Both Engineering Technology Co Ltd Class A,57201010,IT 서비스 및 컨설팅
600675,China Enterprise Co Ltd Class A,60101010,"부동산 임대, 개발 및 운영"
688029,Micro-Tech (Nanjing) Co Ltd Class A,56101020,"의료 장비, 물품 및 유통"
600475,Wuxi Huaguang Environment & Energy Group Co Ltd Class A,59104010,복합 유틸리티
688062,Mabwell (Shanghai) Bioscience Co.  Ltd. Class A,56202010,생명 공학 및 의학 연구
603613,Beijing United Information Technology Co Ltd Class A,57201030,온라인 서비스
600258,BTG Hotels (Group) Co.  Ltd. Class A,53301010,"호텔, 모텔 및 크루즈 라인"
603305,Ningbo Xusheng Group Co Ltd Class A,53101020,"자동차, 트럭 및 오토바이 부품"
688031,Transwarp Technology Shanghai Co Ltd Class A,57201020,소프트웨어
600710,Sumec Corp Ltd Class A,53202020,의류 및 액세서리
600361,Innovation New Material Technology Co Ltd Class A,51201030,알루미늄
600320,Shanghai Zhenhua Heavy Industries Co Ltd Class A,52102020,중장비 및 차량
605389,JiangSu Changling Hydraulic Co Ltd Class A,52102010,산업용 기계 및 장비
688088,ArcSoft Corp Ltd Class A,57201020,소프트웨어
603194,Zhejiang E-P Equipment Co.  Ltd. Class A,52102020,중장비 및 차량
603868,Shanghai Flyco Electrical Appliance Co Ltd Class A,53204030,"가전제품, 도구 및 가정 용품"
688710,Shanghai InnoStar Bio-tech Co Ltd Class A,56102010,의료 시설 및 서비스
688006,Zhejiang Hangke Technology Incorporated Company Class A,52102030,전기 부품 및 장비
688603,Shanghai Skychem Technology Co Ltd Class A,51101010,상품 화학
600072,CSSC Science & Technology Co Ltd Class A,50201010,재생 가능 에너지 장비 및 서비스
605099,CoCreation Grass Co Ltd Class A,51101010,상품 화학
603800,Jiangsu Hongtian Technology Co Ltd Class A,52102010,산업용 기계 및 장비
600416,Xiangtan Electric Manufacturing Co Ltd Class A,52102040,중전기장비
603707,Nanjing King-friend Biochemical Pharmaceutical Co Ltd Class A,56201040,제약
600113,Zhe Jiang Dong Ri Ltd Co Class A,54301020,식품 소매 및 유통
688059,Zhuzhou Huarui Precision Cutting Tools Co Ltd Class A,52102010,산업용 기계 및 장비
600366,Ningbo Yunsheng Co Ltd Class A,51201050,특수 채굴 및 금속
600155,Polaris Bay Group Co Ltd Class A,57301090,기타 핀테크 인프라
688055,InfoVision Optoelectronics Kunshan Co Ltd Class A,57104010,전자 장비 및 부품
600064,Nanjing Gaoke Co Ltd Class A,60101010,"부동산 임대, 개발 및 운영"
600456,BaoJi Titanium Industry Co Ltd Class A,51201050,특수 채굴 및 금속
688516,Wuxi Autowell Technology Co Ltd Class A,50201010,재생 가능 에너지 장비 및 서비스
688757,Wintech Nano Suzhou Co Ltd Class A,57101020,반도체 장비 및 테스트
688107,Shanghai Anlogic Infotech Co Ltd Class A,57101010,반도체
603906,Jiangsu Lopal Tech Group Co Ltd Class A,51101010,상품 화학
600216,Zhejiang Medicine Co Ltd Class A,56201040,제약
600916,China National Gold Group Gold Jewellery Co Ltd Class A,53202020,의류 및 액세서리
600271,Aisino Co Ltd Class A,57107010,통합 하드웨어 및 소프트웨어
688258,Jiangsu Eazytec Co Ltd Class A,57201010,IT 서비스 및 컨설팅
600764,China Marine Information Electronics Co Ltd Class A,57104010,전자 장비 및 부품
600821,Nyocor Co Ltd Class A,59101010,전력 유틸리티
605179,Zhejiang Yiming Food Co Ltd Class A,54102020,식품 가공
601886,Jangho Group Co Ltd Class A,52201020,건설 및 엔지니어링
600167,Luen Mei Quantum Co Ltd Class A,59103010,수자원 유틸리티
600211,Tibet Rhodiola Pharmaceutical Holding Co Class A,56201040,제약
601033,Grandtop Yongxing Group Co Ltd Class A,59101010,전력 유틸리티
603698,Changzheng Engineering Technology Co Ltd Class A,52201020,건설 및 엔지니어링
600702,Shede Spirits Co Ltd Class A,54101020,증류주 및 포도주
600529,Shandong Pharmaceutical Glass Co Ltd Class A,51302010,용기(종이 제외) 및 포장재
688798,Shanghai Awinic Technology Co Ltd Class A,57101010,반도체
688105,Nanjing Vazyme Biotech Co Ltd Class A,56201040,제약
603556,Hexing Electrical Co Ltd Class A,52102040,중전기장비
688758,Suzhou Sepax Technologies Co Ltd Class A,51101010,상품 화학
600343,Shaanxi Aerospace Power Hi-Tech Co Ltd Class A,52102010,산업용 기계 및 장비
600116,Chongqing Three Gorges Water Conservancy and Electric Power Co Ltd Class A,59101010,전력 유틸리티
605599,Beijing Caishikou Department Store Co Ltd Class A,53202020,의류 및 액세서리
603515,Opple Lighting Co Ltd Class A,53203020,건설 자재 및 비품
600338,Tibet Summit Resources Co Ltd Class A,51201050,특수 채굴 및 금속
600063,Anhui Wanwei Updated High-tech Material Industry Co Ltd Class A,51101010,상품 화학
603888,Xinhuanet Co Ltd Class A,57201030,온라인 서비스
600827,Shanghai Bailian Group Co Ltd Class A,54301020,식품 소매 및 유통
600850,CETC Digital Technology Co Ltd Class A,57201010,IT 서비스 및 컨설팅
688382,InventisBio Co Ltd Class A,56202010,생명 공학 및 의학 연구
605507,Guobang Pharma Ltd Class A,56201040,제약
600776,Eastern Communications Co Ltd Class A,57102010,통신 및 네트워킹
688567,Farasis Energy (Gan Zhou) Co Ltd Class A,52102030,전기 부품 및 장비
688515,Motorcomm Electronic Technology Co Ltd Class A,57101010,반도체
603267,Beijing Yuanliu Hongyuan Electronic Technology Co Ltd Class A,52102030,전기 부품 및 장비
603589,Anhui Kouzi Distillery Co Ltd Class A,54101020,증류주 및 포도주
600755,Xiamen ITG Group Corp Ltd Class A,52202010,다각적 산업용 제품 도매
603011,Hefei Metalforming Intelligent Manufacturing Co Ltd Class A,52102010,산업용 기계 및 장비
600589,Dawei Technology Guangdong Group Co Ltd Class A,57201010,IT 서비스 및 컨설팅
600717,Tianjin Port Holdings Co Ltd Class A,52407020,항만 운영 및 서비스
688116,Jiangsu Cnano Technology Co Ltd Class A,51101010,상품 화학
688559,Hymson Laser Technology Group Co Ltd Class A,52102010,산업용 기계 및 장비
688383,Shenzhen Xinyichang Technology Co Ltd Class A,57101020,반도체 장비 및 테스트
688660,Shanghai Electric Wind Power Group Co Ltd Class A,50201010,재생 가능 에너지 장비 및 서비스
601107,SICHUAN EXPRESSWAY GROUP COMPANY LIMITED Class A,52407030,고속도로 및 철도
603989,Hunan Aihua Group Co Ltd Class A,57104010,전자 장비 및 부품
605118,Xiamen Leading Optics Co Ltd Class A,57106030,가정용 전자 제품
600986,Zhewen Interactive Group Co Ltd Class A,53302010,광고 및 마케팅
600572,Zhejiang CONBA Pharmaceutical Co Ltd Class A,56201040,제약
600720,CCCC Design & Consulting Group Co Ltd Class A,52201020,건설 및 엔지니어링
600908,Wuxi Rural Commercial Bank Co Ltd Class A,55101010,은행
600315,Shanghai Jahwa United Co.  Ltd Class A,54201020,개인 생활 필수 용품
601339,Bros Eastern Ltd Class A,53202010,직물 및 가죽제품
601992,BBMG Corp Class A,51202010,건설 자재
601512,China-Singapore Suzhou Industrial Park Development Group Co Ltd Class A,60101010,"부동산 임대, 개발 및 운영"
600420,Shanghai Shyndec Pharmaceutical Co Ltd Class A,56201040,제약
601096,Hsino Tower Group Co Ltd Class A,52102040,중전기장비
601068,China Aluminum International Engineering Corp Ltd Class A,52201020,건설 및 엔지니어링
603185,Hongyuan Green Energy Co Ltd Class A,50201010,재생 가능 에너지 장비 및 서비스
688020,Guangzhou Fangbang Electronics Co Ltd Class A,57104010,전자 장비 및 부품
600058,Minmetals Development Co Ltd Class A,51201020,철 및 강철
601222,Jiangsu Linyang Energy Co Ltd Class A,52102030,전기 부품 및 장비
688319,Chengdu Olymvax Biopharmaceuticals Inc Class A,56201040,제약
688153,Vanchip (Tianjin) Technology Co Ltd Class A,57101010,반도체
688182,Jiangsu Cai Qin Technology Co Ltd Class A,57104010,전자 장비 및 부품
600619,Shanghai Highly Group Co Ltd Class A,52102030,전기 부품 및 장비
600285,Henan Lingrui Pharmaceutical Co Ltd Class A,56201040,제약
603118,Shenzhen Gongjin Electronics Co Ltd Class A,57102010,통신 및 네트워킹
603983,Guangdong Marubi Biotechnology Co.  Ltd. Class A,54201020,개인 생활 필수 용품
688016,Shanghai MicroPort Endovascular MedTech Group Co Ltd Class A,56101020,"의료 장비, 물품 및 유통"
600461,Jiangxi Hongcheng Environment Co Ltd Class A,59103010,수자원 유틸리티
600859,Wangfujing Group Co Ltd Class A,53402010,백화점
603297,Ningbo Yongxin Optics Co Ltd Class A,57105010,사무기기
603927,Sinosoft Co Ltd Class A,57201020,소프트웨어
600635,Shanghai Dazhong Public Utilities Group Co Ltd Class A,59102010,천연가스 유틸리티
600864,Harbin Hatou Investment Co Ltd Class A,59104010,복합 유틸리티
688327,Cloudwalk Technology Co Ltd Class A,57201010,IT 서비스 및 컨설팅
600367,Guizhou Redstar Developing Co Ltd Class A,51101010,상품 화학
600559,Hebei Hengshui Laobaigan Liquor Co Ltd Class A,54101020,증류주 및 포도주
600268,Guodian Nanjing Automation Co Ltd Class A,52102040,중전기장비
688198,Beijing Balance Medical Technology Co Ltd Class A,56101020,"의료 장비, 물품 및 유통"
601952,Jiangsu Provincial Agricultural Reclamation and Development Co Ltd Class A,54102010,어업 및 농업
688306,Ningbo PIA Automation Holding Corp Class A,52102010,산업용 기계 및 장비
603040,Hangzhou XZB Tech Co Ltd Class A,53101020,"자동차, 트럭 및 오토바이 부품"
688090,Guangzhou Risong Intelligent Technology Holding Co Ltd Class A,52102010,산업용 기계 및 장비
603859,Nancal Technology Co Ltd Class A,57201020,소프트웨어
603601,Chongqing Zaisheng Technology Co Ltd Class A,51101030,특수 화학제
603538,Ningbo Menovo Pharmaceutical Co Ltd Class A,56201040,제약
688063,Pylon Technologies Co Ltd Class A,52102030,전기 부품 및 장비
600882,Shanghai Milkground Food Tech Co Ltd Class A,54102020,식품 가공
603281,Hubei Jianghan New Materials Co Ltd Class A,51101030,특수 화학제
603713,Milkyway Intelligent Supply Chain Service Group Co Ltd Class A,52405010,"배달, 우편, 항공 화물 및 육상 물류"
603693,Jiangsu New Energy Development Co Ltd Class A,59101010,전력 유틸리티
603099,ChangBai Mountain Tourism Co Ltd Class A,52406020,지상 및 해상 여객 운송
688508,Wuxi Chipown Micro-electronics Ltd Class A,57101010,반도체
601005,Chongqing Iron & Steel Co Ltd Class A,51201020,철 및 강철
600612,Lao Feng Xiang Co Ltd Class A,53202020,의류 및 액세서리
603757,Zhejiang Dayuan Pumps Industry Co Ltd Class A,52102010,산업용 기계 및 장비
600458,Zhu Zhou Times New Material Technology Co Ltd Class A,53101020,"자동차, 트럭 및 오토바이 부품"
601882,Ningbo Haitian Precision Machinery Co Ltd Class A,52102010,산업용 기계 및 장비
600376,Beijing Capital Development Co Ltd Class A,60101010,"부동산 임대, 개발 및 운영"
600006,DongFeng Automobile Co Ltd Class A,53101010,자동차 및 트럭 제조
600395,Guizhou Panjiang Refined Coal Co Ltd Class A,50101010,석탄
603093,Nanhua Futures Co Ltd Class A,52203040,경영 지원 서비스
603328,Guangdong Ellington Electronics Technology Co Ltd Class A,57101010,반도체
688663,WindSun Science Technology Co Ltd Class A,52102030,전기 부품 및 장비
603303,Hengdian Group Tospo Lighting Co Ltd Class A,52102030,전기 부품 및 장비
605060,Allied Machinery Co Ltd Class A,52102010,산업용 기계 및 장비
600248,Shaanxi Construction Engineering Group Corp Ltd Class A,52201020,건설 및 엔지니어링
688378,Jilin OLED Material Tech Co Ltd Class A,51101010,상품 화학
688610,Hefei I-TEK OptoElectronics Co Ltd Class A,52102010,산업용 기계 및 장비
603220,China Bester Group Telecom Co Ltd Class A,52201020,건설 및 엔지니어링
601801,Anhui Xinhua Media Co Ltd Class A,53302040,소비자 출판
600123,Shanxi Lanhua Sci-Tech Venture Co Ltd Class A,50101010,석탄
603052,Suzhou K-Hiragawa Electronic Technology Co Ltd Class A,57104010,전자 장비 및 부품
688698,Suzhou Veichi Electric Co Ltd Class A,52102030,전기 부품 및 장비
688371,Jiangsu Favored Nanotechnology Co Ltd Class A,51101010,상품 화학
600480,Ling Yun Industrial Corp Ltd Class A,53101020,"자동차, 트럭 및 오토바이 부품"
600666,Aurora Optoelectronics Co Ltd Class A,57104010,전자 장비 및 부품
600773,Tibet Urban Development and Investment Co Ltd Class A,60101010,"부동산 임대, 개발 및 운영"
600759,Geo-Jade Petroleum Corp Class A,50102020,"오일, 가스 탐사 및 생산"
601163,Triangle Tyre Co Ltd Class A,53101030,타이어 및 고무 제품
600509,Xinjiang Tianfu Energy Co Ltd Class A,59101010,전력 유틸리티
688138,Shenzhen Qingyi Photomask Ltd Class A,57104010,전자 장비 및 부품
603235,JiangXi Tianxin Pharmaceutical Co Ltd Class A,56201040,제약
603393,Xinjiang Xintai Natural Gas Co Ltd Class A,50102020,"오일, 가스 탐사 및 생산"
600326,Xizang Tianlu Co Ltd Class A,51202010,건설 자재
688068,Beijing Hotgen Biotech Co Ltd Class A,56101020,"의료 장비, 물품 및 유통"
600184,North Electro-Optic Co Ltd Class A,52101010,항공우주 및 방위
601022,Ningbo Ocean Shipping Co Ltd Class A,52405020,해양 화물 및 물류
601900,Southern Publishing and Media Co Ltd Class A,53302040,소비자 출판
600648,Shanghai Waigaoqiao Free Trade Zone Group Co Ltd Class A,60101010,"부동산 임대, 개발 및 운영"
600446,Shenzhen Kingdom Sci-Tech Co Ltd Class A,57201010,IT 서비스 및 컨설팅
688359,Guangzhou Sanfu New Materials Technology Co Ltd Class A,51101030,특수 화학제
600383,Gemdale Corp Class A,60101010,"부동산 임대, 개발 및 운영"
688275,Hubei Wanrun New Energy Technology Co Ltd Class A,51101010,상품 화학
603218,Riyue Heavy Industry Co Ltd Class A,51201020,철 및 강철
603619,Zhongman Petroleum and Natural Gas Group Corp Ltd Class A,50102020,"오일, 가스 탐사 및 생산"
600391,AECC Aero Science and Technology Co Ltd Class A,52101010,항공우주 및 방위
603883,LBX Pharmacy Chain JSC Class A,54301010,의약품 소매
603300,Zhejiang Haikong Nanke Huatie Digital Intelligence & Technology Co Ltd Class A,52203040,경영 지원 서비스
600662,Shanghai Foreign Service Holding Group Co Ltd Class A,52203030,고용 서비스
603992,Xiamen Solex High-Tech Industries Co Ltd Class A,53203020,건설 자재 및 비품
601949,China Publishing & Media Holdings Co Ltd Class A,53302040,소비자 출판
603690,PNC Process Systems Co Ltd Class A,52102010,산업용 기계 및 장비
600993,Mayinglong Pharmaceutical Group Co Ltd Class A,56201040,제약
600728,PCI Technology Group Co Ltd Class A,57201020,소프트웨어
600787,CMST Development Co Ltd Class A,52405010,"배달, 우편, 항공 화물 및 육상 물류"
688125,Guangdong Anda Automation Solutions Co Ltd Class A,52102010,산업용 기계 및 장비
600936,Guangxi Beitou Technology Co Ltd Class A,53302020,방송
600971,Anhui Hengyuan Coal Industry and Electricity Power Co Ltd Class A,50101010,석탄
688160,Kinco Automation Shanghai Co Ltd Class A,52102030,전기 부품 및 장비
600163,Zhongmin Energy Co Ltd Class A,59101020,민자 발전 사업
600360,JiLin Sino-Microelectronics Co Ltd Class A,57101010,반도체
603103,Hengdian Entertainment Co Ltd Class A,53301040,여가 및 오락시설
603027,Qianhe Condiment and Food Co Ltd Class A,54102020,식품 가공
603936,Bomin Electronics Co Ltd Class A,57101010,반도체
600718,Neusoft Corp Class A,57201020,소프트웨어
688543,Jiangxi Guoke Defence Group Co Ltd Class A,52101010,항공우주 및 방위
600037,Beijing Gehua CATV Network Co Ltd Class A,53302020,방송
603533,IReader Technology Co Ltd Class A,53302040,소비자 출판
688443,Chongqing Genrix Biopharmaceutical Co Ltd Class A,56202010,생명 공학 및 의학 연구
600507,Fangda Special Steel Technology Co Ltd Class A,51201020,철 및 강철
688717,SolaX Power Network Technology Zhejiang Co Ltd Class A,50201010,재생 가능 에너지 장비 및 서비스
688351,Shanghai MicroPort EP Medtech Co Ltd Class A,56101020,"의료 장비, 물품 및 유통"
688032,Hoymiles Power Electronics Inc Class A,52102030,전기 부품 및 장비
601003,Liuzhou Iron & Steel Co Ltd Class A,51201020,철 및 강철
605318,Fsilon Furnishing and Construction Materials Corp Class A,53203020,건설 자재 및 비품
600373,Chinese Universe Publishing and Media Group Co Ltd Class A,53302040,소비자 출판
603125,JiangSu Evergreen Material Technology Inc Co Class A,51101010,상품 화학
600033,Fujian Expressway Development Co Ltd Class A,52407030,고속도로 및 철도
603360,Dalian BIO-CHEM Co Ltd Class A,51101010,상품 화학
603583,Zhejiang Jiecang Linear Motion Technology Co Ltd Class A,52102030,전기 부품 및 장비
605006,Shandong Fiberglass Group Corp Class A,51202010,건설 자재
603327,Sichuan Furong Technology Co Ltd Class A,57104010,전자 장비 및 부품
600649,Shanghai Chengtou Holding Co Ltd Class A,60101010,"부동산 임대, 개발 및 운영"
601038,First Tractor Co Ltd Class A,52102020,중장비 및 차량
688662,Guangdong Fuxin Technology Co Ltd Class A,52102030,전기 부품 및 장비
605123,Wuxi Paike New Materials Technology Co Ltd Class A,51201020,철 및 강철
688376,MayAir Technology China Co Ltd Class A,52203010,환경 서비스 및 장비
688611,Hangzhou Kelin Electric Co Ltd Class A,52102030,전기 부품 및 장비
600363,Jiangxi Lian Chuang Optoelectronic Science and Technology Co Ltd Class A,57101010,반도체
688209,Shenzhen Injoinic Technology Co Ltd Class A,57101010,반도체
688190,Qingdao Yunlu Advanced Materials Technology Co Ltd Class A,51201020,철 및 강철
603057,Ziyan Foods Group Co Ltd Class A,54102020,식품 가공
605255,Ningbo Tip Rubber Technology Co Ltd Class A,53101030,타이어 및 고무 제품
600266,Beijing Urban Construction Investment & Development Co Ltd Class A,60101010,"부동산 임대, 개발 및 운영"
688583,Scantech Hangzhou Co Ltd Class A,52102010,산업용 기계 및 장비
688289,Sansure Biotech Inc Class A,56101020,"의료 장비, 물품 및 유통"
688293,Shanghai OPM Biosciences Co Ltd Class A,56201040,제약
601528,Zhejiang Shaoxing RuiFeng Rural Commercial Bank Co Ltd Class A,55101010,은행
600645,Vcanbio Cell & Gene Engineering Corp Ltd Class A,56101020,"의료 장비, 물품 및 유통"
600597,Bright Dairy & Food Co Ltd Class A,54102020,식품 가공
601811,Xinhua Winshare Publishing and Media Co Ltd Class A,53302040,소비자 출판
688231,Jiangsu Longda Superalloy Co Ltd Class A,51201050,특수 채굴 및 금속
688552,Aerospace Nanhu Electronic Information Technology Co Ltd Class A,52101010,항공우주 및 방위
601200,Shanghai Environment Group Co Ltd Class A,52203010,환경 서비스 및 장비
600757,Changjiang Publishing & Media Co Ltd Class A,53302040,소비자 출판
603319,Hunan Meihu Intelligent Manufacturing Co Ltd Class A,53101020,"자동차, 트럭 및 오토바이 부품"
688325,Guangdong Cellwise Microelectronics Co Ltd Class A,57101010,반도체
601860,Jiangsu Zijin Rural Commercial Bank Co Ltd Class A,55101010,은행
600198,Datang Telecom Technology Co Ltd Class A,57102010,통신 및 네트워킹
688227,Bingo Software Co Ltd Class A,57201020,소프트웨어
603100,Chongqing Chuanyi Automation Co Ltd Class A,52102010,산업용 기계 및 장비
600210,Shanghai Zijiang Enterprise Group Co Ltd Class A,51302010,용기(종이 제외) 및 포장재
603626,Kunshan Kersen Science & Technology Co Ltd Class A,51201020,철 및 강철
688697,Neway CNC Equipment Suzhou Co Ltd Class A,52102010,산업용 기계 및 장비
603712,TianJin 712 Communication & Broadcasting Co Ltd Class A,57102010,통신 및 네트워킹
603323,Jiangsu Suzhou Rural Commercial Bank Co Ltd Class A,55101010,은행
688139,Qingdao Haier Biomedical Co Ltd Class A,56101010,첨단 의료 장비 및 기술
605168,Three's Company Future Technology Group Co Ltd Class A,53302010,광고 및 마케팅
600328,CNSIG Inner Mongolia Chemical Industry Co Ltd Class A,51101010,상품 화학
605488,Zhejiang Fulai New Material Co Ltd Class A,51101030,특수 화학제
600129,Chongqing Taiji Industry Group Co Ltd Class A,56201040,제약
688253,Innovita Biological Technology Co Ltd Class A,56101020,"의료 장비, 물품 및 유통"
600307,Gansu Jiu Steel Group Hongxing Iron & Steel Co Ltd Class A,51201020,철 및 강철
600740,ShanXi Coking Co Ltd Class A,50101010,석탄
600693,Fujian Dongbai Group Co Ltd Class A,53402010,백화점
601311,Camel Group Co Ltd Class A,53101020,"자동차, 트럭 및 오토바이 부품"
688262,C*Core Technology Co Ltd Class A,57101010,반도체
603599,Anhui Guangxin Agrochemical Co Ltd Class A,51101020,농화학제
600556,Inmyshow Digital Technology Group Co Ltd Class A,53302010,광고 및 마케팅
600133,Wuhan East Lake High Technology Group Co Ltd Class A,52201020,건설 및 엔지니어링
688161,Shandong Weigao Orthopaedic Device Co Ltd Class A,56101020,"의료 장비, 물품 및 유통"
688165,EFORT Intelligent Robot Co Ltd Class A,57107010,통합 하드웨어 및 소프트웨어
688128,China National Electric Apparatus Research Institute Co Ltd Class A,52203040,경영 지원 서비스
600481,Shuangliang Eco-Energy Systems Co Ltd Class A,50201010,재생 가능 에너지 장비 및 서비스
603995,Yongjin Technology Group Co.  Ltd. Class A,51201020,철 및 강철
603169,Lanzhou LS Heavy Equipment Co Ltd Class A,52102030,전기 부품 및 장비
600185,Zhuhai Zhumian Group Co Ltd Class A,53403090,기타 전문 소매
603915,Jiangsu Guomao Reducer Co Ltd Class A,52102010,산업용 기계 및 장비
600273,Zhejiang Jiahua Energy Chemical Industry Co Ltd Class A,51101010,상품 화학
688076,Jiangsu Sinopep Allsino Biopharmaceutical Co Ltd Class A,56201040,제약
688261,Suzhou Oriental Semiconductor Co Ltd Class A,57101010,반도체
600269,Jiangxi Ganyue Expressway Co Ltd Class A,52407030,고속도로 및 철도
688035,Darbond Technology Co Ltd Class A,51101030,특수 화학제
603809,Chengdu Haoneng Technology Co Ltd Class A,53101020,"자동차, 트럭 및 오토바이 부품"
600996,Guizhou BC&TV Information Network Co Ltd Class A,53302020,방송
600094,Greattown Holdings Ltd Class A,60101010,"부동산 임대, 개발 및 운영"
603196,Shanghai Porigine Chemical Material Group Co Ltd Class A,53202020,의류 및 액세서리
600508,Shanghai Datun Energy Resources Co Ltd Class A,50101010,석탄
605298,Jiangsu Bide Science and Technology Co Ltd Class A,52102020,중장비 및 차량
600782,Xinyu Iron & Steel Co Ltd Class A,51201020,철 및 강철
601929,JiShi Media Co Ltd Class A,53302020,방송
603919,Jinhui Liquor Co Ltd Class A,54101020,증류주 및 포도주
688677,Qingdao NovelBeam Technology Co Ltd Class A,56101010,첨단 의료 장비 및 기술
600686,Xiamen King Long Motor Group Co Ltd Class A,53101010,자동차 및 트럭 제조
600683,Metro Land Corp Ltd Class A,60101010,"부동산 임대, 개발 및 운영"
603890,Suzhou Chunqiu Electronic Technology Co Ltd Class A,57104010,전자 장비 및 부품
688513,Chengdu Easton Biopharmaceuticals Co Ltd Class A,56201040,제약
601089,Beijing Foyou Pharma Co Ltd Class A,56201040,제약
688305,KEDE Numerical Control Co Ltd Class A,52102010,산업용 기계 및 장비
688091,Shanghai Yizhong Pharmaceutical Co Ltd Class A,56201040,제약
603399,Jinzhou Yongshan Lithium Co Ltd Class A,51201050,특수 채굴 및 금속
600812,North China Pharmaceutical Co Ltd Class A,56201040,제약
688239,Guizhou Aviation Technical Development Co Ltd Class A,52101010,항공우주 및 방위
600640,New Guomai Digital Culture Co Ltd Class A,53302030,엔터테인먼트 제작
688177,Bio-Thera Solutions Ltd Class A,56202010,생명 공학 및 의학 연구
688428,InnoCare Pharma Ltd Class A,56202010,생명 공학 및 의학 연구
688739,Liaoning Chengda Biotechnology Co Ltd Class A,56201040,제약
605319,Wuxi Zhenhua Auto Parts Co Ltd Class A,53101020,"자동차, 트럭 및 오토바이 부품"
600997,Kailuan Energy Chemical Co Ltd Class A,50101010,석탄
605116,Aurisco Pharmaceutical Co Ltd Class A,56201040,제약
600929,Snowsky Salt Industry Group Co Ltd Class A,54102020,식품 가공
603163,Acter Technology Integration Group Co Ltd Class A,52201020,건설 및 엔지니어링
688083,ZWSOFT Co Ltd Guangzhou Class A,57201020,소프트웨어
688456,GRIPM Advanced Materials Co Ltd Class A,51201050,특수 채굴 및 금속
600729,Chongqing Chongbai Technology Group Co ltd Class A,54301020,식품 소매 및 유통
603299,JiangSu Suyan Jingshen Co Ltd Class A,51101010,상품 화학
603202,Heilongjiang Tianyouwei Electronics Co Ltd Class A,53101020,"자동차, 트럭 및 오토바이 부품"
605016,Shandong Bailong Chuangyuan Bio-Tech Co Ltd Class A,54102020,식품 가공
600020,Henan Zhongyuan Expressway Co Ltd Class A,52407030,고속도로 및 철도
603013,YAPP Automotive Systems Co Ltd Class A,53101020,"자동차, 트럭 및 오토바이 부품"
688789,Hangzhou Honghua Digital Technology Stock Co Ltd Class A,52102010,산업용 기계 및 장비
603193,Runben Biotechnology Co Ltd Class A,53205010,장난감 및 어린이 제품
603219,Ningbo Fujia Industrial Co Ltd Class A,53204030,"가전제품, 도구 및 가정 용품"
600654,China Security Co Ltd Class A,52203040,경영 지원 서비스
603072,Baotou Tianhe Magnetics Technology Co Ltd Class A,52102030,전기 부품 및 장비
688337,Rigol Technologies Co Ltd Class A,52102030,전기 부품 및 장비
688586,Hefei Jianghang Aircraft Equipment Co Ltd Class A,52101010,항공우주 및 방위
600973,Baosheng Science and Technology Innovation Co Ltd Class A,52102030,전기 부품 및 장비
600399,Fushun Special Steel Co Ltd Class A,51201020,철 및 강철
603508,Henan Thinker Automatic Equipment Co Ltd Class A,57107010,통합 하드웨어 및 소프트웨어
603271,Yong Jie New Material Co Ltd Class A,51201030,알루미늄
600567,Shanying International Holdings Co Ltd Class A,51301020,종이 제품
600478,Hunan Corun New Energy Co Ltd Class A,52102030,전기 부품 및 장비
603612,Sunstone Development Co Ltd Class A,51101010,상품 화학
600751,HNA Technology Co Ltd Class A,52405020,해양 화물 및 물류
605222,Shanghai QiFan Cable Co Ltd Class A,52102030,전기 부품 및 장비
688486,Lontium Semiconductor Corp Class A,57101010,반도체
600017,Rizhao Port Co Ltd Class A,52407020,항만 운영 및 서비스
600935,Anhui Hwasu Co Ltd Class A,51101010,상품 화학
688112,Siglent Technologies Co Ltd Class A,52102010,산업용 기계 및 장비
603227,Xinjiang Xuefeng Sci-Tech (Group) Co Ltd Class A,50101010,석탄
603112,Shanxi Huaxiang Group Co Ltd Class A,51201020,철 및 강철
605305,3S Industry Group Inc Class A,52102020,중장비 및 차량
688691,Brite Semiconductor Shanghai Co Ltd Class A,57101010,반도체
688011,Harbin Xinguang Optic Electronics Technology Co Ltd Class A,57104010,전자 장비 및 부품
600389,Nantong Jiangshan Agrochemical & Chemicals Co Ltd Class A,51101020,농화학제
600639,Shanghai Jinqiao Export Processing Zone Development Co Ltd Class A,60101010,"부동산 임대, 개발 및 운영"
601700,Changshu Fengfan Power Equipment Co Ltd Class A,52102040,중전기장비
688522,Naruida Technology Co Ltd Class A,52101010,항공우주 및 방위
601595,Shanghai Film Co Ltd Class A,53301040,여가 및 오락시설
605100,Power HF Co Ltd Class A,53101020,"자동차, 트럭 및 오토바이 부품"
603680,KTK GROUP Co Ltd Class A,53101020,"자동차, 트럭 및 오토바이 부품"
605128,Shanghai Yanpu Precision Technology (Group) Co Ltd Class A,53101020,"자동차, 트럭 및 오토바이 부품"
600611,Dazhong Transportation (Group) Co Ltd Class A,52406020,지상 및 해상 여객 운송
600722,Hebei Jinniu Chemical Industry Co Ltd Class A,51101010,상품 화학
688050,Eyebright Medical Technology (Beijing) Co Ltd Class A,56101020,"의료 장비, 물품 및 유통"
601579,Kuaijishan Shaoxing Rice Wine Co Ltd Class A,54101020,증류주 및 포도주
603496,EmbedWay Technologies Shanghai Corp Class A,57106010,컴퓨터 하드웨어
601890,Asian Star Anchor Chain Co Ltd Jiangsu Class A,52102050,조선
603363,Fujian Aonong Biological Technology Group Incorporation Ltd Class A,54102010,어업 및 농업
688381,Dioo Microcircuits Co Ltd Jiangsu Class A,57101010,반도체
600055,Beijing Wandong Medical Technology Co Ltd Class A,56101010,첨단 의료 장비 및 기술
688221,Frontier Biotechnologies Inc Class A,56201040,제약
600889,Nanjing Chemical Fibre Co Ltd Class A,51101030,특수 화학제
601718,Jihua Group Corp Ltd Class A,53202020,의류 및 액세서리
600789,Shandong Lukang Pharmaceutical Co Ltd Class A,56201040,제약
603477,Leshan Giantstar Farming & Husbandry Corp Ltd Class A,54102010,어업 및 농업
603055,Zhejiang Taihua New Material Group Co Ltd Class A,53202010,직물 및 가죽제품
601828,Red Star Macalline Group Corp Ltd Class A,53403020,주택 개조 제품 및 서비스 소매
603033,Sanwei Holding Group Co Ltd Class A,53101030,타이어 및 고무 제품
600682,Nanjing Xinjiekou Department Store Co Ltd Class A,56102010,의료 시설 및 서비스
688252,Jadard Technology Inc Class A,57101010,반도체
688720,Jiangsu Aisen Semiconductor Material Co Ltd Class A,51101030,특수 화학제
688439,Guizhou Zhenhua Fengguang Semiconductor Co Ltd Class A,57101010,반도체
688179,Shanghai Aladdin Biochemical Technology Co Ltd Class A,56202010,생명 공학 및 의학 연구
605333,Kunshan Huguang Auto Harness Co Ltd Class A,53101020,"자동차, 트럭 및 오토바이 부품"
600736,Suzhou New District Hi-Tech Industrial Co Ltd Class A,60101010,"부동산 임대, 개발 및 운영"
600587,Shinva Medical Instrument Co Ltd Class A,56101020,"의료 장비, 물품 및 유통"
688277,Tinavi Medical Technologies Co Ltd Class A,56101010,첨단 의료 장비 및 기술
603687,Zhejiang Great Shengda Packaging Co Ltd Class A,51302020,종이 포장재
603043,Guangzhou Restaurant Group Co Ltd Class A,54102020,식품 가공
688155,Shanghai SK Automation Technology Co Ltd Class A,52102010,산업용 기계 및 장비
603053,Chengdu Gas Group Corp Ltd Class A,59102010,천연가스 유틸리티
688416,Zbit Semiconductor Inc Class A,57101010,반도체
688678,Freewon China Co Ltd Class A,57104010,전자 장비 및 부품
600846,Shanghai Tongji Science&Technology Industrial Co Ltd Class A,52201020,건설 및 엔지니어링
605008,Ningbo Changhong Polymer Scientific and Technical Inc Class A,53101030,타이어 및 고무 제품
688108,Sino Medical Sciences Technology Inc Class A,56101020,"의료 장비, 물품 및 유통"
688480,Science Environmental Protection Co Ltd Class A,52203010,환경 서비스 및 장비
600545,Saurer Intelligent Technology Co Ltd Class A,52102010,산업용 기계 및 장비
601908,Beijing Jingyuntong Technology Co Ltd Class A,57101010,반도체
603181,Zhejiang Huangma Technology Co Ltd Class A,51101030,특수 화학제
603075,Hangzhou Heatwell Electric Heating Technology Co Ltd Class A,52102030,전기 부품 및 장비
600502,Anhui Construction Engineering Group Corp Ltd Class A,52201020,건설 및 엔지니어링
600746,Jiangsu SOPO Chemical Co Ltd Class A,51101010,상품 화학
600075,Xinjiang Tianye Co Ltd Class A,51101010,상품 화학
600305,Jiangsu Hengshun Vinegar Industry Co Ltd Class A,54102020,식품 가공
603416,WuXi Xinje Electric Co Ltd Class A,52102010,산업용 기계 및 장비
601686,Tianjin You Fa Steel Pipe Group Stock Co Ltd Class A,51201020,철 및 강철
603257,China Nerin Engineering Co Ltd Class A,52201020,건설 및 엔지니어링
600618,Shanghai Chlor-Alkali Chemical Co Ltd Class A,51101010,상품 화학
688622,Guangzhou Hexin Instrument Co Ltd Class A,52102010,산업용 기계 및 장비
688628,Uni-Trend Technology (China) Co Ltd Class A,52102030,전기 부품 및 장비
600797,Insigma Technology Co Ltd Class A,57201010,IT 서비스 및 컨설팅
600251,Xinjiang Guannong Co Ltd Class A,54102010,어업 및 농업
603223,Hengtong Logistics Co Ltd Class A,50102030,"오일, 가스 정제 및 마케팅"
600917,Chongqing Gas Group Corp Ltd Class A,59102010,천연가스 유틸리티
603985,Jiangyin Hengrun Heavy Industries Co Ltd Class A,52102010,산업용 기계 및 장비
688087,Intco Recycling Resources Co Ltd Class A,51101010,상품 화학
600335,Sinomach Automobile Co Ltd Class A,53101010,자동차 및 트럭 제조
603123,Beijing Cuiwei Tower Co Ltd Class A,52203040,경영 지원 서비스
600657,Cinda Real Estate Co Ltd Class A,60101010,"부동산 임대, 개발 및 운영"
600724,Ningbo Fuda Co Ltd Class A,50102030,"오일, 가스 정제 및 마케팅"
605167,Jiangsu Libert Inc Class A,52201020,건설 및 엔지니어링
603466,Shanghai Fengyuzhu Culture Technology Co Ltd Class A,57201010,IT 서비스 및 컨설팅
688073,Bide Pharmatech Co Ltd Class A,56202010,생명 공학 및 의학 연구
600059,Zhejiang Guyuelongshan Shaoxing Wine Co Ltd Class A,54101020,증류주 및 포도주
603277,Yindu Kitchen Equipment Co Ltd Class A,53204030,"가전제품, 도구 및 가정 용품"
600252,Guangxi Wuzhou Zhongheng Group Co Ltd Class A,56201040,제약
688176,Jiangsu Yahong Meditech Co Ltd Class A,56202010,생명 공학 및 의학 연구
600903,Guizhou Gas Group Corp Ltd Class A,52201020,건설 및 엔지니어링
688093,Suzhou Shihua New Material Technology Co Ltd Class A,57104010,전자 장비 및 부품
688626,Xiangyu Medical Co Ltd Class A,56101010,첨단 의료 장비 및 기술
688621,Beijing Sun-Novo Pharmaceutical Research Co Ltd Class A,56202010,생명 공학 및 의학 연구
600078,Jiangsu ChengXing Phosph Chemicals Co Ltd Class A,51101090,다각적 화학 산업
603931,Hangzhou Greenda Electronic Materials Co Ltd Class A,51101030,특수 화학제
605133,Jiangsu Rongtai Industry Co Ltd Class A,53101020,"자동차, 트럭 및 오토바이 부품"
603166,Guilin Fuda Co Ltd Class A,53101020,"자동차, 트럭 및 오토바이 부품"
601330,Dynagreen Environmental Protection Group Co Ltd Class A,52203010,환경 서비스 및 장비
600861,FESCO Group Co Ltd Class A,52203030,고용 서비스
603977,Jiangxi Guotai Group Co Ltd Class A,51101010,상품 화학
600590,Tellhow Sci-Tech Co Ltd Class A,52102040,중전기장비
605007,Wuzhou Special Paper Group Co Ltd Class A,51302020,종이 포장재
600557,Jiangsu Kanion Pharmaceutical Co Ltd Class A,56201040,제약
600117,Xining Special Steel Co Ltd Class A,51201020,철 및 강철
603211,Jintuo Technology Co Ltd Class A,53101020,"자동차, 트럭 및 오토바이 부품"
688049,Actions Technology Co Ltd Class A,57101010,반도체
600866,Star Lake Bioscience Co Inc Zhaoqing Guangdong Class A,54102010,어업 및 농업
600708,Bright Real Estate Group Co Ltd Class A,60101010,"부동산 임대, 개발 및 운영"
601388,Ye Chiu Metal Recycling China Ltd Class A,51201030,알루미늄
603050,Shijiazhuang Kelin Electric Co Ltd Class A,52102040,중전기장비
601226,HuaDian Heavy Industries Co Ltd Class A,52201020,건설 및 엔지니어링
688488,Jiangsu Aidea Pharmaceutical Group Co Ltd Class A,56201040,제약
603279,Jingjin Equipment Inc Class A,52102010,산업용 기계 및 장비
688103,Kunshan Guoli Electronic Technology Co Ltd Class A,52102030,전기 부품 및 장비
600748,Shanghai Industrial Development Co Ltd Class A,60101010,"부동산 임대, 개발 및 운영"
688191,Zhiyang Innovation Technology Co Ltd Class A,57107010,통합 하드웨어 및 소프트웨어
600400,Jiangsu Hongdou Industrial Co Ltd Class A,53202020,의류 및 액세서리
600125,China Railway Tielong Container Logistics Co Ltd Class A,51201020,철 및 강철
688556,Qingdao Gaoce Technology Co Ltd Class A,57101020,반도체 장비 및 테스트
688418,Genew Technologies Co Ltd Class A,57102010,통신 및 네트워킹
600429,Beijing Sanyuan Foods Co Ltd Class A,54102020,식품 가공
603778,Grand Sunergy Tech Co Ltd Class A,57101010,반도체
601121,Xinjiang Baodi Mining Co Ltd Class A,51201020,철 및 강철
688312,Shenzhen Yanmade Technology Inc Class A,52102030,전기 부품 및 장비
688512,Smarter Microelectronics Guangzhou Co Ltd Class A,57101010,반도체
600715,Cultural Investment Holdings Co Ltd Class A,53301040,여가 및 오락시설
600828,Maoye Commercial Co Ltd Class A,53402010,백화점
600510,Black Peony Group Co Ltd Class A,60101010,"부동산 임대, 개발 및 운영"
600676,Shanghai Juss Sports and Entertainment Group Co Ltd Class A,52405030,지상 화물 및 물류
603091,Zhejiang Zhongxin Environmental Protection Technology Group Co Ltd Class A,51301020,종이 제품
603128,CTS International Logistics Corp Ltd Class A,52405010,"배달, 우편, 항공 화물 및 육상 물류"
603367,Cisen Pharmaceutical Co Ltd Class A,56201040,제약
601015,Shaanxi Heimao Coking Co Ltd Class A,51201020,철 및 강철
600422,KPC Pharmaceuticals Inc Class A,56201040,제약
605365,Leedarson IoT Technology Inc Class A,52102030,전기 부품 및 장비
600955,Lihuayi Weiyuan Chemical Co Ltd Class A,51101010,상품 화학
600158,China Sports Industry Group Co Ltd Class A,53301040,여가 및 오락시설
600325,Zhuhai Huafa Properties Co Ltd Class A,60101010,"부동산 임대, 개발 및 운영"
688699,Shenzhen Sunmoon Microelectronics Co Ltd Class A,57101010,반도체
600962,SDIC Zhonglu Fruit Juice Co Ltd Class A,54101030,무알콜 음료
603660,Suzhou Keda Technology Co Ltd Class A,57102010,통신 및 네트워킹
600604,Shanghai Shibei Hi-Tech Co Ltd Class A,60101010,"부동산 임대, 개발 및 운영"
603065,Suqian Unitech Corp Ltd Class A,51101030,특수 화학제
603887,Shanghai CDXJ Digital Technology Co Ltd Class A,57201010,IT 서비스 및 컨설팅
600881,Jilin Yatai Group Co Ltd Class A,51202010,건설 자재
601789,Ningbo Construction Co Ltd Class A,52201020,건설 및 엔지니어링
603897,Zhejiang Grandwall Electric Science&Technology Co Ltd Class A,52102030,전기 부품 및 장비
688478,Crystal Growth & Energy Equipment Inc Class A,57101020,반도체 장비 및 테스트
605011,Hangzhou Cogeneration Group Co Ltd Class A,59104010,복합 유틸리티
600771,GuangYuYuan Chinese Herbal Medicine Co Ltd Class A,56201040,제약
603229,Zhejiang Ausun Pharmaceutical Co Ltd Class A,56201040,제약
600713,Nanjing Pharmaceutical Group Co Ltd Class A,56201040,제약
688315,Novogene Co Ltd Class A,56102010,의료 시설 및 서비스
600169,Taiyuan Heavy Industry Co Ltd Class A,52102020,중장비 및 차량
688290,Hangzhou Boomy Intelligent Technology Co Ltd Class A,57104010,전자 장비 및 부품
600874,Tianjin Capital Environmental Protection Group Co Ltd Class A,59103010,수자원 유틸리티
688631,Nanjing Les Information Technology Co Ltd Class A,57107010,통합 하드웨어 및 소프트웨어
688550,XiAn Manareco New Materials Co Ltd Class A,57101010,반도체
603866,Toly Bread Co Ltd Class A,54102020,식품 가공
603861,GuangZhou Baiyun Electric Equipment Co Ltd Class A,52102030,전기 부품 및 장비
688365,Hangzhou Raycloud Technology Co Ltd Class A,57201020,소프트웨어
600780,Top Energy Company Ltd Shanxi Class A,59101010,전력 유틸리티
600195,China Animal Husbandry Industry Co Ltd Class A,56201040,제약
605598,Shanghai Geoharbour Construction Group Co Ltd Class A,52201020,건설 및 엔지니어링
688598,Kbc Corporation  Ltd Class A,52102010,산업용 기계 및 장비
603082,BZS (Beijing) Technology Development Co Ltd Class A,57107010,통합 하드웨어 및 소프트웨어
600770,Jiangsu Zongyi Co Ltd Class A,57101010,반도체
600775,Nanjing Panda Electronics Co Ltd Class A,57104010,전자 장비 및 부품
603071,ZJMI Environmental Energy Co Ltd Class A,50101010,석탄
603685,Zhejiang Chenfeng Technology Co Ltd Class A,52102030,전기 부품 및 장비
688518,Shenzhen United Winners Laser Co Ltd Class A,52102010,산업용 기계 및 장비
600987,Zhejiang Hangmin Co Ltd Class A,53202010,직물 및 가죽제품
600810,Shenma Industrial Co Ltd Class A,51101030,특수 화학제
600310,Guangxi Energy Co Ltd Class A,50102030,"오일, 가스 정제 및 마케팅"
688577,Zhejiang Headman Machinery Co Ltd Class A,52102010,산업용 기계 및 장비
605098,Shanghai Action Education Technology Co Ltd Class A,63103010,전문 및 비즈니스 교육
601515,Quzhou DFP New Material Group Co Ltd Class A,52203020,상업 인쇄 서비스
600468,Tianjin Benefo Tejing Electric Co Ltd Class A,52102040,중전기장비
688750,Hunan Xiangtou Goldsky Titanium Industry Technology Co Ltd Class A,51201050,특수 채굴 및 금속
600525,ChangYuan Technology Group Ltd Class A,52102030,전기 부품 및 장비
605188,Jiangxi Guoguang Commercial Chains Co Ltd Class A,54301020,식품 소매 및 유통
603517,Juewei Food Co Ltd Class A,54102020,식품 가공
600313,Zhongnongfa Seed Industry Group Co Ltd Class A,54102010,어업 및 농업
688787,Beijing Haitian Ruisheng Science Technology Ltd Class A,57201010,IT 서비스 및 컨설팅
600103,Fujian Qingshan Paper Industry Co Ltd Class A,51301020,종이 제품
600894,Guangzhou Guangri Stock Co Ltd Class A,52102040,중전기장비
688276,Changchun BCHT Biotechnology Co Class A,56201040,제약
688591,Telink Semiconductor Shanghai Co Ltd Class A,57101010,반도체
603200,Shanghai Emperor of Cleaning Hi-Tech Co Ltd Class A,52203010,환경 서비스 및 장비
603489,Bafang Electric Suzhou Co Ltd Class A,53101020,"자동차, 트럭 및 오토바이 부품"
688570,Beijing Tianma Intelligent Control Technology Co Ltd Class A,52102010,산업용 기계 및 장비
603197,Shanghai Baolong Automotive Corp Class A,53101020,"자동차, 트럭 및 오토바이 부품"
688685,Jiangsu Maixinlin Aviation Science and Technology Corp Class A,52101010,항공우주 및 방위
600966,Shandong Bohui Paper Industry Co Ltd Class A,51301020,종이 제품
688788,ShenZhen Consys Science&Technology Co Ltd Class A,57106010,컴퓨터 하드웨어
688079,Hangzhou MDK Opto Electronics Co Ltd Class A,57104010,전자 장비 및 부품
603010,Zhejiang Wansheng Co Ltd Class A,51101030,특수 화학제
605366,Jiangxi Hungpai New Material Co Ltd Class A,51101010,상품 화학
605178,Beijing New Space Technology Co Ltd Class A,52201020,건설 및 엔지니어링
600496,Chang Jiang&Jing Gong Steel Building (Group) Co Ltd Class A,52201020,건설 및 엔지니어링
600375,Hanma Technology Group Co Ltd Class A,52102020,중장비 및 차량
600815,Xiamen XGMA Machinery Co Ltd Class A,52102020,중장비 및 차량
688230,Shanghai Prisemi Electronics Co Ltd Class A,57101010,반도체
603368,Guangxi LiuYao Group Co Ltd Class A,56201040,제약
603758,Chongqing QinAn M&E PLC Class A,53101020,"자동차, 트럭 및 오토바이 부품"
603567,HeiLongJiang ZBD Pharmaceutical Co Ltd Class A,56201040,제약
600488,Jinyao Pharmaceutical Co Ltd Class A,56201040,제약
688185,CanSino Biologics Inc. Class A,56201040,제약
605288,Changzhou Kaidi Electrical Inc Class A,52102030,전기 부품 및 장비
600643,Shanghai AJ Group Co Ltd Class A,55102020,투자 관리 및 펀드 운영
688366,Shanghai Haohai Biological Technology Co Ltd Class A,56101020,"의료 장비, 물품 및 유통"
603108,Shanghai Runda Medical Technology Co Ltd Class A,56101020,"의료 장비, 물품 및 유통"
600368,Guangxi Wuzhou Communications Co Ltd Class A,52407030,고속도로 및 철도
601500,Jiangsu General Science Technology Co Ltd Class A,53101030,타이어 및 고무 제품
600851,Shanghai Haixin Group Co Ltd Class A,56201040,제약
688767,Hangzhou Biotest Biotech Co Ltd Class A,56101020,"의료 장비, 물품 및 유통"
600501,Aerosun Corp Class A,52102010,산업용 기계 및 장비
603155,Xinyaqiang Silicon Chemistry Co Ltd Class A,51101030,특수 화학제
605005,CWB Automotive Electronics Co Ltd Class A,53101020,"자동차, 트럭 및 오토바이 부품"
600829,HPGC Renmintongtai Pharmaceutical Corp Class A,56201040,제약
600975,Hunan New Wellful Co Ltd Class A,54102010,어업 및 농업
603373,Anbang Save-Guard Group Co Ltd Class A,52203040,경영 지원 서비스
603270,Shandong Golden Empire Precision Machinery Technology Co Ltd Class A,52102010,산업용 기계 및 장비
603213,Zhejiang Oceanking Development Co Ltd Class A,51101010,상품 화학
688799,Hunan Warrant Pharmaceutical Co Ltd Class A,56201040,제약
600617,Shanxi Guoxin Energy Corp Ltd Class A,59102010,천연가스 유틸리티
600108,Gansu Yasheng Industrial Group Co Ltd Class A,54102010,어업 및 농업
605056,Xianheng International Science & Technology Co Ltd Class A,52102010,산업용 기계 및 장비
688499,Guangdong Lyric Robot Automation Co Ltd Class A,57104010,전자 장비 및 부품
603867,Zhejiang Xinhua Chemical Co Ltd Class A,51101010,상품 화학
603068,Beken Corp Class A,57101010,반도체
603969,Silvery Dragon Group Co Ltd Tianjin Class A,51201020,철 및 강철
688526,Wuhan Keqian Biology Co Ltd Class A,56201040,제약
605018,Changhua Holding Group Co Ltd Class A,53101020,"자동차, 트럭 및 오토바이 부품"
688307,Jiaxing ZMAX Optech Co Ltd Class A,57106030,가정용 전자 제품
688232,Guotai Epoint Software Co Ltd Class A,57201020,소프트웨어
600203,Fujian Furi Electronics Co Ltd Class A,57102010,통신 및 네트워킹
600230,Cangzhou Dahua Co Ltd Class A,51101010,상품 화학
688109,Pinming Technology Co Ltd Class A,57201020,소프트웨어
688658,Youcare Pharmaceutical Group Co Ltd Class A,56201040,제약
600897,Xiamen International Airport Co Ltd Class A,52407010,공항 운영 및 서비스
600370,Jiangsu Sanfame Polyester Material Co Ltd Class A,51101090,다각적 화학 산업
603383,Fujian Apex Software Co Ltd Class A,57301010,핀테크
603776,Youon Technology Co Ltd Class A,57201020,소프트웨어
603595,Zhejiang Tony Electronic Co Ltd Class A,52102030,전기 부품 및 장비
600841,Shanghai New Power Automotive Technology Co Ltd Class A,52102020,중장비 및 차량
600698,Hunan Tyen Machinery Co Ltd Class A,53101020,"자동차, 트럭 및 오토바이 부품"
605183,Quechen Silicon Chemical Co Ltd Class A,51101010,상품 화학
688226,Wetown Electric Group Co Ltd Class A,52102030,전기 부품 및 장비
688601,Wuxi ETEK Microelectronics Co Ltd Class A,57101010,반도체
603708,Jiajiayue Group Co Ltd Class A,54301020,식품 소매 및 유통
688095,Fujian Foxit Software Development Joint Stock Co Ltd Class A,57201020,소프트웨어
688135,Guangdong Leadyo IC Testing Co Ltd Class A,57101020,반도체 장비 및 테스트
603135,Zhongzhong Science & Technology Tianjin Co Ltd Class A,52102010,산업용 기계 및 장비
603877,Ningbo Peacebird Fashion Co Ltd Class A,53403040,의류 및 액세서리 소매
600586,Shandong Jinjing Science & Technology Stock Co Ltd Class A,51101010,상품 화학
600227,Guizhou Chitianhua Co Ltd Class A,51101020,농화학제
600983,Whirlpool China Co Ltd Class A,53204030,"가전제품, 도구 및 가정 용품"
600255,Anhui Xinke New Materials Co Ltd Class A,51201050,특수 채굴 및 금속
603336,Great-Sun Foods Co Ltd Class A,54102010,어업 및 농업
603130,Zhejiang Yunzhongma Co Ltd Class A,53202010,직물 및 가죽제품
600730,China Hi-Tech Group Co Ltd Class A,63103010,전문 및 비즈니스 교육
600449,Ningxia Building Materials Group Co Ltd Class A,52405030,지상 화물 및 물류
601199,Jiangsu Jiangnan Water Co Ltd Class A,59103010,수자원 유틸리티
600855,Beijing Aerospace Changfeng Co Ltd Class A,52101010,항공우주 및 방위
688505,Shanghai Fudan-Zhangjiang Bio-Pharmaceutical Co Ltd Class A,56201040,제약
688719,XiAn Actionpower Electric Co Ltd Class A,52102030,전기 부품 및 장비
688117,ChengDu Sheng Nuo Biotec Co Ltd Class A,56201040,제약
601116,Sanjiang Shopping Club Co Ltd Class A,54301020,식품 소매 및 유통
688656,HOB Biotech Group Corp Ltd Class A,56101020,"의료 장비, 물품 및 유통"
688510,Wuxi Hyatech Co Ltd Class A,52101010,항공우주 및 방위
605277,Xinya Electronic Co Ltd Class A,52102030,전기 부품 및 장비
603012,Shanghai Chuangli Group Co Ltd Class A,51201070,채굴 지원 서비스 및 장비
603507,JiangSu Zhenjiang NewEnergy Equipment Co Ltd Class A,50201010,재생 가능 에너지 장비 및 서비스
600106,Chongqing Road & Bridge Co Ltd Class A,52407030,고속도로 및 철도
605339,Namchow Food Group Shanghai Co Ltd Class A,54102020,식품 가공
600576,Zhejiang Sunriver Culture Tourism Co Ltd Class A,53301040,여가 및 오락시설
600644,Leshan Electric Power Co Ltd Class A,59101010,전력 유틸리티
600592,Fujian Longxi Bearing Group Co Ltd Class A,52102010,산업용 기계 및 장비
605555,Ningbo Dechang Electrical Machinery Made Co Ltd Class A,53204030,"가전제품, 도구 및 가정 용품"
600691,Shanxi LuAn Chemical Technology Co Ltd Class A,51101090,다각적 화학 산업
600963,Yueyang Forest & Paper Co Ltd Class A,51301020,종이 제품
688408,Arctech Solar Holding Co Ltd Class A,50201010,재생 가능 에너지 장비 및 서비스
600477,Hang Xiao Steel Structure Co Ltd Class A,52201020,건설 및 엔지니어링
600433,Guangdong Guanhao High-Tech Co Ltd Class A,51301020,종이 제품
603400,Suzhou Huazhijie Telecom Co Ltd Class A,52102030,전기 부품 및 장비
688653,Grand Kangxi Communication Technologies Shanghai Co Ltd Class A,57101010,반도체
600223,Lushang Freda Pharmaceutical Co Ltd Class A,56201040,제약
600826,DLG Exhibitions & Events Corp Ltd Class A,52203040,경영 지원 서비스
600054,Huangshan Tourism Development Co Ltd Class A,53301040,여가 및 오락시설
688562,Beijing Shenzhou Aerospace Software Technology Co Ltd Class A,57201020,소프트웨어
603395,CNSIG Anhui Hongsifang Fertilizer Co Ltd Class A,51101020,농화학제
688151,Hubei Huaqiang High-Tech Co Ltd Class A,52203060,비즈니스 지원 용품
600425,Xinjiang Qingsong Building Materials and Chemicals Group Co Ltd Class A,51202010,건설 자재
688219,Orinko Advanced Plastics Co Ltd Class A,51101010,상품 화학
603609,Wellhope Foods Co Ltd Class A,54102010,어업 및 농업
600982,Ningbo Energy Group Co Ltd Class A,59103010,수자원 유틸리티
603333,Sunway Co Ltd Class A,52102030,전기 부품 및 장비
688733,Anhui Estone Materials Technology Co Ltd Class A,51101010,상품 화학
688334,XiAn High Voltage Apparatus Research Institute Co Ltd Class A,52203040,경영 지원 서비스
600742,Changchun FAWAY Group Automobile Components Co Ltd Class A,53101020,"자동차, 트럭 및 오토바이 부품"
603391,Zhejiang Liju Thermal Equipment Co Ltd Class A,52102030,전기 부품 및 장비
688173,Halo Microelectronics Co Ltd Class A,57101010,반도체
601968,Shanghai Baosteel Packaging Co Ltd Class A,51302010,용기(종이 제외) 및 포장재
603366,Solareast Holdings Co Ltd Class A,52102030,전기 부품 및 장비
600769,Wuhan Xianglong Power Industry Co Ltd Class A,59103010,수자원 유틸리티
603901,Hangzhou Youngsun Intelligent Equipment Co Ltd Class A,52102010,산업용 기계 및 장비
600081,Dongfeng Electronic Technology Co Ltd Class A,53101020,"자동차, 트럭 및 오토바이 부품"
600981,Jiangsu Soho High Hope Group Corp Class A,52202010,다각적 산업용 제품 도매
603587,Dazzle Fashion Co Ltd Class A,53202020,의류 및 액세서리
688386,Pan Asian Microvent Tech Jiangsu Corp Class A,51101030,특수 화학제
600035,Hubei Chutian Smart Communication Co Ltd Class A,52407030,고속도로 및 철도
688711,Macmic Science & Technology Co Ltd Class A,57101010,반도체
603686,Fulongma Group Co Ltd Class A,52203010,환경 서비스 및 장비
603610,Keeson Technology Corp Ltd Class A,53204040,가정용 가구
603275,Shanghai Zhongchen Electronic Technology Co Ltd Class A,52102030,전기 부품 및 장비
600237,Anhui Tongfeng Electronics Co Ltd Class A,57104010,전자 장비 및 부품
688721,ShenZhen Longtu Photomask Co Ltd Class A,57101010,반도체
688345,Guangdong Greenway Technology Co Ltd Class A,52102030,전기 부품 및 장비
600743,Beijing Huayuan Xinhang Holding Co Ltd Class A,53301010,"호텔, 모텔 및 크루즈 라인"
600756,Inspur Software Co Ltd Class A,57201010,IT 서비스 및 컨설팅
688320,Zhejiang Hechuan Technology Co Ltd Class A,52102030,전기 부품 및 장비
603988,SEC Electric Machinery Co Ltd Class A,52102040,중전기장비
600868,Guangdong Meiyan Jixiang Hydropower Co Ltd Class A,59101010,전력 유틸리티
605286,Jiangsu Tongli Tianqi Technology Co Ltd Class A,52102040,중전기장비
603855,Warom Technology Inc Co Class A,52102030,전기 부품 및 장비
688197,Shouyao Holdings Co Ltd Class A,56202010,생명 공학 및 의학 연구
688575,Shenzhen YHLO Biotech Co Ltd Class A,56101020,"의료 장비, 물품 및 유통"
600694,Dashang Co Ltd Class A,53402010,백화점
600784,Luyin Investment Group Co Ltd Class A,54102020,식품 가공
603848,Guangdong Hotata Technology Group Co Ltd Class A,53204030,"가전제품, 도구 및 가정 용품"
600593,Dalian Sunasia Tourism Holding Co Ltd Class A,53301040,여가 및 오락시설
603153,Shanghai Research Institute of Building Sciences Group Co Ltd Class A,52203040,경영 지원 서비스
603499,Shanghai Sunglow Packaging Technology Co Ltd Class A,51302020,종이 포장재
603098,Center International Group Co Ltd Class A,53203020,건설 자재 및 비품
601177,Hangzhou Advance Gearbox Group Co Ltd Class A,52102010,산업용 기계 및 장비
688707,Guizhou Zhenhua E-chem Inc Class A,51101030,특수 화학제
600189,JILIN QUANYANGQUAN Co Ltd Class A,54101030,무알콜 음료
601008,Jiangsu Lianyungang Port Co Ltd Class A,52407020,항만 운영 및 서비스
605228,Shentong Technology Group Co Ltd Class A,53101020,"자동차, 트럭 및 오토바이 부품"
688776,Guoguang Electric Co Ltd Chengdu Class A,57104010,전자 장비 및 부품
600278,Orient International Enterprise Ltd Class A,53202020,의류 및 액세서리
605287,Decai Decoration Co Ltd Class A,52201020,건설 및 엔지니어링
600825,Shanghai Xinhua Media Co Ltd Class A,53302040,소비자 출판
603380,Suzhou Etron Technologies Co Ltd Class A,52102010,산업용 기계 및 장비
688623,Zhejiang Shuangyuan Technology Co Ltd Class A,52102010,산업용 기계 및 장비
688170,Suzhou Delphi Laser Co Ltd Class A,57101020,반도체 장비 및 테스트
603889,Zhejiang Xinao Textiles Inc Class A,53202010,직물 및 가죽제품
603285,Shandong Jianbang New Material Co Ltd Class A,51101010,상품 화학
601086,Gansu Guofang Industry & Trade Group Co Ltd Class A,53402010,백화점
688566,Jiangsu Jibeier Pharmaceutical Co Ltd Class A,56201040,제약
603217,Yuanli Chemical Group Co Ltd Class A,51101030,특수 화학제
605050,Friend Co Ltd Class A,51201020,철 및 강철
603590,Beijing Konruns Pharmaceutical Co Ltd Class A,56201040,제약
603668,Fujian Tianma Science and Technology Group Co Ltd Class A,54102010,어업 및 농업
600603,Guanghui Logistics Co Ltd Class A,60101010,"부동산 임대, 개발 및 운영"
601518,Jilin Expressway Co Ltd Class A,52407030,고속도로 및 철도
600300,V V Food & Beverage Co Ltd Class A,54102020,식품 가공
603110,New East New Materials Co Ltd Class A,51101030,특수 화학제
600605,Shanghai Huitong Energy Co Ltd Class A,60101010,"부동산 임대, 개발 및 운영"
603131,Shanghai Hugong Electric Group Co Ltd Class A,52102010,산업용 기계 및 장비
603312,Suzhou West Deane New Power Electric Co Ltd Class A,52102030,전기 부품 및 장비
603666,Yijiahe Technology Co Ltd Class A,52102010,산업용 기계 및 장비
603727,BOMESC Offshore Engineering Co Ltd Class A,50103020,오일 관련 서비스 및 장비
600199,Anhui Golden Seed Winery Co Ltd Class A,54101020,증류주 및 포도주
600217,China Resources and Environment Co Ltd Class A,52203010,환경 서비스 및 장비
600284,Shanghai Pudong Construction Co Ltd Class A,52201020,건설 및 엔지니어링
688228,Ucap Cloud Information Technology Co Ltd Class A,57201020,소프트웨어
600138,China CYTS Tours Holding Co Ltd Class A,53301040,여가 및 오락시설
603170,Shanghai Bolex Food Technology Co Ltd Class A,54102020,식품 가공
605299,Shuhua Sports Co Ltd Class A,53205020,오락용 제품
601279,Changchun Engley Automobile Industry Co Ltd Class A,53101020,"자동차, 트럭 및 오토바이 부품"
605009,Hangzhou Haoyue Personal Care Co Ltd Class A,54201020,개인 생활 필수 용품
605580,Hengsheng Energy Co Ltd Class A,59103010,수자원 유틸리티
688101,Suntar Environmental Technology Co Ltd Class A,59103010,수자원 유틸리티
688348,Yuneng Technology Co Ltd Class A,57101010,반도체
601011,Baotailong New Materials Co Ltd Class A,51201020,철 및 강철
688225,Asiainfo Security Technologies Co Ltd Class A,57201020,소프트웨어
601002,Gem-Year Industrial Co Ltd Class A,52102010,산업용 기계 및 장비
600569,Anyang Iron and Steel Co Ltd Class A,51201020,철 및 강철
603212,Cybrid Technologies Inc Class A,50201010,재생 가능 에너지 장비 및 서비스
603701,Zhejiang Dehong Automotive Electronic & Electrical Co Ltd Class A,52102030,전기 부품 및 장비
688696,Xgimi Tech Co Ltd Class A,57106030,가정용 전자 제품
603191,Chongqing Wangbian Electric Group Corp Ltd Class A,52102040,중전기장비
603598,Inly Media Co Ltd Class A,53302010,광고 및 마케팅
603353,Hunan Heshun Petroleum Co Ltd Class A,50102030,"오일, 가스 정제 및 마케팅"
600288,Daheng New Epoch Technology Inc Class A,57201010,IT 서비스 및 컨설팅
600979,Sichuan Guangan AAA Public Co Ltd Class A,59104010,복합 유틸리티
603439,Guizhou Sanli Pharmaceutical Co Ltd Class A,56201040,제약
600191,Baotou Huazi Industry Co Ltd Class A,54102020,식품 가공
688683,GuangDong Leary New Material Technology Co Ltd Class A,52102030,전기 부품 및 장비
600513,Jiangsu Lianhuan Pharmaceutical Co Ltd Class A,56201040,제약
603310,Zhejiang Weihua New Material Co Ltd Class A,51101010,상품 화학
688410,SWS Hemodialysis Care Co Ltd Class A,56101010,첨단 의료 장비 및 기술
605377,Hangzhou Huawang New Material Technology Co Ltd Class A,51301020,종이 제품
600990,Sun Create Electronics Co Ltd Class A,52101010,항공우주 및 방위
688282,Beijing Navigation Control Technology Co Ltd Class A,52101010,항공우주 및 방위
603158,Changzhou Tenglong Auto Parts Co Ltd Class A,53101020,"자동차, 트럭 및 오토바이 부품"
688085,Shanghai Sanyou Medical Co Ltd Class A,56101020,"의료 장비, 물품 및 유통"
600495,Jinxi Axle Co Ltd Class A,53101010,자동차 및 트럭 제조
603286,Jiangsu Riying Electronics Co Ltd Class A,53101020,"자동차, 트럭 및 오토바이 부품"
600279,Chongqing Port Co Ltd Class A,52202010,다각적 산업용 제품 도매
688007,Appotronics Corp Ltd Class A,57104010,전자 장비 및 부품
688207,Beijing Deep Glint Technology Co Ltd Class A,57201020,소프트웨어
603711,Xiangpiaopiao Food Co Ltd Class A,54102020,식품 가공
600336,Aucma Co Ltd Class A,53204030,"가전제품, 도구 및 가정 용품"
603173,Hangzhou Fortune Gas Cryogenic Group Co Ltd Class A,52102010,산업용 기계 및 장비
600817,Yutong Heavy Industries Co Ltd Class A,52102020,중장비 및 차량
600610,Guizhou Zhongyida Co Ltd Class A,51101010,상품 화학
600197,Xinjiang Yilite Industry Co Ltd Class A,54101020,증류주 및 포도주
688539,NanJing GOVA Technology Co Ltd Class A,57101010,반도체
600073,Shanghai Bright Meat Group Co Ltd Class A,54102020,식품 가공
603122,Cowealth Medical China Co Ltd Class A,56101020,"의료 장비, 물품 및 유통"
600939,Chongqing Construction Engineering Group Co Ltd Class A,52201020,건설 및 엔지니어링
603111,Nanjing Kangni Mechanical & Electrical Co Ltd Class A,52102020,중장비 및 차량
688356,Jenkem Technology Co Ltd Class A,51101030,특수 화학제
600814,Hangzhou Jiebai Group Co Ltd Class A,53402010,백화점
600479,ZhuZhou QianJin Pharmaceutical Co Ltd Class A,56201040,제약
600571,Sunyard Technology Co Ltd Class A,57301010,핀테크
603511,Aimer Co Ltd Class A,53202020,의류 및 액세서리
601566,Joeone Co Ltd Class A,53202020,의류 및 액세서리
600351,Yabao Pharmaceutical Group Co Ltd Class A,56201040,제약
600308,Shandong Huatai Paper Industry Shareholding Co Ltd Class A,51301020,종이 제품
600790,Zhejiang China Light & Textile Industrial City Group Co Ltd Class A,60101010,"부동산 임대, 개발 및 운영"
600231,Lingyuan Iron & Steel Co Ltd Class A,51201020,철 및 강철
688389,Shenzhen Lifotronic Technology Co Ltd Class A,56101020,"의료 장비, 물품 및 유통"
600207,Henan Ancai Hi-tech Co Ltd Class A,51101010,상품 화학
600121,Zhengzhou Coal Industry & Electric Power Co Ltd Class A,50101010,석탄
688580,Nanjing Vishee Medical Technology Co Ltd Class A,56101010,첨단 의료 장비 및 기술
603187,Qingdao Hiron Commercial Cold Chain Co Ltd Class A,52102030,전기 부품 및 장비
688609,Unionman Technology Co Ltd Class A,57102010,통신 및 네트워킹
603387,Getein Biotech Inc Class A,56101020,"의료 장비, 물품 및 유통"
605338,Zhongyin Babi Food Co Ltd Class A,54102020,식품 가공
688377,Nanjing Develop Advanced Manufacturing Co Ltd Class A,50103020,오일 관련 서비스 및 장비
603097,Jiangsu Huachen Transformer Co Ltd Class A,52102040,중전기장비
603004,Zhejiang Dragon Technology Co Ltd Class A,51101010,상품 화학
601588,Beijing North Star Co Ltd Class A,60101010,"부동산 임대, 개발 및 운영"
605368,Henan Lantian Gas Co Ltd Class A,59102010,천연가스 유틸리티
603088,JDM Jingda Machine (Ningbo) Co Ltd Class A,52102010,산업용 기계 및 장비
688210,Shenzhen Pacific Union Precision Manufacturing Co Ltd Class A,52102010,산업용 기계 및 장비
688379,Hangzhou Huaguang Advanced Welding Materials Co Ltd Class A,51201050,특수 채굴 및 금속
603106,Cashway Fintech Co Ltd Class A,57106010,컴퓨터 하드웨어
600469,Aeolus Tyre Co Ltd Class A,53101030,타이어 및 고무 제품
688238,Shanghai Obio Technology (Group) Corp Ltd Class A,56201040,제약
603777,Shanghai Laiyifen Co Ltd Class A,54301020,식품 소매 및 유통
603222,Chimin Health Management Co Ltd Class A,56101020,"의료 장비, 물품 및 유통"
600551,Time Publishing and Media Co Ltd Class A,53302040,소비자 출판
600088,China Television Media Ltd Class A,53302030,엔터테인먼트 제작
603070,Wecome Intelligent Manufacturing Co Ltd Class A,52102040,중전기장비
603210,Zhejiang Tion Vanly Tech Co Ltd Class A,53101020,"자동차, 트럭 및 오토바이 부품"
600758,Liaoning Energy Industry Co Ltd Class A,50101010,석탄
603398,Mubang High Tech Co Ltd Class A,50201010,재생 가능 에너지 장비 및 서비스
688330,Shanghai Holystar Electrical Technology Co Ltd Class A,52102040,중전기장비
600626,Shanghai Shenda Co Ltd Class A,53101020,"자동차, 트럭 및 오토바이 부품"
688667,Wuhan Lincontrol Automotive Electronics Systems Co Ltd Class A,53101020,"자동차, 트럭 및 오토바이 부품"
603216,Mengtian Home Group Inc Class A,53203020,건설 자재 및 비품
600084,Citic Niya Wine Co Ltd Class A,54101020,증류주 및 포도주
600523,Guizhou Guihang Automotive Components Co Ltd Class A,53101020,"자동차, 트럭 및 오토바이 부품"
603767,Zhejiang Zomax Transmission Co Ltd Class A,53101020,"자동차, 트럭 및 오토바이 부품"
603408,Runner (Xiamen) Corp Class A,53203020,건설 자재 및 비품
601113,Yiwu Huading Nylon Co Ltd Class A,51101030,특수 화학제
600681,Bestsun Energy Co Ltd Class A,59102010,천연가스 유틸리티
603916,Sobute New Materials Co Ltd Class A,51101030,특수 화학제
603348,Wencan Group Co Ltd Class A,53101020,"자동차, 트럭 및 오토바이 부품"
600658,Beijing Electronic Zone High-tech Group Co Ltd Class A,60101010,"부동산 임대, 개발 및 운영"
600976,Jianmin Pharmaceutical Group Co Ltd Class A,56201040,제약
603803,Raisecom Technology Co Ltd Class A,57102010,통신 및 네트워킹
688665,Cubic Sensor and Instrument Co Ltd Class A,57104010,전자 장비 및 부품
603365,Shanghai Shuixing Home Textile Co Ltd Class A,53204040,가정용 가구
601218,Jiangsu SINOJIT Wind Energy Technology Co Ltd Class A,50201010,재생 가능 에너지 장비 및 서비스
688119,Sinosteel Luonai Materials Technology Co Ltd Class A,51202010,건설 자재
600101,Sichuan Mingxing Electric Power Co Ltd Class A,59101010,전력 유틸리티
603683,Shanghai Smith Adhesive New Material Co Ltd Class A,51101030,특수 화학제
603528,Duolun Technology Corp Ltd Class A,57107010,통합 하드웨어 및 소프트웨어
605300,Jiahe Foods Industry Co Ltd Class A,54102020,식품 가공
603669,Lionco Pharmaceutical Group Co Ltd Class A,56201040,제약
600178,Harbin Dongan Auto Engine Co Ltd Class A,53101020,"자동차, 트럭 및 오토바이 부품"
603032,Delixi New Energy Technology Co Ltd Class A,52102010,산업용 기계 및 장비
600283,Qian Jiang Water Resources Development Co Ltd Class A,59103010,수자원 유틸리티
688196,Longyan Zhuoyue New Energy Co Ltd Class A,50201020,재생 가능 연료
600568,Zhongzhu Healthcare Holding Co Ltd Class A,56102010,의료 시설 및 서비스
603661,Henglin Home Furnishings Co Ltd Class A,53204040,가정용 가구
600071,Phenix Optics Co Ltd Class A,57105010,사무기기
600796,Zhejiang Qianjiang Biochemical Co Ltd Class A,52201020,건설 및 엔지니어링
603016,Wuxi New Hongtai Electrical Technology Co Ltd Class A,52102030,전기 부품 및 장비
600880,Chengdu B-ray Media Co Ltd Class A,57201020,소프트웨어
603206,Bestlink Technologies Co Ltd Class A,57401020,무선 통신 서비스
603209,Xingtong Shipping Co Ltd Class A,52405020,해양 화물 및 물류
603060,China Testing & Certification International Group Co Ltd Class A,52203040,경영 지원 서비스
600382,Guangdong Mingzhu Group Co Ltd Class A,51201020,철 및 강철
600173,Wolong New Energy Group Co Ltd Class A,60101010,"부동산 임대, 개발 및 운영"
603681,Shanghai Yongguan Adhesive Products Corp Ltd Class A,51101030,특수 화학제
603007,Danyang SYNGEN Intelligent Technology Co Ltd Class A,52201020,건설 및 엔지니어링
603611,Noblelift Intelligent Equipment Co Ltd Class A,52102010,산업용 기계 및 장비
601065,Jiangxi Salt Industry Group Co Ltd Class A,51101010,상품 화학
688679,Anhui Tongyuan Environment Energy Saving Co Ltd Class A,52203010,환경 서비스 및 장비
688236,Beijing Chunlizhengda Medical Instruments Co Ltd Class A,56101020,"의료 장비, 물품 및 유통"
603325,Shanghai Bloom Technology Inc Class A,52102040,중전기장비
688648,China Post Technology Co Ltd Class A,52102010,산업용 기계 및 장비
600152,Veken Technology Co Ltd Class A,52102030,전기 부품 및 장비
605086,Longyan Kaolin Clay Co Ltd Class A,51202010,건설 자재
688429,Changzhou Shichuang Energy Co Ltd Class A,50201010,재생 가능 에너지 장비 및 서비스
603918,Shanghai Golden Bridge InfoTech Co Ltd Class A,57201010,IT 서비스 및 컨설팅
603912,Nanjing Canatal Data-Centre Environmental Tech Co Ltd Class A,52102030,전기 부품 및 장비
688247,Sinotherapeutics Inc Class A,56201040,제약
603956,WPG (Shanghai) Smart Water Public Co Ltd Class A,52102010,산업용 기계 및 장비
605577,Heilongjiang Publishing & Media Holdings Co Ltd Class A,53302040,소비자 출판
688639,Anhui Huaheng Biotechnology Co Ltd Class A,54102020,식품 가공
688595,Chipsea Technologies Shenzhen Corp Ltd Class A,57101010,반도체
603018,China Design Group Co Ltd Class A,52201020,건설 및 엔지니어링
603322,Super Telecom Co Ltd Class A,57201010,IT 서비스 및 컨설팅
688581,Hangzhou AGS MedTech Co Ltd Class A,56101010,첨단 의료 장비 및 기술
603015,Ningbo Techmation Co Ltd Class A,52102010,산업용 기계 및 장비
600714,Qinghai Jinrui Mining Development Co Ltd Class A,51101010,상품 화학
600558,Atlantic China Welding Consumables Inc Class A,52102010,산업용 기계 및 장비
600609,Jinbei Automotive Co Ltd Class A,53101020,"자동차, 트럭 및 오토바이 부품"
603344,Cinderson Tech Suzhou Co Ltd Class A,52102030,전기 부품 및 장비
603869,ENC Digital Technology Co Ltd Class A,57201010,IT 서비스 및 컨설팅
603697,YouYou Foods Co Ltd Class A,54102020,식품 가공
600337,Markor International Home Furnishings Co Ltd Class A,53204040,가정용 가구
600168,Wuhan Sanzhen Industry Holding Co Ltd Class A,59103010,수자원 유틸리티
603960,Shanghai Kelai Mechatronics Engineering Co Ltd Class A,53101020,"자동차, 트럭 및 오토바이 부품"
688010,Fujian Forecam Optics Co Ltd Class A,57106030,가정용 전자 제품
600340,China Fortune Land Development Co Ltd Class A,60101010,"부동산 임대, 개발 및 운영"
605088,GSP Automotive Group Wenzhou Co Ltd Class A,53101020,"자동차, 트럭 및 오토바이 부품"
603121,Shanghai Sinotec Co Ltd Class A,53101020,"자동차, 트럭 및 오토바이 부품"
603339,Square Technology Group Co Ltd Class A,52102010,산업용 기계 및 장비
688136,Kexing Biopharm Co Ltd Class A,56201040,제약
600819,Shanghai Yaohua Pilkington Glass Group Co Ltd Class A,51101010,상품 화학
603636,Linewell Software Co Ltd Class A,57107010,통합 하드웨어 및 소프트웨어
603165,Zhejiang Rongsheng Environmental Protection Paper Joint Stock Co Ltd Class A,51301020,종이 제품
688061,Shanghai Orient-Chip Technology Co Ltd Class A,57101010,반도체
603178,Ningbo Shenglong Automotive Powertrain System Co Ltd Class A,53101020,"자동차, 트럭 및 오토바이 부품"
688267,China Catalyst Holding Co Ltd Class A,51101010,상품 화학
603324,Shanghai Shengjian Technology Co Ltd Class A,52203010,환경 서비스 및 장비
688311,Chengdu M&S Electronics Technology Co Ltd Class A,52101010,항공우주 및 방위
603069,Hainan Haiqi Transportation Group Co Ltd Class A,52406020,지상 및 해상 여객 운송
603062,MEGA P&C Advanced Materials Shanghai Co Ltd Class A,51101010,상품 화학
688212,Shanghai Aohua Photoelectricity Endoscope Co Ltd Class A,56101010,첨단 의료 장비 및 기술
600650,Shanghai Jin Jiang Online Network Service Co Ltd Class A,52405010,"배달, 우편, 항공 화물 및 육상 물류"
688360,Damon Technology Group Co Ltd Class A,52102040,중전기장비
688590,Shanghai Newtouch Software Co Ltd Class A,57201020,소프트웨어
600505,Sichuan Xichang Electric Power Co Ltd Class A,59101010,전력 유틸리티
603978,Shenzhen Sunxing Light Alloys Materials Co Ltd Class A,51201030,알루미늄
603615,Chahua Modern Housewares Co Ltd Class A,54201010,가정용 제품
603966,Eurocrane (China) Co Ltd Class A,52102020,중장비 및 차량
600261,Zhejiang Yankon Group Co Ltd Class A,52102030,전기 부품 및 장비
600135,Lucky Film Co Ltd Class A,57106030,가정용 전자 제품
603167,Bohai Ferry Group Co Ltd Class A,52406020,지상 및 해상 여객 운송
603081,Zhejiang Dafeng Industry Co Ltd Class A,53302030,엔터테인먼트 제작
605268,Wangli Security & Surveillance Product Co Ltd Class A,53203020,건설 자재 및 비품
688186,Zhangjiagang Guangda Special Material Co Ltd Class A,51201020,철 및 강철
688133,Shanghai Titan Scientific Co Ltd Class A,51101030,특수 화학제
603107,Shanghai Automobile Air-Conditioner Accessories Co Ltd Class A,53101020,"자동차, 트럭 및 오토바이 부품"
688211,Wayzim Technology Co Ltd Class A,52102010,산업용 기계 및 장비
603035,Jiangsu Changshu Automotive Trim Group Co Ltd Class A,53101020,"자동차, 트럭 및 오토바이 부품"
600725,Yunnan Yunwei Co Ltd Class A,50101010,석탄
603716,Thalys Medical Technology Group Corp Class A,56101020,"의료 장비, 물품 및 유통"
688023,DBAPPSecurity Co Ltd Class A,57201010,IT 서비스 및 컨설팅
600165,Ningxia Zhongke Biotechnology Co Ltd Class A,51101010,상품 화학
688168,Beijing ABT Networks Co Ltd Class A,57201020,소프트웨어
600520,HIIG Trinity (Anhui) Technology Co Ltd Class A,52102010,산업용 기계 및 장비
603232,Koal Software Co Ltd Class A,57201020,소프트웨어
603330,Tianyang New Materials (Shanghai) Technology Co Ltd Class A,51101030,특수 화학제
600800,Tian Jin Bohai Chemical Co Ltd Class A,51101010,상품 화학
603676,Xizang Weixinkang Pharmaceutical Co Ltd Class A,56201040,제약
600628,Shanghai New World Co Ltd Class A,56201040,제약
603719,Bestore Co Ltd Class A,54301020,식품 소매 및 유통
601368,Guangxi Nanning Waterworks Group Co Ltd Class A,59103010,수자원 유틸리티
600860,Beijing Jingcheng Machinery Electric Co Ltd Class A,52102010,산업용 기계 및 장비
688298,Zhejiang Orient Gene Biotech Co Ltd Class A,56101020,"의료 장비, 물품 및 유통"
600526,Zhejiang Feida Environmental Science & Technology Co Ltd Class A,52203010,환경 서비스 및 장비
688269,Kaili Catalyst & New Materials Co Ltd Class A,51101010,상품 화학
603421,Qingdao Topscomm Communication Co Ltd Class A,52102030,전기 부품 및 장비
603520,Zhejiang Starry Pharmaceutical Co Ltd Class A,56201040,제약
688489,Sansec Technology Co Ltd Class A,57107010,통합 하드웨어 및 소프트웨어
603090,Wuxi Hongsheng Heat Exchanger Manufacturing Co Ltd Class A,52102010,산업용 기계 및 장비
600127,Jinjian Cereals Industry Co Ltd Class A,54102020,식품 가공
688606,Hangzhou Alltest Biotech Co Ltd Class A,56202010,생명 공학 및 의학 연구
603239,Zhejiang Xiantong Rubber&Plastic Co Ltd Class A,53101020,"자동차, 트럭 및 오토바이 부품"
603703,Zhejiang Shengyang Science and Technology Co Ltd Class A,57102010,통신 및 네트워킹
600067,Citychamp Dartong Advanced Materials Co Ltd Class A,52102030,전기 부품 및 장비
603429,Anhui Genuine New Materials Co Ltd Class A,52203020,상업 인쇄 서비스
603113,Jinneng Science & Technology Co Ltd Class A,51101010,상품 화학
603138,Beijing Vastdata Technology Co Ltd Class A,57201020,소프트웨어
603207,Shanghai Xiao Fang Pharmaceutical Co Ltd Class A,56201040,제약
605388,Juneyao Grand Healthy Drinks Co Ltd Class A,54102020,식품 가공
688039,Hangzhou Arcvideo Technology Co Ltd Class A,57201020,소프트웨어
688768,Anhui Ronds Science & Technology Inc Co Class A,52102010,산업용 기계 및 장비
600212,Gresgying Digital Energy Technology Co Ltd Class A,52102030,전기 부품 및 장비
603255,Liaoning Dingjide Petrochemical Co Ltd Class A,51101010,상품 화학
605337,Zhe Jiang Li Zi Yuan Food Co Ltd Class A,54101030,무알콜 음료
688302,Hinova Pharmaceuticals Inc Class A,56202010,생명 공학 및 의학 연구
603291,Jiangsu United Water Technology Co Ltd Class A,59103010,수자원 유틸리티
688588,Linkage Software Co Ltd Class A,57201020,소프트웨어
600527,Jiangsu Jiangnan High Polymer Fiber Co Ltd Class A,51101030,특수 화학제
600684,Guangzhou Pearl River Development Group Co Ltd Class A,60101020,부동산 서비스
603315,Liaoning Fu-An Heavy Industry Co Ltd Class A,51201020,철 및 강철
600824,Shanghai Yimin Commercial Group Co Ltd Class A,53402010,백화점
600333,Changchun Gas Co Ltd Class A,59102010,천연가스 유틸리티
600805,Jiangsu Yueda Investment Co Ltd Class A,53202010,직물 및 가죽제품
688075,Assure Tech (Hangzhou) Co Ltd Class A,56101020,"의료 장비, 물품 및 유통"
605369,Zhejiang Gongdong Medical Technology Co Ltd Class A,56101020,"의료 장비, 물품 및 유통"
600794,Zhangjiagang Freetrade Science & Technology Group Co Ltd Class A,51101010,상품 화학
688399,Jiangsu Bioperfectus Technologies Co Ltd Class A,56101020,"의료 장비, 물품 및 유통"
603579,Shanghai Rongtai Health Technology Corp Ltd Class A,53204030,"가전제품, 도구 및 가정 용품"
688299,Ningbo Solartron Technology Co Ltd Class A,51101010,상품 화학
603396,Yingkou Jinchen Machinery Co Ltd Class A,52102010,산업용 기계 및 장비
600830,Sunny Loan Top Co Ltd Class A,55101050,기업 금융 서비스
605378,Zhejiang Mustang Battery Co Ltd Class A,52102030,전기 부품 및 장비
603639,Hailir Pesticides and Chemicals Group Co Ltd Class A,51101020,농화학제
603126,Sinoma Energy Conservation Ltd Class A,52201020,건설 및 엔지니어링
603109,Senci Electric Machinery Co Ltd Class A,52102030,전기 부품 및 장비
600734,Fujian Start Group Co Ltd Class A,52203040,경영 지원 서비스
603313,Healthcare Co Ltd Class A,53204040,가정용 가구
605186,Shanghai General Healthy Information and Technology Co Ltd Class A,56101020,"의료 장비, 물품 및 유통"
603566,Pulike Biological Engineering Inc Class A,56201040,제약
688569,Beijing Tieke Shougang Railway-Tech Co Ltd Class A,52102010,산업용 기계 및 장비
603105,Zhejiang Sunoren Solar Technology Co Ltd Class A,59101010,전력 유틸리티
688157,Sokan New Materials Group Co Ltd Class A,51101010,상품 화학
603381,Yonz Technology Co Ltd Class A,51201030,알루미늄
600262,Inner Mongolia North Hauler Joint Stock Co Ltd Class A,52102020,중장비 및 차량
688283,Chengdu KSW Technologies Co Ltd Class A,52102010,산업용 기계 및 장비
600327,Wuxi Commercial Mansion Grand Orient Co Ltd Class A,56102010,의료 시설 및 서비스
688373,Shanghai MicuRx Pharmaceutical Co Ltd Class A,56201040,제약
603351,Nanjing Well Pharmaceutical Group Co Ltd Class A,50102030,"오일, 가스 정제 및 마케팅"
603569,Beijing Changjiu Logistics Corp Class A,52405030,지상 화물 및 물류
688533,Suzhou Sonavox Electronics Co Ltd Class A,53101020,"자동차, 트럭 및 오토바이 부품"
688636,Chengdu Zhimingda Electronics Co Ltd Class A,57107010,통합 하드웨어 및 소프트웨어
600581,Xinjiang Ba Yi Iron & Steel Co Ltd Class A,51201020,철 및 강철
603116,Zhejiang Red Dragonfly Footwear Co Ltd Class A,53202030,제화
603665,ZheJiang KangLongDa Special Protection Technology Co Ltd Class A,53202020,의류 및 액세서리
603051,Guangzhou Lushan New Materials Co Ltd Class A,51101030,특수 화학제
600503,Deluxe Family Co Ltd Class A,60101010,"부동산 임대, 개발 및 운영"
688084,Beijing JingPinTeZhuang Science and Technology Co Ltd Class A,52101010,항공우주 및 방위
688339,Beijing SinoHytec Co Ltd Class A,53101020,"자동차, 트럭 및 오토바이 부품"
603309,Well Lead Medical Co Ltd Class A,56101020,"의료 장비, 물품 및 유통"
603630,Lafang China Co Ltd Class A,54201020,개인 생활 필수 용품
603535,Guangzhou Jiacheng International Logistics Co Ltd Class A,52405010,"배달, 우편, 항공 화물 및 육상 물류"
600280,Nanjing Central Emporium Group Stocks Co Ltd Class A,53402010,백화점
688033,Beijing Tianyishangjia High-tech Materials Corp Ltd Class A,57101020,반도체 장비 및 테스트
688259,Triductor Technology (Suzhou) Inc Class A,57101010,반도체
600467,Shandong Homey Aquatic Development Co Ltd Class A,54102010,어업 및 농업
600228,Fanli Digital Technology Co Ltd Class A,57201030,온라인 서비스
600229,Qingdao Citymedia Co Ltd Class A,53302040,소비자 출판
688680,Shanghai HIUV New Materials Co Ltd Class A,51101010,상품 화학
603357,Anhui Transport Consulting & Design Institute Co Ltd Class A,52203040,경영 지원 서비스
605398,Shanghai New Centurion Network Information Technology Co Ltd Class A,57201010,IT 서비스 및 컨설팅
603798,Qingdao Copton Technology Co Ltd Class A,50102030,"오일, 가스 정제 및 마케팅"
600638,Shanghai New Huang Pu Industrial Group Co Ltd Class A,60101010,"부동산 임대, 개발 및 운영"
688053,Chengdu Screen Micro Electronics Co Ltd Class A,52203040,경영 지원 서비스
603898,Guangzhou Holike Creative Home Co Ltd Class A,53204040,가정용 가구
688317,Shanghai ZJ Bio-Tech Co Ltd Class A,56101020,"의료 장비, 물품 및 유통"
600716,Jiangsu Phoenix Property Investment Co Ltd Class A,60101010,"부동산 임대, 개발 및 운영"
603815,Anhui Gourgen Traffic Construction Co Ltd Class A,52201020,건설 및 엔지니어링
600318,Anhui Xinli Finance Co Ltd Class A,55101050,기업 금융 서비스
600622,Everbright Jiabao Co.  Ltd Class A,60101010,"부동산 임대, 개발 및 운영"
605399,Jiangxi Chenguang New Materials Co Ltd Class A,51101010,상품 화학
688148,Guangdong Fangyuan New Materials Group Co Ltd Class A,51101030,특수 화학제
605136,Shanghai Lily & Beauty Cosmetics Co Ltd Class A,57201030,온라인 서비스
603987,Shanghai Kindly Enterprise Development Group Co Ltd Class A,56101020,"의료 장비, 물품 및 유통"
605077,Zhejiang Huakang Pharmaceutical Co Ltd Class A,54102020,식품 가공
600843,Shang Gong Group Co Ltd Class A,52102010,산업용 기계 및 장비
605108,TongQingLou Catering Co Ltd Class A,53301020,레스토랑 및 바
600218,Anhui Quanchai Engine Co Ltd Class A,52102010,산업용 기계 및 장비
605138,Sunrise Manufacture Group Co Ltd Class A,53202020,의류 및 액세서리
603230,Inner Mongolia Xinhua Distribution Group Co Ltd Class A,53302040,소비자 출판
688579,Dareway Intelligent Technology Co Ltd Class A,57201020,소프트웨어
688682,Shanghai Hollywave Electronic System Co Ltd Class A,52101010,항공우주 및 방위
688687,Beijing Kawin Technology Share-Holding Co Ltd Class A,56201040,제약
603258,Hangzhou Electronic Soul Network Technology Co Ltd Class A,57201020,소프트웨어
688162,Jee Technology Co Ltd Class A,52102010,산업용 기계 및 장비
600668,Zhe Jiang Jian Feng Group Co Ltd Class A,51202010,건설 자재
603600,UE Furniture Co Ltd Class A,52203060,비즈니스 지원 용품
600053,Kunwu Jiuding Investment Holdings Co Ltd Class A,55102020,투자 관리 및 펀드 운영
603808,Shenzhen Ellassay Fashion Co Ltd Class A,53202020,의류 및 액세서리
600594,Guizhou Yibai Pharmaceutical Co Ltd Class A,56201040,제약
600738,Lanzhou Lishang Guochao Industrial Group Co Ltd Class A,53402010,백화점
603896,Zhejiang Shouxiangu Pharmaceutical Co Ltd Class A,56201040,제약
688159,Shenzhen Neoway Technology Co Ltd Class A,57102010,통신 및 네트워킹
600838,Shanghai Join Buy Co Ltd Class A,60101010,"부동산 임대, 개발 및 운영"
603001,Zhejiang Aokang Shoes Co Ltd Class A,53202030,제화
600136,Wuhan MC Culture & Sports Co Ltd Class A,57201030,온라인 서비스
603008,Sleemon Healthy Sleep Technology Co Ltd Class A,53204040,가정용 가구
600530,Shanghai Jiaoda Onlly Co Ltd Class A,54102020,식품 가공
688391,Hi Trend Technology Shanghai Co Ltd Class A,57101010,반도체
600620,Shanghai Tianchen Co Ltd Class A,60101010,"부동산 임대, 개발 및 운영"
600616,Shanghai Jinfeng Wine Co Ltd Class A,54101020,증류주 및 포도주
688152,Hunan Kylinsec Technology Co Ltd Class A,57201010,IT 서비스 및 컨설팅
600289,Bright Oceans Inter-Telecom Corp Class A,57201010,IT 서비스 및 컨설팅
600470,Anhui Liuguo Chemical Co Ltd Class A,51101020,농화학제
600419,Xinjiang Terun Dairy Co Ltd Class A,54102020,식품 가공
603006,Shanghai Lianming Machinery Co Ltd Class A,53101020,"자동차, 트럭 및 오토바이 부품"
605089,Suzhou Weizhixiang Food Co Ltd Class A,54102020,식품 가공
601996,Guangxi Fenglin Wood Industry Group Co Ltd Class A,51301010,임업 및 목재 제품
600785,Yinchuan Xinhua Commercial Group Co Ltd Class A,54301020,식품 소매 및 유통
600613,Shanghai Shenqi Pharmaceutical Investment Management Co Ltd Class A,56201040,제약
600405,Beijing Dynamic Power Co.  Ltd. Class A,52102030,전기 부품 및 장비
603585,Suli Co Ltd Class A,51101020,농화학제
600624,Shanghai Fudan Forward S&T Co Ltd Class A,56201040,제약
603970,Sino-Agri Leading Biosciences Co Ltd Class A,51101020,농화학제
688292,Beijing Haohan Data Technology Co Ltd Class A,57201010,IT 서비스 및 컨설팅
600876,Triumph New Energy Co Ltd Class A,51101010,상품 화학
600386,Beijing Bashi Media Co Ltd Class A,53403010,"자동차 차량, 부품 및 서비스 소매"
600257,Dahu Health Industry Co Ltd Class A,54102010,어업 및 농업
603188,Jiangsu Yabang Dyestuff Co Ltd Class A,51101030,특수 화학제
603895,Shanghai Tianyong Engineering Co Ltd Class A,52102010,산업용 기계 및 장비
688357,Luoyang Jalon Micro-Nano New Materials Co Ltd Class A,51101010,상품 화학
600661,Shanghai Xinnanyang Only Education & Technology Co Ltd Class A,63101010,기타 교육 서비스 제공
601798,Lanpec Technologies Ltd Class A,50103020,오일 관련 서비스 및 장비
603080,Xinjiang Torch Gas Co Ltd Class A,59102010,천연가스 유틸리티
600833,Shanghai No.1 Pharmacy Co Ltd Class A,54301010,의약품 소매
605266,JZJ Chain Drugstore Corp Class A,54301010,의약품 소매
600537,EGing Photovoltaic Technology Co Ltd Class A,50201010,재생 가능 에너지 장비 및 서비스
688246,Goodwill E-Health Info Co Ltd Class A,56101010,첨단 의료 장비 및 기술
603863,Guangdong Songyang Recycle Resources Co Ltd Class A,51302020,종이 포장재
603628,Clenergy Technology Co Ltd Class A,50201010,재생 가능 에너지 장비 및 서비스
601010,Wenfeng Great World Chain Development Corp Class A,53402010,백화점
688026,Guangzhou Jet Bio-Filtration Co Ltd Class A,56101020,"의료 장비, 물품 및 유통"
688435,Shanghai Information2 Software Inc Class A,57201020,소프트웨어
603189,Shanghai Wondertek Software Co Ltd Class A,57201020,소프트웨어
600381,Qinghai Spring Medicinal Resources Technology Co Ltd Class A,56201040,제약
603801,Zbom Home Collection Co Ltd Class A,53203020,건설 자재 및 비품
600858,Inzone Group Co Ltd Class A,53402010,백화점
603959,Hunan Baili Engineering Sci & Tech Co Ltd Class A,52201020,건설 및 엔지니어링
600560,Beijing AriTime Intelligent Control Co Ltd Class A,52102010,산업용 기계 및 장비
605199,Hainan Huluwa Pharmaceutical Group Co Ltd Class A,56201040,제약
603818,QuMei Home Furnishings Group Co Ltd Class A,53204040,가정용 가구
603378,Asia Cuanon Technology Shanghai Co Ltd Class A,51101010,상품 화학
688560,Crown Advanced Material Co Ltd Class A,51101010,상품 화학
600992,Guizhou Wire Rope Co Ltd Class A,51201020,철 및 강철
603136,Jiangsu Tianmu Lake Tourism Co Ltd Class A,53301040,여가 및 오락시설
600831,Shaanxi Broadcast & TV Network Intermediary Group Co Ltd Class A,53302020,방송
688369,BeiJing Seeyon Internet Software Corp Class A,57201020,소프트웨어
603332,Suzhou Longjie Special Fiber Co Ltd Class A,51101030,특수 화학제
688066,Piesat Information Technology Co Ltd Class A,57201010,IT 서비스 및 컨설팅
603180,GoldenHome Living Co Ltd Class A,53204040,가정용 가구
600807,Jinan High-tech Development Co Ltd Class A,56101020,"의료 장비, 물품 및 유통"
688201,Beijing Infosec Technologies Co Ltd Class A,57201020,소프트웨어
600239,Yunnan Metropolitan Real Estate Development Co Ltd Class A,60101020,부동산 서비스
603982,Nanjing Chervon Auto Precision Technology Co Ltd Class A,53101020,"자동차, 트럭 및 오토바이 부품"
600187,Heilongjiang Interchina Water Treatment Co Ltd Class A,59103010,수자원 유틸리티
603377,Eastern Pioneer Driving School Co Ltd Class A,54201030,개인 서비스
600837,Haitong Securities Co Ltd Class A,55102010,투자 은행 및 중개 서비스
600984,Shaanxi Construction Machinery Co Ltd Class A,52203040,경영 지원 서비스
600491,Long Yuan Construction Group Co Ltd Class A,52201020,건설 및 엔지니어링
600965,Fortune Ng Fung Food Hebei Co Ltd Class A,54102020,식품 가공
600439,Henan Rebecca Hair Products Co Ltd Class A,54201020,개인 생활 필수 용품
603616,Beijing Hanjian Heshan Pipeline Co Ltd Class A,51202010,건설 자재
603168,Zhejiang Shapuaisi Pharmaceutical Co Ltd Class A,56201040,제약
600802,Fujian Cement Inc Class A,51202010,건설 자재
600287,Soho Fashion Group Co Ltd Class A,53202020,의류 및 액세서리
600097,Shanghai Kaichuang Marine International Co Ltd Class A,54102010,어업 및 농업
603208,Jiangshan Oupai Door Industry Co Ltd Class A,53203020,건설 자재 및 비품
600238,Hainan Yedao Group Co Ltd Class A,54101020,증류주 및 포도주
603718,Shanghai Hile Bio-Technology Co Ltd Class A,56201040,제약
600080,Ginwa Enterprise Group Inc Class A,56201040,제약
600082,Tianjin Hi-Tech Development Co Ltd Class A,60101010,"부동산 임대, 개발 및 운영"
600818,Zhonglu Co Ltd Class A,53205020,오락용 제품
600778,Xinjiang Youhao Group Co Ltd Class A,54301020,식품 소매 및 유통
600180,CCS Supply Chain Management Co Ltd Class A,50101010,석탄
600697,Chang Chun Eurasia Group Co Ltd Class A,53402010,백화점
600119,Y U D Yangtze River Investment Industry Co Ltd Class A,52405010,"배달, 우편, 항공 화물 및 육상 물류"
600561,Jiangxi Changyun Co Ltd Class A,52406020,지상 및 해상 여객 운송
688022,Suzhou Harmontronics Automation Technology Co Ltd Class A,52102010,산업용 기계 및 장비
688089,Cabio Biotech Wuhan Co Ltd Class A,54102020,식품 가공
603359,Dongzhu Ecological Environment Protection Co Ltd Class A,52201020,건설 및 엔지니어링
688121,Shanghai Supezet Engineering Technology Corp Ltd Class A,50103020,오일 관련 서비스 및 장비
688496,Suzhou Qingyue Optoelectronics Technology Co Ltd Class A,57104010,전자 장비 및 부품
600193,Shanghai Prosolar Resources Development Co Ltd Class A,52201020,건설 및 엔지니어링
