Symbol,Name,IndustryCode,Industry
04338,Microsoft Corporation,57201020,소프트웨어
00700,Tencent Holdings Ltd,57201030,온라인 서비스
80700,Tencent Holdings Ltd,57201030,온라인 서비스
04333,Cisco Systems Inc,57102010,통신 및 네트워킹
00005,HSBC Holdings PLC,55101010,은행
09988,Alibaba Group Holding Ltd,57201030,온라인 서비스
00939,China Construction Bank Corp Class H,55101010,은행
89988,Alibaba Group Holding Ltd,57201030,온라인 서비스
00941,China Mobile Ltd,57401010,통합 통신 서비스
04335,Intel Corp,57101010,반도체
80941,China Mobile Ltd,57401010,통합 통신 서비스
04336,Applied Materials Inc,57101020,반도체 장비 및 테스트
06288,FAST RETAILING CO.  LTD. DRC,53403040,의류 및 액세서리 소매
00883,CNOOC Ltd,50102010,통합 오일 및 가스
04332,Amgen Inc,56201040,제약
80883,CNOOC Ltd,50102010,통합 오일 및 가스
01299,AIA Group Limited,55301030,생명 및 건강 보험
01810,Xiaomi Corporation,57106020,전화 및 소형 장치
81299,AIA Group Limited,55301030,생명 및 건강 보험
01398,Industrial and Commercial Bank of China Ltd Class H,55101010,은행
09999,NetEase  Inc.,57201030,온라인 서비스
02513,Z.AI Co Ltd Class H,57201010,IT 서비스 및 컨설팅
81810,Xiaomi Corporation,57106020,전화 및 소형 장치
00945,Manulife Financial Corporation,55301030,생명 및 건강 보험
03690,Meituan,57201030,온라인 서비스
02388,BOC Hong Kong Holdings Ltd,55101010,은행
02888,Standard Chartered PLC,55101010,은행
00388,Hong Kong Exchanges and Clearing Limited,55102050,"금융, 상품 시장 운영 및 서비스 제공"
83690,Meituan,57201030,온라인 서비스
09633,Nongfu Spring Co Ltd Class H,54101030,무알콜 음료
82388,BOC Hong Kong Holdings Ltd,55101010,은행
80388,Hong Kong Exchanges and Clearing Limited,55102050,"금융, 상품 시장 운영 및 서비스 제공"
03988,Bank of China Ltd Class H,55101010,은행
00992,Lenovo Group Limited,57106010,컴퓨터 하드웨어
02318,Ping An Insurance (Group) Company of China  Ltd. Class H,55301030,생명 및 건강 보험
00981,Semiconductor Manufacturing International Corp,57101010,반도체
80992,Lenovo Group Limited,57106010,컴퓨터 하드웨어
82318,Ping An Insurance (Group) Company of China  Ltd. Class H,55301030,생명 및 건강 보험
00267,CITIC Ltd,55101010,은행
09618,JD.com  Inc. Class A,53402010,백화점
00016,Sun Hung Kai Properties Limited,60101010,"부동산 임대, 개발 및 운영"
02328,PICC Property and Casualty Co Ltd Class H,55301020,손해보험
02259,Zijin Gold International Co Ltd,51201060,금
01211,BYD Company Limited Class H,53101010,자동차 및 트럭 제조
06160,BeOne Medicines AG,56202010,생명 공학 및 의학 연구
89618,JD.com  Inc. Class A,53402010,백화점
09888,Baidu  Inc. Class A,57201030,온라인 서비스
80016,Sun Hung Kai Properties Limited,60101010,"부동산 임대, 개발 및 운영"
81211,BYD Company Limited Class H,53101010,자동차 및 트럭 제조
00001,CK Hutchison Holdings Limited,53403090,기타 전문 소매
02378,Prudential PLC,55301030,생명 및 건강 보험
00669,Techtronic Industries Company Limited,52102010,산업용 기계 및 장비
03328,Bank of Communications Co Ltd Class H,55101010,은행
89888,Baidu  Inc. Class A,57201030,온라인 서비스
01109,China Resources Land Ltd,60101010,"부동산 임대, 개발 및 운영"
09961,Trip.com Group Limited,53301040,여가 및 오락시설
01378,China Hongqiao Group Ltd,51201030,알루미늄
03968,China Merchants Bank Co Ltd Class H,55101010,은행
02899,Zijin Mining Group Co Ltd Class H,51201060,금
02020,ANTA Sports Products Ltd,53202020,의류 및 액세서리
03692,Hansoh Pharmaceutical Group Company Limited,56201040,제약
02628,China Life Insurance Co Ltd Class H,55301030,생명 및 건강 보험
09992,Pop Mart International Group Limited,53403090,기타 전문 소매
00066,MTR Corporation Limited,52406020,지상 및 해상 여객 운송
00857,PetroChina Co Ltd Class H,50102010,통합 오일 및 가스
00002,CLP Holdings Limited,59101010,전력 유틸리티
00175,Geely Automobile Holdings Ltd,53101010,자동차 및 트럭 제조
01347,Hua Hong Grace Semiconductor Ltd,57101010,반도체
00762,China Unicom Hong Kong Ltd,57401020,무선 통신 서비스
02269,WuXi Biologics (Cayman) Inc,56202010,생명 공학 및 의학 연구
01288,Agricultural Bank of China Ltd Class H,55101010,은행
01024,Kuaishou Technology,57201030,온라인 서비스
82020,ANTA Sports Products Ltd,53202020,의류 및 액세서리
01113,CK Asset Holdings Ltd,60101010,"부동산 임대, 개발 및 운영"
80175,Geely Automobile Holdings Ltd,53101010,자동차 및 트럭 제조
01801,Innovent Biologics Inc,56201040,제약
00788,China Tower Corp Ltd Class H,52201020,건설 및 엔지니어링
01038,CK Infrastructure Holdings Ltd,59104010,복합 유틸리티
02423,KE Holdings Inc,60101020,부동산 서비스
00027,Galaxy Entertainment Group Limited,53301030,카지노 및 도박
81024,Kuaishou Technology,57201030,온라인 서비스
00688,China Overseas Land & Investment Ltd,60101010,"부동산 임대, 개발 및 운영"
09973,Chery Automobile Co Ltd Class H,53101010,자동차 및 트럭 제조
01088,China Shenhua Energy Co Ltd Class H,50101010,석탄
03750,Contemporary Amperex Technology Co.  Limited Class H,52102030,전기 부품 및 장비
02057,ZTO Express (Cayman) Inc,52405010,"배달, 우편, 항공 화물 및 육상 물류"
01972,Swire Properties Ltd,60101010,"부동산 임대, 개발 및 운영"
00100,MiniMax Group Inc,57201010,IT 서비스 및 컨설팅
00012,Henderson Land Development Co Ltd,60101010,"부동산 임대, 개발 및 운영"
09987,Yum China Holdings Inc,53301020,레스토랑 및 바
00003,Hong Kong and China Gas Co Ltd,59102010,천연가스 유틸리티
00006,Power Assets Holdings Limited,59101010,전력 유틸리티
06618,JD Health International Inc,54301010,의약품 소매
06990,Sichuan Kelun-Biotech Biopharmaceutical Co Ltd Class H,56202010,생명 공학 및 의학 연구
01929,Chow Tai Fook Jewellery Group Ltd,53202020,의류 및 액세서리
01888,Kingboard Laminates Holdings Ltd,57104010,전자 장비 및 부품
01928,Sands China Ltd,53301030,카지노 및 도박
09903,Shanghai Iluvatar CoreX Semiconductor Co.  Ltd. Class H,57101010,반도체
00998,China Citic Bank Corp Ltd Class H,55101010,은행
01308,SITC International Holdings Co Ltd,52405020,해양 화물 및 물류
03808,Sinotruk Hong Kong Ltd,52102020,중장비 및 차량
01913,Prada S.p.A.,53202020,의류 및 액세서리
01208,MMG Ltd,51201050,특수 채굴 및 금속
86618,JD Health International Inc,54301010,의약품 소매
01698,Tencent Music Entertainment Group,57201030,온라인 서비스
01093,CSPC PHARMACEUTICAL GROUP LIMITED,56201040,제약
00823,Link Real Estate Investment Trust,60102020,상업용 REITs
00288,WH Group Limited,54102020,식품 가공
00386,China Petroleum and Chemical Corporation Class H,50102030,"오일, 가스 정제 및 마케팅"
01179,H World Group Ltd,53301010,"호텔, 모텔 및 크루즈 라인"
02015,Li Auto Inc. Class A,53101010,자동차 및 트럭 제조
02359,WuXi AppTec Co.  Ltd. Class H,56202010,생명 공학 및 의학 연구
00083,Sino Land Co Ltd,60101010,"부동산 임대, 개발 및 운영"
06082,Shanghai Biren Technology Co Ltd Class H,57101010,반도체
01997,Wharf Real Estate Investment Company Ltd,60101010,"부동산 임대, 개발 및 운영"
00316,Orient Overseas (International) Ltd,52405020,해양 화물 및 물류
01519,J&T Global Express Ltd,52405010,"배달, 우편, 항공 화물 및 육상 물류"
01658,Postal Savings Bank of China Co Ltd Class H,55101010,은행
06823,HKT Trust And HKT Units,57401010,통합 통신 서비스
02618,JD Logistics Inc,52405010,"배달, 우편, 항공 화물 및 육상 물류"
09926,Akeso Inc,56202010,생명 공학 및 의학 연구
00836,China Resources Power Holdings Co Ltd,59101020,민자 발전 사업
06030,CITIC Securities Company Limited Class H,55102010,투자 은행 및 중개 서비스
01209,China Resources Mixc Lifestyle Services Ltd,60101020,부동산 서비스
01177,Sino Biopharmaceutical Limited,56201040,제약
00293,Cathay Pacific Airways Limited,52406010,항공사
09866,NIO Inc. Class A,53101010,자동차 및 트럭 제조
09868,Xpeng Inc Class A,53101010,자동차 및 트럭 제조
01768,Busy Ming Group Co Ltd Class H,54301020,식품 소매 및 유통
02097,MIXUE Group Class H,53301020,레스토랑 및 바
01876,Budweiser Brewing Company APAC Ltd,54101010,양조업
00019,Swire Pacific Ltd Class A,54101030,무알콜 음료
09660,Horizon Robotics,53101020,"자동차, 트럭 및 오토바이 부품"
02601,China Pacific Insurance (Group) Co.  Ltd. Class H,55301030,생명 및 건강 보험
06656,Sigenergy Technology Co Ltd Class H,52102030,전기 부품 및 장비
02268,WuXi XDC Cayman Inc,56201040,제약
01818,Zhaojin Mining Industry Co Ltd Class H,51201060,금
00322,Tingyi (Cayman Islands) Holding Corp,54102020,식품 가공
02099,China Gold International Resources Corp. Ltd.,51201080,다각적 채굴
00522,ASMPT Ltd,57101020,반도체 장비 및 테스트
00966,China Taiping Insurance Holdings Co Ltd,55301030,생명 및 건강 보험
00291,China Resources Beer Holdings Co Ltd,54101010,양조업
09901,New Oriental Education & Technology Group Inc.,63101010,기타 교육 서비스 제공
02319,China Mengniu Dairy Company Ltd,54102020,식품 가공
02338,Weichai Power Co Ltd Class H,53101020,"자동차, 트럭 및 오토바이 부품"
03993,CMOC Group Limited Class H,51201050,특수 채굴 및 금속
03698,Huishang Bank Corp Ltd Class H,55101010,은행
04337,Starbucks Corp,53301020,레스토랑 및 바
06862,Haidilao International Holding Ltd,53301020,레스토랑 및 바
00004,Wharf Holdings Ltd,60101010,"부동산 임대, 개발 및 운영"
06880,Momenta Global Ltd,57201010,IT 서비스 및 컨설팅
00728,China Telecom Corp Ltd Class H,57401010,통합 통신 서비스
02382,Sunny Optical Technology Group Co Ltd,52102030,전기 부품 및 장비
80291,China Resources Beer Holdings Co Ltd,54101010,양조업
00300,Midea Group Co.  Ltd. Class H,53204030,"가전제품, 도구 및 가정 용품"
02313,Shenzhou International Group Holdings Limited,53202020,의류 및 액세서리
00144,China Merchants Port Holdings Co Ltd,52407020,항만 운영 및 서비스
03308,Zhongji Innolight Co.  Ltd. Class H,57102010,통신 및 네트워킹
06181,Laopu Gold Co.  Ltd. Class H,53202020,의류 및 액세서리
06690,Haier Smart Home Co Ltd Class H,53204030,"가전제품, 도구 및 가정 용품"
00135,Kunlun Energy Company Ltd,59102010,천연가스 유틸리티
00020,SenseTime Group Inc Class B,57201010,IT 서비스 및 컨설팅
02076,KANZHUN LIMITED,52203030,고용 서비스
02723,Beijing DeepZero Technology Co Ltd Class H,53302010,광고 및 마케팅
09863,Zhejiang Leapmotor Technology Co Ltd Class H,53101010,자동차 및 트럭 제조
01548,Genscript Biotech Corp,56202010,생명 공학 및 의학 연구
02638,HK Electric Investments Units,59101010,전력 유틸리티
09626,Bilibili Inc,57201030,온라인 서비스
01258,China Nonferrous Mining Corp Ltd,51201050,특수 채굴 및 금속
06869,Yangtze Optical Fibre and Cable Joint Stock Ltd Co Class H,57102010,통신 및 네트워킹
03998,Bosideng International Holdings Ltd,53202020,의류 및 액세서리
01364,Guming Holdings Ltd,53301020,레스토랑 및 바
00241,Alibaba Health Information Technology Ltd,54301010,의약품 소매
00285,Byd Electronic (International) Co Ltd,57104010,전자 장비 및 부품
02688,ENN Energy Holdings Ltd,59102010,천연가스 유틸리티
00270,Guangdong Investment Ltd,59103010,수자원 유틸리티
06969,Smoore International Holdings Limited,54102030,담배
09698,GDS Holdings Limited Class A,57201010,IT 서비스 및 컨설팅
00148,Kingboard Holdings Ltd,57104010,전자 장비 및 부품
03939,Wanguo Gold Group Ltd,51201050,특수 채굴 및 금속
01099,Sinopharm Group Co Ltd Class H,56201040,제약
80020,SenseTime Group Inc Class B,57201010,IT 서비스 및 컨설팅
02588,BOC Aviation Ltd,55101050,기업 금융 서비스
01508,China Reinsurance (Group) Corporation Class H,55301050,재보험
02611,Guotai Haitong Securities Co Ltd Class H,55102010,투자 은행 및 중개 서비스
00358,Jiangxi Copper Co Ltd Class H,51201050,특수 채굴 및 금속
01171,Yankuang Energy Group Company Limited Class H,50101010,석탄
02018,AAC Technologies Holdings Inc,57104010,전자 장비 및 부품
01336,New China Life Insurance Co Ltd Class H,55301030,생명 및 건강 보험
02799,China CITIC Financial Asset Management Co.  Ltd. Class H,55102020,투자 관리 및 펀드 운영
00486,United Company Rusal IPJSC,51201030,알루미늄
03396,Legend Holdings Corp Class H,57106010,컴퓨터 하드웨어
00960,Longfor Group Holdings Limited,60101010,"부동산 임대, 개발 및 운영"
09880,Ubtech Robotics Corp Ltd Class H,57104010,전자 장비 및 부품
02726,Epiworld International Co Ltd Class H,57101010,반도체
01530,3SBio Inc.,56201040,제약
01339,People's Insurance Company Group of China Ltd Class H,55301020,손해보험
01898,China Coal Energy Co Ltd Class H,50101010,석탄
00087,Swire Pacific Ltd Class B,54101030,무알콜 음료
00023,Bank of East Asia Ltd,55101010,은행
03317,Shenzhen Xunce Technology Co Ltd Class H,57301010,핀테크
00247,Tsim Sha Tsui Properties Ltd,60101010,"부동산 임대, 개발 및 운영"
03311,China State Construction International Holdings Ltd,52201020,건설 및 엔지니어링
02577,InnoScience Suzhou Technology Holding Co Ltd Class H,57101010,반도체
00008,PCCW Ltd,57401010,통합 통신 서비스
03668,Yancoal Australia Ltd,50101010,석탄
00656,Fosun International Ltd,54401010,소비재 대기업
01919,COSCO Shipping Holdings Co Ltd Class H,52405020,해양 화물 및 물류
03908,China International Capital Corporation Limited Class H,55102010,투자 은행 및 중개 서비스
01070,TCL Electronics Holdings Ltd,57106030,가정용 전자 제품
06963,Sunshine Insurance Group Co Ltd Class H,55301020,손해보험
00868,Xinyi Glass Holdings Ltd,53203020,건설 자재 및 비품
01133,Harbin Electric Co Ltd Class H,52102040,중전기장비
02282,MGM China Holdings Ltd,53301030,카지노 및 도박
00151,Want Want China Holdings Limited,54102020,식품 가공
06088,Foxconn Interconnect Technology Ltd,57104010,전자 장비 및 부품
06818,China Everbright Bank Co Ltd Class H,55101010,은행
02689,Nine Dragons Paper (Holdings) Ltd,51302020,종이 포장재
02331,Li Ning Co Ltd,53202020,의류 및 액세서리
00576,Zhejiang Expressway Co Ltd Class H,52407030,고속도로 및 철도
00101,Hang Lung Properties Ltd,60101010,"부동산 임대, 개발 및 운영"
00392,Beijing Enterprises Holdings Ltd,59102010,천연가스 유틸리티
07618,JINGDONG Industrials Inc,52202010,다각적 산업용 제품 도매
01729,Time Interconnect Technology Ltd,57104010,전자 장비 및 부품
01828,FWD Group Holdings Ltd,55301030,생명 및 건강 보험
02696,Shanghai Henlius Biotech  Inc. Class H,56201040,제약
02788,Chuangxin Industries Holdings Ltd,51201030,알루미늄
03888,Kingsoft Corporation Ltd,57201020,소프트웨어
01193,China Resources Gas Group Ltd,59102010,천연가스 유틸리티
01359,China Cinda Asset Management Co Ltd Class H,55102020,투자 관리 및 펀드 운영
00659,CTF Services Ltd,52201020,건설 및 엔지니어링
01908,C&D International Investment Group Ltd,60101010,"부동산 임대, 개발 및 운영"
02228,XtalPi Holdings Ltd,56101010,첨단 의료 장비 및 기술
01735,Central New Energy Holding Group Ltd,52201020,건설 및 엔지니어링
02380,China Power International Development Ltd,59101010,전력 유틸리티
00220,Uni-President China Holdings Ltd,54101030,무알콜 음료
03931,CALB Group Co Ltd Class H,52102030,전기 부품 및 장비
03606,Fuyao Glass Industry Group Co Ltd Class H,53101020,"자동차, 트럭 및 오토바이 부품"
02600,Aluminum Corporation of China Ltd Class H,51201030,알루미늄
00425,Minth Group Ltd,53101020,"자동차, 트럭 및 오토바이 부품"
03277,Gpixel Changchun Microelectronics Inc Class H,57101010,반도체
01879,Shanghai Xizhi Technology Co Ltd Class H,57101010,반도체
03360,Far East Horizon Limited,55101050,기업 금융 서비스
01776,GF Securities Co.  Ltd. Class H,55102020,투자 관리 및 펀드 운영
02526,Hangzhou Diagens Biotechnology Co Ltd Class H,56101010,첨단 의료 장비 및 기술
82331,Li Ning Co Ltd,53202020,의류 및 액세서리
01882,Haitian International Holdings Ltd,52102010,산업용 기계 및 장비
00780,Tongcheng Travel Holdings Limited,53301040,여가 및 오락시설
01816,CGN Power Co Ltd Class H,59101020,민자 발전 사업
02367,Giant Biogene Holding Co Ltd,54201020,개인 생활 필수 용품
02096,Simcere Pharmaceutical Group Ltd,56201040,제약
02697,Guangdong True Health Medical Technology Development Co Ltd Class H,56101020,"의료 장비, 물품 및 유통"
03320,China Resources Pharmaceutical Group Ltd,56201040,제약
01585,Yadea Group Holdings Ltd.,53101010,자동차 및 트럭 제조
03323,China National Building Material Co Ltd Class H,51202010,건설 자재
01128,Wynn Macau Ltd,53301030,카지노 및 도박
00384,China Gas Holdings Ltd,59102010,천연가스 유틸리티
00257,China Everbright Environment Group Ltd,59104010,복합 유틸리티
09896,MINISO Group Holding Ltd,53402010,백화점
06886,Huatai Securities Co.  Ltd. Class H,55102010,투자 은행 및 중개 서비스
00168,Tsingtao Brewery Co Ltd Class H,54101010,양조업
00867,China Medical System Holdings Ltd,56201040,제약
03330,Lingbao Gold Group Co Ltd Class H,51201060,금
06186,China Feihe Ltd,54102020,식품 가공
02889,PATEO CONNECT Technology (Shanghai) Corp Class H,53101020,"자동차, 트럭 및 오토바이 부품"
02442,Easy Smart Group Holdings Ltd,52201020,건설 및 엔지니어링
01988,China Minsheng Banking Corp Ltd Class H,55101010,은행
00552,China Communications Services Corp Ltd Class H,52201020,건설 및 엔지니어링
01044,Hengan International Group Company Limited,54201020,개인 생활 필수 용품
06651,Beijing 51WORLD Digital Twin Technology Co Ltd Class H,57201020,소프트웨어
06881,China Galaxy Securities Co Ltd Class H,55102010,투자 은행 및 중개 서비스
00683,Kerry Properties Ltd,60101010,"부동산 임대, 개발 및 운영"
02026,Pony AI Inc,57201010,IT 서비스 및 컨설팅
06979,ZJLD Group Inc,54101020,증류주 및 포도주
01788,Guotai Junan International Holdings Ltd,55102020,투자 관리 및 펀드 운영
00268,Kingdee International Software Group Co Ltd,57201010,IT 서비스 및 컨설팅
00902,Huaneng Power International Inc Class H,59101020,민자 발전 사업
03696,InSilico Medicine Cayman TopCo,56202010,생명 공학 및 의학 연구
03896,Kingsoft Cloud Holdings Ltd,57201010,IT 서비스 및 컨설팅
03858,Jiaxin International Resources Investment Ltd,51201050,특수 채굴 및 금속
02252,Shanghai MicroPort MedBot (Group) Co Ltd Class H,56101010,첨단 의료 장비 및 기술
02225,Jinhai Medical Technology Ltd,52203030,고용 서비스
02476,Victory Giant Technology (HuiZhou) Co Ltd Class H,57101010,반도체
00666,REPT BATTERO Energy Co.  Ltd. Class H,52102030,전기 부품 및 장비
00696,TravelSky Technology Ltd Class H,57201010,IT 서비스 및 컨설팅
03800,GCL Technology Holdings Limited,50201010,재생 가능 에너지 장비 및 서비스
01318,Mao Geping Cosmetics Co.  Ltd. Class H,53403090,기타 전문 소매
09899,Netease Cloud Music Inc,53302030,엔터테인먼트 제작
02475,Luxshare Precision Industry Co Ltd Class H,57104010,전자 장비 및 부품
06810,Shanghai Sunmi Technology Co Ltd Class H,57107010,통합 하드웨어 및 소프트웨어
00136,China Ruyi Holdings Ltd,53302030,엔터테인먼트 제작
02357,AviChina Industry & Technology Co Ltd Class H,52101010,항공우주 및 방위
02039,China International Marine Containers Group Co Ltd Class H,52102020,중장비 및 차량
02162,KeyMed Biosciences Inc,56202010,생명 공학 및 의학 연구
00631,Sany Heavy Equipment International Holdings Company Ltd,51201070,채굴 지원 서비스 및 장비
02983,Hesai Group,57104010,전자 장비 및 부품
00053,Guoco Group Ltd,60101010,"부동산 임대, 개발 및 운영"
02525,Hesai Group,57104010,전자 장비 및 부품
02672,Baige Online Digital Technology Co Ltd Class H,55101050,기업 금융 서비스
00189,Dongyue Group Ltd,51101030,특수 화학제
09688,Zai Lab Ltd,56201040,제약
02386,Sinopec Engineering Group Co Ltd Class H,52201020,건설 및 엔지니어링
02245,Lygend Resources & Technology Co Ltd Class H,51201050,특수 채굴 및 금속
00772,China Literature Ltd,53302040,소비자 출판
09889,Dongguan Rural Commercial Bank Co Ltd Class H,55101010,은행
00371,Beijing Enterprises Water Group Ltd,59103010,수자원 유틸리티
01797,East Buy Holding Ltd,57201030,온라인 서비스
00914,Anhui Conch Cement Company Limited Class H,51202010,건설 자재
09969,InnoCare Pharma Ltd,56202010,생명 공학 및 의학 연구
02945,China Star Entertainment Ltd,53302030,엔터테인먼트 제작
00142,First Pacific Co Ltd,54102020,식품 가공
00551,Yue Yuen Industrial (Holdings) Ltd,53202030,제화
02938,PegBio Co Ltd Class H,56201040,제약
01551,Guangzhou Rural Commercial Bank Co Ltd Class H,55101010,은행
01651,Precision Tsugami (China) Corporation Ltd,52102010,산업용 기계 및 장비
06809,Montage Technology Co.  Ltd. Class H,57101010,반도체
01766,Crrc Corp Ltd Class H,52102020,중장비 및 차량
02698,Softcare Ltd,54201020,개인 생활 필수 용품
01787,Shandong Gold Mining Co Ltd Class H,51201060,금
00290,GoFintech Quantum Innovation Ltd,55102010,투자 은행 및 중개 서비스
06887,Sunshine Lake Pharma Co Ltd Class H,56201040,제약
02518,Autohome Inc,57201030,온라인 서비스
06228,Merdeka Gold Resources PT Tbk DRC,51201060,금
02602,Onewo Inc Class H,60101020,부동산 서비스
00968,Xinyi Solar Holdings Ltd,50201010,재생 가능 에너지 장비 및 서비스
02400,XD Inc.,57201030,온라인 서비스
03393,Wasion Holdings Ltd,52102030,전기 부품 및 장비
02232,Crystal International Group Ltd,53202020,의류 및 액세서리
00753,Air China Limited Class H,52406010,항공사
02419,DEKON Food and Agriculture Group Class H,54102010,어업 및 농업
01357,Meitu Inc,57201030,온라인 서비스
01199,COSCO SHIPPING Ports Ltd,52407020,항만 운영 및 서비스
02343,Pacific Basin Shipping Ltd,52405020,해양 화물 및 물류
02356,Dah Sing Banking Group Ltd,55101010,은행
01164,CGN Mining Co Ltd,50301010,우라늄
00817,China Jinmao Holdings Group Ltd,60101010,"부동산 임대, 개발 및 운영"
09971,BASiC Semiconductor Co Ltd Class H,57101010,반도체
01415,Cowell e Holdings Inc,57104010,전자 장비 및 부품
03900,Greentown China Holdings Limited,60101010,"부동산 임대, 개발 및 운영"
02333,Great Wall Motor Co Ltd Class H,53101010,자동차 및 트럭 제조
00179,Johnson Electric Holdings Ltd,52102030,전기 부품 및 장비
00326,China Star Entertainment Ltd,53302030,엔터테인먼트 제작
09677,Weihai Bank Co Ltd Class H,55101010,은행
00763,ZTE Corp Class H,57102010,통신 및 네트워킹
01772,Ganfeng Lithium Group Co.  Ltd Class H,51101010,상품 화학
02276,Shanghai Conant Optical Co Ltd Class H,56101020,"의료 장비, 물품 및 유통"
01910,Samsonite Group SA,53202020,의류 및 액세서리
00512,Grand Pharmaceutical Group Ltd,56201040,제약
06099,China Merchants Securities Co Ltd Class H,55102010,투자 은행 및 중개 서비스
09985,Weilong Delicious Global Holdings Ltd,54102020,식품 가공
01860,Mobvista Inc.,53302010,광고 및 마케팅
00622,Oshidori International Holdings Ltd,55101030,소비자 대출
06993,Blue Moon Group Holdings Ltd,54201010,가정용 제품
00916,China Longyuan Power Group Corp Ltd Class H,59101010,전력 유틸리티
02460,China Resources Beverage (Holdings) Co Ltd,54101030,무알콜 음료
06060,ZhongAn Online P & C Insurance Co.  Ltd. Class H,55301020,손해보험
00014,Hysan Development Company Limited,60101010,"부동산 임대, 개발 및 운영"
00017,New World Development Company Limited,60101010,"부동산 임대, 개발 및 운영"
02630,Vigonvita Life Sciences Co Ltd Class H,56201040,제약
01286,Impro Precision Industries Limited,52102010,산업용 기계 및 장비
09900,Hong Kong Zcloud Technology Construction Ltd,52201020,건설 및 엔지니어링
01606,China Development Bank Financial Leasing Co Ltd Class H,55101050,기업 금융 서비스
03752,Rokae (Shandong) Robotics Group Inc Class H,52102010,산업용 기계 및 장비
01396,Greater Bay Area AI Computingtech Co Ltd,60101010,"부동산 임대, 개발 및 운영"
01138,COSCO Shipping Energy Transportation Co Ltd Class H,50103030,오일 및 가스 수송 서비스
03933,United Laboratories International Holdings Ltd,56201040,제약
00325,Bloks Group Ltd,53205010,장난감 및 어린이 제품
01440,Star Shine Holdings Group Ltd,53202010,직물 및 가죽제품
02314,Lee & Man Paper Manufacturing Ltd,51302020,종이 포장재
00010,Hang Lung Group Ltd,60101010,"부동산 임대, 개발 및 운영"
09606,Duality Biotherapeutics Inc,56201040,제약
02706,Beijing Haizhi Technology Group Co Ltd Class H,57201010,IT 서비스 및 컨설팅
09995,RemeGen Co.  Ltd. Class H,56202010,생명 공학 및 의학 연구
09858,China Youran Dairy Group Ltd,54102020,식품 가공
06098,Country Garden Services Holdings Co Ltd,60101020,부동산 서비스
01277,Kinetic Development Group Ltd,50101010,석탄
00013,HUTCHMED (China) Ltd,56201040,제약
82333,Great Wall Motor Co Ltd Class H,53101010,자동차 및 트럭 제조
03986,GigaDevice Semiconductor Inc Class H,57101010,반도체
02687,Shanghai Able Digital Science&Tech Co Ltd Class H,57201030,온라인 서비스
02610,Nanshan Aluminium International Holdings Ltd,51201030,알루미늄
00068,Manycore Tech Inc,57201020,소프트웨어
01833,Ping AN Healthcare and Technology Co Ltd,56102010,의료 시설 및 서비스
01800,China Communications Construction Co Ltd Class H,52201020,건설 및 엔지니어링
02507,Cirrus Aircraft Ltd,52101010,항공우주 및 방위
06699,Angelalign Technology Inc.,56101020,"의료 장비, 물품 및 유통"
03898,Zhuzhou CRRC Times Electric Co Ltd Class H,52102040,중전기장비
03899,CIMC Enric Holdings Limited,50103020,오일 관련 서비스 및 장비
06682,Phancy Group Co Ltd Class H,57201010,IT 서비스 및 컨설팅
01626,Jia Yao Holdings Ltd,51302020,종이 포장재
02580,AUX Electric Co Ltd,52102030,전기 부품 및 장비
01060,Damai Entertainment Holdings Ltd,53302030,엔터테인먼트 제작
01579,Yihai International Holding Ltd.,54102020,식품 가공
03618,Chongqing Rural Commercial Bank Co Ltd Class H,55101010,은행
02637,Fujian Haixi Pharmaceuticals Co Ltd Class H,56201040,제약
01066,Shandong Weigao Group Medical Polymer Co Ltd Class H,56101020,"의료 장비, 물품 및 유통"
03355,FS.Com Ltd Class H,57102010,통신 및 네트워킹
01956,Beijing Zhongke WengeAI Science and Technology Co Ltd Class H,57201010,IT 서비스 및 컨설팅
02510,T.S. Lines Ltd,52405020,해양 화물 및 물류
00586,China Conch Venture Holdings Ltd,52203010,환경 서비스 및 장비
07666,Metis TechBio Co Ltd Class H,56202010,생명 공학 및 의학 연구
01055,China Southern Airlines Co Ltd Class H,52406010,항공사
06055,China Tobacco International (HK) Co Ltd,54301020,식품 소매 및 유통
00670,China Eastern Airlines Corp Ltd Class H,52406010,항공사
00991,Datang International Power Generation Co Ltd Class H,59101020,민자 발전 사업
06049,Poly Property Services Co Ltd Class H,60101020,부동산 서비스
03918,Nagacorp Ltd,53301030,카지노 및 도박
00800,WeRide Inc,57201010,IT 서비스 및 컨설팅
01392,Shenzhen HQVT Technology Co Ltd Class H,57107010,통합 하드웨어 및 소프트웨어
02675,Shenzhen Edge Medical Co.  Ltd Class H,56101010,첨단 의료 장비 및 기술
00856,VSTECS Holdings Ltd,57106010,컴퓨터 하드웨어
02729,Zhejiang Galaxis Technology Group Co Ltd Class H,52102010,산업용 기계 및 장비
00123,Yuexiu Property Company Limited,60101010,"부동산 임대, 개발 및 운영"
06936,S.F. Holding Co Ltd Class H,52405010,"배달, 우편, 항공 화물 및 육상 물류"
09898,Weibo Corp,57201030,온라인 서비스
00069,Shangri-La Asia Ltd,53301010,"호텔, 모텔 및 크루즈 라인"
00440,Dah Sing Financial Holdings Limited,55101010,은행
06066,China Securities Co Ltd Class H,55102010,투자 은행 및 중개 서비스
09668,China Bohai Bank Co Ltd Class H,55101010,은행
00340,Tongguan Gold Group Ltd,51201060,금
00363,Shanghai Industrial Holdings Ltd,60101010,"부동산 임대, 개발 및 운영"
02658,Guangdong Tianyu Semiconductor Co Ltd Class H,57101010,반도체
02038,FIH Mobile Ltd,57106020,전화 및 소형 장치
00390,China Railway Group Ltd Class H,52201020,건설 및 엔지니어링
01276,Jiangsu Hengrui Pharmaceuticals Co Ltd Class H,56201040,제약
00590,Luk Fook Holdings (International) Ltd,53403040,의류 및 액세서리 소매
00579,Beijing Jingneng Clean Energy Co Ltd Class H,59101020,민자 발전 사업
03677,Jiangsu Zenergy Battery Technologies Group Co Ltd Class H,52102030,전기 부품 및 장비
06855,Ascentage Pharma Group International,56202010,생명 공학 및 의학 연구
02778,Champion Real Estate Investment Trust,60102020,상업용 REITs
02142,Hbm Holdings Ltd,56201040,제약
09887,Nanjing Leads Biolabs Co Ltd Class H,56202010,생명 공학 및 의학 연구
00639,Shougang Fushan Resources Group Ltd,51201020,철 및 강철
00697,Shoucheng Holdings Limited,52407030,고속도로 및 철도
02590,Beijing Geekplus Technology Co.  Ltd. Class H,52102010,산업용 기계 및 장비
02016,China Zheshang Bank Co Ltd Class H,55101010,은행
06600,OneRobotics (Shenzhen) Co Ltd Class H,53204030,"가전제품, 도구 및 가정 용품"
01783,Envision Greenwise Holdings Ltd,52201020,건설 및 엔지니어링
09636,JF SmartInvest Holdings Ltd,57301010,핀테크
06031,Sany Heavy Industry Co Ltd Class H,52102020,중장비 및 차량
06199,Bank of Guizhou Co Ltd Class H,55101010,은행
00853,Microport Scientific Corp,56101010,첨단 의료 장비 및 기술
00901,Shenzhen SDMC Technology Co Ltd Class H,57106030,가정용 전자 제품
03877,CSSC (Hong Kong) Shipping Co Ltd,55101050,기업 금융 서비스
03928,China Next-Gen Commerce and Supply Chain Ltd,52201020,건설 및 엔지니어링
00303,Vtech Holdings Ltd,57102010,통신 및 네트워킹
02869,Greentown Service Group Co Ltd,60101020,부동산 서비스
00546,Fufeng Group Ltd,54102020,식품 가공
06658,Liuliumei Co Ltd Class H,54102020,식품 가공
01578,Bank of Tianjin Co Ltd Class H,55101010,은행
02556,Marketingforce Management Ltd,57201020,소프트웨어
01236,Shenzhen Ldrobot Co Ltd Class H,52102010,산업용 기계 및 장비
03339,Lonking Holdings Ltd,52102020,중장비 및 차량
02883,China Oilfield Services Ltd Class H,50103010,오일 및 가스 시추
00152,Shenzhen International Holdings Ltd,52407030,고속도로 및 철도
02050,Zhejiang Sanhua Intelligent Controls Co Ltd Class H,52102010,산업용 기계 및 장비
02128,China Lesso Group Holdings Ltd,53203020,건설 자재 및 비품
03310,Viewtrix Technology Co Ltd Class H,57101010,반도체
07687,EACON Group Co Ltd Class H,57201020,소프트웨어
01963,Bank of Chongqing Co Ltd Class H,55101010,은행
03660,Qfin Holdings Inc,55101030,소비자 대출
09638,Ferretti S.p.A.,53205020,오락용 제품
01384,Deepexi Technology Co Ltd Class H,57201020,소프트웨어
02596,Yibin City Commercial Bank Co Ltd Class H,55101010,은행
06675,SENASIC Electronics Technology Co Ltd Class H,57101010,반도체
01866,China XLX Fertiliser Ltd,51101020,농화학제
02595,GenFleet Therapeutics (Shanghai) Inc Class H,56202010,생명 공학 및 의학 연구
06616,Global New Material International Holdings Ltd,51101030,특수 화학제
01083,Towngas Smart Energy Co Ltd,59102010,천연가스 유틸리티
09637,Alebund Pharmaceuticals (Jiangsu) Ltd Class H,56201040,제약
01836,Stella International Holdings Ltd,53202030,제화
01999,Man Wah Holdings Ltd,53204040,가정용 가구
01428,Bright Smart Securities & Commodities Group Ltd,55102010,투자 은행 및 중개 서비스
00041,Great Eagle Holdings Ltd,60101010,"부동산 임대, 개발 및 운영"
02272,Keytop Parking Inc Class H,57201020,소프트웨어
01918,Sunac China Holdings Ltd,60101010,"부동산 임대, 개발 및 운영"
01681,Consun Pharmaceutical Group Ltd,56201040,제약
00863,OSL Group Ltd,57301030,블록 체인 및 암호화폐
02145,Shanghai Chicmax Cosmetic Co.  Ltd. Class H,54201020,개인 생활 필수 용품
01114,Brilliance China Automotive Holdings Ltd,53101010,자동차 및 트럭 제조
08279,AGTech Holdings Ltd,52203040,경영 지원 서비스
01316,Nexteer Automotive Group Ltd,53101020,"자동차, 트럭 및 오토바이 부품"
03774,Fameglow Holdings Ltd,54201030,개인 서비스
01686,Sunevision Holdings Ltd,57201010,IT 서비스 및 컨설팅
08603,Fameglow Holdings Ltd,54201030,개인 서비스
06666,Evergrande Property Services Group Ltd,60101020,부동산 서비스
00177,Jiangsu Expressway Co Ltd Class H,52407030,고속도로 및 철도
02432,Shenzhen Dobot Corp Ltd Class H,57104010,전자 장비 및 부품
02299,Billion Industrial Holdings Ltd,53202010,직물 및 가죽제품
09911,Newborn Town Inc,57201030,온라인 서비스
02669,China Overseas Property Holdings Ltd,60101020,부동산 서비스
01672,Ascletis Pharma Inc,56201040,제약
03388,Shenzhen Creality 3D Technology Co Ltd Class H,57104010,전자 장비 및 부품
01117,China Modern Dairy Holdings Ltd,54102010,어업 및 농업
02797,Jiangxi Qiyunshan Food Co Ltd Class H,54102020,식품 가공
02607,Shanghai Pharmaceuticals Holding Co Ltd Class H,56201040,제약
03759,Pharmaron Beijing Co Ltd Class H,56202010,생명 공학 및 의학 연구
03866,Bank of Qingdao Co Ltd Class H,55101010,은행
00881,Zhongsheng Group Holdings Limited,53403010,"자동차 차량, 부품 및 서비스 소매"
02714,Muyuan Foods Group Co Ltd Class H,54102010,어업 및 농업
03306,JNBY Design Ltd,53202020,의류 및 액세서리
03625,Shanghai Foursemi Semiconductor Co Ltd Class H,57101010,반도체
02498,RoboSense Technology Co Ltd,57104010,전자 장비 및 부품
00921,Hisense Home Appliances Group Co Ltd Class H,53204030,"가전제품, 도구 및 가정 용품"
06636,Shandong Extreme Vision Technology Co Ltd Class H,57201020,소프트웨어
00880,SJM Holdings Limited,53301030,카지노 및 도박
01157,Zoomlion Heavy Industry Science and Technology Co Ltd Class H,52102020,중장비 및 차량
02285,Chervon Holdings Ltd,53204030,"가전제품, 도구 및 가정 용품"
06872,TenNor Therapeutics (Suzhou) Ltd Class H,56202010,생명 공학 및 의학 연구
06808,Sun Art Retail Group Ltd,54301020,식품 소매 및 유통
06951,Chaozhou Three-circle (Group) Co Ltd Class H,57104010,전자 장비 및 부품
00636,KLN Logistics Group Ltd,52405010,"배달, 우편, 항공 화물 및 육상 물류"
06655,Huaxin Building Materials Group Co Ltd Class H,51202010,건설 자재
07489,Voyah Automotive Technology Co Ltd Class H,53101010,자동차 및 트럭 제조
01216,Zhongyuan Bank Co Ltd Class H,55101010,은행
01030,Seazen Group Ltd,60101010,"부동산 임대, 개발 및 운영"
02670,Beijing Yunji Technology Co Ltd Class H,57104010,전자 장비 및 부품
02553,Beijing Shougang Lanzatech Technology Co Ltd Class H,51101090,다각적 화학 산업
01361,361 Degrees International Ltd,53202030,제화
01511,UISEE Technologies (Beijing) Co Ltd Class H,57201010,IT 서비스 및 컨설팅
01952,Everest Medicines Ltd,56201040,제약
02335,Shaanxi Micot Pharmaceutical Technology Co Ltd Class H,56202010,생명 공학 및 의학 연구
01112,Health and Happiness (H&H) International Holdings Ltd,54102020,식품 가공
01368,Xtep International Holdings Ltd,53202030,제화
00165,China Everbright Ltd,55102020,투자 관리 및 펀드 운영
07656,Reconova Technologies Co Ltd Class H,57201010,IT 서비스 및 컨설팅
02155,Morimatsu International Holdings Co Ltd,52102010,산업용 기계 및 장비
01883,CITIC Telecom International Holdings Ltd,57401010,통합 통신 서비스
09690,TUHU Car Inc,53403010,"자동차 차량, 부품 및 서비스 소매"
01779,LongBio Pharma (Suzhou) Co Ltd Class H,56202010,생명 공학 및 의학 연구
03983,China BlueChemical Ltd Class H,51101020,농화학제
01196,Realord Technology Company Ltd,52203010,환경 서비스 및 장비
03996,China Energy Engineering Corp Ltd Class H,52201020,건설 및 엔지니어링
00336,Huabao International Holdings Ltd,54102020,식품 가공
02261,NASN Intelligent Tech (Zhejiang) Co.  Ltd. Class H,53101020,"자동차, 트럭 및 오토바이 부품"
02233,West China Cement Ltd,51202010,건설 자재
02025,Ruifeng Power Group Company Ltd,53101020,"자동차, 트럭 및 오토바이 부품"
00778,Fortune Real Estate Investment Trust (SG),60102020,상업용 REITs
00354,Chinasoft International Limited,57201010,IT 서비스 및 컨설팅
01072,Dongfang Electric Corp Ltd Class H,50201010,재생 가능 에너지 장비 및 서비스
02632,Jiangsu New Vision Automotive Electronics Co Ltd Class H,57104010,전자 장비 및 부품
01186,China Railway Construction Corp Ltd Class H,52201020,건설 및 엔지니어링
03288,Foshan Haitian Flavouring and Food Co Ltd Class H,54102020,식품 가공
00506,China Foods Ltd,54101030,무알콜 음료
00467,United Energy Group Ltd,50102020,"오일, 가스 탐사 및 생산"
02727,Shanghai Electric Group Co Ltd Class H,52102040,중전기장비
02666,Genertec Universal Medical Group Co Ltd,56102010,의료 시설 및 서비스
02616,CStone Pharmaceuticals,56201040,제약
00999,Xiaocaiyuan International Holding Ltd.,53301020,레스토랑 및 바
02196,Shanghai Fosun Pharmaceutical Group Co Ltd Class H,56201040,제약
02171,CARsgen Therapeutics Holdings Ltd,56202010,생명 공학 및 의학 연구
00934,Sinopec Kantons Holdings Ltd,50103030,오일 및 가스 수송 서비스
06938,Suzhou Ribo Life Science Co Ltd Class H,56202010,생명 공학 및 의학 연구
00045,Hongkong and Shanghai Hotels Ltd,53301010,"호텔, 모텔 및 크루즈 라인"
00975,Mongolian Mining Corporation,50101010,석탄
02546,Xizang Zhihui Mining Co Ltd Class H,51201050,특수 채굴 및 금속
00667,China East Education Holdings Ltd,63103010,전문 및 비즈니스 교육
02589,Auntea Jenny (Shanghai) Industrial Co Ltd Class H,53301020,레스토랑 및 바
01191,Crealights Technology Co Ltd Class H,57101010,반도체
00598,Sinotrans Ltd Class H,52405010,"배달, 우편, 항공 화물 및 육상 물류"
00081,China Overseas Grand Oceans Group Ltd,60101010,"부동산 임대, 개발 및 운영"
01811,CGN New Energy Holdings Co Ltd,59101020,민자 발전 사업
03881,CiDi Inc Class H,53101010,자동차 및 트럭 제조
02858,Yixin Group Ltd,55101030,소비자 대출
01310,HKBN Ltd,57401020,무선 통신 서비스
00297,Sinofert Holdings Ltd,51101020,농화학제
06693,Chifeng Jilong Gold Mining Group Ltd Class H,51201060,금
06166,CIG ShangHai Co Ltd Class H,57102010,통신 및 네트워킹
00990,Deep Source Holdings Limited,51201020,철 및 강철
02007,Country Garden Holdings Co Ltd,60101010,"부동산 임대, 개발 및 운영"
02655,Guoxia Technology Co Ltd Class H,52102030,전기 부품 및 장비
01523,Plover Bay Technologies Ltd,57102010,통신 및 네트워킹
00751,Skyworth Group Ltd,57106030,가정용 전자 제품
06190,Bank of Jiujiang Co Ltd Class H,55101010,은행
09879,Migao Group Holdings Ltd,51101020,농화학제
01798,China Datang Corp Renewable Power Co Ltd Class H,59101020,민자 발전 사업
00517,Cosco Shipping International (Hongkong) Co Ltd,52102050,조선
02186,Luye Pharma Group Ltd,56201040,제약
02391,Tuya Inc.,57201020,소프트웨어
09696,Tianqi Lithium Corporation Class H,51201050,특수 채굴 및 금속
02533,Black Sesame International Holding Ltd,57101010,반도체
02157,Lepu Biopharma Co Ltd Class H,56202010,생명 공학 및 의학 연구
02643,CaoCao Inc,52406020,지상 및 해상 여객 운송
09966,Alphamab Oncology,56202010,생명 공학 및 의학 연구
00565,Art Group Holdings Ltd,60101010,"부동산 임대, 개발 및 운영"
02208,Goldwind Science & Technology Co Ltd Class H,50201010,재생 가능 에너지 장비 및 서비스
02585,Mokingran Jewellery Group Co Ltd Class H,53202020,의류 및 액세서리
01478,Q Technology (Group) Co Ltd,57106030,가정용 전자 제품
06715,Hangzhou Qiandaohu Xunlong Sci-Tech Co Ltd Class H,54102010,어업 및 농업
00460,Sihuan Pharmaceutical Holdings Group Ltd,56201040,제약
01907,China Risun Group Ltd,51101010,상품 화학
03380,Logan Group Co Ltd,60101010,"부동산 임대, 개발 및 운영"
00116,Chow Sang Sang Holdings International Ltd,53202020,의류 및 액세서리
00200,Melco International Development Limited,53301030,카지노 및 도박
00826,Tiangong International Co Ltd,51201020,철 및 강철
02506,Xunfei Healthcare Technology Co Ltd Class H,56101010,첨단 의료 장비 및 기술
01513,Livzon Pharmaceutical Group Inc Class H,56201040,제약
00086,Sun Hung Kai & Co Ltd,55101030,소비자 대출
06871,Robotphoenix Intelligent Technology Co Ltd Class H,52102010,산업용 기계 및 장비
06110,Topsports International Holdings Limited,53403040,의류 및 액세서리 소매
00805,New Gonow Recreational Vehicles Inc,53205020,오락용 제품
00600,Axera Semiconductor Co Ltd Class H,57101010,반도체
00995,Anhui Expressway Co Ltd Class H,52407030,고속도로 및 철도
00373,Allied Group Ltd,55101030,소비자 대출
02315,Biocytogen Pharmaceuticals (Beijing) Co Ltd Class H,56202010,생명 공학 및 의학 연구
02256,Abbisko Cayman Limited,56202010,생명 공학 및 의학 연구
00694,Beijing Capital International Airport Co Ltd Class H,52407010,공항 운영 및 서비스
02249,Nexchip Semiconductor Corp Class H,57101010,반도체
06069,SY Holdings Group Ltd,55101050,기업 금융 서비스
01385,Shanghai Fudan Microelectronics Group Co Ltd Class H,57101010,반도체
06198,Qingdao Port International Co Ltd Class H,52407020,항만 운영 및 서비스
02722,Chongqing Machinery & Electric Co Ltd Class H,52102010,산업용 기계 및 장비
03788,Hanking Gold International Ltd,51201020,철 및 강철
01313,China Resources Building Materials Technology Holdings Ltd,51202010,건설 자재
00855,China Water Affairs Group Ltd,59103010,수자원 유틸리티
09699,Hangzhou Sf Intra-City Industrial Co Ltd Class H,52405010,"배달, 우편, 항공 화물 및 육상 물류"
03868,Xinyi Energy Holdings Ltd,59101020,민자 발전 사업
03296,Huaqin Co. Ltd. Class H,57106010,컴퓨터 하드웨어
02436,LX Technology Group Ltd,57106010,컴퓨터 하드웨어
00570,China Traditional Chinese Medicine Holdings Co Ltd,56201040,제약
01609,Star Sports Medicine Co Ltd Class H,56101020,"의료 장비, 물품 및 유통"
02652,CF PharmTech  Inc. Class H,56201040,제약
01475,Nissin Foods Co Ltd,54102020,식품 가공
06106,Shanghai Seer Intelligent Technology Co Ltd Class H,52102010,산업용 기계 및 장비
02005,SSY Group Ltd,56201040,제약
01501,Shanghai INT Medical Instruments Co Ltd Class H,56101020,"의료 장비, 물품 및 유통"
00317,CSSC Offshore & Marine Engineering Group Co Ltd Class H,52102050,조선
03887,HashKey Holdings Ltd,57301030,블록 체인 및 암호화폐
07688,Shanghai Top Numerical Control Technology Co Ltd Class H,52102010,산업용 기계 및 장비
02555,Sichuan Baicha Baidao Industrial Co Ltd Class H,53301020,레스토랑 및 바
02558,Jinshang Bank Co Ltd Class H,55101010,은행
00071,Miramar Hotel and Investment Co Ltd,60101010,"부동산 임대, 개발 및 운영"
09980,Eastroc Beverage (Group) Co Ltd Class H,54101030,무알콜 음료
09658,Super Hi International Holding Ltd.,53301020,레스토랑 및 바
02718,Mininglamp Technology,57201020,소프트웨어
03600,Modern Dental Group Ltd,56101020,"의료 장비, 물품 및 유통"
01071,Huadian Power International Corp Ltd Class H,59101020,민자 발전 사업
00956,China Suntien Green Energy Corp Ltd Class H,59102010,천연가스 유틸리티
01757,Global Chinese Business Club,52201020,건설 및 엔지니어링
02657,Shanghai Forest Cabin Cosmetics Group Co Ltd Class H,54201020,개인 생활 필수 용품
00400,Ingdan Inc,57101010,반도체
02877,China Shineway Pharmaceutical Group Ltd,56201040,제약
00308,China Travel International Investment Hong Kong Ltd,53301040,여가 및 오락시설
00173,K Wah International Holdings Ltd,60101010,"부동산 임대, 개발 및 운영"
03633,Zhongyu Energy Holdings Limited,59102010,천연가스 유틸리티
01905,Haitong Unitrust International Financial Leasing Co Ltd Class H,55101050,기업 금융 서비스
01921,Dalipal Holdings Ltd,51201020,철 및 강철
03738,Vobile Group Ltd,57201020,소프트웨어
02575,Xuanzhu Biopharmaceutical Co Ltd Class H,56201040,제약
00345,Vitasoy International Holdings Limited,54101030,무알콜 음료
01958,BAIC Motor Corp Ltd Class H,53101010,자동차 및 트럭 제조
02190,ZYLOX-TONBRIDGE MEDICAL TECHNOLOGY CO.  LTD. Class H,56101020,"의료 장비, 물품 및 유통"
08137,Honbridge Holdings Limited,52102030,전기 부품 및 장비
00376,Yunfeng Financial Group Ltd,55301010,복합보험 및 중개인
06613,Lens Technology Co.  Ltd. Class H,57104010,전자 장비 및 부품
01302,LifeTech Scientific Corp,56101010,첨단 의료 장비 및 기술
00613,Planetree International Development Ltd,55102010,투자 은행 및 중개 서비스
01880,China Tourism Group Duty Free Corp Ltd Class H,52407010,공항 운영 및 서비스
03316,Binjiang Service Group Co Ltd,60101020,부동산 서비스
01799,Xinte Energy Co Ltd Class H,57101010,반도체
03661,SG Micro Corp Class H,57101010,반도체
03952,Zhejiang Laifual Drive Co Ltd Class H,52102010,산업용 기계 및 장비
03200,Shenzhen Han's Cnc Technology Co Ltd Class H,57101020,반도체 장비 및 테스트
01789,AK Medical Holdings Ltd,56101020,"의료 장비, 물품 및 유통"
03969,China Railway Signal & Communication Corp Ltd Class H,52102010,산업용 기계 및 장비
06806,Shenwan Hongyuan Group Co Ltd Class H,55102010,투자 은행 및 중개 서비스
00034,Kowloon Development Co Ltd,60101010,"부동산 임대, 개발 및 운영"
00737,Shenzhen Investment Holdings Bay Area Development Co Ltd,52407030,고속도로 및 철도
02238,Guangzhou Automobile Group Co Ltd Class H,53101010,자동차 및 트럭 제조
01989,Delton Technology (Guangzhou) Inc Class H,57101010,반도체
02339,Beijingwest Industries International Ltd,53101020,"자동차, 트럭 및 오토바이 부품"
09893,Pizu Group Holdings Ltd,51101010,상품 화학
01983,Luzhou Bank Co Ltd Class H,55101010,은행
00604,Shenzhen Investment Ltd,60101010,"부동산 임대, 개발 및 운영"
06078,Hygeia Healthcare Holdings Co Ltd,56102010,의료 시설 및 서비스
02678,Texhong International Group Ltd,53202010,직물 및 가죽제품
02273,Gushengtang Holdings Ltd,56102010,의료 시설 및 서비스
06168,Zhou Liu Fu Jewellery Co Ltd Class H,53202020,의류 및 액세서리
06687,Jst Group Corporation Ltd,57201020,소프트웨어
02192,Medlive Technology Co Ltd,53302010,광고 및 마케팅
01052,Yuexiu Transport infrastructure Ltd,52407030,고속도로 및 철도
00108,SR Medical Technology Co Ltd,60101020,부동산 서비스
03958,Orient Securities Company Limited Class H,55102010,투자 은행 및 중개 서비스
01951,Jinxin Fertility Group Ltd,56102010,의료 시설 및 서비스
09936,Ximei Resources Holding Ltd,51201050,특수 채굴 및 금속
00668,Anker Innovations Technology Co Ltd Class H,52102030,전기 부품 및 장비
00119,Poly Property Group Co Ltd,60101010,"부동산 임대, 개발 및 운영"
02418,Deewin Tianxia Co Ltd Class H,52405030,지상 화물 및 물류
02659,Shanghai Bao Pharmaceuticals Co Ltd Class H,56202010,생명 공학 및 의학 연구
09678,Unisound AI Technology Co Ltd Class H,57201010,IT 서비스 및 컨설팅
03613,Beijing Tong Ren Tang Chinese Medicine Co Ltd,56201040,제약
01896,Maoyan Entertainment,53302030,엔터테인먼트 제작
01021,Guangdong Huayan Robotics Co Ltd Class H,57104010,전자 장비 및 부품
01763,China Isotope & Radiation Corp Class H,56101020,"의료 장비, 물품 및 유통"
00215,Hutchison Telecommunications Hong Kong Holdings Ltd,57401010,통합 통신 서비스
02202,China Vanke Co.  Ltd. Class H,60101010,"부동산 임대, 개발 및 운영"
00819,Tianneng Power International Limited,53101020,"자동차, 트럭 및 오토바이 부품"
09890,Tanwan Inc,57201020,소프트웨어
01770,Dke Holding Co Ltd Class H,57104010,전자 장비 및 부품
02422,Rego Interactive Co Ltd,53302010,광고 및 마케팅
08083,Youzan Technology Ltd,57201020,소프트웨어
00315,Smartone Telecommunications Holdings Ltd,57401020,무선 통신 서비스
01877,Shanghai Junshi Biosciences Co Ltd Class H,56201040,제약
06178,Everbright Securities Co Ltd Class H,55102010,투자 은행 및 중개 서비스
00775,CK Life Sciences Intl (Holdings) Inc,54102020,식품 가공
03347,Hangzhou Tigermed Consulting Co Ltd Class H,56202010,생명 공학 및 의학 연구
80737,Shenzhen Investment Holdings Bay Area Development Co Ltd,52407030,고속도로 및 철도
06686,Noah Holdings Ltd,55102020,투자 관리 및 펀드 운영
01610,COFCO Joycome Foods Ltd,54102020,식품 가공
00062,Transport International Holdings Ltd,52406020,지상 및 해상 여객 운송
00028,Tian An China Investments Co Ltd,60101010,"부동산 임대, 개발 및 운영"
01688,Lingyi iTech (Guangdong) Co Class H,57104010,전자 장비 및 부품
02013,Weimob Inc,57201020,소프트웨어
02517,Guoquan Food Shanghai Co Ltd Class H,54301020,식품 소매 및 유통
02172,MicroPort NeuroScientific Corp,56101020,"의료 장비, 물품 및 유통"
02597,Beijing Xunzhong Communication Technology Co Ltd Class H,57201020,소프트웨어
09630,Circuit Fabology Microelectronics Equipment Co Ltd Class H,57101020,반도체 장비 및 테스트
00839,China Education Group Holdings Ltd,63102010,"초, 중, 고등 교육기관"
00548,Shenzhen Expressway Corp Ltd Class H,52407030,고속도로 및 철도
09993,Radiance Holdings (Group) Co Ltd,60101010,"부동산 임대, 개발 및 운영"
01184,S A S Dragon Holdings Ltd,57104010,전자 장비 및 부품
09878,Huitongda Network Co Ltd Class H,57201030,온라인 서비스
02451,Luyuan Group Holding Cayman Ltd,53205020,오락용 제품
01405,DPC Dash Ltd,53301020,레스토랑 및 바
01691,JS Global Lifestyle Co Ltd,53204030,"가전제품, 도구 및 가정 용품"
02373,Beauty Farm Medical & Health Industry Inc,54201030,개인 서비스
00258,Tomson Group Ltd,60101010,"부동산 임대, 개발 및 운영"
01224,C C Land Holdings Ltd,60101010,"부동산 임대, 개발 및 운영"
00695,Dongwu Cement International Ltd,51202010,건설 자재
09959,Linklogis Inc,57301010,핀테크
02586,Dmall Inc,57201020,소프트웨어
02158,Yidu Tech Inc,56101010,첨단 의료 장비 및 기술
09927,Seres Group Co.  Ltd. Class H,53101010,자동차 및 트럭 제조
00585,Imagi International Holdings Ltd,55102010,투자 은행 및 중개 서비스
00866,China Qinfa Group Ltd,50101010,석탄
02270,Desun Real Estate Investment Services Group Co Ltd,60101020,부동산 서비스
01377,Guangdong Dtech Technology Co Ltd Class H,52102010,산업용 기계 및 장비
06831,Green Tea Group Ltd,53301020,레스토랑 및 바
02255,Haichang Ocean Park Holdings Ltd,53301040,여가 및 오락시설
03378,Hanx Biopharmaceuticals (Wuhan) Co Ltd Class H,56202010,생명 공학 및 의학 연구
01477,Ocumension Therapeutics,56201040,제약
00662,Asia Financial Holdings Ltd,55301010,복합보험 및 중개인
02631,SICC Co Ltd Class H,57101010,반도체
02617,TransThera Sciences (Nanjing) Inc Class H,56202010,생명 공학 및 의학 연구
06915,Jiangxi Institute of Biological Products Inc Class H,56201040,제약
09676,Shiyue Daotian Group Co.  Ltd. Class H,54102020,식품 가공
02598,Lianlian DigiTech Co Ltd Class H,52203040,경영 지원 서비스
01809,Prinx Chengshan Holdings Ltd,53101030,타이어 및 고무 제품
09929,SEM Holdings Ltd,52201020,건설 및 엔지니어링
01666,Tong Ren Tang Technologies Co Ltd Class H,56201040,제약
02635,Nuobikan Artificial Intelligence Technology (Chengdu) Co Ltd Class H,57201010,IT 서비스 및 컨설팅
00232,Continental Aerospace Technologies Holding Ltd,52101010,항공우주 및 방위
01167,Jacobio Pharmaceuticals Group Co Ltd,56202010,생명 공학 및 의학 연구
00581,China Oriental Group Co Ltd,51201020,철 및 강철
01333,Breton Technology Co Ltd Class H,52102020,중장비 및 차량
01050,Karrie International Holdings Ltd,52102010,산업용 기계 및 장비
00327,Pax Global Technology Ltd,57105010,사무기기
06680,Jl Mag Rare-Earth Co Ltd Class H,51101010,상품 화학
02509,Qyuns Therapeutics Co Ltd Class H,56202010,생명 공학 및 의학 연구
01126,Dream International Ltd,53205010,장난감 및 어린이 제품
01234,China Lilang Ltd,53202020,의류 및 액세서리
00811,Xinhua Winshare Publishing and Media Co Ltd Class H,53302040,소비자 출판
06683,Star Plus Legend Holdings Ltd,54301020,식품 소매 및 유통
00107,SICHUAN EXPRESSWAY GROUP COMPANY LIMITED Class H,52407030,고속도로 및 철도
01618,Metallurgical Corporation of China Ltd Class H,52201020,건설 및 엔지니어링
03833,Xinjiang Xinxin Mining Industry Co Ltd Class H,51201050,특수 채굴 및 금속
00435,Sunlight Real Estate Investment Trust REIT,60102020,상업용 REITs
00501,OmniVision Integrated Circuits Group Inc Class H,57101010,반도체
00368,Superland Group Holdings Ltd,52201020,건설 및 엔지니어링
01205,CITIC Resources Holdings Ltd,50102020,"오일, 가스 탐사 및 생산"
02291,Lepu Scientech Medical Technology Shanghai Co Ltd Class H,56101020,"의료 장비, 물품 및 유통"
00799,IGG Inc,57201030,온라인 서비스
00777,NetDragon Websoft Holdings Ltd,57201030,온라인 서비스
00746,Lee & Man Chemical Co Ltd,51101010,상품 화학
01675,AsiaInfo Technologies Ltd,57201020,소프트웨어
01223,Symphony Holdings Ltd,53403040,의류 및 액세서리 소매
01857,China Everbright Water Ltd,59103010,수자원 유틸리티
06090,Butong Group,53205010,장난감 및 어린이 제품
03709,EEKA Fashion Holdings Ltd,53403040,의류 및 액세서리 소매
02198,China Sanjiang Fine Chemicals Co Ltd,51101010,상품 화학
02609,Bayzed Health Group Inc,56102010,의료 시설 및 서비스
01571,Xin Point Holdings Ltd,53101020,"자동차, 트럭 및 오토바이 부품"
00289,Wing On Company International Ltd,53402010,백화점
00900,Aeon Credit Service Asia Co Ltd,55101030,소비자 대출
00806,Value Partners Group Ltd,55102020,투자 관리 및 펀드 운영
01916,Jiangxi Bank Co Ltd Class H,55101010,은행
02656,160 Health International Ltd,56201040,제약
02650,Shanghai Zhida Technology Development Co Ltd Class H,52102030,전기 부품 및 장비
00272,Shui On Land Limited,60101010,"부동산 임대, 개발 및 운영"
03382,Tianjin Port Development Holdings Ltd,52407020,항만 운영 및 서비스
01081,Dajin Heavy Industry Co Ltd Class H,50201010,재생 가능 에너지 장비 및 서비스
02156,C&D Property Management Group Co Ltd,60101020,부동산 서비스
01780,Rongzun International Holdings Group Ltd,52201020,건설 및 엔지니어링
00133,China Merchants China Direct Investments Ltd,55102020,투자 관리 및 펀드 운영
02665,Seyond Holdings Ltd,57104010,전자 장비 및 부품
00338,Sinopec Shanghai Petrochemical Co Ltd Class H,50102030,"오일, 가스 정제 및 마케팅"
03990,Midea Real Estate Holding Ltd,60101010,"부동산 임대, 개발 및 운영"
01417,Riverine China Holdings Ltd,60101020,부동산 서비스
01033,Sinopec Oilfield Service Corp Class H,50103010,오일 및 가스 시추
01051,G-Resources Group Ltd,55102020,투자 관리 및 펀드 운영
00167,IDT International Ltd,53204030,"가전제품, 도구 및 가정 용품"
02139,Bank of Gansu Co Ltd Class H,55101010,은행
00405,Yuexiu Real Estate Investment Trust,60102020,상업용 REITs
02880,Liaoning Port Co Ltd Class H,52407020,항만 운영 및 서비스
01837,Natural Food International Holding Ltd,54102020,식품 가공
09996,Peijia Medical Ltd,56101020,"의료 장비, 물품 및 유통"
01515,China Resources Medical Holdings Company Ltd,56102010,의료 시설 및 서비스
07630,IMPACT Therapeutics Inc Class H,56202010,생명 공학 및 의학 연구
09979,Greentown Management Holdings Co Ltd,52201020,건설 및 엔지니어링
00470,Wuxi Lead Intelligent Equipment Co Ltd Class H,52102010,산업용 기계 및 장비
06657,BAIWANG CO.  LTD. Class H,57201010,IT 서비스 및 컨설팅
00341,Cafe De Coral Holdings Ltd,53301020,레스토랑 및 바
03336,Ju Teng International Holdings Ltd,57106010,컴퓨터 하드웨어
06185,CanSino Biologics Inc. Class H,56201040,제약
00874,Guangzhou Baiyunshan Pharmaceutical Holdings Co Ltd Class H,56201040,제약
01785,Chengdu Expressway Co Ltd Class H,52407030,고속도로 및 철도
06821,Asymchem Laboratories (Tianjin) Co Ltd Class H,56201040,제약
06998,Edding Genor Group Holdings Ltd,56202010,생명 공학 및 의학 연구
01432,China Shengmu Organic Milk Ltd,54102020,식품 가공
00564,ZCZL Industrial Technology Group Co Ltd Class H,51201070,채굴 지원 서비스 및 장비
01476,Financial Street Securities Co Ltd Class H,55102030,다각적 투자 서비스
00301,Sanvo Fine Chemicals Group Ltd,51101010,상품 화학
06138,Harbin Bank Co Ltd Class H,55101010,은행
02583,Shenzhen Hipine Precision Technology Co Ltd Class H,53202020,의류 및 액세서리
02591,Guangzhou Innogen Pharmaceutical Group Co Ltd Class H,56201040,제약
00038,First Tractor Co Ltd Class H,52102020,중장비 및 차량
01873,VIVA Biotech Holdings,56201040,제약
01576,Qilu Expressway Co Ltd Class H,52407030,고속도로 및 철도
02197,Clover Biopharmaceuticals Ltd,56202010,생명 공학 및 의학 연구
06805,Kimou Environmental Holding Ltd,51101010,상품 화학
00051,Harbour Centre Development Ltd,53301010,"호텔, 모텔 및 크루즈 라인"
00693,Tan Chong International Ltd,52405030,지상 화물 및 물류
02105,Laekna Inc,56202010,생명 공학 및 의학 연구
06960,Shuangdeng Group Co Ltd Class H,52102030,전기 부품 및 장비
06929,OrbusNeich Medical Group Holdings Ltd,56101020,"의료 장비, 물품 및 유통"
00933,Viva Goods Co Ltd,53202020,의류 및 액세서리
00525,Guangshen Railway Co Ltd Class H,52406020,지상 및 해상 여객 운송
01272,Datang Environment Industry Group Co Ltd Class H,52201020,건설 및 엔지니어링
00710,Boe Varitronix Ltd,57104010,전자 장비 및 부품
06865,Flat Glass Group Co Ltd Class H,50201010,재생 가능 에너지 장비 및 서비스
06996,Antengene Corp Ltd,56202010,생명 공학 및 의학 연구
00861,Digital China Holdings Ltd,57201010,IT 서비스 및 컨설팅
01300,Trigiant Group Ltd,57102010,통신 및 네트워킹
02720,Ridge Outdoor International Ltd,53205020,오락용 제품
02520,Shanxi Installation Group Co Ltd Class H,52201020,건설 및 엔지니어링
02179,Jiangsu Recbio Technology Co.  Ltd. Class H,56202010,생명 공학 및 의학 연구
02866,COSCO SHIPPING Development Co Ltd Class H,51302010,용기(종이 제외) 및 포장재
09877,Jenscare Scientific Co Ltd Class H,56101020,"의료 장비, 물품 및 유통"
06127,Joinn Laboratories China Co Ltd Class H,56202010,생명 공학 및 의학 연구
03880,Medtide Inc. Class H,56202010,생명 공학 및 의학 연구
02576,Zhejiang Taimei Medical Technology Co Ltd Class H,57201020,소프트웨어
02676,Suzhou Novosense Microelectronics Co Ltd Class H,57101010,반도체
02199,Regina Miracle International (Holdings) Ltd,53202020,의류 및 액세서리
06132,HJ Science Co Ltd Class H,56202010,생명 공학 및 의학 연구
01995,Ever Sunshine Services Group Ltd,60101020,부동산 서비스
00259,Yeebo (International Holdings) Ltd,57104010,전자 장비 및 부품
02235,MicroTech Medical (Hangzhou) Co Ltd Class H,56101020,"의료 장비, 물품 및 유통"
02411,Shenzhen Pagoda Industrial Group Corp Ltd Class H,54301020,식품 소매 및 유통
02488,Launch Tech Co Ltd Class H,52102010,산업용 기계 및 장비
00199,ITC Properties Group Ltd,60101010,"부동산 임대, 개발 및 운영"
01875,BioDlink International Co Ltd,56202010,생명 공학 및 의학 연구
06601,Cheerwin Group Ltd,54201010,가정용 제품
01970,IMAX China Holding Inc,53302030,엔터테인먼트 제작
09963,Transtech Optelecom Science Holdings Ltd,57102010,통신 및 네트워킹
00752,Pico Far East Holdings Ltd,52203040,경영 지원 서비스
00323,Maanshan Iron & Steel Co Ltd Class H,51201020,철 및 강철
06955,Shandong Boan Biotechnology Co Ltd Class H,56201040,제약
06868,Tenfu (Cayman) Holdings Co Ltd,54102020,식품 가공
00178,Sa Sa International Holdings Ltd,53403090,기타 전문 소매
01345,Shanghai Pioneer Holding Ltd,56201040,제약
02552,Hua Medicine,56202010,생명 공학 및 의학 연구
00032,Cross-Harbour Holdings Ltd,63101010,기타 교육 서비스 제공
02648,Anjoy Foods Group Co Ltd Class H,54102020,식품 가공
00412,Shandong Hi-Speed Holdings Group Ltd,55102020,투자 관리 및 펀드 운영
01250,Shandong Hi-Speed New Energy Group Ltd,52201020,건설 및 엔지니어링
00411,Lam Soon Hong Kong Ltd,54102020,식품 가공
02490,LC Logistics Inc,52405020,해양 화물 및 물류
00098,Xingfa Aluminium Holdings Ltd,51201030,알루미늄
09860,Adicon Holdings Ltd,56102010,의료 시설 및 서비스
08299,GT Gold Holdings Ltd,51201060,금
03978,China Beststudy Education Group,63101010,기타 교육 서비스 제공
00369,Wing Tai Properties Ltd,60101010,"부동산 임대, 개발 및 운영"
00596,Inspur Digital Enterprise Technology Ltd,57201010,IT 서비스 및 컨설팅
00743,Asia Cement (China) Holdings Corp,51202010,건설 자재
03318,China Boton Group Co Ltd,54201020,개인 생활 필수 용품
01521,Frontage Holdings Corp,56202010,생명 공학 및 의학 연구
02410,TYK Medicines Inc Class H,56202010,생명 공학 및 의학 연구
02579,CNGR Advanced Material Co.  Ltd. Class H,52102030,전기 부품 및 장비
01848,China Aircraft Leasing Group Holdings Ltd,55101050,기업 금융 서비스
01458,Zhou Hei Ya International Holdings Company Ltd,54102020,식품 가공
01497,Xiamen Yan Palace Bird's Nest Industry Co Ltd Class H,54102020,식품 가공
02480,Beijing Luzhu Biotechnology Co Ltd Class H,56201040,제약
01600,Tian Lun Gas Holdings Ltd,59102010,천연가스 유틸리티
00357,Hainan Meilan International Airport Co Ltd Class H,52407010,공항 운영 및 서비스
03319,A-Living Smart City Services Co Ltd Class H,60101020,부동산 서비스
00026,China Motor Bus Co Ltd,60101010,"부동산 임대, 개발 및 운영"
06626,Yuexiu Services Group Ltd,60101020,부동산 서비스
01104,APAC Resources Ltd,51201020,철 및 강철
06063,Lotus Horizon Holdings Ltd,52201020,건설 및 엔지니어링
03636,Yunnan Jinxun Resources Co Ltd Class H,51201050,특수 채굴 및 금속
01872,Guan Chao Holdings Ltd,53101010,자동차 및 트럭 제조
02295,Maxicity Holdings Ltd,52201020,건설 및 엔지니어링
02685,Quantgroup Holding Ltd,57201030,온라인 서비스
00918,Majestic Dragon AeroTech Holdings Ltd,52101010,항공우주 및 방위
09930,Horizon Construction Development Ltd,52203040,경영 지원 서비스
00807,SIIC Environment Holdings Ltd,59103010,수자원 유틸리티
08395,ZXZN Qi-House Holdings Ltd,52203040,경영 지원 서비스
02565,PegBio Co Ltd Class H,56201040,제약
02342,Comba Telecom Systems Holdings Ltd,57102010,통신 및 네트워킹
01854,China Wantian Holdings Ltd,54102010,어업 및 농업
01815,Mount Everest Gold Group Co Ltd,53403040,의류 및 액세서리 소매
01115,5100 Xizang Glacier Co Ltd,54101030,무알콜 음료
00113,Dickson Concepts (International) Ltd,53403040,의류 및 액세서리 소매
87001,Hui Xian Real Estate Investment Trust REIT Units,60102020,상업용 REITs
00580,Sun.King Technology Group Ltd,52102030,전기 부품 및 장비
01851,China Gingko Education Group Company Limited,53301010,"호텔, 모텔 및 크루즈 라인"
01516,Sunac Services Holdings Ltd,60101020,부동산 서비스
00909,Ming Yuan Cloud Group Holdings Ltd,57201020,소프트웨어
02111,Best Pacific International Holdings Ltd,53202010,직물 및 가죽제품
02166,Smart-Core Holdings Ltd,55601010,투자 지주 회사
00732,Truly International Holdings Ltd,57104010,전자 장비 및 부품
01168,Z Fin Ltd,60101010,"부동산 임대, 개발 및 운영"
02668,Pak Tak International Ltd,52202010,다각적 산업용 제품 도매
02660,Zengame Technology Holding Ltd,57201020,소프트웨어
06896,Golden Throat Holdings Group Co Ltd,56201040,제약
09669,Beisen Holding Ltd,57201020,소프트웨어
01762,Wanka Online Inc,53302010,광고 및 마케팅
00030,YNBY International Ltd,54301020,식품 소매 및 유통
01570,Weiye Holdings Ltd,60101010,"부동산 임대, 개발 및 운영"
00808,Prosperity Real Estate Investment Trust,60102020,상업용 REITs
00117,Tianli Holdings Group Ltd,57104010,전자 장비 및 부품
00064,Get Nice Holdings Ltd,55102010,투자 은행 및 중개 서비스
03337,Anton Oilfield Services Group,50103020,오일 관련 서비스 및 장비
00497,CSI Properties Ltd,60101010,"부동산 임대, 개발 및 운영"
02361,Sinohealth Technology Holdings Ltd,52203040,경영 지원 서비스
09913,Chi Kan Holdings Ltd,52201020,건설 및 엔지니어링
00331,FSE Lifestyle Services Ltd,52201020,건설 및 엔지니어링
09885,YSB Inc,56201040,제약
02408,Guangzhou Xiao Noodles Catering Management Co Ltd Class H,53301020,레스토랑 및 바
02511,HighTide Therapeutics Inc,56202010,생명 공학 및 의학 연구
06608,Bairong Inc.,57201010,IT 서비스 및 컨설팅
01304,Fortior Technology (Shenzhen) Co Ltd Class H,57101010,반도체
00029,Dynamic Holdings Ltd,60101010,"부동산 임대, 개발 및 운영"
00931,China HK Power Smart Energy Group Ltd,59102010,천연가스 유틸리티
02571,Beijing Saimo Technology Co Ltd Class H,57201020,소프트웨어
06058,China Industrial Securities International Financial Group Ltd,55102010,투자 은행 및 중개 서비스
00709,Giordano International Ltd,53403040,의류 및 액세서리 소매
02561,Visen Pharmaceuticals,56202010,생명 공학 및 의학 연구
00882,Tianjin Development Holdings Ltd,59104010,복합 유틸리티
02390,Zhihu Inc,57201030,온라인 서비스
00521,CWT International Ltd,52405010,"배달, 우편, 항공 화물 및 육상 물류"
01773,Tianli International Holdings Ltd,63101010,기타 교육 서비스 제공
02623,Hong Kong Gold Industry Group Ltd,51201020,철 및 강철
00182,Concord New Energy Group Ltd,59101020,민자 발전 사업
01717,Ausnutria Dairy Corp Ltd,54102020,식품 가공
02121,Ainnovation Technology Group Co Ltd Class H,57201020,소프트웨어
09923,Yeahka Ltd,52203040,경영 지원 서비스
02427,Guanze Medical Information Industry (Holding) Co Ltd,56101010,첨단 의료 장비 및 기술
01948,Uju Holding Ltd,53302010,광고 및 마케팅
06669,Acotec Scientific Holdings Ltd,56101020,"의료 장비, 물품 및 유통"
00186,Nimble Holdings Co Ltd,60101010,"부동산 임대, 개발 및 운영"
00679,Asia Tele-Net and Technology Corporation Ltd,57101010,반도체
01028,C banner International Holdings Ltd,53403040,의류 및 액세서리 소매
02450,Huaibei GreenGold Industry Investment Co Ltd Class H,51202010,건설 자재
02191,SF Real Estate Investment Trust,60102020,상업용 REITs
02385,Readboy Education Holding Co Ltd,52203060,비즈니스 지원 용품
01709,DL Holdings Group Ltd,55102020,투자 관리 및 펀드 운영
01899,Xingda International Holdings Ltd,53101030,타이어 및 고무 제품
01330,Dynagreen Environmental Protection Group Co Ltd Class H,52203010,환경 서비스 및 장비
02549,Carote Ltd,53204030,"가전제품, 도구 및 가정 용품"
06889,Dynam Japan Holdings Co Ltd,53301030,카지노 및 도박
02489,Persistence Gold Group Ltd,51201060,금
01280,China Qidian Guofeng Holdings Ltd,53402010,백화점
03839,CPBIO Holding Company Ltd,51101020,농화학제
02499,Folangsi Co Ltd Class H,52203040,경영 지원 서비스
00035,Far East Consortium International Limited,60101010,"부동산 임대, 개발 및 운영"
00816,Jinmao Property Services Co Ltd,60101020,부동산 서비스
00917,Qunabox Group Ltd,53302010,광고 및 마케팅
03700,Inkeverse Group Ltd,57201030,온라인 서비스
01375,Central China Securities Co Ltd Class H,55102010,투자 은행 및 중개 서비스
06980,Bama Tea Co Ltd Class H,54102020,식품 가공
03680,Ruihe Data Technology Holdings Ltd,57201010,IT 서비스 및 컨설팅
06633,Qingci Games Inc,57201020,소프트웨어
00088,Tai Cheung Holdings Ltd,60101010,"부동산 임대, 개발 및 운영"
02633,Jacobson Pharma Corporation Ltd,56201040,제약
06051,Youzan Technology Ltd,57201020,소프트웨어
01733,E-Commodities Holdings Ltd,50101010,석탄
06681,BrainAurora Medical Technology Ltd,56101010,첨단 의료 장비 및 기술
00127,Chinese Estates Holdings Ltd,55101050,기업 금융 서비스
06609,Shanghai HeartCare Medical Technology Corp Ltd Class H,56101020,"의료 장비, 물품 및 유통"
02302,CNNC International Ltd,51201050,특수 채굴 및 금속
00887,Emperor Watch & Jewellery Ltd,53403040,의류 및 액세서리 소매
00558,LK Technology Holdings Ltd,52102010,산업용 기계 및 장비
01747,Home Control International Ltd,57102010,통신 및 네트워킹
00393,Glorious Sun Enterprises Ltd,53403020,주택 개조 제품 및 서비스 소매
01045,APT Satellite Holdings Ltd,57401020,무선 통신 서비스
08115,Qingda Oriental Group Co Ltd Class H,52102010,산업용 기계 및 장비
00547,Digital Domain Holdings Ltd,53302030,엔터테인먼트 제작
08239,Capital Finance Holdings Ltd,55101030,소비자 대출
00699,Ningbo Joyson Electronic Corp. Class H,53101020,"자동차, 트럭 및 오토바이 부품"
02425,AustAsia Group Ltd,54102010,어업 및 농업
01713,Sichuan Energy Investment Development Co Ltd Class H,59101010,전력 유틸리티
01009,International Entertainment Corp,53301030,카지노 및 도박
02429,Beijing UBOX Online Technology Corp Class H,54301020,식품 소매 및 유통
01091,South Manganese Investment Ltd,51201050,특수 채굴 및 금속
02409,Seacon Shipping Group Holdings Ltd,52203040,경영 지원 서비스
02508,Saint Bella Group Ltd,56102010,의료 시설 및 서비스
00658,China High Speed Transmission Equipment Group Co Ltd,50201010,재생 가능 에너지 장비 및 서비스
01221,Sino Hotels (Holdings) Ltd,53301010,"호텔, 모텔 및 크루즈 라인"
00797,7Road Holdings Ltd,57201030,온라인 서비스
00245,China Vered Financial Holding Corp Ltd,55601010,투자 지주 회사
03369,Qinhuangdao Port Co Ltd Class H,52407020,항만 운영 및 서비스
02431,Minieye Technology Co Ltd Class H,53101020,"자동차, 트럭 및 오토바이 부품"
02521,Shenghui Cleanness Group Holdings Ltd,52203040,경영 지원 서비스
00105,Associated International Hotels Ltd,60101010,"부동산 임대, 개발 및 운영"
02149,BaTeLab Co Ltd Class H,57101010,반도체
06660,AIM Vaccine Co Ltd Class H,56201040,제약
02420,Zibuyu Group Ltd,53403040,의류 및 액세서리 소매
00085,China Electronics Huada Technology Company Ltd,57101010,반도체
00661,China Daye Non-Ferrous Metals Mining Ltd,51201050,특수 채굴 및 금속
02290,Lung Fung Group Holdings Ltd,53403090,기타 전문 소매
01959,Zhong Ju Investment Group Ltd,53403010,"자동차 차량, 부품 및 서비스 소매"
03818,China Dongxiang (Group) Co Ltd,53202020,의류 및 액세서리
03848,Haosen Fintech Group Ltd,55101050,기업 금융 서비스
01982,Nameson Holdings Ltd,53202020,의류 및 액세서리
02522,Jiangxi Rimag Group Co Ltd Class H,56102010,의료 시설 및 서비스
02219,Chaoju Eye Care Holdings Ltd,56102010,의료 시설 및 서비스
01782,International Business Digital Technology Ltd,57201020,소프트웨어
03813,Pou Sheng International (Holdings) Ltd,53403040,의류 및 액세서리 소매
02587,HealthyWay Inc,56102010,의료 시설 및 서비스
02715,Estun Automation Co Ltd Class H,52102010,산업용 기계 및 장비
00240,Build King Holdings Ltd,52201020,건설 및 엔지니어링
02169,Canggang Railway Ltd,52405030,지상 화물 및 물류
00222,Min Xin Holdings Ltd,55301030,생명 및 건강 보험
02236,Wison Engineering Services Co Ltd,52203040,경영 지원 서비스
06196,Bank of Zhengzhou Co Ltd Class H,55101010,은행
09869,Helens International Holdings Co Ltd,53301020,레스토랑 및 바
06136,Kangda International Environmental Company Limited,59103010,수자원 유틸리티
01656,ISDN Holdings Ltd,52102030,전기 부품 및 장비
01890,China Kepei Education Group Ltd,63101010,기타 교육 서비스 제공
00878,Soundwill Holdings Ltd,60101010,"부동산 임대, 개발 및 운영"
00410,SOHO China Ltd,60101010,"부동산 임대, 개발 및 운영"
01830,Perfect Medical Health Management Ltd,54201030,개인 서비스
01270,Langham Hospitality Investments Units,60102040,특수 REITs
01979,Ten Pao Group Holdings Ltd,52102030,전기 부품 및 장비
01426,Spring Real Estate Investment Trust,60102020,상업용 REITs
01456,Guolian Minsheng Securities Co Ltd Class H,55102010,투자 은행 및 중개 서비스
01526,Rici Healthcare Holdings Ltd,56102010,의료 시설 및 서비스
00050,Hong Kong Ferry Holdings Co Ltd,60101010,"부동산 임대, 개발 및 운영"
00434,Boyaa Interactive International Ltd,57201020,소프트웨어
09933,GHW International,51101010,상품 화학
01911,China Renaissance Holdings Ltd,55102010,투자 은행 및 중개 서비스
06858,Honma Golf Ltd,53205020,오락용 제품
02368,Eagle Nice (International) Holdings Ltd,53202020,의류 및 액세서리
02181,Mabpharm Ltd,56202010,생명 공학 및 의학 연구
02355,Baoye Group Co Ltd Class H,52201020,건설 및 엔지니어링
03681,SinoMab BioScience Ltd,56201040,제약
06036,Apex Ace Holding Ltd,52102030,전기 부품 및 장비
02416,Edianyun Ltd,57201010,IT 서비스 및 컨설팅
00335,Upbest Group Ltd,55101030,소비자 대출
02519,AuGroup SHENZHEN Cross Border Business Co Ltd Class H,53204040,가정용 가구
02570,Shanghai REFIRE Group Ltd Class H,52102030,전기 부품 및 장비
00686,Beijing Energy International Holding Co Ltd,59101010,전력 유틸리티
02306,YH Entertainment Group,53302030,엔터테인먼트 제작
01257,China Everbright Greentech Ltd,59101010,전력 유틸리티
02309,Zo Future Group,53301040,여가 및 오락시설
00194,Liu Chong Hing Investment Ltd,60101010,"부동산 임대, 개발 및 운영"
01027,Asia Strategy Digit Technology Holdings Ltd,53202020,의류 및 액세서리
00650,Productive Technologies Company Ltd,50102020,"오일, 가스 탐사 및 생산"
02531,GL-Carlink Technology Holding Ltd,57107010,통합 하드웨어 및 소프트웨어
02360,Best Mart 360 Holdings Ltd,54301020,식품 소매 및 유통
02160,Microport Cardioflow Medtech Corp,56101020,"의료 장비, 물품 및 유통"
00398,Oriental Watch Holdings Ltd,53403040,의류 및 액세서리 소매
00535,Gemdale Properties and Investment Corporation Ltd,60101010,"부동산 임대, 개발 및 운영"
09990,Archosaur Games Inc,57201030,온라인 서비스
08087,China 33 Group Ltd,53302010,광고 및 마케팅
02768,Qingdao Gon Technology Co Ltd Class H,51101010,상품 화학
06667,Mega Genomics Ltd,56102010,의료 시설 및 서비스
00347,Angang Steel Co Ltd Class H,51201020,철 및 강철
01657,SG Group Holdings Ltd,53202020,의류 및 액세서리
01541,ImmuneOnco Biopharmaceuticals (Shanghai) Inc Class H,56202010,생명 공학 및 의학 연구
00031,China Aerospace International Holdings Ltd,52102030,전기 부품 및 장비
00480,HKR International Ltd,60101010,"부동산 임대, 개발 및 운영"
00720,Auto Italia Holdings Ltd,60101010,"부동산 임대, 개발 및 운영"
09922,Jiumaojiu International Holdings Ltd,53301020,레스토랑 및 바
03798,Homeland Interactive Technology Ltd,57201020,소프트웨어
02271,Zhong An Intelligent Living Service Ltd,60101020,부동산 서비스
02161,JBM (Healthcare) Ltd,56201040,제약
00626,Public Financial Holdings Ltd,55101010,은행
06169,China Yuhua Education Corp Ltd,63102010,"초, 중, 고등 교육기관"
01086,Goodbaby International Holdings Ltd,53205010,장난감 및 어린이 제품
00628,Tong Tong AI Social Group Ltd,55101050,기업 금융 서비스
01481,Smart Globe Holdings Ltd,52203020,상업 인쇄 서비스
02348,Dawnrays Pharmaceutical (Holdings) Ltd,56201040,제약
03669,China Yongda Automobiles Services Holdings Ltd,53403010,"자동차 차량, 부품 및 서비스 소매"
00837,Carpenter Tan Holdings Ltd,51301010,임업 및 목재 제품
00242,Shun Tak Holdings Ltd,60101010,"부동산 임대, 개발 및 운영"
03658,New Hope Service Holdings Ltd,60101020,부동산 서비스
01431,YuanShengTai Dairy Farm Ltd,54102010,어업 및 농업
01645,Haina Intelligent Equipment International Holdings Ltd,52102010,산업용 기계 및 장비
00218,Shenwan Hongyuan HK Ltd,55102010,투자 은행 및 중개 서비스
02865,Hainan Drinda New Energy Technology Co Ltd Class H,50201010,재생 가능 에너지 장비 및 서비스
09981,Shenzhen Woer Heat-shrinkable Material Co.  Ltd Class H,57104010,전자 장비 및 부품
01200,Midland Holdings Ltd,60101020,부동산 서비스
01611,Bitfire Group Holdings Ltd,55102020,투자 관리 및 펀드 운영
00830,China State Construction Development Holdings Ltd,52201020,건설 및 엔지니어링
02209,YesAsia Holdings Ltd,53402010,백화점
00321,Texwinca Holdings Ltd,53202010,직물 및 가죽제품
03329,BOCOM International Holdings Co Ltd,55102010,투자 은행 및 중개 서비스
01473,Pangaea Connectivity Technology Ltd,57101010,반도체
02677,Distinct Healthcare Holdings Ltd,56102010,의료 시설 및 서비스
00527,Ruifeng Green Energy AI Computing Holdings Ltd,59101010,전력 유틸리티
03938,LFG Investment Holdings Ltd,55102010,투자 은행 및 중개 서비스
02383,Tom Group Ltd,53302040,소비자 출판
00408,Yip's Chemical Holdings Ltd,51101010,상품 화학
02886,Binhai Investment Company Ltd,50102030,"오일, 가스 정제 및 마케팅"
01321,China New City Group Ltd,53301010,"호텔, 모텔 및 크루즈 라인"
01953,Rimbaco Group Global Ltd,52201020,건설 및 엔지니어링
00025,Chevalier International Holdings Ltd,52201020,건설 및 엔지니어링
00158,Melbourne Enterprises Ltd,60101010,"부동산 임대, 개발 및 운영"
03718,Beijing Enterprises Urban Resources Group Ltd,52203010,환경 서비스 및 장비
01568,Sundart Holdings Ltd,53203010,주택 건설
02495,Voicecomm International Ltd Class H,57201010,IT 서비스 및 컨설팅
03816,KFM Kingdom Holdings Ltd,51201020,철 및 강철
02559,Dida Inc,52406020,지상 및 해상 여객 운송
09680,Chenqi Technology Ltd,52406020,지상 및 해상 여객 운송
00951,Chaowei Power Holdings Ltd,53101020,"자동차, 트럭 및 오토바이 부품"
02789,Yuanda China Holdings Ltd,53203020,건설 자재 및 비품
01599,Beijing Urban Construction Design & Development Group Co Ltd Class H,52201020,건설 및 엔지니어링
01712,Dragon Mining Ltd,51201060,금
02009,BBMG Corp Class H,51202010,건설 자재
01122,Qingling Motors Co Ltd Class H,53101010,자동차 및 트럭 제조
01973,Tian Tu Capital Co Ltd Class H,55102020,투자 관리 및 펀드 운영
02283,TK Group (Holdings) Ltd,52102010,산업용 기계 및 장비
01760,Intron Technology Holdings Ltd,53101020,"자동차, 트럭 및 오토바이 부품"
09616,Neutech Group Ltd,63102010,"초, 중, 고등 교육기관"
01061,Essex Bio-Technology Ltd,56201040,제약
01588,Chanjet Information Technology Co Ltd Class H,57201020,소프트웨어
00568,Shandong Molong Petroleum Machinery Co Ltd Class H,50103020,오일 관련 서비스 및 장비
00838,EVA Precision Industrial Holdings Ltd,52102010,산업용 기계 및 장비
06622,Zhaoke Ophthalmology Limited,56201040,제약
01613,Synertone Communication Corp,57201010,IT 서비스 및 컨설팅
02279,Yonghe Medical Group Co.  Ltd.,56102010,의료 시설 및 서비스
06603,IFBH Ltd,54101030,무알콜 음료
02465,Jiangsu Lopal Tech Group Co Ltd Class H,51101010,상품 화학
01372,China Carbon Neutral Development Group Ltd,52201020,건설 및 엔지니어링
02218,Yantai North Andre Juice Co Ltd Class H,54101030,무알콜 음료
01488,Best Food Holding Company Ltd,53301020,레스토랑 및 바
01597,China Nature Energy Technology Holdings Ltd,52102030,전기 부품 및 장비
01382,Pacific Textiles Holdings Ltd,53202010,직물 및 가죽제품
09909,Powerlong Commercial Management Holdings Ltd,60101020,부동산 서비스
02582,Jiangsu Guofu Hydrogen Energy Equipment Co Ltd Class H,52102010,산업용 기계 및 장비
00305,Wuling Motors Holdings Ltd,53101020,"자동차, 트럭 및 오토바이 부품"
02563,Beijing Biostar Pharmaceuticals Co Ltd Class H,56201040,제약
02175,China General Education Group Ltd,63102010,"초, 중, 고등 교육기관"
08049,Jilin Province Huinan Changlong Bio-pharmacy Co Ltd Class H,56201040,제약
01977,Analogue Holdings Ltd,52201020,건설 및 엔지니어링
00306,Kwoon Chung Bus Holdings Ltd,52406020,지상 및 해상 여객 운송
06668,E-Star Commercial Management Co Ltd,60101020,부동산 서비스
09991,Baozun Inc,52202010,다각적 산업용 제품 도매
01969,China Chunlai Education Group Co Ltd,63101010,기타 교육 서비스 제공
08476,Ocean One Holding Ltd,54301020,식품 소매 및 유통
09611,Shanghai Longcheer Technology Co Ltd Class H,57106020,전화 및 소형 장치
01358,PW Medtech Group Ltd,56101020,"의료 장비, 물품 및 유통"
02667,Beijing Tong Ren Tang Healthcare Investment Co Ltd Class H,56102010,의료 시설 및 서비스
00745,China National Culture Group Ltd,52201020,건설 및 엔지니어링
01940,China Gas Industry Investment Holdings Co Ltd,51101010,상품 화학
02028,Jolimark Holdings Ltd,57105010,사무기기
02798,Perennial Energy Holdings Ltd,50101010,석탄
02613,ContiOcean Environment Tech Group Co Ltd Class H,52102010,산업용 기계 및 장비
00842,Leoch International Technology Ltd,52102030,전기 부품 및 장비
00147,International Business Settlement Holdings Ltd,60101010,"부동산 임대, 개발 및 운영"
02265,Hongcheng Environmental Technology Co Ltd,52203010,환경 서비스 및 장비
09609,Hebei Haiwei Electronic New Material Technology Co Ltd Class H,57104010,전자 장비 및 부품
02905,China National Culture Group Ltd,52201020,건설 및 엔지니어링
02566,Hangzhou Jiuyuan Genetic Biopharmaceutical Co Ltd Class H,56201040,제약
01765,XJ International Holdings Co Ltd,63101010,기타 교육 서비스 제공
01660,Seven Elements Investment Holdings Ltd,60101020,부동산 서비스
01471,Zhongmiao Holdings Qingdao Co Ltd Class H,55301010,복합보험 및 중개인
01065,Tianjin Capital Environmental Protection Group Co Ltd Class H,59103010,수자원 유틸리티
01881,Regal Real Estate Investment Trust REIT Units,60102040,특수 REITs
02692,Shenzhen Zhaowei Machinery & Electronics Co Ltd Class H,52102010,산업용 기계 및 장비
02443,Autostreets Development Ltd,53403010,"자동차 차량, 부품 및 서비스 소매"
01903,JBB Builders International Ltd,51202010,건설 자재
01601,Zhongguancun Science-Tech Leasing Co Ltd Class H,55101050,기업 금융 서비스
00815,China Silver Group Ltd,51201010,금 제외 귀금속 및 광물
01228,CANbridge Pharmaceuticals Inc,56201040,제약
09663,Sino-Synergy Hydrogen Energy Technology Jiaxing Co Ltd Class H,50201010,재생 가능 에너지 장비 및 서비스
01635,Shanghai Dazhong Public Utilities Group Co Ltd Class H,59102010,천연가스 유틸리티
01283,Accel Group Holdings Ltd,52201020,건설 및 엔지니어링
01716,Most Kwai Chung Ltd,52203020,상업 인쇄 서비스
06811,Tai Hing Group Holdings Ltd,53301020,레스토랑 및 바
02150,Nayuki Holdings Ltd,53301020,레스토랑 및 바
03886,Town Health International Medical Group Ltd,56102010,의료 시설 및 서비스
01020,Ciprun Technology Holdings Company Ltd,57201030,온라인 서비스
03893,CROSSTEC Group Holdings Ltd,53203010,주택 건설
02569,Soft International Group Ltd,54201020,개인 생활 필수 용품
00451,Dynasty Digital Holdings Ltd,59101010,전력 유틸리티
01231,Newton Resources Ltd,51201020,철 및 강철
00511,TVB Ltd,53302020,방송
03989,Capital Environment Holdings Ltd,52203010,환경 서비스 및 장비
00978,China Merchants Land Ltd,60101010,"부동산 임대, 개발 및 운영"
02477,WellCell Holdings Co Ltd,57401010,통합 통신 서비스
00419,Hony Media Group,57201030,온라인 서비스
01503,China Merchants Commercial Real Estate Invt Trust,60102020,상업용 REITs
00687,Tysan Holdings Ltd,52201020,건설 및 엔지니어링
02661,QingSong Health Corp,56101010,첨단 의료 장비 및 기술
01935,JH Educational Technology INC,63102010,"초, 중, 고등 교육기관"
00719,Shandong Xinhua Pharmaceutical Co Ltd Class H,56201040,제약
09908,Jiaxing Gas Group Co Ltd Class H,59102010,천연가스 유틸리티
01140,Wealthink Ai-innovation Capital Ltd,55102020,투자 관리 및 펀드 운영
00691,China Shanshui Cement Group Ltd,51202010,건설 자재
01539,Unity Group Holdings International Ltd,52102030,전기 부품 및 장비
00798,China Electronics Optics Valley Union Holding Co Ltd,60101010,"부동산 임대, 개발 및 운영"
00542,China Cultural Tourism and Agriculture Group Ltd,60101010,"부동산 임대, 개발 및 운영"
00196,Honghua Group Ltd,50103020,오일 관련 서비스 및 장비
03389,Hengdeli Holdings Ltd,53202020,의류 및 액세서리
00488,Lai Sun Development Co Ltd,60101010,"부동산 임대, 개발 및 운영"
01943,King's Stone Holdings Group Ltd,52201020,건설 및 엔지니어링
02399,China Anchu Energy Storage Group Ltd,53101020,"자동차, 트럭 및 오토바이 부품"
01450,Be Friends Holding Ltd,57201030,온라인 서비스
06067,Shenzhen Senior Technology Material Co Ltd Class H,51101010,상품 화학
01726,HKE Holdings Ltd,52201020,건설 및 엔지니어링
02493,Mabwell (Shanghai) Bioscience Co.  Ltd. Class H,56202010,생명 공학 및 의학 연구
08370,Zhi Sheng Group Holdings Ltd,52203060,비즈니스 지원 용품
00563,Shanghai Industrial Urban Development Group Ltd,60101010,"부동산 임대, 개발 및 운영"
06745,Befar Group Co Ltd Class H,51101010,상품 화학
03303,Jutal Offshore Oil Services Ltd,50103020,오일 관련 서비스 및 장비
01697,Shandong International Trust Co Ltd Class H,55102020,투자 관리 및 펀드 운영
01786,Crcc High-Tech Equipment Corp Ltd Class H,52102020,중장비 및 차량
01981,Cathay Group Holdings Inc,53302030,엔터테인먼트 제작
03773,Yinsheng Digifavor Co Ltd,57401020,무선 통신 서비스
02592,Cloudbreak Pharma Inc,56202010,생명 공학 및 의학 연구
00873,Shimao Services Holdings Ltd,52407030,고속도로 및 철도
08095,Beijing Beida Jade Bird Universal Sci-Tech Co Ltd Class H,51201020,철 및 강철
03309,C-Mer Medical Holdings Ltd,56102010,의료 시설 및 서비스
06100,Tongdao Liepin Group,52203030,고용 서비스
00314,Sipai Health Technology Co  Ltd,54301010,의약품 소매
00465,Futong Technology Development Holdings Ltd,57106010,컴퓨터 하드웨어
00095,LVGEM (China) Real Estate Investment Co Ltd,60101010,"부동산 임대, 개발 및 운영"
01180,Paradise Entertainment Ltd,53301030,카지노 및 도박
00638,Fibocom Wireless Inc. Class H,57102010,통신 및 네트워킹
02002,China Sunshine Paper Holdings Co Ltd,51302020,종이 포장재
02001,China New Higher Education Group Ltd,63102010,"초, 중, 고등 교육기관"
01696,Sisram Medical Ltd,56101010,첨단 의료 장비 및 기술
00716,Singamas Container Holdings Ltd,51302010,용기(종이 제외) 및 포장재
03399,Guangdong Yueyun Transportation Co Ltd Class H,52406020,지상 및 해상 여객 운송
02317,Vedan International (Holdings) Ltd,54102020,식품 가공
00595,AV Concept Holdings Ltd,57101010,반도체
01593,Chen Lin Education Group Holdings Ltd,63101010,기타 교육 서비스 제공
03836,China Harmony Auto Holding Ltd,53403010,"자동차 차량, 부품 및 서비스 소매"
06117,Rizhao Port Jurong Co Ltd Class H,52407020,항만 운영 및 서비스
01525,Shanghai Gench Education Group Ltd,63101010,기타 교육 서비스 제공
01627,Able Engineering Holdings Ltd,52201020,건설 및 엔지니어링
01201,Tesson Holdings Ltd,53101020,"자동차, 트럭 및 오토바이 부품"
02180,Manpowergroup Greater China Ltd,52203030,고용 서비스
00264,China International Development Corporation Ltd,53202010,직물 및 가죽제품
02691,Nanhua Futures Co Ltd Class H,52203040,경영 지원 서비스
08198,Crypto Flow Technology Ltd,52203040,경영 지원 서비스
02881,Wuhan Youji Holdings Ltd,51101010,상품 화학
02512,Cloud Factory Technology Holdings Ltd,57201010,IT 서비스 및 컨설팅
01142,Eandp Global Holdings Ltd,50102030,"오일, 가스 정제 및 마케팅"
01586,China Leon Inspection Holding Ltd,52203040,경영 지원 서비스
09989,Shenzhen Hepalink Pharmaceutical Group Co Ltd Class H,56201040,제약
06661,Huzhou Gas Co Ltd Class H,59102010,천연가스 유틸리티
01466,Baijin Life Science Holdings Ltd,53202020,의류 및 액세서리
02543,Dahon Tech (Shenzhen) Co Ltd Class H,53205020,오락용 제품
00057,Chen Hsong Holdings Ltd,52102010,산업용 기계 및 장비
09960,Kindstar Globalgene Technology Inc,56102010,의료 시설 및 서비스
02651,Wuhan Dazhong Dental Medical Co Ltd Class H,56102010,의료 시설 및 서비스
09857,Linmon Media Ltd,53302030,엔터테인먼트 제작
03650,Keep Inc,57201030,온라인 서비스
08321,Tai Kam Holdings Ltd,52201020,건설 및 엔지니어링
00526,Lisi Group (Holdings) Ltd,51302010,용기(종이 제외) 및 포장재
02100,Baioo Family Interactive Ltd,53302010,광고 및 마케팅
00621,Taung Gold International Ltd,51201060,금
00212,Nanyang Holdings Ltd,55601010,투자 지주 회사
02603,Xiamen Jihong Co Ltd Class H,57201030,온라인 서비스
00609,Tiande Chemical Holdings Ltd,51101010,상품 화학
01003,Huanxi Media Group Ltd,53302030,엔터테인먼트 제작
00391,Mei Ah Entertainment Group Ltd,53302030,엔터테인먼트 제작
01161,Water Oasis Group Ltd,53403090,기타 전문 소매
00635,Playmates Holdings Ltd,53205010,장난감 및 어린이 제품
00374,Four Seas Mercantile Holdings Ltd,54102020,식품 가공
01204,BoardWare Intelligence Technology Ltd,57201010,IT 서비스 및 컨설팅
06086,Fangzhou Inc,54301010,의약품 소매
00255,Lung Kee Group Holdings Ltd,52102010,산업용 기계 및 장비
08540,Victory Securities (Holdings) Co Ltd,55101030,소비자 대출
09886,Dingdang Health Technology Group Ltd,54301010,의약품 소매
01328,Goldstream Investment Ltd,55102020,투자 관리 및 펀드 운영
02130,CN Logistics International Holdings Ltd,52405010,"배달, 우편, 항공 화물 및 육상 물류"
09939,Kintor Pharmaceutical Ltd,56202010,생명 공학 및 의학 연구
02327,Meilleure Health International Industry Group Ltd,56201040,제약
00157,Natural Beauty Bio-Technology Ltd,54201020,개인 생활 필수 용품
00623,Golden Bridge Group Holdings Ltd,53302010,광고 및 마케팅
09639,Wing Lee Development Construction Holdings Ltd,59101010,전력 유틸리티
02535,WK Group (Holdings) Ltd,51201020,철 및 강철
03838,China Starch Holdings Ltd,54102020,식품 가공
01127,Lion Rock Group Ltd,52203020,상업 인쇄 서비스
02550,Easou Technology Holdings Ltd,57201030,온라인 서비스
03991,Changhong Jiahua Holdings Ltd,57106030,가정용 전자 제품
02458,Gala Technology Holding Ltd,57201020,소프트웨어
03383,Agile Group Holdings Ltd,60101010,"부동산 임대, 개발 및 운영"
01483,Net A Go Technology Co Ltd,52203010,환경 서비스 및 장비
08220,Bingo Group Holdings Ltd,53301040,여가 및 오락시설
00818,Hi Sun Technology (China) Ltd,52102030,전기 부품 및 장비
08611,Jufeel International Holdings Ltd,57201010,IT 서비스 및 컨설팅
01931,Ethk Labs Inc,56101020,"의료 장비, 물품 및 유통"
00536,TradeLink Electronic Commerce Ltd,57201010,IT 서비스 및 컨설팅
00266,Tian Teck Land Ltd,60101010,"부동산 임대, 개발 및 운영"
02503,Zhongshen Jianye Holding Ltd,52201020,건설 및 엔지니어링
00103,Shougang Century Holdings Ltd,51201020,철 및 강철
01985,Microware Group Ltd,57201010,IT 서비스 및 컨설팅
00156,Lippo China Resources Ltd,54102020,식품 가공
02251,Beijing Airdoc Technology Co Ltd Class H,56101010,첨단 의료 장비 및 기술
00664,Hangzhou Tongshifu Cultural and Creative (Group) Co Ltd Class H,53403030,가정용 가구 소매
01702,Dongguang Chemical Ltd,51101020,농화학제
01906,Bonny International Holding Ltd,53202020,의류 및 액세서리
08017,TradeGo FinTech Ltd,57301010,핀테크
01820,Pacific Millennium Packaging Group Corp,51302020,종이 포장재
00618,Peking University Resources (Holdings) Company Ltd,57106010,컴퓨터 하드웨어
02153,Tat Hong Equipment Service Co Ltd,52201020,건설 및 엔지니어링
01489,GC Construction Holdings Ltd,52201020,건설 및 엔지니어링
02483,K Cash Corp Ltd,55101030,소비자 대출
00993,XinKong International Capital Holdings Ltd,55102020,투자 관리 및 펀드 운영
02136,Lifestyle China Group Ltd,53402010,백화점
00538,Ajisen (China) Holdings Ltd,53301020,레스토랑 및 바
02701,Nsing Technologies Inc Class H,57101010,반도체
06820,FriendTimes Inc,57201020,소프트웨어
00128,ENM Holdings Ltd,53403040,의류 및 액세서리 소매
00554,Hans Group Holdings Ltd,50102030,"오일, 가스 정제 및 마케팅"
00093,Zero Fintech Group Ltd,55101030,소비자 대출
00611,China Nuclear Energy Technology Corp Ltd,52201020,건설 및 엔지니어링
00655,Hongkong Chinese Ltd,60101010,"부동산 임대, 개발 및 운영"
00420,Fountain Set Holdings Ltd,53202010,직물 및 가죽제품
06922,Cryofocus Medtech (Shanghai) Co Ltd Class H,56101020,"의료 장비, 물품 및 유통"
02581,BenQ BM Holding Cayman Corp,56102010,의료 시설 및 서비스
00237,Safety Godown Co Ltd,52405030,지상 화물 및 물류
01858,Beijing Chunlizhengda Medical Instruments Co Ltd Class H,56101020,"의료 장비, 물품 및 유통"
01187,Cofoe Medical Technology Co Ltd Class H,56101020,"의료 장비, 물품 및 유통"
01346,Lever Style Corp,53202020,의류 및 액세서리
01986,Tsaker New Energy Tech Co Ltd,52102030,전기 부품 및 장비
01029,IRC Ltd,51201020,철 및 강철
01731,Prosperous Industrial (Holdings) Ltd,53202020,의류 및 액세서리
01463,C-Link Squared Ltd,57201020,소프트웨어
00533,Goldlion Holdings Ltd,53202020,의류 및 액세서리
02487,Cutia Therapeutics,56201040,제약
02551,APT Electronics Co Ltd Class H,57104010,전자 장비 및 부품
02030,Cabbeen Fashion Ltd,53202020,의류 및 액세서리
02098,Zall Smart Commerce Group Ltd,60101010,"부동산 임대, 개발 및 운영"
02473,XXF Group Holdings Ltd,55101030,소비자 대출
00627,Vision Synergy Holdings Ltd,60101010,"부동산 임대, 개발 및 운영"
00131,Cheuk Nang Holdings Ltd,60101010,"부동산 임대, 개발 및 운영"
02991,Poly Xverse Intelligent Technology Co. Ltd,53205010,장난감 및 어린이 제품
00209,Poly Xverse Intelligent Technology Co. Ltd,53205010,장난감 및 어린이 제품
01090,Da Ming International Holdings Ltd,51201020,철 및 강철
01349,Shanghai Fudan-Zhangjiang Bio-Pharmaceutical Co Ltd Class H,56201040,제약
00472,New Silkroad Holding Group Ltd,60101010,"부동산 임대, 개발 및 운영"
02560,Anhui Conch Material Technology Co Ltd Class H,51202010,건설 자재
01137,Hong Kong Technology Venture Co Ltd,57201030,온라인 서비스
00711,Asia Allied Infrastructure Holdings Ltd,52201020,건설 및 엔지니어링
00184,Keck Seng Investments Hong Kong Ltd,53301010,"호텔, 모텔 및 크루즈 라인"
01846,Euroeyes International Eye Clinic Ltd,56102010,의료 시설 및 서비스
00433,North Mining Shares Co Ltd,51101010,상품 화학
00353,Energy International Investments Holdings Ltd,50102030,"오일, 가스 정제 및 마케팅"
01057,Zhejiang Shibao Co Ltd Class H,53101020,"자동차, 트럭 및 오토바이 부품"
01085,Hengxin Technology Ltd,52102030,전기 부품 및 장비
06676,ZG Group,51201020,철 및 강철
00894,Man Yue Technology Holdings Ltd,57104010,전자 장비 및 부품
00383,Tian An Medicare Ltd,56102010,의료 시설 및 서비스
06828,Beijing Gas Blue Sky Holdings Ltd,59102010,천연가스 유틸리티
00553,Nanjing Panda Electronics Co Ltd Class H,57104010,전자 장비 및 부품
00505,Xingye Alloy Materials Group Ltd,51201050,특수 채굴 및 금속
02481,SL Gemini Energy Co Ltd Class H,59103010,수자원 유틸리티
01652,Fusen Pharmaceutical Co Ltd,56201040,제약
02372,WEIli Holdings Ltd,51301020,종이 제품
02126,JW (Cayman) Therapeutics Co Ltd,56202010,생명 공학 및 의학 연구
01528,Red Star Macalline Group Corp Ltd Class H,53403020,주택 개조 제품 및 서비스 소매
02777,Guangzhou R&F Properties Co Ltd Class H,60101010,"부동산 임대, 개발 및 운영"
06939,Megain Holding (Cayman) Co Ltd,57101010,반도체
08148,Wuxi Life International Holdings Group Ltd,57201020,소프트웨어
01831,Shifang Holding Ltd,53302010,광고 및 마케팅
01141,CMBC Capital Holdings Ltd,55102010,투자 은행 및 중개 서비스
01583,Qinqin Foodstuffs Group Cayman Co Ltd,54102020,식품 가공
01274,iMotion Automotive Technology (Suzhou) Co.  Ltd. Class H,53101020,"자동차, 트럭 및 오토바이 부품"
02011,Gilston Group Ltd,53202020,의류 및 액세서리
02530,Numans Health Food Holdings Co Ltd,54102020,식품 가공
00493,GOME Retail Holdings Ltd,53403050,컴퓨터 및 전자 제품 소매
01238,Powerlong Real Estate Holdings Ltd,60101010,"부동산 임대, 개발 및 운영"
00163,Emperor International Holdings Ltd,60101010,"부동산 임대, 개발 및 운영"
01262,Labixiaoxin Snacks Group Ltd,54102020,식품 가공
00898,Multifield International Holdings Ltd,60101010,"부동산 임대, 개발 및 운영"
02469,Fenbi Ltd,63101010,기타 교육 서비스 제공
02146,Roiserv Lifestyle Services Co Ltd Class H,60101020,부동산 서비스
02068,China Aluminum International Engineering Corp Ltd Class H,52201020,건설 및 엔지니어링
01502,Financial Street Property Co Ltd Class H,60101020,부동산 서비스
00251,S E A Holdings Ltd,60101010,"부동산 임대, 개발 및 운영"
00640,Infinity Development Holdings Company Ltd,51101030,특수 화학제
00418,Founder Holdings Ltd,57201010,IT 서비스 및 컨설팅
01410,Edvance International Holdings Ltd,57201010,IT 서비스 및 컨설팅
00610,Wai Kee Holdings Ltd,52201020,건설 및 엔지니어링
00239,Pak Fah Yeow International Ltd,56201040,제약
06898,China Aluminum Cans Holdings Ltd,51302010,용기(종이 제외) 및 포장재
02377,China Boqi Environmental (Holding) Co Ltd,52201020,건설 및 엔지니어링
00676,Pegasus International Holdings Ltd,53202030,제화
00528,Kingdom Holdings Ltd,53202010,직물 및 가죽제품
00205,BFB Health Ltd,53302010,광고 및 마케팅
08371,Taste . Gourmet Group Ltd,53301020,레스토랑 및 바
01425,Justin Allen Holdings Ltd,53202020,의류 및 액세서리
09686,Xikang Cloud Hospital Holdings Inc,56102010,의료 시설 및 서비스
00206,CM Energy Tech Co Ltd,50103020,오일 관련 서비스 및 장비
00884,CIFI Holdings (Group) Co Ltd,60101010,"부동산 임대, 개발 및 운영"
02516,FAR International Holdings Group Co Ltd,52405010,"배달, 우편, 항공 화물 및 육상 물류"
00804,Pinestone Capital Ltd,55102010,투자 은행 및 중개 서비스
00727,Sinopros Co Ltd,60101010,"부동산 임대, 개발 및 운영"
02567,Qiniu Ltd,57201010,IT 서비스 및 컨설팅
01835,Shanghai Realway Capital Assets Management Co Ltd Class H,55102020,투자 관리 및 펀드 운영
00334,China Display Optoelectronics Technology Holdings Ltd,57104010,전자 장비 및 부품
06959,Changjiu Holdings Ltd,57107010,통합 하드웨어 및 소프트웨어
02137,Brii Biosciences Ltd,56202010,생명 공학 및 의학 연구
03268,MeiG Smart Technology Co Ltd Class H,57102010,통신 및 네트워킹
01577,Quanzhou Huixin Micro-credit Co Ltd Class H,55101050,기업 금융 서비스
00217,China Chengtong Development Group Ltd,51201020,철 및 강철
02496,Wuhan YZY Biopharma Co Ltd Class H,56202010,생명 공학 및 의학 연구
02407,Gaush Meditech Ltd,56101020,"의료 장비, 물품 및 유통"
02167,TI Cloud Inc,57201020,소프트웨어
00560,Chu Kong Shipping Enterprises Group Co Ltd,52405020,해양 화물 및 물류
01036,Vanke Overseas Investment Holding Co Ltd,60101010,"부동산 임대, 개발 및 운영"
01152,Momentum Financial Holdings Ltd,54301020,식품 소매 및 유통
01022,Feiyu Technology International Company Ltd,57201030,온라인 서비스
08162,Loco Hong Kong Holdings Ltd,51201050,특수 채굴 및 금속
00450,Hung Hing Printing Group Ltd,52203020,상업 인쇄 서비스
09689,JTF International Holdings Ltd,50102030,"오일, 가스 정제 및 마케팅"
03348,China PengFei Group Ltd,52102010,산업용 기계 및 장비
00813,Shimao Group Holdings Ltd,60101010,"부동산 임대, 개발 및 운영"
02878,Solomon Systech (International) Ltd,57101010,반도체
00809,Global Bio-chem Technology Group Co Ltd,51101020,농화학제
00603,China Oil and Gas Group Ltd,59102010,천연가스 유틸리티
02536,Palasino Holdings Ltd,53301010,"호텔, 모텔 및 크루즈 라인"
03377,Sino-Ocean Group Holding Ltd,60101010,"부동산 임대, 개발 및 운영"
02501,Maiyue Technology Ltd,57201020,소프트웨어
01461,ZHONGTAI FUTURES Company Limited Class H,55102010,투자 은행 및 중개 서비스
08450,EDICO Holdings Ltd,52203020,상업 인쇄 서비스
02453,Concord Healthcare Group Co Ltd Class H,56102010,의료 시설 및 서비스
03300,China Glass Holdings Ltd,51101010,상품 화학
00351,Asia Energy Logistics Group Ltd,52405020,해양 화물 및 물류
01710,Trio Industrial Electronics Group Ltd,52102030,전기 부품 및 장비
01121,Golden Solar New Energy Technology Holdings Ltd,53202030,제화
02539,Lemo Services Co Ltd Class H,53204030,"가전제품, 도구 및 가정 용품"
02562,Synagistics Ltd,57201010,IT 서비스 및 컨설팅
06989,Excellence Commercial Property & Facilities Management Group Ltd,60101020,부동산 서비스
01980,Tian Ge Interactive Holdings Ltd,57201030,온라인 서비스
01118,Golik Holdings Ltd,51202010,건설 자재
09882,Best Linking Group Holdings Ltd,52102010,산업용 기계 및 장비
00950,Lee's Pharmaceutical Holdings Ltd,56201040,제약
00149,China Agri-Products Exchange Ltd,60101010,"부동산 임대, 개발 및 운영"
00224,Pioneer Global Group Ltd,60101010,"부동산 임대, 개발 및 운영"
02298,Cosmo Lady (China) Holdings Co Ltd,53202020,의류 및 액세서리
01643,Modern Chinese Medicine Group Co Ltd,56201040,제약
02621,Shouhui Group Ltd,55301030,생명 및 건강 보험
01553,Maike Tube Industry Holdings Ltd,51201020,철 및 강철
01823,Huayu Expressway Group Ltd,54301020,식품 소매 및 유통
01853,Jilin Province Chuncheng Heating Co Ltd Class H,59103010,수자원 유틸리티
08037,China Biotech Services Holdings Ltd,56102010,의료 시설 및 서비스
00210,Daphne International Holdings Ltd,53202030,제화
00302,CMGE Technology Group Ltd,57201030,온라인 서비스
02008,Phoenix Media Investment (Holdings) Ltd,53302020,방송
02515,Tianjin Construction Development Group Co Ltd Class H,52201020,건설 및 엔지니어링
00537,Rigol Technologies Co Ltd Class H,52102030,전기 부품 및 장비
01202,Chengdu SIWI Science and Technology Co Ltd Class H,52102030,전기 부품 및 장비
00040,Gold Peak Technology Group Ltd,52102030,전기 부품 및 장비
01278,China New Town Development Co Ltd,60101010,"부동산 임대, 개발 및 운영"
02502,Henan Jinyuan Hydrogenated Chemicals Co Ltd Class H,51101010,상품 화학
01538,Zhong Ao Home Group Ltd,60101020,부동산 서비스
00052,Fairwood Holdings Ltd,53301020,레스토랑 및 바
01203,GDH Guangnan (Holdings) Ltd,51201020,철 및 강철
01082,Bradaverse Education (Int'l) Investments Group Ltd,57106010,컴퓨터 하드웨어
01669,Global International Credit Group Ltd,55101030,소비자 대출
02260,Vanov Holdings Co Ltd,53202010,직물 및 가죽제품
00952,Quam Plus International Financial Ltd,55102010,투자 은행 및 중개 서비스
01100,Mainland Headwear Holdings Ltd,53202020,의류 및 액세서리
00154,Beijing Enterprises Environment Group Ltd,50201010,재생 가능 에너지 장비 및 서비스
01255,TATA Health International Holdings Ltd,53403040,의류 및 액세서리 소매
01084,Green Fresh Biotechnology Co Ltd,54102020,식품 가공
03689,Guangdong Kanghua Healthcare Group Co Ltd Class H,56102010,의료 시설 및 서비스
01769,Scholar Education Group,63101010,기타 교육 서비스 제공
06113,BitStrat Holdings Ltd,53302010,광고 및 마케팅
00677,Golden Resources Development International Ltd,54301020,식품 소매 및 유통
02289,Charmacy Pharmaceutical Co Ltd Class H,56201040,제약
00464,China In-Tech Ltd,53204030,"가전제품, 도구 및 가정 용품"
00225,Pokfulam Development Co Ltd,60101010,"부동산 임대, 개발 및 운영"
01108,Triumph New Energy Co Ltd Class H,51101010,상품 화학
02402,Beijing SinoHytec Co Ltd Class H,53101020,"자동차, 트럭 및 오토바이 부품"
00089,Tai Sang Land Development Ltd,60101010,"부동산 임대, 개발 및 운영"
00370,Hong Kong Robotics Group Holding Ltd,52201020,건설 및 엔지니어링
01499,OKG Technology Holdings Ltd,52201020,건설 및 엔지니어링
03686,Clifford Modern Living Holdings Ltd,54301020,식품 소매 및 유통
00201,Magnificent Hotel Investments Ltd,53301010,"호텔, 모텔 및 크루즈 라인"
01878,SouthGobi Resources Ltd,50101010,석탄
00099,Wong's International Holdings Ltd,57104010,전자 장비 및 부품
01119,iDreamSky Technology Holdings Ltd,57201030,온라인 서비스
09876,Ocean One Holding Ltd,54301020,식품 소매 및 유통
00382,Edvantage Group Holdings Ltd,63102010,"초, 중, 고등 교육기관"
06826,Shanghai Haohai Biological Technology Co Ltd Class H,56101020,"의료 장비, 물품 및 유통"
01565,Virscend Education Company Ltd,63102010,"초, 중, 고등 교육기관"
00365,Sino Ict Holdings Ltd,52102010,산업용 기계 및 장비
00280,King Fook Holdings Ltd,53403040,의류 및 액세서리 소매
08188,GME Group Holdings Ltd,52201020,건설 및 엔지니어링
06966,China Wan Tong Yuan (Holdings) Ltd,54201030,개인 서비스
00854,Willas-Array Electronics (Holdings) Ltd,57104010,전자 장비 및 부품
03678,Soho Holly Futures Co.  Ltd. Class H,55102010,투자 은행 및 중개 서비스
01334,Ruichang International Holdings Ltd,52102010,산업용 기계 및 장비
02120,Wenzhou Kangning Hospital Co Ltd Class H,56102010,의료 시설 및 서비스
00771,Automated Systems Holdings Ltd,57106010,컴퓨터 하드웨어
03737,Zhongzhi Pharmaceutical Holdings Ltd,56201040,제약
02958,Vision Values Holdings Ltd,52405030,지상 화물 및 물류
01290,China Huirong Financial Holdings Ltd,55101030,소비자 대출
00848,Maoye International Holdings Ltd,53402010,백화점
01412,Q P Group Holdings Ltd,53205010,장난감 및 어린이 제품
00929,IPE Group Ltd,52102030,전기 부품 및 장비
01861,Precious Dragon Technology Holdings Ltd,54201010,가정용 제품
02392,Xuan Wu Cloud Technology Holdings Ltd,57201030,온라인 서비스
06829,Dragon Rise Group Holdings Ltd,52201020,건설 및 엔지니어링
09919,Activation Group Holdings Ltd,53301040,여가 및 오락시설
03828,Ming Fai International Holdings Ltd,54201020,개인 생활 필수 용품
02671,USAS Building System (Shanghai) Co Ltd Class H,52201020,건설 및 엔지니어링
00673,China Health Group Ltd,56101020,"의료 장비, 물품 및 유통"
06123,YTO International Express and Supply Chain Technology Ltd,52405010,"배달, 우편, 항공 화물 및 육상 물류"
00159,Brockman Mining Ltd,51201020,철 및 강철
01442,Infinity Logistics and Transport Ventures Ltd,52405030,지상 화물 및 물류
02350,MTT Group Holdings Ltd,57201020,소프트웨어
08507,i.century Holding Ltd,53202020,의류 및 액세서리
01693,BGMC International Ltd,52201020,건설 및 엔지니어링
02863,Golden Faith Group Holdings Ltd,55601010,투자 지주 회사
02185,Shanghai Bio-heart Biological Technology Co Ltd Class H,56101020,"의료 장비, 물품 및 유통"
02000,SIM Technology Group Ltd,57106020,전화 및 소형 장치
03999,Dachan Food Asia Ltd,54102010,어업 및 농업
02051,Vala Inc,53301040,여가 및 오락시설
01183,MECOM Power and Construction Ltd,52201020,건설 및 엔지니어링
02281,Luzhou Xinglu Water (Group) Co Ltd Class H,59103010,수자원 유틸리티
00279,ARTA TechFin Corporation Ltd,55102010,투자 은행 및 중개 서비스
00860,Apollo Future Mobility Group Ltd,53101010,자동차 및 트럭 제조
01268,China MeiDong Auto Holdings Ltd,53403010,"자동차 차량, 부품 및 서비스 소매"
08030,Fengyinhe Holdings Ltd,57301010,핀테크
01685,Boer Power Holdings Ltd,57201010,IT 서비스 및 컨설팅
03638,Hunlicar Group Ltd,57106010,컴퓨터 하드웨어
01319,Oi Wah Pawnshop Credit Holdings Ltd,55101030,소비자 대출
02438,Mobvoi Inc,57107010,통합 하드웨어 및 소프트웨어
01925,Kwung's Aroma Holdings Ltd,54201010,가정용 제품
06919,Renrui Human Resources Technology Holdings Ltd,52203030,고용 서비스
02262,Steve Leung Design Group Ltd,52203040,경영 지원 서비스
03315,Goldpac Group Ltd,57201020,소프트웨어
00588,Beijing North Star Co Ltd Class H,60101010,"부동산 임대, 개발 및 운영"
01865,Pengo Holdings Group Ltd,52201020,건설 및 엔지니어링
06628,Transcenta Holding Ltd,56201040,제약
01808,Enterprise Development Holdings Ltd,57201020,소프트웨어
01075,Capinfo Co Ltd Class H,57201010,IT 서비스 및 컨설팅
01244,3D Medicines Inc,56201040,제약
01622,Redco Properties Group Ltd,60101010,"부동산 임대, 개발 및 운영"
06890,Kangli International Holdings Ltd,51201020,철 및 강철
01856,Ernest Borel Holdings Ltd,53202020,의류 및 액세서리
00018,Oriental Media Group Ltd,52405030,지상 화물 및 물류
02138,EC Healthcare,54201030,개인 서비스
02321,Swang Chai Chuan Ltd,54301020,식품 소매 및 유통
01449,Leader Education Ltd,63101010,기타 교육 서비스 제공
08227,XiAn Haitian Antenna Technologies Co Ltd Class H,57102010,통신 및 네트워킹
00080,Cai Corp,55102010,투자 은행 및 중개 서비스
03768,Kunming Dianchi Water Treatment Co Ltd Class H,59103010,수자원 유틸리티
02337,United Strength Power Holdings Ltd,59102010,천연가스 유틸리티
08403,Defeng Solife Holdings Ltd,52203040,경영 지원 서비스
00529,SiS International Holdings Ltd,53403050,컴퓨터 및 전자 제품 소매
00846,Mingfa Group (International) Co Ltd,60101010,"부동산 임대, 개발 및 운영"
02189,Kato (Hong Kong) Holdings Ltd,56102010,의료 시설 및 서비스
00160,Hon Kwok Land Investment Co Ltd,60101010,"부동산 임대, 개발 및 운영"
00750,China Shuifa Singyes Energy Holdings Ltd,52201020,건설 및 엔지니어링
00672,Zhong An Group Ltd,60101010,"부동산 임대, 개발 및 운영"
08637,Metasurface Technologies Holdings Ltd,52203040,경영 지원 서비스
02381,SMC Electric Ltd,52102030,전기 부품 및 장비
01790,TIL Enviro Ltd,59103010,수자원 유틸리티
08229,Future Data Group Ltd,57201010,IT 서비스 및 컨설팅
00869,Playmates Toys Ltd,53205010,장난감 및 어린이 제품
00228,China Energy Development Holdings Ltd,50102020,"오일, 가스 탐사 및 생산"
00360,New Focus Auto Tech Holdings Ltd,53101020,"자동차, 트럭 및 오토바이 부품"
02779,China Xinhua Education Group Ltd,63102010,"초, 중, 고등 교육기관"
02486,Plus Group Holdings Inc,53302010,광고 및 마케팅
01569,Minsheng Education Group Company Ltd,63102010,"초, 중, 고등 교육기관"
00587,China Conch Environment Protection Holdings Ltd,52203010,환경 서비스 및 장비
02107,First Service Holding Ltd,60101020,부동산 서비스
09928,Times Neighborhood Holdings Ltd,60101020,부동산 서비스
02178,Petro-king Oilfield Services Ltd,50103010,오일 및 가스 시추
00987,China Renewable Energy Investment Ltd,59101010,전력 유틸리티
02389,Beijing Health (Holdings) Ltd,56102010,의료 시설 및 서비스
08195,Legendary Education Group Ltd,63103010,전문 및 비즈니스 교육
01617,Nanfang Communication Holdings Ltd,57102010,통신 및 네트워킹
01317,China Maple Leaf Educational Systems Ltd,63102010,"초, 중, 고등 교육기관"
01116,Huiyuan Cowins Technology Group Ltd,51201020,철 및 강철
00829,Shenguan Holdings (Group) Ltd,54102020,식품 가공
01053,Chongqing Iron & Steel Co Ltd Class H,51201020,철 및 강철
02159,Mediwelcome Healthcare Management & Technology Inc,52203040,경영 지원 서비스
01746,Man Shun Group (Holdings) Ltd,52201020,건설 및 엔지니어링
01653,MOS House Group Ltd,52201020,건설 및 엔지니어링
00550,Allegro Culture Ltd,53302010,광고 및 마케팅
02033,Time Watch Investments Ltd,53202020,의류 및 액세서리
00784,Ailife International Group Ltd,52201020,건설 및 엔지니어링
02500,Venus Medtech (Hangzhou) Inc Class H,56101020,"의료 장비, 물품 및 유통"
02994,Great Wall Terroir Holdings Ltd,57401010,통합 통신 서비스
01243,Wang On Properties Ltd,60101010,"부동산 임대, 개발 및 운영"
01097,I-CABLE Communications Ltd,53302020,방송
01673,Huazhang Technology Holding Limited,52102010,산업용 기계 및 장비
06933,Sino-Entertainment Technology Holdings Ltd,57201020,소프트웨어
00730,Capital Industrial Financial Services Group Ltd,51201020,철 및 강철
03869,Hospital Corporation of China Ltd,56102010,의료 시설 및 서비스
02625,Jiangsu Horizon Chain Supermarket Co Ltd Class H,54301020,식품 소매 및 유통
08418,Optima Automobile Group Holdings Ltd,54201030,개인 서비스
01260,Wonderful Sky Financial Group Holdings Ltd,53302010,광고 및 마케팅
02892,Million Cities Holdings Ltd,60101010,"부동산 임대, 개발 및 운영"
00432,Pacific Century Premium Developments Ltd,60101010,"부동산 임대, 개발 및 운영"
08247,Biosino Bio-Technology and Science Inc Class H,56101020,"의료 장비, 물품 및 유통"
01638,Kaisa Group Holdings Ltd,60101010,"부동산 임대, 개발 및 운영"
01777,Fantasia Holdings Group Co Ltd,60101010,"부동산 임대, 개발 및 운영"
01630,Kin Shing Holdings Ltd,52201020,건설 및 엔지니어링
01079,Pine Technology Holdings Ltd,57107010,통합 하드웨어 및 소프트웨어
02415,MedSci Healthcare Holdings Ltd,56102010,의료 시설 및 서비스
01520,Virtual Mind Holding Co Ltd,53202020,의류 및 액세서리
00191,Lai Sun Garment International Ltd,60101010,"부동산 임대, 개발 및 운영"
01826,FDB Holdings Ltd,52201020,건설 및 엔지니어링
02257,Sirnaomics Ltd,56202010,생명 공학 및 의학 연구
02165,Ling Yue Services Group Ltd,60101020,부동산 서비스
01756,China Science and Education Industry Group Ltd,63102010,"초, 중, 고등 교육기관"
01522,Bii Railway Transportation Technology Holdings Co Ltd,57201010,IT 서비스 및 컨설팅
08026,China Brilliant Global Ltd,53202020,의류 및 액세서리
02683,Wah Sun Handbags International Holdings Ltd,53202020,의류 및 액세서리
00698,Tongda Group Holdings Ltd,52102030,전기 부품 및 장비
01719,China Infrastructure & Logistics Group Ltd,52407020,항만 운영 및 서비스
01285,Jiashili Group Ltd,54102020,식품 가공
00825,New World Department Store China Ltd,53402010,백화점
02239,Smit Holdings Ltd,57102010,통신 및 네트워킹
00090,Puxing Energy Ltd,59101020,민자 발전 사업
01945,Zero2ipo Holdings Inc,55102020,투자 관리 및 펀드 운영
01373,International Housewares Retail Co Ltd,53403030,가정용 가구 소매
00519,Novautek Technologies Group Ltd,60101010,"부동산 임대, 개발 및 운영"
01023,Sitoy Group Holdings Ltd,53202010,직물 및 가죽제품
00606,SCE Intelligent Commercial Management Holdings Ltd,60101020,부동산 서비스
01612,Vincent Medical Holdings Ltd,56101020,"의료 장비, 물품 및 유통"
02187,Zhixin Group Holding Ltd,51202010,건설 자재
02529,Hollwin Urban Operation Service Group Co Ltd Class H,52203040,경영 지원 서비스
02396,B&K Corp Ltd Class H,56202010,생명 공학 및 의학 연구
08041,IntelliMark AI International Ltd,53402010,백화점
03368,PARKSON Retail Group Ltd,53402010,백화점
00717,Emperor Capital Group Ltd,55101030,소비자 대출
08521,WebX International Holdings Co Ltd,53202020,의류 및 액세서리
00097,Henderson Investment Ltd,53402010,백화점
09983,Central China New Life Ltd,60101020,부동산 서비스
00524,Great Wall Terroir Holdings Ltd,57401010,통합 통신 서비스
02540,Lesi Group Ltd,53302010,광고 및 마케팅
02573,Newtrend Group Holding Co Ltd Class H,54102020,식품 가공
02003,VCREDIT Holdings Ltd,57301010,핀테크
02152,Suxin Joyful Life Services Co Ltd Class H,60101020,부동산 서비스
01692,Town Ray Holdings Ltd,53204030,"가전제품, 도구 및 가정 용품"
03882,Sky Light Holdings Ltd,52102010,산업용 기계 및 장비
01909,Fire Rock Holdings Ltd,57201030,온라인 서비스
00169,Wanda Hotel Development Co Ltd,53301010,"호텔, 모텔 및 크루즈 라인"
01037,Maxnerva Technology Services Ltd,57201010,IT 서비스 및 컨설팅
01327,Luxxu Group Ltd,53202020,의류 및 액세서리
03623,China Success Finance Group Holdings Ltd,55101050,기업 금융 서비스
00235,CSC Holdings Ltd,50101010,석탄
00862,Vision Values Holdings Ltd,52405030,지상 화물 및 물류
00567,Jsmart Technologies Group Ltd,51302020,종이 포장재
02336,Shuoao International Holdings Ltd,57104010,전자 장비 및 부품
02482,Logory Logistics Technology Co Ltd Class H,57201020,소프트웨어
00458,Tristate Holdings Ltd,53202020,의류 및 액세서리
06908,HG Semiconductor Ltd,52102030,전기 부품 및 장비
02680,Austrax Holdings Limited,55102030,다각적 투자 서비스
00219,Shun Ho Property Investments Ltd,53301010,"호텔, 모텔 및 크루즈 라인"
01641,Hongxing Coldchain (Hunan) Co Ltd Class H,52405030,지상 화물 및 물류
00980,Lianhua Supermarket Holdings Co Ltd Class H,54301020,식품 소매 및 유통
01402,i-Control Holdings Ltd,52203040,경영 지원 서비스
01608,VPower Group International Holdings Ltd,50201010,재생 가능 에너지 장비 및 서비스
09978,Fineland Living Services Group Ltd,60101020,부동산 서비스
01727,Hebei Construction Group Corp Ltd Class H,52201020,건설 및 엔지니어링
01793,Wecon Holdings Ltd,53203010,주택 건설
00256,Citychamp Watch & Jewellery Group Ltd,53202020,의류 및 액세서리
02329,Glory Health Industry Ltd,60101010,"부동산 임대, 개발 및 운영"
00367,Chuang's Consortium International Ltd,60101010,"부동산 임대, 개발 및 운영"
00439,Genesis Scale Holdings Ltd,57201010,IT 서비스 및 컨설팅
00114,Herald Holdings Ltd,53205010,장난감 및 어린이 제품
02101,Fulu Holdings Ltd,53302010,광고 및 마케팅
00366,Luks Group (Vietnam Holdings) Company Ltd,51202010,건설 자재
02205,Kangqiao Service Group Ltd,60101020,부동산 서비스
02457,Buyang International Holding Inc,53101020,"자동차, 트럭 및 오토바이 부품"
06182,Twintek Investment Holdings Ltd,53203020,건설 자재 및 비품
02995,Artini Holdings Ltd,57201030,온라인 서비스
01303,Huili Resources Group Ltd,51201050,특수 채굴 및 금속
01631,REF Holdings Ltd,52203020,상업 인쇄 서비스
08310,Yancheng Port International Co Ltd,52202010,다각적 산업용 제품 도매
00229,Raymond Industrial Ltd,53204030,"가전제품, 도구 및 가정 용품"
02325,Yunkang Group Ltd,56102010,의료 시설 및 서비스
01556,Chinney Kin Wing Holdings Ltd,52201020,건설 및 엔지니어링
01401,Future Machine Ltd,57106020,전화 및 소형 장치
00731,C&D Newin Paper & Pulp Corporation Ltd,51301020,종이 제품
01832,SAI Leisure Group Co Ltd,53301040,여가 및 오락시설
02230,Medialink Group Ltd,53302030,엔터테인먼트 제작
01936,Ritamix Global Ltd,54102010,어업 및 농업
00641,CHTC Fong's International Co Ltd,52102010,산업용 기계 및 장비
00236,San Miguel Brewery Hong Kong Ltd,54101010,양조업
01397,Baguio Green Group Ltd,52203040,경영 지원 서비스
00320,Computime Group Ltd,52102010,산업용 기계 및 장비
01098,Road King Infrastructure Limited,60101010,"부동산 임대, 개발 및 운영"
00137,Jinhui Holdings Co Ltd,52203040,경영 지원 서비스
00021,Great China Holdings Hong Kong Ltd,60101010,"부동산 임대, 개발 및 운영"
02170,Suzhou Basecare Medical Corp Ltd Class H,56102010,의료 시설 및 서비스
06083,World-Link Logistics (Asia) Holding Ltd,52405030,지상 화물 및 물류
01623,Hilong Holding Ltd,50103020,오일 관련 서비스 및 장비
01282,Renze Harvest International Ltd,52102010,산업용 기계 및 장비
01292,Changan Minsheng APLL Logistics Co Ltd Class H,52405010,"배달, 우편, 항공 화물 및 육상 물류"
00979,Green Energy Group Ltd,50201020,재생 가능 연료
00337,Greenland Hong Kong Holdings Ltd,60101010,"부동산 임대, 개발 및 운영"
06677,Sino-Ocean Service Holding Ltd,60101020,부동산 서비스
01332,Touyun Biotech Group Ltd,51302010,용기(종이 제외) 및 포장재
02023,China Ludao Technology Co Ltd,51101030,특수 화학제
00833,Alltronics Holdings Ltd,57104010,전자 장비 및 부품
00078,Regal Hotels International Holdings Ltd,53301010,"호텔, 모텔 및 크루즈 라인"
01371,China Ecotourism Group Ltd,53301030,카지노 및 도박
00037,Far East Hotels and Entertainment Ltd,53301010,"호텔, 모텔 및 크루즈 라인"
06093,Hevol Services Group Co Ltd,60101020,부동산 서비스
06188,Beijing Digital Telecom Co Ltd Class H,53403050,컴퓨터 및 전자 제품 소매
01251,SPT Energy Group Inc,50103020,오일 관련 서비스 및 장비
01868,Neo-Neon Holdings Ltd,53203020,건설 자재 및 비품
01399,Veson Holdings Ltd,52102030,전기 부품 및 장비
03778,China Weaving Materials Holdings Ltd,53202010,직물 및 가죽제품
01271,Grand Ming Group Holdings Ltd,60101010,"부동산 임대, 개발 및 운영"
06118,Austar Lifesciences Ltd,56101020,"의료 장비, 물품 및 유통"
00994,CT Vision (International) Holdings Ltd,52201020,건설 및 엔지니어링
06911,Puer Lancang Ancient Tea Co Ltd Class H,54102020,식품 가공
01046,Universe Entertainment and Culture Group Company Ltd,53302030,엔터테인먼트 제작
01087,InvesTech Holdings Ltd,57107010,통합 하드웨어 및 소프트웨어
06885,Henan Jinma Energy Co Ltd Class H,50102030,"오일, 가스 정제 및 마케팅"
01705,B & S International Holdings Ltd,54301020,식품 소매 및 유통
00690,Uni-Bio Science Group Ltd,56201040,제약
00556,Pan Asia Environmental Protection Group Ltd,52203010,환경 서비스 및 장비
08375,Data Union Capital International Holdings Group Ltd,52102030,전기 부품 및 장비
02440,MemeStrategy Inc,57201010,IT 서비스 및 컨설팅
02347,Yoho Group Holdings Ltd,57201030,온라인 서비스
01226,China Investment and Finance Group Ltd,55102010,투자 은행 및 중개 서비스
02700,Green International Holdings Ltd,53205010,장난감 및 어린이 제품
08120,China Demeter Financial Investments Ltd,53301020,레스토랑 및 바
00265,Gangyu Smart Urban Services Holding Ltd,60101020,부동산 서비스
08350,Well Link Securities Holdings Ltd,55102010,투자 은행 및 중개 서비스
00722,UMP Healthcare Holdings Ltd,55102020,투자 관리 및 펀드 운영
00252,Southeast Asia Properties & Finance Ltd,51302010,용기(종이 제외) 및 포장재
02885,Peiport Holdings Ltd,57102010,통신 및 네트워킹
06866,Zuoli Kechuang Co Ltd Class H,55101030,소비자 대출
02177,UNQ Holdings Ltd,57201030,온라인 서비스
01073,Da Yu Financial Holdings Ltd,55102020,투자 관리 및 펀드 운영
08246,Zhonghua Gas Holdings Ltd,59102010,천연가스 유틸리티
02119,Tsit Wing International Holdings Ltd,54102020,식품 가공
02528,Forward Fashion (International) Holdings Co Ltd,53403040,의류 및 액세서리 소매
02619,X.J. Electrics (Hu Bei) Group Co Ltd Class H,53204030,"가전제품, 도구 및 가정 용품"
06698,STAR CM Holdings Ltd,53302030,엔터테인먼트 제작
06830,Huazhong In Vehicle Holdings Co Ltd,53101020,"자동차, 트럭 및 오토바이 부품"
01159,Smart Digital Technology Group Ltd,55601010,투자 지주 회사
00227,First Shanghai Investments Ltd,55102010,투자 은행 및 중개 서비스
00111,Cinda International Holdings Ltd,55102020,투자 관리 및 펀드 운영
00244,Sincere Co Ltd,53402010,백화점
06833,Sinco Pharmaceuticals Holdings Ltd,56201040,제약
06038,G & M Holdings Ltd,52201020,건설 및 엔지니어링
01867,Standard Development Group Ltd,52201020,건설 및 엔지니어링
01812,Shandong Chenming Paper Holdings Ltd Class H,51301020,종이 제품
02031,Ausupreme International Holdings Ltd,53403090,기타 전문 소매
00608,High Fashion International Ltd,53202020,의류 및 액세서리
02439,China Treasures New Materials Group Ltd,51302010,용기(종이 제외) 및 포장재
01813,KWG Group Holdings Ltd,60101010,"부동산 임대, 개발 및 운영"
01720,Putian Communication Group Ltd,52102030,전기 부품 및 장비
02116,Jiangsu Innovative Ecological New Materials Ltd,51101030,특수 화학제
00124,Guangdong Land Holdings Ltd,60101010,"부동산 임대, 개발 및 운영"
09982,Central China Management Co Ltd,52201020,건설 및 엔지니어링
01960,TBK & Sons Holdings Ltd,52201020,건설 및 엔지니어링
01587,Shineroad International Holdings Ltd,54102020,식품 가공
08512,Hyfusin Group Holdings Ltd,54201010,가정용 제품
00082,Crazy Sports Group Ltd,57201020,소프트웨어
00895,Dongjiang Environmental Co Ltd Class H,52203010,환경 서비스 및 장비
00583,Great Wall Pan Asia Holdings Ltd,60101010,"부동산 임대, 개발 및 운영"
00377,China Huajun Group Ltd,51101010,상품 화학
01130,China Environmental Resources Group Ltd,51101020,농화학제
01822,China Wood International Holding Co Ltd,51301010,임업 및 목재 제품
00789,Artini Holdings Ltd,57201030,온라인 서비스
03913,Kwg Living Group Holdings Ltd,60101020,부동산 서비스
01767,TS Wonders Holding Ltd,54102020,식품 가공
01011,China NT Pharma Group Co Ltd,56201040,제약
02322,Modern Innovative Digital Technology Co Ltd,57104010,전자 장비 및 부품
00822,Ka Shui International Holdings Ltd,51101010,상품 화학
08391,Cornerstone Technologies Holdings Ltd,52203020,상업 인쇄 서비스
01026,Universal Technologies Holdings Ltd,59103010,수자원 유틸리티
08269,Go Up Education Technology Ltd,53202020,의류 및 액세서리
02108,K2 F&B Holdings Ltd,54301020,식품 소매 및 유통
01900,China ITS Holdings Co Ltd,57201010,IT 서비스 및 컨설팅
08431,Hao Bai International (Cayman) Ltd,52201020,건설 및 엔지니어링
02176,CCID Consulting Co Ltd Class H,52203040,경영 지원 서비스
01490,AI X Tech Inc,53302010,광고 및 마케팅
00202,EverChina Intl Holdings Co Ltd,54102010,어업 및 농업
08189,Tianjin TEDA Biomedical Engineering Co Ltd Class H,51101020,농화학제
01540,Left Field Printing Group Ltd,52203020,상업 인쇄 서비스
02693,Anhui Jinyan Kaolin New Materials Co Ltd Class H,51201050,특수 채굴 및 금속
01545,Design Capital Ltd,53204040,가정용 가구
02017,Chanhigh Holdings Ltd,52201020,건설 및 엔지니어링
01667,Dimmi Life Holdings Ltd,52201020,건설 및 엔지니어링
02216,Broncus Holding Corp,56101010,첨단 의료 장비 및 기술
00096,Yusei Holdings Ltd,53101020,"자동차, 트럭 및 오토바이 부품"
03688,Top Spring International Holdings Ltd,60101010,"부동산 임대, 개발 및 운영"
01661,China Frontier Technology Group,53302010,광고 및 마케팅
02497,Fujing Holdings Co Ltd,54102010,어업 및 농업
02237,China Graphite Group Ltd,51201050,특수 채굴 및 금속
00277,Tern Properties Co Ltd,60101010,"부동산 임대, 개발 및 운영"
01947,Meihao Medical Group Co Ltd,56102010,의료 시설 및 서비스
00943,Zhongzheng International Co Ltd,53204030,"가전제품, 도구 및 가정 용품"
09955,ClouDr Group Ltd,56101020,"의료 장비, 물품 및 유통"
00827,Ko Yo Chemical (Group) Ltd,51101020,농화학제
00339,WebX Holding Group Ltd,55601010,투자 지주 회사
00150,Hypebeast Ltd,53302010,광고 및 마케팅
00897,Wai Yuen Tong Medicine Holdings Ltd,56201040,제약
09998,Kwan Yong Holdings Ltd,52201020,건설 및 엔지니어링
01355,Biosysen Ltd,53301010,"호텔, 모텔 및 크루즈 라인"
02505,EDA Group Holdings Ltd,52405030,지상 화물 및 물류
01005,Matrix Holdings Ltd,53205010,장난감 및 어린이 제품
02102,Tak Lee Machinery Holdings Ltd,52102010,산업용 기계 및 장비
01455,Fourace Industries Group Holdings Ltd,53204030,"가전제품, 도구 및 가정 용품"
00187,Beijing Jingcheng Machinery Electric Co Ltd Class H,52102010,산업용 기계 및 장비
02250,BDuck Semk Holdings International Ltd,53302030,엔터테인먼트 제작
02222,NVC International Holdings Ltd,52102030,전기 부품 및 장비
00543,Pacific Online Ltd,57201030,온라인 서비스
01683,Hope Life International Holdings Ltd,53203010,주택 건설
00213,National Electronics Holdings Ltd,53202020,의류 및 액세서리
02263,Fu Shek Financial Holdings Ltd,55101030,소비자 대출
01778,Colour Life Services Group Co Ltd,60101020,부동산 서비스
00496,Kasen International Holdings Ltd,53204040,가정용 가구
00912,Suga International Holdings Ltd,57104010,전자 장비 및 부품
00629,Yue Da International Holdings Ltd,55101050,기업 금융 서비스
03302,Kinergy Corporation Ltd,52102010,산업용 기계 및 장비
01419,Human Health Holdings Ltd,56102010,의료 시설 및 서비스
00146,Tai Ping Carpets International Ltd,53204040,가정용 가구
01298,Yunnan Energy International Co Ltd,53203020,건설 자재 및 비품
03626,East Nova Holdings Limited,52203020,상업 인쇄 서비스
01827,Miricor Enterprises Holdings Ltd,54201030,개인 서비스
01592,Anchorstone Holdings Ltd,51202010,건설 자재
00046,Computer and Technologies Holdings Ltd,57201020,소프트웨어
00689,EPI (Holdings) Ltd,55101030,소비자 대출
01500,In Construction Holdings Ltd,52201020,건설 및 엔지니어링
01148,Xinchen China Power Holdings Ltd,53101020,"자동차, 트럭 및 오토바이 부품"
01662,Yee Hop Holdings Ltd,54102010,어업 및 농업
00685,Media Chinese International Ltd,53302040,소비자 출판
01962,Evergreen Products Group Ltd,54201020,개인 생활 필수 용품
02421,KRP Development Holdings Ltd,60101010,"부동산 임대, 개발 및 운영"
01543,Guangdong Join-Share Financing Guarantee Investment Co Ltd Class H,55101050,기업 금융 서비스
00926,Besunyen Holdings Co Ltd,54102020,식품 가공
03860,EPS Creative Health Technology Group Ltd,53202020,의류 및 액세서리
01110,Kingworld Medicines Group Ltd,56201040,제약
01557,K. H. Group Holdings Ltd,52201020,건설 및 엔지니어링
00896,Hanison Construction Holdings Ltd,52201020,건설 및 엔지니어링
01633,Sheung Yue Group Holdings Ltd,52201020,건설 및 엔지니어링
01348,Quali-Smart Holdings Ltd,53205010,장난감 및 어린이 제품
08629,Guangdong Syntrust GK Testing and Certification Tech Service Center Co Ltd,52201020,건설 및 엔지니어링
02215,Dexin Services Group Ltd,60101020,부동산 서비스
01102,Enviro Energy International Holdings Ltd,51202010,건설 자재
01284,New Media Lab Ltd,53302010,광고 및 마케팅
00936,Kaisa Capital Investment Holdings Ltd,52102020,중장비 및 차량
01732,Xiangxing Technology Holding Ltd,52407020,항만 운영 및 서비스
00423,Hong Kong Economic Times Holdings Ltd,53302040,소비자 출판
02129,Legion Consortium Ltd,52405030,지상 화물 및 물류
00413,South China Holdings Co Ltd,53205010,장난감 및 어린이 제품
01273,Hong Kong Finance Group Ltd,55101050,기업 금융 서비스
00311,Luen Thai Holdings Ltd,53202020,의류 및 액세서리
00831,Convenience Retail Asia Ltd,54102020,식품 가공
02349,China AI Infrastructure Group Ltd,60101010,"부동산 임대, 개발 및 운영"
00607,Fullshare Holdings Ltd,52102040,중전기장비
00216,Chinney Investments Ltd,60101010,"부동산 임대, 개발 및 운영"
00508,Dingyi Group Investment Ltd,55101050,기업 금융 서비스
00713,World Houseware (Holdings) Ltd,53203020,건설 자재 및 비품
01955,Hong Kong Johnson Holdings Co Ltd,52203040,경영 지원 서비스
08050,City Coolxuan Co Ltd,57201010,IT 서비스 및 컨설팅
08146,Grace Wine Holdings Ltd,54101020,증류주 및 포도주
01222,Wang On Group Ltd,60101010,"부동산 임대, 개발 및 운영"
00132,Hing Yip Holdings Ltd,55101050,기업 금융 서비스
02405,Powerwin Tech Group Ltd,53302010,광고 및 마케팅
08610,BBSB International Ltd,52201020,건설 및 엔지니어링
02227,Solis Holdings Ltd,52201020,건설 및 엔지니어링
01153,Jiayuan Services Holdings Ltd,60101020,부동산 서비스
02663,KPA-BM Holdings Ltd,52201020,건설 및 엔지니어링
00938,Man Sang International Ltd,60101010,"부동산 임대, 개발 및 운영"
01650,Hygieia Group Ltd,52203040,경영 지원 서비스
00582,Shin Hwa World Ltd,53301030,카지노 및 도박
00575,Regent Pacific Group Ltd,56201040,제약
01389,Major Holdings Ltd,54301020,식품 소매 및 유통
01240,CNQC International Holdings Ltd,52201020,건설 및 엔지니어링
02297,Rainmed Medical Ltd,56101010,첨단 의료 장비 및 기술
01265,Tianjin Jinran Public Utilities Co Ltd Class H,50103030,오일 및 가스 수송 서비스
02210,Beijing Capital Jiaye Property Services Co Ltd Class H,60101020,부동산 서비스
00396,Hing Lee (HK) Holdings Limited,53204040,가정용 가구
02376,Lushang Life Services Co Ltd Class H,60101020,부동산 서비스
02369,Coolpad Group Ltd,57106020,전화 및 소형 장치
02258,Watts International Maritime Co Ltd,52201020,건설 및 엔지니어링
08502,Ocean Line Port Development Ltd,52407020,항만 운영 및 서비스
08090,Shandong Baogai New Materials Technology Co Ltd Class H,51202010,건설 자재
00329,OCI International Holdings Ltd,55102020,투자 관리 및 펀드 운영
01532,China Partytime Culture Holdings Ltd,53204040,가정용 가구
02132,Landrich Holding Ltd,52201020,건설 및 엔지니어링
01795,Yadong Group Holdings Ltd,53202010,직물 및 가죽제품
01596,Hebei Yichen Industrial Group Corp Ltd Class H,51201020,철 및 강철
01420,Chuan Holdings Ltd,52201020,건설 및 엔지니어링
00620,DTXS Silk Road Investment Holdings Co Ltd,53403030,가정용 가구 소매
08328,Xinyi Electric Storage Holdings Ltd,50201010,재생 가능 에너지 장비 및 서비스
01480,Yan Tat Group Holdings Ltd,57101010,반도체
01170,Kingmaker Footwear Holdings Ltd,53202030,제화
08281,China Golden Classic Group Ltd,54201010,가정용 제품
00573,Tao Heung Holdings Ltd,53301020,레스토랑 및 바
01380,China Kingstone Mining Holdings Ltd,51202010,건설 자재
00865,Jiande International Holdings Ltd,60101010,"부동산 임대, 개발 및 운영"
00166,New Times Corporation Ltd,51201080,다각적 채굴
01451,MS Group Holdings Ltd,51302010,용기(종이 제외) 및 포장재
00876,Kaisa Health Group Holdings Ltd,56101020,"의료 장비, 물품 및 유통"
06162,China Tianrui Automotive Interiors Co Ltd,53101020,"자동차, 트럭 및 오토바이 부품"
01682,Hang Pin Living Technology Co Ltd,53202020,의류 및 액세서리
00520,Xiabuxiabu Catering Management (China) Holdings Co Ltd,53301020,레스토랑 및 바
01335,Sheen Tai Holdings Group Company Ltd,51302010,용기(종이 제외) 및 포장재
02545,Zhonggan Communication Group Holdings Ltd,57401010,통합 통신 서비스
00828,Dynasty Fine Wines Group Ltd,54101020,증류주 및 포도주
01407,JY Gas Ltd,50103030,오일 및 가스 수송 서비스
00953,Shaw Brothers Holdings Ltd,53302030,엔터테인먼트 제작
01062,China Development Bank International Investment Ltd,55102020,투자 관리 및 펀드 운영
01094,Cherish Sunshine International Ltd,52202010,다각적 산업용 제품 도매
01245,Niraku GC Holdings Inc,53301030,카지노 및 도박
02226,Honworld Group Ltd,54102020,식품 가공
01529,Yues International Holdings Group Ltd,51302020,종이 포장재
00591,China High Precision Automation Group Ltd,52102010,산업용 기계 및 장비
01416,CTR Holdings Ltd,52201020,건설 및 엔지니어링
01008,Litu Holdings Ltd,52203020,상업 인쇄 서비스
01289,Wuxi Sunlit Science and Technology Co Ltd Class H,52102010,산업용 기계 및 장비
01314,Tsui Wah Holdings Ltd,53301020,레스토랑 및 바
03616,Ever Reach Group (Holdings) Company Ltd,60101010,"부동산 임대, 개발 및 운영"
01640,Qian Xun Technology Ltd,53302010,광고 및 마케팅
01679,Risecomm Group Holdings Ltd,57201020,소프트웨어
00129,Asia Standard International Group Ltd,55102020,투자 관리 및 펀드 운영
01418,Sinomax Group Ltd,53204040,가정용 가구
06822,King's Flair International (Holdings) Ltd,51101010,상품 화학
00355,Century City International Holdings Ltd,60101010,"부동산 임대, 개발 및 운영"
00346,Yanchang Petroleum International Ltd,50103030,오일 및 가스 수송 서비스
01580,Da Sen Holdings Group Ltd,51301010,임업 및 목재 제품
03789,Royal Deluxe Holdings Ltd,52201020,건설 및 엔지니어링
06882,EGL Holdings Co Ltd,53301040,여가 및 오락시설
00681,Chinese People Holdings Co Ltd,50103030,오일 및 가스 수송 서비스
06860,FingerTango Inc,57201020,소프트웨어
03322,Win Hanverky Holdings Ltd,53202020,의류 및 액세서리
01987,Beng Soon Machinery Holdings Ltd,52201020,건설 및 엔지니어링
03662,Starjoy Wellness and Travel Co Ltd,56102010,의료 시설 및 서비스
00723,Reliance Global Holdings Ltd,51301010,임업 및 목재 제품
00721,China Financial International Investments Ltd,55601010,투자 지주 회사
01527,Zhejiang Tengy Environmental Technology Co Ltd Class H,52203010,환경 서비스 및 장비
01930,Shinelong Automotive Lightweight Application Ltd,52102010,산업용 기계 및 장비
01718,Wan Kei Group Holdings Ltd,52201020,건설 및 엔지니어링
06893,Hin Sang Group (International) Holding Co Ltd,56201040,제약
01845,Weigang Environmental Technology Holding Group Ltd,52203010,환경 서비스 및 장비
08509,Wine's Link International Holdings Ltd,54301020,식품 소매 및 유통
01447,SFK Construction Holdings Ltd,52201020,건설 및 엔지니어링
06663,IWS Group Holdings Ltd,52203030,고용 서비스
00922,Anxian Yuan China Holdings Ltd,54201030,개인 서비스
00295,Kong Sun Holdings Ltd,59101010,전력 유틸리티
01001,Hong Kong Shanghai Alliance Holdings Ltd,51201020,철 및 강철
01125,Lai Fung Holdings Ltd,60101010,"부동산 임대, 개발 및 운영"
01920,Junwea Group (China) Co Ltd,52201020,건설 및 엔지니어링
06978,Immunotech Biopharm Ltd,56202010,생명 공학 및 의학 연구
01362,SIS Mobile Holdings Ltd,57106020,전화 및 소형 장치
01941,Ye Xing Group Holdings Ltd,60101020,부동산 서비스
00406,Yau Lee Holdings Ltd,52201020,건설 및 엔지니어링
01615,AB Builders Group Ltd,52201020,건설 및 엔지니어링
00296,Emperor Entertainment Hotel Ltd,53301010,"호텔, 모텔 및 크루즈 라인"
03997,Telecom Service One Holdings Ltd,54201030,개인 서비스
00974,China Shun Ke Long Holdings Ltd,52202010,다각적 산업용 제품 도매
01147,Edensoft Holdings Ltd,57201010,IT 서비스 및 컨설팅
01198,Royale Home Holdings Ltd,53204040,가정용 가구
00361,Hanfort Development Holdings Ltd,53301010,"호텔, 모텔 및 크루즈 라인"
02286,Chen Xing Development Holdings Ltd,60101010,"부동산 임대, 개발 및 운영"
08645,Byte Metaverse Holdings Ltd,57201030,온라인 서비스
01752,Top Education Group Ltd,63102010,"초, 중, 고등 교육기관"
00875,Congyu Intelligent Agricultural Holdings Ltd,54102010,어업 및 농업
00510,CASH Financial Services Group Ltd,55102010,투자 은행 및 중개 서비스
01120,Arts Optical International Holdings Ltd,56101020,"의료 장비, 물품 및 유통"
00927,Fujikon Industrial Holdings Ltd,57106030,가정용 전자 제품
08070,Keen Ocean International Holding Ltd,57104010,전자 장비 및 부품
01247,Miko International Holdings Ltd,53202020,의류 및 액세서리
02310,Times Universal Group Holdings Ltd,53301010,"호텔, 모텔 및 크루즈 라인"
00767,Zhong Ji Longevity Science Group Ltd,55101030,소비자 대출
02352,Dowell Service Group Co Ltd Class H,60101020,부동산 서비스
02370,Redco Healthy Living Co Ltd,60101020,부동산 서비스
08316,China Hongbao Holdings Ltd,52201020,건설 및 엔지니어링
00422,Vietnam Manufacturing and Export Processing (Holdings) Ltd,53101010,자동차 및 트럭 제조
00858,Extrawell Pharmaceutical Holdings Ltd,56201040,제약
00455,Tianda Pharmaceuticals Ltd,56201040,제약
01792,CMON Ltd,57201020,소프트웨어
00298,Chuang's China Investments Ltd,60101010,"부동산 임대, 개발 및 운영"
01825,Sterling Group Holdings Ltd,53302030,엔터테인먼트 제작
01843,Snack Empire Holdings Ltd,53301020,레스토랑 및 바
01552,BHCC Holding Ltd,52201020,건설 및 엔지니어링
00557,China Tian Yuan Healthcare Group Ltd,53301010,"호텔, 모텔 및 크루즈 라인"
01058,Namyue Holdings Ltd,53202010,직물 및 가죽제품
01817,Mulsanne Group Holding Ltd,53202020,의류 및 액세서리
09938,Wah Wo Holdings Group Ltd,52201020,건설 및 엔지니어링
00738,Le Saunda Holdings Ltd,53202030,제화
00487,Success Universe Group Ltd,53301040,여가 및 오락시설
01938,Chu Kong Petroleum and Natural Gas Steel Pipe Holdings Ltd,51201020,철 및 강철
01993,Asiaray Media Group Ltd,55601010,투자 지주 회사
01725,China Strategic Technology Group Ltd,57101010,반도체
01637,SH Group (Holdings) Ltd,52201020,건설 및 엔지니어링
01132,Orange Sky Golden Harvest Entertainment (Holdings) Ltd,53301040,여가 및 오락시설
01966,China SCE Group Holdings Ltd,60101010,"부동산 임대, 개발 및 운영"
01742,Hpc Holdings Ltd,52201020,건설 및 엔지니어링
02182,Tian Chang Group Holdings Ltd,51101010,상품 화학
08657,True Partner Capital Holding Ltd,55102020,투자 관리 및 펀드 운영
08132,Century Energy International Holdings Ltd,50102020,"오일, 가스 탐사 및 생산"
03390,Tycoon Group Holdings Ltd,56201040,제약
01146,Huicheng International Holdings Ltd,53202020,의류 및 액세서리
01563,Alliance International Education Leasing Holdings Ltd,55101050,기업 금융 서비스
08080,North Asia Strategic Holdings Ltd,57101020,반도체 장비 및 테스트
01182,Success Dragon International Holdings Ltd,51201060,금
02326,New Provenance Everlasting Holdings Ltd,51201020,철 및 강철
09968,Huijing Holdings Co Ltd,60101010,"부동산 임대, 개발 및 운영"
01446,Hung Fook Tong Group Holdings Ltd,54101030,무알콜 음료
01460,ICO Group Ltd,55601010,투자 지주 회사
00063,China Asia Valley Group Ltd,60101020,부동산 서비스
02212,Future Bright Mining Holdings Ltd,50101010,석탄
01939,Shangshan Gold International Holdings Ltd,57201030,온라인 서비스
01301,D&G Technology Holding Co Ltd,52102020,중장비 및 차량
01751,AI Energy Engineering Holdings Ltd,52201020,건설 및 엔지니어링
00970,New Sparkle Roll International Group Ltd,53403010,"자동차 차량, 부품 및 서비스 소매"
00475,Central Development Holdings Ltd,50201010,재생 가능 에너지 장비 및 서비스
02125,Strawbear Entertainment Group,53302030,엔터테인먼트 제작
00438,IRICO Group New Energy Co Ltd Class H,50201010,재생 가능 에너지 장비 및 서비스
02320,Hop Fung Group Holdings Ltd,51302020,종이 포장재
00532,Wong's Kong King International (Holdings) Ltd,57101020,반도체 장비 및 테스트
01978,LH Group Ltd,53301020,레스토랑 및 바
00757,Solargiga Energy Holdings Ltd,50201010,재생 가능 에너지 장비 및 서비스
02695,Impression Dahongpao Co Ltd Class H,53302030,엔터테인먼트 제작
00110,China Fortune Holdings Ltd,57106020,전화 및 소형 장치
01723,Moon Inc,57401010,통합 통신 서비스
01927,Jiujiuwang Food International Ltd,54102020,식품 가공
00476,Ev Dynamics Holdings Ltd,52102010,산업용 기계 및 장비
02455,Runhua Living Service Group Holdings Ltd,60101020,부동산 서비스
00617,Paliburg Holdings Ltd,60101010,"부동산 임대, 개발 및 운영"
06877,Top Eminent Healthcare Group Ltd,53403090,기타 전문 소매
03830,Kiddieland International Ltd,57105010,사무기기
00756,Summi (Group) Holdings Ltd,54101030,무알콜 음료
01708,Nanjing Sample Technology Co Ltd Class H,57201010,IT 서비스 및 컨설팅
00989,China Changbaishan International Holdings Ltd,60101010,"부동산 임대, 개발 및 운영"
01897,Million Hope Industries Holdings Ltd,52201020,건설 및 엔지니어링
01870,Acme International Holdings Ltd,52102020,중장비 및 차량
08100,Famous Tech International Holdings Ltd,57201020,소프트웨어
01429,Skymission Group Holdings Ltd,52201020,건설 및 엔지니어링
03395,JX Energy Ltd,50102020,"오일, 가스 탐사 및 생산"
00343,Culturecom Holdings Ltd,53302040,소비자 출판
00725,Perennial International Ltd,52102030,전기 부품 및 장비
03699,Everbright Grand China Assets Ltd,60101010,"부동산 임대, 개발 및 운영"
00294,Yangtzekiang Garment Ltd,53202020,의류 및 액세서리
00643,Carry Wealth Holdings Ltd,53202020,의류 및 액세서리
06033,Telecom Digital Holdings Ltd,53403050,컴퓨터 및 전자 제품 소매
08601,Boltek Holdings Ltd,52201020,건설 및 엔지니어링
00271,Asiasec Properties Ltd,60101010,"부동산 임대, 개발 및 운영"
08023,Kwong Man Kee Group Ltd,52201020,건설 및 엔지니어링
01427,China Tianbao Group Development Co Ltd,52201020,건설 및 엔지니어링
00844,Greatime International Holdings Ltd,53202020,의류 및 액세서리
00969,Hua Lien International (Holding) Co Ltd,54102020,식품 가공
01582,CR Construction Group Holdings Ltd,52201020,건설 및 엔지니어링
00253,Shun Ho Holdings Ltd,53301010,"호텔, 모텔 및 크루즈 라인"
08237,Link Holdings Ltd,53301010,"호텔, 모텔 및 크루즈 라인"
00180,Kader Holdings Co Ltd,53205010,장난감 및 어린이 제품
01080,Shengli Oil & Gas Pipe Holdings Ltd,51201020,철 및 강철
01689,Huaxi Holdings Company Ltd,51302020,종이 포장재
01111,Huashi Group Holdings Ltd,53302010,광고 및 마케팅
09608,Sundy Service Co Ltd,60101020,부동산 서비스
08426,Modern Living Investments Holdings Ltd,60101020,부동산 서비스
01975,Sun Hing Printing Holdings Ltd,52203020,상업 인쇄 서비스
00417,Tse Sui Luen Jewellery (International) Ltd,53202020,의류 및 액세서리
01156,China New Energy Ltd,52102010,산업용 기계 및 장비
00211,Styland Holdings Ltd,55101010,은행
02605,MetaLight Inc,57201030,온라인 서비스
08029,China Investment Financial Technology Group Ltd,55102010,투자 은행 및 중개 서비스
06816,Prosper Construction Holdings Ltd,52201020,건설 및 엔지니어링
02122,Kidsland International Holdings Ltd,53403090,기타 전문 소매
03398,China Ting Group Holdings Ltd,53202020,의류 및 액세서리
00616,Asset Chain Ltd,60101010,"부동산 임대, 개발 및 운영"
01957,MBV International Ltd,53202020,의류 및 액세서리
00660,Wai Chun Bio Technology Ltd,51101030,특수 화학제
03601,360 Ludashi Holdings Ltd,57201030,온라인 서비스
08205,Shanghai Jiaoda Withub Information Industrial Co Ltd Class H,57201020,소프트웨어
00928,King International Investment Ltd,53403040,의류 및 액세서리 소매
00104,Asia Commercial Holdings Ltd,53403040,의류 및 액세서리 소매
06968,Ganglong China Property Group Ltd,60101010,"부동산 임대, 개발 및 운영"
01690,Lap Kei Engineering (Holdings) Ltd,52201020,건설 및 엔지니어링
01917,Doumob,53302010,광고 및 마케팅
08326,Tonking New Energy Group Holdings Ltd,50201010,재생 가능 에너지 장비 및 서비스
03883,China Aoyuan Group Ltd,60101010,"부동산 임대, 개발 및 운영"
00701,CNT Group Ltd,51101010,상품 화학
01215,Kai Yuan Holdings Ltd,53301010,"호텔, 모텔 및 크루즈 라인"
01912,Contel Technology Co Ltd,57104010,전자 장비 및 부품
01628,Yuzhou Group Holdings Co Ltd,60101010,"부동산 임대, 개발 및 운영"
01486,C Cheng Holdings Ltd,53203010,주택 건설
08131,Novatech Intelligence Ltd,57301010,핀테크
01847,YCIH Green High-Performance Concrete Co Ltd Class H,51202010,건설 자재
08292,VSING Ltd,52405020,해양 화물 및 물류
01775,BExcellent Group Holdings Ltd,63101010,기타 교육 서비스 제공
08501,Sanbase Corporation Ltd,53403020,주택 개조 제품 및 서비스 소매
01621,Vico International Holdings Ltd,50102030,"오일, 가스 정제 및 마케팅"
02312,Long Investment Corp,55601010,투자 지주 회사
08329,Shenzhen Neptunus Interlong Bio-technique Co Ltd Class H,56201040,제약
00387,Leeport (Holdings) Ltd,52102010,산업용 기계 및 장비
01547,IBI Group Holdings Ltd,52201020,건설 및 엔지니어링
01305,Wai Chi Holdings Co Ltd,52102030,전기 부품 및 장비
03363,Zhengye International Holdings Co Ltd,51302020,종이 포장재
01393,Hidili Industry International Development Ltd,50101010,석탄
08529,UBoT Holding Ltd,55601010,투자 지주 회사
00287,Winfair Investment Co Ltd,60101010,"부동산 임대, 개발 및 운영"
00605,China Financial Services Holdings Ltd,55101050,기업 금융 서비스
00092,Champion Technology Holdings Ltd,50102030,"오일, 가스 정제 및 마케팅"
01715,AI Health Technology Ltd,53204030,"가전제품, 도구 및 가정 용품"
00632,CHK Oil Ltd,50102030,"오일, 가스 정제 및 마케팅"
00499,Qingdao Holdings International Ltd,57102010,통신 및 네트워킹
08439,Somerley Capital Holdings Ltd,55101050,기업 금융 서비스
02193,Man King Holdings Ltd,52201020,건설 및 엔지니어링
00380,China Pipe Group Ltd,53203020,건설 자재 및 비품
00188,Sunwah Kingsway Capital Holdings Ltd,55102010,투자 은행 및 중개 서비스
01218,Easyknit International Holdings Ltd,60101010,"부동산 임대, 개발 및 운영"
01740,Values Cultural Investment Ltd,53302030,엔터테인먼트 제작
06163,Gemilang International Ltd,52102020,중장비 및 차량
01408,Macau E&M Holding Ltd,52201020,건설 및 엔지니어링
01323,Huasheng International Holding Ltd,51202010,건설 자재
00214,Asia Orient Holdings Ltd,55102020,투자 관리 및 펀드 운영
00118,Cosmos Machinery Enterprises Ltd,52102010,산업용 기계 및 장비
00436,New Universe Environmental Group Ltd,52203010,환경 서비스 및 장비
06913,South China Vocational Education Group Co Ltd,63102010,"초, 중, 고등 교육기관"
00893,China Vanadium Titano Magnetite Mining Co Ltd,51201020,철 및 강철
02086,Leadway Technology Investment Group,57201010,IT 서비스 및 컨설팅
08481,Shenglong Splendecor International Ltd,51301020,종이 제품
00375,YGM Trading Ltd,53403040,의류 및 액세서리 소매
01891,Heng Hup Holdings Ltd,52203010,환경 서비스 및 장비
00126,Carrianna Group Holdings Company Ltd,53301010,"호텔, 모텔 및 크루즈 라인"
01901,Feiyang International Holdings Group Ltd,53301040,여가 및 오락시설
01312,Kontafarma China Holdings Ltd,51202010,건설 자재
02078,Panasialum Holdings Co Ltd,51201030,알루미늄
00674,China Tangshang Holdings Ltd,60101010,"부동산 임대, 개발 및 운영"
01739,Qeeka Home (Cayman) Inc,52203040,경영 지원 서비스
08040,Coolpoint Innonism Holding Ltd,52201020,건설 및 엔지니어링
08106,Xinhua Lande Scitech Co Ltd Class H,57106010,컴퓨터 하드웨어
06193,Tailam Tech Construction Holdings Ltd,51202010,건설 자재
06080,Wing Chi Holdings Ltd,52201020,건설 및 엔지니어링
08270,China CBM Group Co Ltd,50102020,"오일, 가스 탐사 및 생산"
08365,Hatcher Group Ltd,55101050,기업 금융 서비스
02699,Xinming China Holdings Ltd,60101020,부동산 서비스
03301,Ronshine China Holdings Ltd,60101010,"부동산 임대, 개발 및 운영"
01421,Prosperity Group International Ltd,52102030,전기 부품 및 장비
02772,Zhongliang Holdings Group Company Ltd,60101010,"부동산 임대, 개발 및 운영"
01176,Zhuguang Holdings Group Company Ltd,60101010,"부동산 임대, 개발 및 운영"
01370,Aowei Holding Ltd,51201020,철 및 강철
02080,AUX International Holdings Ltd,53301020,레스토랑 및 바
00234,New Century Group Hong Kong Ltd,55101030,소비자 대출
03332,Nanjing Sinolife United Co Ltd Class H,53403090,기타 전문 소매
02266,Lai Si Enterprise Holding Ltd,53403020,주택 개조 제품 및 서비스 소매
09600,Newlink Technology Inc,57201010,IT 서비스 및 컨설팅
01145,Courage Investment Group Ltd,52405020,해양 화물 및 물류
00500,Frontier Services Group Ltd,52203040,경영 지원 서비스
01105,Sing Tao News Corporation Ltd,53302040,소비자 출판
01737,A & S Group (Holdings) Limited,52405010,"배달, 우편, 항공 화물 및 육상 물류"
00048,China Automotive Interior Decoration Holdings Ltd,53101020,"자동차, 트럭 및 오토바이 부품"
01206,Technovator International Ltd,57201010,IT 서비스 및 컨설팅
01750,REM Group (Holdings) Ltd,52102030,전기 부품 및 장비
01942,MOG Digitech Holdings Ltd,57106010,컴퓨터 하드웨어
00243,Qpl International Holdings Ltd,57101010,반도체
00164,China Baoli Technologies Holdings Ltd,53302010,광고 및 마케팅
01855,ZONQING Environmental Ltd,52201020,건설 및 엔지니어링
01753,Duiba Group Ltd,57201020,소프트웨어
02168,Kaisa Prosperity Holdings Ltd,60101020,부동산 서비스
03628,Renheng Enterprise Holdings Ltd,52102010,산업용 기계 및 장비
00122,Crocodile Garments Ltd,53202020,의류 및 액세서리
00776,Imperium Technology Group Ltd,57201030,온라인 서비스
00185,Zensun Enterprises Ltd,60101010,"부동산 임대, 개발 및 운영"
06812,Winson Holdings Hong Kong Ltd,52203040,경영 지원 서비스
00077,AMS Public Transport Holdings Ltd,52406020,지상 및 해상 여객 운송
00718,Tai United Holdings Ltd,60101010,"부동산 임대, 개발 및 운영"
01841,A.Plus Group Holdings Ltd,52203020,상업 인쇄 서비스
00442,Domaine Power Holdings Ltd,53202020,의류 및 액세서리
01559,Kwan On Holdings Ltd,51101010,상품 화학
06909,BetterLife Holding Ltd,53403010,"자동차 차량, 부품 및 서비스 소매"
08406,China Oral Industry Group Holdings Ltd,53205020,오락용 제품
08073,China Shuifa Singyes New Materials Holdings Ltd,51101010,상품 화학
01498,PuraPharm Corp Ltd,56102010,의료 시설 및 서비스
01932,CPM Group Ltd,51101010,상품 화학
00851,Sheng Yuan Holdings Ltd,55102010,투자 은행 및 중개 서비스
01163,Adtiger Corporations Ltd,53302010,광고 및 마케팅
03366,Overseas Chinese Town (Asia) Holdings Ltd,60101010,"부동산 임대, 개발 및 운영"
02221,New Concepts Holdings Ltd,52203010,환경 서비스 및 장비
00733,Hopefluent Group Holdings Ltd,60101020,부동산 서비스
02293,Bamboos Health Care Holdings Ltd,52203030,고용 서비스
00139,Smart Fish Wealthlink Holdings Ltd,55102010,투자 은행 및 중개 서비스
08066,Phoenitron Holdings Ltd,57101010,반도체
00759,CEC International Holdings Ltd,54301020,식품 소매 및 유통
01937,Jiachen Holding Group Ltd,53203020,건설 자재 및 비품
01759,Sino Gas Holdings Group Ltd,50102030,"오일, 가스 정제 및 마케팅"
01575,Regal Partners Holdings Ltd,53204040,가정용 가구
00637,Lee Kee Holdings Ltd,51201050,특수 채굴 및 금속
00385,Chinney Alliance Group Ltd,52201020,건설 및 엔지니어링
08668,Ying Hai Group Holdings Company Ltd,52406020,지상 및 해상 여객 운송
00330,Esprit Holdings Ltd,53202020,의류 및 액세서리
08535,Vistar Holdings Ltd,52201020,건설 및 엔지니어링
01123,China Hongkong Photo Products Holdings Ltd,57106030,가정용 전자 제품
02950,Sanergy Group Ltd,52102030,전기 부품 및 장비
03708,World Digital Economy Asset Group Ltd,52201020,건설 및 엔지니어링
00684,Allan International Holdings Ltd,53204030,"가전제품, 도구 및 가정 용품"
09916,Xingye Wulian Service Group Co Ltd,52201020,건설 및 엔지니어링
08646,China Hongguang Holdings Ltd,53203020,건설 자재 및 비품
01496,AP Rentals Holdings Ltd,52102010,산업용 기계 및 장비
01711,Ulferts International Ltd,53403030,가정용 가구 소매
00060,Hong Kong Food Investment Holdings Ltd,54102010,어업 및 농업
02223,Casablanca Group Ltd,53204040,가정용 가구
01741,Shing Chi Holdings Ltd,52201020,건설 및 엔지니어링
01002,VS International Group Ltd,51101010,상품 화학
08213,StarGlory Holdings Co Ltd,53301020,레스토랑 및 바
02188,China Titans Energy Technology Group Co Ltd,52102030,전기 부품 및 장비
01343,Wei Yuan Holdings Ltd,52201020,건설 및 엔지니어링
01068,China Yurun Food Group Ltd,54102020,식품 가공
06928,TOMO Holdings Ltd,53101020,"자동차, 트럭 및 오토바이 부품"
02393,Yestar Healthcare Holdings Co Ltd,56101020,"의료 장비, 물품 및 유통"
01620,Cinese International Group Holdings Ltd,52203040,경영 지원 서비스
01379,Wenling Zhejiang Measuring and Cutting Tools Trading Centre Co Ltd Class H,60101010,"부동산 임대, 개발 및 운영"
00094,Greenheart Group Ltd,51301010,임업 및 목재 제품
08360,Basic House New Life Group Ltd,53203010,주택 건설
01933,OneForce Holdings Ltd,57201020,소프트웨어
01351,Bright Future Technology Holdings Ltd,53302010,광고 및 마케팅
00482,Sandmartin International Holdings Ltd,57102010,통신 및 네트워킹
08107,Ficus Technology Holdings Ltd,52202010,다각적 산업용 제품 도매
00312,Shirble Department Store Holdings China Ltd,53402010,백화점
01581,Progressive Path Group Holdings Ltd,52201020,건설 및 엔지니어링
01971,Redsun Services Group Ltd,60101020,부동산 서비스
00947,Mobi Development Co Ltd,57102010,통신 및 네트워킹
08483,Max Sight Group Holdings Ltd,56102010,의료 시설 및 서비스
01542,Taizhou Water Group Co Ltd Class H,59103010,수자원 유틸리티
00430,Oriental Explorer Holdings Ltd,60101010,"부동산 임대, 개발 및 운영"
08368,Creative China Holdings Ltd,53301040,여가 및 오락시설
01354,XiAn Kingfar Property Services Co Ltd Class H,60101020,부동산 서비스
00174,Gemini Investments Holdings Ltd,60101010,"부동산 임대, 개발 및 운영"
01059,Kantone Holdings Ltd,57201020,소프트웨어
08460,Basetrophy Group Holdings Ltd,52201020,건설 및 엔지니어링
01281,Xinda Investment Holdings Ltd,59101010,전력 유틸리티
00397,Minerva Group Holding Ltd,55101050,기업 금융 서비스
01871,China Oriented International Holdings Ltd,63101010,기타 교육 서비스 제공
06068,Wisdom Education International Holdings Company Ltd,63102010,"초, 중, 고등 교육기관"
02371,Chuanglian Holdings Ltd,63101010,기타 교육 서비스 제공
02113,Century Group International Holdings Ltd,52201020,건설 및 엔지니어링
02593,Herbs Generation Group Holdings Ltd,53403090,기타 전문 소매
00983,SOCAM Development Ltd,52201020,건설 및 엔지니어링
01991,Ta Yang Group Holdings Ltd,53302010,광고 및 마케팅
08005,Yuxing Infotech Investment Holdings Ltd,57102010,통신 및 네트워킹
01803,Beijing Sports and Entertainment Industry Group Ltd,52201020,건설 및 엔지니어링
00859,Zhongchang International Holdings Group Ltd,60101010,"부동산 임대, 개발 및 운영"
00954,Changmao Biochemical Engineering Co Ltd Class H,51101010,상품 화학
00484,Forgame Holdings Ltd,57101010,반도체
01239,Teamway International Group Holdings Ltd,51302010,용기(종이 제외) 및 포장재
00379,China Ever Grand Financial Leasing Group Co Ltd,56101020,"의료 장비, 물품 및 유통"
01518,New Century Healthcare Holding Co Ltd,56102010,의료 시설 및 서비스
02012,Sunshine Oilsands Ltd,50102020,"오일, 가스 탐사 및 생산"
01395,ELL Environmental Holdings Ltd,59103010,수자원 유틸리티
01217,China Innovation Investment Ltd,55102020,투자 관리 및 펀드 운영
01949,Platt Nera International Ltd,57201010,IT 서비스 및 컨설팅
01047,Ngai Hing Hong Co Ltd,51101010,상품 화학
08062,EFT Solutions Holdings Ltd,57201020,소프트웨어
02682,Yun Lee Marine Group Holdings Ltd,52102050,조선
01459,Jujiang Construction Group Co Ltd Class H,52201020,건설 및 엔지니어링
02330,China Uptown Group Co Ltd,60101010,"부동산 임대, 개발 및 운영"
01229,Nan Nan Resources Enterprise Ltd,50101010,석탄
08348,Tianjin Binhai Teda Logistics (Group) Corp Ltd Class H,52405010,"배달, 우편, 항공 화물 및 육상 물류"
00058,Sunway International Holdings Ltd,51202010,건설 자재
01663,Sino Harbour Holdings Group Ltd,60101010,"부동산 임대, 개발 및 운영"
06838,Winox Holdings Ltd,53202020,의류 및 액세서리
02307,Kam Hing International Holdings Ltd,53202010,직물 및 가죽제품
01894,Hang Yick Holdings Co Ltd,51201020,철 및 강철
08305,Sheng Tang Holdings Ltd,52201020,건설 및 엔지니어링
00889,Datronix Holdings Ltd,57104010,전자 장비 및 부품
08186,Honor Matrix Holdings Ltd,53204040,가정용 가구
01572,China Art Financial Holdings Ltd,55101030,소비자 대출
08480,Furniweb Holdings Ltd,53202010,직물 및 가죽제품
08021,WLS Holdings Ltd,52201020,건설 및 엔지니어링
02882,3DG Holdings International Ltd,53403040,의류 및 액세서리 소매
00726,DIT Group Ltd,52201020,건설 및 엔지니어링
00223,Elife Holdings Ltd,56101020,"의료 장비, 물품 및 유통"
00572,Future World Holdings Ltd,53301020,레스토랑 및 바
00075,YT Realty Group Ltd,60101010,"부동산 임대, 개발 및 운영"
00540,Speedy Global Holdings Ltd,53202020,의류 및 액세서리
00834,Shengrong Holding Ltd,54102020,식품 가공
01655,Okura Holdings Ltd,53301030,카지노 및 도박
08635,Elephant Holdings Group Ltd,53202020,의류 및 액세서리
06918,Jiutai Digital Technology Holdings Limited,53205010,장난감 및 어린이 제품
08491,Cool Link (Holdings) Ltd,54301020,식품 소매 및 유통
00814,Beijing Jingkelong Co Ltd Class H,54301020,식품 소매 및 유통
06988,Joy Spreader Group Inc,57201030,온라인 서비스
00072,Meta Media Holdings Ltd,53302040,소비자 출판
00262,Deson Development International Holdings Ltd,60101010,"부동산 임대, 개발 및 운영"
02203,Brainhole Technology Ltd,57101010,반도체
06839,Yunnan Water Investment Co Ltd Class H,52201020,건설 및 엔지니어링
00181,Fujian Holdings Ltd,53301010,"호텔, 모텔 및 크루즈 라인"
00905,Walnut Capital Ltd,55102020,투자 관리 및 펀드 운영
01134,Kelfred Holdings Ltd,56101020,"의료 장비, 물품 및 유통"
08295,Kingwisoft Technology Group Co Ltd,52203040,경영 지원 서비스
00328,Alco Holdings Ltd,57106010,컴퓨터 하드웨어
01536,Yuk Wing Group Holdings Ltd,51201070,채굴 지원 서비스 및 장비
00401,Wanjia Group Holdings Ltd,56102010,의료 시설 및 서비스
06888,Freetech Road Recycling Technology (Holdings) Ltd,52201020,건설 및 엔지니어링
08411,K W Nelson Interior Design and Contracting Group Ltd,52201020,건설 및 엔지니어링
08098,CL Group (Holdings) Ltd,55102010,투자 은행 및 중개 서비스
01470,Prosper One International Holdings Company Ltd,51101020,농화학제
08436,Takbo Group Holdings Ltd,54201020,개인 생활 필수 용품
01671,Tianjin Tianbao Energy Co Ltd Class H,59101010,전력 유틸리티
01388,Embry Holdings Ltd,53202020,의류 및 액세서리
08031,ETS Group Ltd,52203040,경영 지원 서비스
01162,Lumina Group Ltd,52203060,비즈니스 지원 용품
01160,Goldstone Capital Group Ltd,55102020,투자 관리 및 펀드 운영
03878,Vicon Holdings Ltd,52203040,경영 지원 서비스
01472,Sang Hing Holdings (International) Ltd,52201020,건설 및 엔지니어링
01549,Ever Harvest Group Holdings Ltd,52405020,해양 화물 및 물류
01546,Thelloy Development Group Ltd,52201020,건설 및 엔지니어링
00381,AOM International Group Co Ltd,53205010,장난감 및 어린이 제품
00764,Eternity Investment Ltd,52203040,경영 지원 서비스
08473,MI Ming Mart Holdings Ltd,53403090,기타 전문 소매
08125,RJVAN Holdings Limited,53203010,주택 건설
02340,ISP Holdings Ltd,53403020,주택 개조 제품 및 서비스 소매
08168,Amasse Capital Holdings Ltd,55101050,기업 금융 서비스
08271,Global Digital Creations Holdings Ltd,53302030,엔터테인먼트 제작
01181,Tang Palace (China) Holdings Ltd,53301020,레스토랑 및 바
00269,China Resources and Transportation Group Ltd,52407030,고속도로 및 철도
00630,AMCO United Holding Ltd,56101020,"의료 장비, 물품 및 유통"
08372,Grand Brilliance Group Holdings Ltd,56101020,"의료 장비, 물품 및 유통"
08516,Zhong Ying International Group Ltd,52201020,건설 및 엔지니어링
01722,Kin Pang Holdings Ltd,52201020,건설 및 엔지니어링
02459,Sanergy Group Ltd,52102030,전기 부품 및 장비
08007,Global Strategic Group Ltd,50103020,오일 관련 서비스 및 장비
00841,Asia Cassava Resources Holdings Ltd,54301020,식품 소매 및 유통
01796,Metaspacex Ltd,52201020,건설 및 엔지니어링
08160,Goldway Education Group Ltd,63101010,기타 교육 서비스 제공
00832,Central China Real Estate Ltd,60101010,"부동산 임대, 개발 및 운영"
08128,Sino Energy Conservation International Ltd,59101010,전력 유틸리티
01452,Denox Environmental & Technology Holdings Ltd,51101010,상품 화학
00115,Grand Field Group Holdings Ltd,60101010,"부동산 임대, 개발 및 운영"
00948,Alpha Professional Holdings Ltd,54301020,식품 소매 및 유통
02324,Capital VC Ltd,55102020,투자 관리 및 펀드 운영
01000,Beijing Media Corp Ltd Class H,53302010,광고 및 마케팅
01968,Hingtex Holdings Ltd,53202010,직물 및 가죽제품
08013,Eci Technology Holdings Ltd,52203040,경영 지원 서비스
03313,Artgo Holdings Ltd,51202010,건설 자재
00456,New City Development Group Ltd,60101010,"부동산 임대, 개발 및 운영"
00276,Mongolia Energy Corp Ltd,50101010,석탄
08156,Sinopharm Tech Holdings Ltd,53301030,카지노 및 도박
06610,Flowing Cloud Technology Ltd,53302010,광고 및 마케팅
06158,Zhenro Properties Group Ltd,60101010,"부동산 임대, 개발 및 운영"
00821,Value Convergence Holdings Ltd,55102010,투자 은행 및 중개 서비스
01213,Mobicon Group Ltd,57104010,전자 장비 및 부품
08149,Altus Holdings Ltd,60101010,"부동산 임대, 개발 및 운영"
01771,Sunfonda Group Holdings Ltd,53403010,"자동차 차량, 부품 및 서비스 소매"
00356,DT Capital Ltd,55601010,투자 지주 회사
01680,Macau Legend Development Ltd,53301030,카지노 및 도박
01172,Magnus Concordia Group Ltd,52203020,상업 인쇄 서비스
08620,Asia-express Logistics Holdings Ltd,52407010,공항 운영 및 서비스
02022,Digital Hollywood Interactive Ltd,57201030,온라인 서비스
01560,Star Group Asia Ltd,60101010,"부동산 임대, 개발 및 운영"
01850,Beautiful Life Group Holdings Ltd,52201020,건설 및 엔지니어링
00675,K & P International Holdings Ltd,52102030,전기 부품 및 장비
09918,Wise Ally International Holdings Ltd,57104010,전자 장비 및 부품
01235,Travel Expert (ASIA) Enterprises Ltd,53301040,여가 및 오락시설
03603,Xinji Shaxi Group Co Ltd,60101010,"부동산 임대, 개발 및 운영"
02903,Suncorp Technologies Ltd,57201030,온라인 서비스
01745,Lvji Technology Holdings Inc,57201020,소프트웨어
02900,Lvji Technology Holdings Inc,57201020,소프트웨어
00254,National United Resources Holdings Ltd,52406020,지상 및 해상 여객 운송
00485,China Sinostar Group Company Ltd,60101010,"부동산 임대, 개발 및 운영"
02990,DT Capital Ltd,55601010,투자 지주 회사
00070,Rich Goldman Holdings Ltd,55101030,소비자 대출
01629,Champion Alliance International Holdings Ltd,54201020,개인 생활 필수 용품
08140,BOSA Technology Holdings Ltd,52201020,건설 및 엔지니어링
03822,Sam Woo Construction Group Ltd,52201020,건설 및 엔지니어링
00911,Qianhai Health Holdings Ltd,57101010,반도체
00599,E.Bon Holdings Ltd,53203020,건설 자재 및 비품
08057,Madison Holdings Group Ltd,52203040,경영 지원 서비스
00794,Come Sure Group (Holdings) Ltd,51302020,종이 포장재
00645,Ares Asia Ltd,50101010,석탄
03889,Global Corn Group Ltd,54102020,식품 가공
01241,Shuanghua Holdings Ltd,52202010,다각적 산업용 제품 도매
01758,Bojun Education Co Ltd,63102010,"초, 중, 고등 교육기관"
00120,Cosmopolitan International Holdings Ltd,52405010,"배달, 우편, 항공 화물 및 육상 물류"
00403,Starlite Holdings Ltd,51302020,종이 포장재
08208,Radiance Global Group Holdings Ltd,52201020,건설 및 엔지니어링
08487,ISP Global Ltd,57102010,통신 및 네트워킹
08448,Universe Printshop Holdings Ltd,52203020,상업 인쇄 서비스
00840,Xinjiang Tianye Water Saving Irrigation System Co Ltd Class H,53203020,건설 자재 및 비품
00171,Silver Grant International Holdings Group Ltd,60101010,"부동산 임대, 개발 및 운영"
01233,Times China Holdings Ltd,60101010,"부동산 임대, 개발 및 운영"
08311,Perfect Optronics Ltd,57101010,반도체
00513,Continental Holdings Ltd,53202020,의류 및 액세서리
01738,Feishang Anthracite Resources Ltd,50101010,석탄
08043,Atlinks Group Ltd,57102010,통신 및 네트워킹
01269,China First Capital Group Ltd,53101020,"자동차, 트럭 및 오토바이 부품"
01338,BaWang International Group Holding Ltd,54201020,개인 생활 필수 용품
08113,V & V Technology Holdings Ltd,53403050,컴퓨터 및 전자 제품 소매
06958,Zhenro Services Group Ltd,60101020,부동산 서비스
00747,Shenyang Public Utility Holdings Co Ltd Class H,52201020,건설 및 엔지니어링
08622,Joyzyme Group Ltd,56101020,"의료 장비, 물품 및 유통"
00619,South China Financial Holdings Ltd,55102010,투자 은행 및 중개 서비스
00932,Shunten International (Holdings) Ltd,54102020,식품 가공
01676,Gaodi Holdings Ltd,54102020,식품 가공
03321,ZhongKe Group Holdings Ltd,52201020,건설 및 엔지니어링
08659,Yik Wo International Holdings Ltd,51302010,용기(종이 제외) 및 포장재
01869,Kafelaku Coffee Holding Ltd,53301020,레스토랑 및 바
02246,GOGOX Holdings Ltd,52405010,"배달, 우편, 항공 화물 및 육상 물류"
01695,S&P International Holding Ltd,54102020,식품 가공
08400,Asia Pioneer Entertainment Holdings Ltd,52102010,산업용 기계 및 장비
08317,Finet Group Ltd,52203070,전문 정보 서비스
00491,Emperor Culture Group Ltd,53301040,여가 및 오락시설
08547,Pacific Legend Group Ltd,53204040,가정용 가구
01039,Changyou International Group Ltd,57201030,온라인 서비스
01013,Wai Chun Group Holdings Ltd,54102010,어업 및 농업
00125,Sun Hing Vision Group Holdings Ltd,56101020,"의료 장비, 물품 및 유통"
08319,Expert Systems Holdings Ltd,57201010,IT 서비스 및 컨설팅
08495,1957 & Co (Hospitality) Ltd,53301020,레스토랑 및 바
08187,Jimu Group Ltd,53202020,의류 및 액세서리
08093,Web3 Meta Ltd,52203040,경영 지원 서비스
00899,Zhong Jia Guo Xin Holdings Co Ltd,60101010,"부동산 임대, 개발 및 운영"
08028,Timeless Resources Holdings Ltd,51201050,특수 채굴 및 금속
01555,MIE Holdings Corp,50102020,"오일, 가스 탐사 및 생산"
08362,Winning Tower Group Holdings Ltd,53301020,레스토랑 및 바
01025,KNT Holdings Ltd,53202020,의류 및 액세서리
08379,Prime Intelligence Solutions Group Ltd,52203040,경영 지원 서비스
01004,China Smarter Energy Group Holdings Ltd,59101010,전력 유틸리티
00518,Tungtex Holdings Co Ltd,53202020,의류 및 액세서리
01996,Redsun Properties Group Ltd,53301010,"호텔, 모텔 및 크루즈 라인"
08527,JLogo Holdings Ltd,53301020,레스토랑 및 바
08549,Golden Leaf International Group Ltd,52201020,건설 및 엔지니어링
08225,China Health Group Inc,56202010,생명 공학 및 의학 연구
00183,Winfull Group Holdings Ltd,60101010,"부동산 임대, 개발 및 운영"
08221,Gaoyu Finance Group Ltd,55101030,소비자 대출
08071,China Netcom Technology Holdings Ltd,57201010,IT 서비스 및 컨설팅
08143,Good Fellow Healthcare Holdings Ltd,56102010,의료 시설 및 서비스
01967,Confidence Intelligence Holdings Ltd,57301010,핀테크
08320,Allied Sustainability and Environmental Consultants Group Ltd,52203010,환경 서비스 및 장비
08490,Niche-Tech Semiconductor Materials Ltd,51201050,특수 채굴 및 금속
08223,Ziyuanyuan Holdings Group Ltd,56101020,"의료 장비, 물품 및 유통"
08606,Kinetix Systems Holdings Ltd,53205010,장난감 및 어린이 제품
02986,Huisheng International Holdings Ltd,54102020,식품 가공
02211,Universal Health International Group Holding Ltd,54301010,의약품 소매
01150,Milan Station Holdings Ltd,53403040,의류 및 액세서리 소매
08275,China New Consumption Group Ltd,52201020,건설 및 엔지니어링
03963,China Rongzhong Financial Holdings Company Ltd,52203070,전문 정보 서비스
00571,eSun Holdings Ltd,53301040,여가 및 오락시설
00483,Bauhaus International (Holdings) Ltd,53202020,의류 및 액세서리
00145,CCIAM Future Energy Ltd,52203010,환경 서비스 및 장비
00923,Integrated Waste Solutions Group Holdings Ltd,51301020,종이 제품
08033,Vodatel Networks Holdings Ltd,57201010,IT 서비스 및 컨설팅
08452,Fy Financial Shenzhen Co Ltd Class H,55101050,기업 금융 서비스
08051,Circutech International Holdings Ltd,57106010,컴퓨터 하드웨어
01400,Moody Technology Holdings Ltd,53202020,의류 및 액세서리
01259,Prosperous Future Holdings Ltd,54301020,식품 소매 및 유통
01950,Diwang Industrial Holdings Ltd,54101020,증류주 및 포도주
00864,Wing Lee Property Investments Ltd,60101010,"부동산 임대, 개발 및 운영"
00648,SoftMedx Healthcare Ltd,53301040,여가 및 오락시설
01049,Celestial Asia Securities Holdings Ltd,53403030,가정용 가구 소매
01232,Golden Wheel Tiandi Holdings Co Ltd,60101010,"부동산 임대, 개발 및 운영"
00919,Modern Healthcare Technology Holdings Ltd,54201030,개인 서비스
00313,Richly Field China Development Ltd,60101010,"부동산 임대, 개발 및 운영"
00310,Prosperity Investment Holdings Ltd,55102010,투자 은행 및 중개 서비스
01701,Tu Yi Holding Co Ltd,52407010,공항 운영 및 서비스
00810,China Castson 81 Finance Co Ltd,55601010,투자 지주 회사
01340,Huisheng International Holdings Ltd,54102020,식품 가공
08577,Brightstar Technology Group Co Ltd,52203040,경영 지원 서비스
08427,WS-SK Target Group Ltd,52102030,전기 부품 및 장비
00022,Mexan Ltd,53301010,"호텔, 모텔 및 크루즈 라인"
08158,China Regenerative Medicine International Ltd,56101020,"의료 장비, 물품 및 유통"
08147,Yunjing Digitech Group Ltd,57104010,전자 장비 및 부품
01591,Shun Wo Group Holdings Ltd,52201020,건설 및 엔지니어링
08616,Sunray Engineering Group Ltd,53203020,건설 자재 및 비품
08357,Republic Healthcare Ltd,56102010,의료 시설 및 서비스
00084,Stelux Holdings International Ltd,53403040,의류 및 액세서리 소매
00871,China Dredging Environment Protection Holdings Ltd,52201020,건설 및 엔지니어링
01468,Jakota Capital Holding Group,55301010,복합보험 및 중개인
08201,PPS International (Holdings) Ltd,52203040,경영 지원 서비스
08333,Astrum Financial Holdings Ltd,55102010,투자 은행 및 중개 서비스
00348,China Healthwise Holdings Ltd,55101030,소비자 대출
01647,Grandshores Technology Group Ltd,52201020,건설 및 엔지니어링
02728,Jintai Energy Holdings Ltd,50102030,"오일, 가스 정제 및 마케팅"
00471,Silkwave Inc,57101010,반도체
08267,Linekong Interactive Group Co Ltd,53302030,엔터테인먼트 제작
01443,Fulum Group Holdings Ltd,53301020,레스토랑 및 바
08300,JIN MI Fang Group Holdings Ltd,53202020,의류 및 액세서리
00712,Comtec Solar Systems Group Ltd,50201010,재생 가능 에너지 장비 및 서비스
02358,Jiu Rong Holdings Ltd,57106030,가정용 전자 제품
01413,FEG Holdings Corporation Ltd,52201020,건설 및 엔지니어링
08613,Oriental Payment Group Holdings Ltd,57201030,온라인 서비스
01237,China Environmental Technology and Bioenergy Holdings Ltd,53204040,가정용 가구
00261,GBA Holdings Ltd,60101010,"부동산 임대, 개발 및 운영"
09958,Litian Pictures Holdings Ltd,53302030,엔터테인먼트 제작
08290,Ahsay Backup Software Development Co Ltd,57201020,소프트웨어
00197,Heng Tai Consumables Group Ltd,54301020,식품 소매 및 유통
00765,Perfectech International Holdings Ltd,53205010,장난감 및 어린이 제품
00760,Talent Property Group Ltd,60101010,"부동산 임대, 개발 및 운영"
01173,Veeko International Holdings Ltd,53202020,의류 및 액세서리
08241,Ying Kee Tea House Group Ltd,54301020,식품 소매 및 유통
00076,Elate Holdings Ltd,57104010,전자 장비 및 부품
08308,Gudou Holdings Ltd,53301010,"호텔, 모텔 및 크루즈 라인"
00042,Northeast Electric Development Co Ltd Class H,52102030,전기 부품 및 장비
08067,Oriental University City Holdings HK Ltd,60101010,"부동산 임대, 개발 및 운영"
08081,Baijuyi Holdings Group Ltd,53301010,"호텔, 모텔 및 크루즈 라인"
08203,Kaisun Holdings Ltd,50101010,석탄
03728,Ching Lee Holdings Ltd,52201020,건설 및 엔지니어링
00703,Future Bright Holdings Ltd,53301020,레스토랑 및 바
08413,Asia Grocery Distribution Ltd,54301020,식품 소매 및 유통
08377,Harbour Equine Holdings Ltd,52203040,경영 지원 서비스
00065,Grand Ocean Advanced Resources Co Ltd,50101010,석탄
00984,AEON Stores Hong Kong Co Ltd,53402010,백화점
00910,China Sandi Holdings Ltd,60101010,"부동산 임대, 개발 및 운영"
03639,Yida China Holdings Ltd,60101010,"부동산 임대, 개발 및 운영"
08537,Chong Fai Jewellery Group Holdings Co Ltd,53403040,의류 및 액세서리 소매
08268,Smart City Development Holdings Ltd,52201020,건설 및 엔지니어링
08219,Hanvey Group Holdings Ltd,53202020,의류 및 액세서리
08447,MS Concept Ltd,53301020,레스토랑 및 바
01884,eprint Group Ltd,52203020,상업 인쇄 서비스
00888,BlockFin Holdings Ltd,55102020,투자 관리 및 펀드 운영
00333,Top Form International Ltd,53202020,의류 및 액세서리
00332,Yuan Heng Gas Holdings Ltd,50102030,"오일, 가스 정제 및 마케팅"
01253,China Green Broad Ecological Technology Company Ltd,52201020,건설 및 엔지니어링
08451,Sunlight (1977) Holdings Ltd,51302020,종이 포장재
08200,Sau San Tong Holdings Ltd,53403090,기타 전문 소매
00372,PT International Development Corporation Ltd,51201050,특수 채굴 및 금속
00915,Daohe Global Group Ltd,57201030,온라인 서비스
01965,Landsea Green Life Service Co Ltd,60101020,부동산 서비스
02363,Tongda Hong Tai Holdings Ltd,57106010,컴퓨터 하드웨어
02135,Raily Aesthetic Medicine International Holdings Ltd,52203040,경영 지원 서비스
08065,KML Technology Group Ltd,52203040,경영 지원 서비스
01315,Green Economy Development Ltd,51201020,철 및 강철
08117,China Primary Energy Holdings Ltd,59102010,천연가스 유틸리티
01225,Lerado Financial Group Co Ltd,55101030,소비자 대출
08627,Orange Tour Cultural Holding Ltd,53302010,광고 및 마케팅
08283,Zhongshi Minan Holdings Ltd,54201030,개인 서비스
08042,Kos International Talent Group Ltd,52203030,고용 서비스
01749,Shanshan Brand Management Co Ltd Class H,53202020,의류 및 액세서리
08313,ZACD Group Ltd,55102020,투자 관리 및 펀드 운영
02112,Grace Life-tech Holdings Ltd,50102030,"오일, 가스 정제 및 마케팅"
08218,Echo International Holdings Group Ltd,57104010,전자 장비 및 부품
08416,HM International Holdings Ltd,52203020,상업 인쇄 서비스
08196,Futian Holdings Ltd,52201020,건설 및 엔지니어링
08096,Tasty Concepts Holding Ltd,53301020,레스토랑 및 바
01561,Pan Asia Data Holdings Inc,52203040,경영 지원 서비스
00913,Harbour Digital Asset Capital Ltd,55102010,투자 은행 및 중개 서비스
08181,Kong Shum Smart Management Group (Holdings) Ltd,60101020,부동산 서비스
08280,China Digital Video Holdings Ltd,57201020,소프트웨어
08036,eBroker Group Ltd,57201010,IT 서비스 및 컨설팅
00309,Xinhua News Media Holdings Ltd,52203040,경영 지원 서비스
00138,CCT Fortis Holdings Ltd,53403010,"자동차 차량, 부품 및 서비스 소매"
00657,G-Vision International (Holdings) Ltd,53301020,레스토랑 및 바
00653,Bonjour Holdings Ltd,53403090,기타 전문 소매
08489,Grand Power Logistics Group Ltd,52405010,"배달, 우편, 항공 화물 및 육상 물류"
08072,Langu Company Ltd,52203070,전문 정보 서비스
00130,Moiselle International Holdings Ltd,53202020,의류 및 액세서리
00248,HKC International Holdings Ltd,53204030,"가전제품, 도구 및 가정 용품"
00544,Daido Group Ltd,52405030,지상 화물 및 물류
08536,TL Natural Gas Holdings Ltd,53301020,레스토랑 및 바
08082,Qing Hua Holding Group Co Ltd,53301040,여가 및 오락시설
02048,E-House (China) Enterprise Holdings Ltd,60101020,부동산 서비스
00426,One Media Group Ltd,53302040,소비자 출판
08232,THAC Group (Holdings) Ltd,53301020,레스토랑 및 바
08152,M&L Holdings Group Ltd,52102010,산업용 기계 및 장비
08456,Mansion International Holdings Ltd,53202020,의류 및 액세서리
01124,Coastal Greenland Ltd,60101010,"부동산 임대, 개발 및 운영"
08307,Medicskin Holdings Ltd,54201030,개인 서비스
08238,Jiufang Digital Technology Holdings Limited,52203070,전문 정보 서비스
08191,Hong Wei Asia Holdings Co Ltd,51301010,임업 및 목재 제품
00736,China Properties Investment Holdings Ltd,55101030,소비자 대출
08309,Man Shing Global Holdings Ltd,60101020,부동산 서비스
02195,Unity Enterprise Holdings Ltd,52201020,건설 및 엔지니어링
06128,Graphex Group Ltd,51101030,특수 화학제
01703,Easyhold Group Holdings Ltd,53301020,레스토랑 및 바
00162,Century Ginwa Retail Holdings Ltd,53402010,백화점
08340,Zijing International Financial Holdings Ltd,52406020,지상 및 해상 여객 운송
00755,DevGreat Group Ltd,60101010,"부동산 임대, 개발 및 운영"
02288,Rykadan Capital Ltd,60101010,"부동산 임대, 개발 및 운영"
00602,Jiahua Stores Holdings Ltd,53402010,백화점
06108,New Ray Medicine International Holding Ltd,54301010,의약품 소매
08462,Omnibridge Holdings Ltd,52203030,고용 서비스
02433,Zhongtian Construction Hunan Group Ltd,52201020,건설 및 엔지니어링
08526,Wing Fung Group Asia Ltd,52102030,전기 부품 및 장비
08545,Amuse Group Holding Ltd,52101010,항공우주 및 방위
08163,NOIZ Group Ltd,51301010,임업 및 목재 제품
00193,Capital Estate Ltd,55102010,투자 은행 및 중개 서비스
08392,Satu Holdings Ltd,53204030,"가전제품, 도구 및 가정 용품"
08331,PB Group Ltd,51202010,건설 자재
00646,China Environmental Technology Holdings Ltd,52201020,건설 및 엔지니어링
08020,Unitas Holdings Ltd,52405020,해양 화물 및 물류
01842,Grown Up Group Investment Holdings Ltd,51302010,용기(종이 제외) 및 포장재
08445,Noble Engineering Group Holdings Ltd,52201020,건설 및 엔지니어링
00986,Dufu Liquor Group Ltd,53202020,의류 및 액세서리
02959,Dufu Liquor Group Ltd,53202020,의류 및 액세서리
00079,Century Legend (Holdings) Ltd,53301010,"호텔, 모텔 및 크루즈 라인"
00682,Chaoda Modern Agriculture (Holdings) Ltd,54102010,어업 및 농업
00055,Neway Group Holdings Ltd,52203020,상업 인쇄 서비스
01064,Zhong Hua International Holdings Ltd,60101010,"부동산 임대, 개발 및 운영"
08417,Dadi Education Holdings Ltd,52203070,전문 정보 서비스
08139,Zhejiang ChangAn Renheng Technology Co Ltd Class H,51101030,특수 화학제
08210,DLC Asia Ltd,55102010,투자 은행 및 중개 서비스
00768,UBA Investments Ltd,55601010,투자 지주 회사
08262,Super Strong Holdings Ltd,52201020,건설 및 엔지니어링
08423,Chi Ho Development Holdings Ltd,53203010,주택 건설
08315,Century Plaza Hotel Group,52203040,경영 지원 서비스
08412,New Amante Group Ltd,53301020,레스토랑 및 바
08510,Top Standard Corp,53301020,레스토랑 및 바
08432,Bar Pacific Group Holdings Ltd,53301020,레스토랑 및 바
08366,Zhejiang United Investment Holdings Group Ltd,52201020,건설 및 엔지니어링
08035,Janco Holdings Ltd,52405010,"배달, 우편, 항공 화물 및 육상 물류"
02147,Zhengwei Group Holdings Co Ltd,54102020,식품 가공
01195,Kingwell Group Ltd,60101010,"부동산 임대, 개발 및 운영"
08226,Koala Financial Group Ltd,55101030,소비자 대출
08136,IMS Group Holdings Ltd,52102030,전기 부품 및 장비
08402,Plateau Treasures Ltd,52201020,건설 및 엔지니어링
08006,Sino Splendid Holdings Ltd,52203070,전문 정보 서비스
08619,NIU Holdings Ltd,52201020,건설 및 엔지니어링
00601,Rare Earth Magnesium Technology Group Holdings Ltd,51201050,특수 채굴 및 금속
08422,Wt Group Holdings Ltd,52201020,건설 및 엔지니어링
08612,World Super Holdings Ltd,52102020,중장비 및 차량
08341,Aeso Holding Ltd,53403020,주택 개조 제품 및 서비스 소매
03683,Great Harvest Maeta Holdings Ltd,52405020,해양 화물 및 물류
08425,Hing Ming Holdings Ltd,52203040,경영 지원 서비스
02110,Tian Cheng Holdings Ltd,52201020,건설 및 엔지니어링
08092,ITE (Holdings) Ltd,57107010,통합 하드웨어 및 소프트웨어
08282,Gameone Holdings Ltd,57201020,소프트웨어
08621,Metropolis Capital Holdings Ltd,55101030,소비자 대출
08245,Canopy SkyFire Group Ltd,51101010,상품 화학
08286,Shanxi Changcheng Microlight Equipment Co Ltd Class H,57104010,전자 장비 및 부품
08060,Global Link Communications Holdings Ltd,57201010,IT 서비스 및 컨설팅
08249,Zhejiang RuiYuan Intelligent Control Technology Co Ltd Class H,57104010,전자 장비 및 부품
08159,China United Venture Investment Ltd,57106010,컴퓨터 하드웨어
00428,Cocoon Holdings Ltd,55601010,투자 지주 회사
08337,Directel Holdings Ltd,57401020,무선 통신 서비스
08217,Ju Fu Tang Biotech Holdings Co Ltd,52201020,건설 및 엔지니어링
08123,Sinofortune Financial Holdings Ltd,53101010,자동차 및 트럭 제조
02988,Green Leader Holdings Group Ltd,50101010,석탄
08250,Du Du Holdings Ltd,54102010,어업 및 농업
08153,Jiading International Group Holdings Ltd,53302010,광고 및 마케팅
08373,Indigo Star Holdings Ltd,52201020,건설 및 엔지니어링
08027,KPM Holding Ltd,53302010,광고 및 마케팅
08076,Sing LEE Software (Group) Ltd,57201010,IT 서비스 및 컨설팅
00073,Asian Citrus Holdings Ltd,54102010,어업 및 농업
08419,AV Promotions Holdings Ltd,53302010,광고 및 마케팅
01166,Solartech International Holdings Ltd,52102030,전기 부품 및 장비
08112,Cornerstone Financial Holdings Ltd,53302010,광고 및 마케팅
08178,China Information Technology Development Ltd,57201010,IT 서비스 및 컨설팅
08420,Nexion Technologies Ltd,57201010,IT 서비스 및 컨설팅
08161,MediNet Group Ltd,55601010,투자 지주 회사
08019,Hao Wen Holdings Ltd,55101030,소비자 대출
08471,Reach New Holdings Ltd,52203020,상업 인쇄 서비스
08401,Hua Xia Water Group Ltd,53302010,광고 및 마케팅
08056,Life Concepts Holdings Ltd,53301020,레스토랑 및 바
08472,Lapco Holdings Ltd,52203040,경영 지원 서비스
03919,Golden Power Group Holdings Ltd,52102030,전기 부품 및 장비
08173,Hephaestus Holdings Ltd,53203010,주택 건설
08513,MaxWin International Holdings Ltd,51101010,상품 화학
08222,E Lighting Group Holdings Ltd,53204040,가정용 가구
08519,XinXiang Era Group Co Ltd,53301020,레스토랑 및 바
01889,Sanai Health Industry Group Co Ltd,56201040,제약
02608,Sunshine 100 China Holdings Ltd,60101010,"부동산 임대, 개발 및 운영"
08429,SV Vision Ltd,53302010,광고 및 마케팅
08277,Steed Oriental (Holdings) Company Ltd,51301010,임업 및 목재 제품
08482,Wan Leader International Ltd,52405010,"배달, 우편, 항공 화물 및 육상 물류"
00061,Green Leader Holdings Group Ltd,50101010,석탄
08511,Min Fu International Holding Ltd,52203070,전문 정보 서비스
08169,Eco-Tek Holdings Ltd,52102010,산업용 기계 및 장비
08018,Finsoft Financial Investment Holdings Ltd,57201020,소프트웨어
08091,OOH Holdings Ltd,53302010,광고 및 마케팅
08285,Sling Group Holdings Ltd,53202020,의류 및 액세서리
00997,Chinlink International Holdings Ltd,60101010,"부동산 임대, 개발 및 운영"
08193,Asia-Pac Financial Investment Co Ltd,52203070,전문 정보 서비스
08293,SingAsia Holdings Ltd,52203030,고용 서비스
08079,LIT Life Holdings Ltd,54301020,식품 소매 및 유통
02738,Huajin International Holdings Ltd,51201020,철 및 강철
08003,Great World Company Holdings Ltd,53302010,광고 및 마케팅
08356,Tsun Yip Holdings Ltd,52201020,건설 및 엔지니어링
01736,China Parenting Network Holdings Ltd,57201030,온라인 서비스
08367,Simplicity Holding Ltd,52102010,산업용 기계 및 장비
01063,Suncorp Technologies Ltd,57201030,온라인 서비스
08623,China Saftower International Holding Group Ltd,52102030,전기 부품 및 장비
08059,Glory Flame Holdings Ltd,52201020,건설 및 엔지니어링
08179,Palinda Group Holdings Ltd,54301020,식품 소매 및 유통
02231,JY Grandmark Holdings Ltd,53301010,"호텔, 모텔 및 크루즈 라인"
08176,SuperRobotics Holdings Ltd,57104010,전자 장비 및 부품
08069,Flydoo Technology Holding Ltd,53301040,여가 및 오락시설
08455,Lai Group Holding Co Ltd,53203010,주택 건설
08121,Guoen Holdings Ltd,53302010,광고 및 마케팅
08296,Sino-Life Group Ltd,54201030,개인 서비스
08347,F8 Enterprises (Holdings) Group Ltd,50102030,"오일, 가스 정제 및 마케팅"
01010,Sky Blue 11 Co Ltd,52407010,공항 운영 및 서비스
08430,C&N Holdings Ltd,52405010,"배달, 우편, 항공 화물 및 육상 물류"
08291,Hong Kong Entertainment International Holdings Ltd,51302010,용기(종이 제외) 및 포장재
08133,Jisheng Group Holdings Ltd,52203020,상업 인쇄 서비스
06837,Haitong Securities Co Ltd Class H,55102010,투자 은행 및 중개 서비스
06623,Lufax Holding Ltd,55101050,기업 금융 서비스
02627,Ab&B Bio Tech Co Ltd JS Class H,56201040,제약
00754,Hopson Development Holdings Ltd,60101010,"부동산 임대, 개발 및 운영"
02362,Jinchuan Group International Resources Co Ltd,51201050,특수 채굴 및 금속
01448,FU Shou Yuan International Group Ltd,54201030,개인 서비스
02629,Mirxes Holding Company Ltd,56202010,생명 공학 및 의학 연구
02479,Tianju Dihe Suzhou Technology Co Ltd Class H,57201010,IT 서비스 및 컨설팅
00468,Greatview Aseptic Packaging Co Ltd,51302010,용기(종이 제외) 및 포장재
06883,Eternal Beauty Holdings Ltd,53403090,기타 전문 소매
01755,S Enjoy Service Group Co Ltd,60101020,부동산 서비스
06696,Many Idea Cloud Holdings Ltd,53302010,광고 및 마케팅
00769,China Rare Earth Holdings Ltd,51101010,상품 화학
00708,China Evergrande New Energy Vehicle Group Ltd,53101010,자동차 및 트럭 제조
09986,Dashan Education Holdings Ltd,63101010,기타 교육 서비스 제공
09881,Rongta Technology (Xiamen) Group Co Ltd Class H,57106010,컴퓨터 하드웨어
01728,China ZhengTong Auto Services Holdings Ltd,53403010,"자동차 차량, 부품 및 서비스 소매"
07855,TechStar Acquisition Corp,55601010,투자 지주 회사
01668,China South City Holdings Ltd,60101010,"부동산 임대, 개발 및 운영"
01863,China Longevity Group Co Ltd,51101010,상품 화학
06639,Arrail Group Ltd,56102010,의료 시설 및 서비스
00474,Aceso Life Science Group Ltd,52102020,중장비 및 차량
02898,Sunho Biologics Inc,56202010,생명 공학 및 의학 연구
09906,Honliv Healthcare Management Group Co Ltd,56102010,의료 시설 및 서비스
01748,Xin Yuan Enterprises Group Ltd,50102030,"오일, 가스 정제 및 마케팅"
03903,Hanhua Holding Co.  Ltd. Class H,55101050,기업 금융 서비스
01252,China Tianrui Group Cement Co Ltd,51202010,건설 자재
00976,Chiho Environmental Group Ltd,52203010,환경 서비스 및 장비
00612,Carmen Century Investment Ltd,55601010,투자 지주 회사
08349,Yunhong Guixin Group Holdings Ltd,51101030,특수 화학제
00195,Greentech Technology International Ltd,51201050,특수 채굴 및 금속
02131,Netjoy Holdings Ltd,53302010,광고 및 마케팅
00039,China Beidahuang Industry Group Holdings Ltd,54301020,식품 소매 및 유통
00852,Strong Petrochemical Holdings Ltd,50102030,"오일, 가스 정제 및 마케팅"
02649,Alsco Pooling Service Co Ltd Class H,55101050,기업 금융 서비스
02163,Changsha Broad Homes Industrial Group Co Ltd Class H,51202010,건설 자재
02280,HC Group Inc,57201030,온라인 서비스
06119,Tian Yuan Group Holdings Ltd,50102030,"오일, 가스 정제 및 마케팅"
00318,Vongroup Ltd,57201010,IT 서비스 및 컨설팅
00286,Aidigong Maternal & Child Health Ltd,56102010,의료 시설 및 서비스
06899,Ourgame International Holdings Ltd,57201030,온라인 서비스
01188,Hybrid Kinetic Group Ltd,53101010,자동차 및 트럭 제조
01293,Grand Baoxin Auto Group Ltd,53403010,"자동차 차량, 부품 및 서비스 소매"
00399,Starcoin Group Ltd,52102010,산업용 기계 및 장비
06133,Vital Innovations Holdings Ltd,52102010,산업용 기계 및 장비
08525,Baiying Holdings Group Ltd,51302020,종이 포장재
00033,International Genius Co,51201050,특수 채굴 및 금속
01406,Clarity Medical Group Holding Ltd,56102010,의료 시설 및 서비스
08385,Prosperous Printing Co Ltd,52203020,상업 인쇄 서비스
08532,Polyfair Holdings Ltd,52201020,건설 및 엔지니어링
08446,Brightstar Technology Group Co Ltd,52203040,경영 지원 서비스
00770,Shanghai International Shanghai Growth Investment Ltd,55601010,투자 지주 회사
08568,Wt Group Holdings Rights,52201020,건설 및 엔지니어링
02902,Biosysen Rights,53301010,"호텔, 모텔 및 크루즈 라인"
02966,Apac Resources Rights,51201020,철 및 강철
02943,Anchorstone Holdings Rights,51202010,건설 자재
00000,Solactive MERCEDES-BENZ EOD AR 3.58 (2025-05-08) Index,,
00000,Solactive US Energy Equal Weight Select 10 CAD Hedged 87 AR Index,,
04621,CH Cinda Asset Mgmt Co Ltd 21 USD Pref Shs,55102020,투자 관리 및 펀드 운영
02904,Cmon Rights,57201020,소프트웨어
01341,Hao Tian International Construction Investment Group Ltd,52203040,경영 지원 서비스
08047,China Ocean Group Development Ltd,52405010,"배달, 우편, 항공 화물 및 육상 물류"
01895,Xinyuan Property Management Service (Cayman) Ltd,60101020,부동산 서비스
01433,Cirtek Holdings Ltd,52203020,상업 인쇄 서비스
01915,Yangzhou Guangling District Taihe Rural Micro-finance Co Ltd Class H,55101030,소비자 대출
01721,FSM Holdings Ltd,51201020,철 및 강철
01636,China Metal Resources Utilization Ltd,51201050,특수 채굴 및 금속
00707,Asia Television Holdings Ltd,53202010,직물 및 가죽제품
01616,A Metaverse Co,53202010,직물 및 가죽제품
01598,China 21st Century Education Group Ltd,63103010,전문 및 비즈니스 교육
00924,Khoon Group Ltd,52201020,건설 및 엔지니어링
01165,Shunfeng International Clean Energy Ltd,57101010,반도체
06999,Leading Holdings Group Ltd,53301010,"호텔, 모텔 및 크루즈 라인"
01220,Zhidao International (Holdings) Ltd,52201020,건설 및 엔지니어링
00702,Sino Oil and Gas Holdings Ltd,50101010,석탄
00389,China Tontine Wines Group Ltd,54101020,증류주 및 포도주
00007,Wisdom Wealth Resources Investment Holding Group Ltd,53403050,컴퓨터 및 전자 제품 소매
01129,China Water Industry Group Ltd,59103010,수자원 유틸리티
01376,Raffles Interior Ltd,52201020,건설 및 엔지니어링
01101,China Huarong Energy Co Ltd,50102030,"오일, 가스 정제 및 마케팅"
00959,Century Entertainment International Holdings Ltd,53301030,카지노 및 도박
00036,Far East Holdings International Ltd,60101010,"부동산 임대, 개발 및 운영"
00106,Landsea Green Management Ltd,60101010,"부동산 임대, 개발 및 운영"
00352,Fortune Sun China Holdings Ltd,60101020,부동산 서비스
00059,Skyfame Realty (Holdings) Ltd,60101010,"부동산 임대, 개발 및 운영"
08172,Lajin Entertainment Network Group Ltd,53302030,엔터테인먼트 제작
00845,Glorious Property Holdings Ltd,60101010,"부동산 임대, 개발 및 운영"
02127,Huisen Shares Group Ltd,53204040,가정용 가구
08428,CBK Holdings Ltd,53301020,레스토랑 및 바
08039,China Come Ride New Energy Group Ltd,52201020,건설 및 엔지니어링
00498,Blue River Holdings Ltd,52407020,항만 운영 및 서비스
01961,Infinities Technology International (Cayman) Holding Ltd,57201020,소프트웨어
08206,Shentong Robot Education Group Co Ltd,52203040,경영 지원 서비스
01707,Geotech Holdings Ltd,52201020,건설 및 엔지니어링
01326,Transmit Entertainment Ltd,53302030,엔터테인먼트 제작
00559,DeTai New Energy Group Ltd,54301020,식품 소매 및 유통
08118,Zhongzi International Holdings Ltd,52102030,전기 부품 및 장비
03666,Shanghai XNG Holdings Ltd,53301020,레스토랑 및 바
00444,Sincere Watch (Hong Kong) Ltd,53202020,의류 및 액세서리
01566,CA Cultural Technology Group Ltd,53301040,여가 및 오락시설
02088,Xiwang Property Holdings Co Ltd,51202010,건설 자재
00907,Elegance Optical International Holdings Ltd,53202020,의류 및 액세서리
08297,Ocean Star Technology Group Ltd,53202020,의류 및 액세서리
02323,Renco Holdings Group Ltd,57101010,반도체
00515,China Silver Technology Holdings Ltd,57101010,반도체
01632,Minshang Creative Technology Holdings Ltd,53301020,레스토랑 및 바
01069,China Health Technology Group Holding Company Ltd,54102010,어업 및 농업
01849,AM Group Holdings Ltd,53302010,광고 및 마케팅
08500,Icon Culture Global Co Ltd,53302010,광고 및 마케팅
00704,Huscoke Holdings Ltd,50101010,석탄
01802,Wenye Group Holdings Ltd,52201020,건설 및 엔지니어링
08130,Dadi International Group Ltd,52203010,환경 서비스 및 장비
01107,Modern Land (China) Co Ltd,60101010,"부동산 임대, 개발 및 운영"
00574,Pa Shun International Holdings Ltd,53403090,기타 전문 소매
06878,Differ Group Auto Ltd,60101010,"부동산 임대, 개발 및 운영"
08111,China Technology Industry Group Ltd,50201010,재생 가능 에너지 장비 및 서비스
00274,Renaissance Asia Silk Road Group Ltd,51201060,금
06611,Sanxun Holdings Group Ltd,60101010,"부동산 임대, 개발 및 운영"
00176,Superactive Group Co Ltd,57104010,전자 장비 및 부품
01862,Jingrui Holdings Ltd,60101010,"부동산 임대, 개발 및 운영"
08052,Luk Hing Entertainment Group Holdings Ltd,53301020,레스토랑 및 바
00204,Capital Realm Financial Holdings Group Ltd,55601010,투자 지주 회사
08631,Sun Kong Holdings Ltd,50102030,"오일, 가스 정제 및 마케팅"
00362,China Zenith Chemical Group Ltd,51101010,상품 화학
00509,Century Sunshine Group Holdings Ltd,51101020,농화학제
06189,Guangdong Adway Construction (Group) Holdings Co Ltd Class H,52201020,건설 및 엔지니어링
08437,RMH Holdings Ltd,56102010,의료 시설 및 서비스
08103,Hmvod Ltd,53302030,엔터테인먼트 제작
01007,Longhui International Holdings Ltd,53301020,레스토랑 및 바
00299,Glory Sun Land Group Ltd,51201050,특수 채굴 및 금속
08496,Global Uin Intelligence Holdings Ltd,54102020,식품 가공
08493,Scorching Dragon Holdings Ltd,53301020,레스토랑 및 바
08475,E-Station Green Technology Group Co Ltd,53301020,레스토랑 및 바
