Symbol,Name,IndustryCode,Industry
8306,Mitsubishi UFJ Financial Group  Inc.,55101010,은행
7203,TOYOTA MOTOR CORPORATION,53101010,자동차 및 트럭 제조
9984,SoftBank Group Corp.,57401020,무선 통신 서비스
285A,Kioxia Holdings Corporation,57101010,반도체
8035,Tokyo Electron Limited,57101020,반도체 장비 및 테스트
8316,Sumitomo Mitsui Financial Group  Inc.,55101010,은행
6857,ADVANTEST CORPORATION,57101020,반도체 장비 및 테스트
6501,Hitachi  Ltd.,54401010,소비재 대기업
6098,Recruit Holdings Co Ltd,52203030,고용 서비스
9983,FAST RETAILING CO.  LTD.,53403040,의류 및 액세서리 소매
6758,Sony Group Corporation,57106030,가정용 전자 제품
8411,Mizuho Financial Group  Inc.,55101010,은행
6861,KEYENCE CORPORATION,57104010,전자 장비 및 부품
8058,Mitsubishi Corporation,52202010,다각적 산업용 제품 도매
8001,ITOCHU Corporation,52202010,다각적 산업용 제품 도매
6981,Murata Manufacturing Co.  Ltd.,57104010,전자 장비 및 부품
8766,Tokio Marine Holdings  Inc.,55301020,손해보험
9432,NTT  Inc.,57401010,통합 통신 서비스
7011,Mitsubishi Heavy Industries  Ltd.,54401010,소비재 대기업
2914,JAPAN TOBACCO INC.,54102030,담배
8031,MITSUI & CO.  LTD.,52202010,다각적 산업용 제품 도매
6503,Mitsubishi Electric Corporation,54401010,소비재 대기업
4063,Shin-Etsu Chemical Co.  Ltd.,51101090,다각적 화학 산업
4519,Chugai Pharmaceutical Co Ltd,56201040,제약
7182,Japan Post Bank Co Ltd,55101010,은행
6752,Panasonic Holdings Corporation,57106030,가정용 전자 제품
9433,KDDI CORPORATION,57401020,무선 통신 서비스
9434,SoftBank Corp.,57401020,무선 통신 서비스
7974,Nintendo Co.  Ltd.,53205010,장난감 및 어린이 제품
5803,Fujikura Ltd.,52102030,전기 부품 및 장비
4502,Takeda Pharmaceutical Company Limited,56201040,제약
7741,HOYA CORPORATION,56101020,"의료 장비, 물품 및 유통"
8053,SUMITOMO CORPORATION,52202010,다각적 산업용 제품 도매
8002,Marubeni Corporation,52202010,다각적 산업용 제품 도매
7267,HONDA MOTOR CO.  LTD.,53101010,자동차 및 트럭 제조
5802,Sumitomo Electric Industries  Ltd.,53101020,"자동차, 트럭 및 오토바이 부품"
8725,MS&AD Insurance Group Holdings  Inc.,55301020,손해보험
8591,ORIX CORPORATION,55102030,다각적 투자 서비스
6146,Disco Corp,57101020,반도체 장비 및 테스트
6723,Renesas Electronics Corp,57101010,반도체
6301,KOMATSU LTD.,52102020,중장비 및 차량
8750,Daiichi Life Group  Inc.,55301030,생명 및 건강 보험
8015,TOYOTA TSUSHO CORPORATION,52202010,다각적 산업용 제품 도매
4578,Otsuka Holdings Co.  Ltd.,56201040,제약
6701,NEC Corporation,57201010,IT 서비스 및 컨설팅
6178,Japan Post Holdings Co Ltd,55301030,생명 및 건강 보험
8630,Sompo Holdings  Inc.,55301020,손해보험
6702,Fujitsu Limited,57201010,IT 서비스 및 컨설팅
6954,Fanuc Corp,52102010,산업용 기계 및 장비
6762,TDK CORPORATION,57104010,전자 장비 및 부품
6367,Daikin Industries Ltd,52102030,전기 부품 및 장비
7751,CANON INC.,57105010,사무기기
4062,Ibiden Co Ltd,57101010,반도체
8308,Resona Holdings  Inc.,55101010,은행
6971,KYOCERA CORPORATION,57104010,전자 장비 및 부품
6902,DENSO CORPORATION,53101020,"자동차, 트럭 및 오토바이 부품"
2802,Ajinomoto Co.  Inc.,54102020,식품 가공
5108,BRIDGESTONE CORPORATION,53101030,타이어 및 고무 제품
4661,ORIENTAL LAND CO.  LTD.,53301040,여가 및 오락시설
4568,Daiichi Sankyo Co Ltd,56201040,제약
6273,SMC Corp,52102010,산업용 기계 및 장비
8309,Sumitomo Mitsui Trust Group  Inc.,55101010,은행
8604,Nomura Holdings  Inc.,55102010,투자 은행 및 중개 서비스
3382,Seven & i Holdings Co.  Ltd.,54301020,식품 소매 및 유통
1605,INPEX CORPORATION,50102020,"오일, 가스 탐사 및 생산"
8802,Mitsubishi Estate Company  Limited,60101010,"부동산 임대, 개발 및 운영"
4503,Astellas Pharma Inc.,56201040,제약
4901,FUJIFILM Holdings Corporation,51101030,특수 화학제
8801,Mitsui Fudosan Co.  Ltd.,60101010,"부동산 임대, 개발 및 운영"
9020,East Japan Railway Co,52406020,지상 및 해상 여객 운송
7269,SUZUKI MOTOR CORPORATION,53101010,자동차 및 트럭 제조
8267,AEON CO.  LTD.,54301020,식품 소매 및 유통
4543,TERUMO CORPORATION,56101020,"의료 장비, 물품 및 유통"
9022,Central Japan Railway Co,52406020,지상 및 해상 여객 운송
6920,Lasertec Corporation,57101020,반도체 장비 및 테스트
5016,JX Advanced Metals Corp,51201050,특수 채굴 및 금속
5401,NIPPON STEEL CORPORATION,51201020,철 및 강철
7936,ASICS Corporation,53202030,제화
5020,ENEOS Holdings  Inc.,50102030,"오일, 가스 정제 및 마케팅"
4689,LY Corp,57201030,온라인 서비스
7832,Bandai Namco Holdings Inc,53205010,장난감 및 어린이 제품
6594,NIDEC CORPORATION,52102030,전기 부품 및 장비
4004,Resonac Holdings Corporation,51101010,상품 화학
4452,Kao Corporation,54201020,개인 생활 필수 용품
7013,IHI Corporation,52102010,산업용 기계 및 장비
8830,Sumitomo Realty & Development Co.  Ltd.,60101010,"부동산 임대, 개발 및 운영"
6326,KUBOTA CORPORATION,52102020,중장비 및 차량
9766,KONAMI GROUP CORPORATION,57201020,소프트웨어
1925,DAIWA HOUSE INDUSTRY CO.  LTD.,53203010,주택 건설
9735,SECOM CO.  LTD.,52203040,경영 지원 서비스
4612,NIPPON PAINT HOLDINGS CO.  LTD.,51101010,상품 화학
7532,Pan Pacific International Holdings Corporation,53402020,할인점
5801,Furukawa Electric Co Ltd,52102030,전기 부품 및 장비
5713,Sumitomo Metal Mining Co.  Ltd.,51201050,특수 채굴 및 금속
8601,Daiwa Securities Group Inc,55102010,투자 은행 및 중개 서비스
4307,Nomura Research Institute  Ltd.,57201010,IT 서비스 및 컨설팅
6361,EBARA CORPORATION,52102010,산업용 기계 및 장비
7735,Screen Holdings Co Ltd,57101020,반도체 장비 및 테스트
9503,The Kansai Electric Power Company  Incorporated,59101010,전력 유틸리티
4091,NIPPON SANSO HOLDINGS CORPORATION,51101010,상품 화학
1812,KAJIMA CORPORATION,52201020,건설 및 엔지니어링
2502,Asahi Group Holdings  Ltd.,54101010,양조업
9101,Nippon Yusen Kabushiki Kaisha,52405020,해양 화물 및 물류
7453,RYOHIN KEIKAKU CO.  LTD.,53402010,백화점
4507,Shionogi & Co.  Ltd.,56201040,제약
2503,Kirin Holdings Company  Limited,54101010,양조업
7012,Kawasaki Heavy Industries  Ltd.,54401010,소비재 대기업
6988,NITTO DENKO CORPORATION,51101030,특수 화학제
8795,T&D Holdings  Inc.,55301030,생명 및 건강 보험
6383,DAIFUKU CO.  LTD.,52102040,중전기장비
8697,Japan Exchange Group  Inc.,55102050,"금융, 상품 시장 운영 및 서비스 제공"
3407,ASAHI KASEI CORPORATION,51101090,다각적 화학 산업
7733,OLYMPUS CORPORATION,56101010,첨단 의료 장비 및 기술
9104,Mitsui O.S.K. Lines  Ltd.,52405020,해양 화물 및 물류
4684,Obic Co Ltd,57201010,IT 서비스 및 컨설팅
6504,FUJI ELECTRIC CO.  LTD.,52102030,전기 부품 및 장비
1928,Sekisui House  Ltd.,53203010,주택 건설
7186,Yokohama Financial Group  Inc.,55101010,은행
8331,The Chiba Bank  Ltd.,55101010,은행
9697,Capcom Co Ltd,57201020,소프트웨어
6525,KOKUSAI ELECTRIC CORPORATION,57101020,반도체 장비 및 테스트
9502,Chubu Electric Power Co Inc,59101010,전력 유틸리티
1801,TAISEI CORPORATION,52201020,건설 및 엔지니어링
1802,OBAYASHI CORPORATION,52201020,건설 및 엔지니어링
9532,OSAKA GAS CO.  LTD.,59102010,천연가스 유틸리티
8593,Mitsubishi HC Capital Inc,55101050,기업 금융 서비스
8473,SBI Holdings Inc,55102030,다각적 투자 서비스
3402,TORAY INDUSTRIES  INC.,51101010,상품 화학
5831,Shizuoka Financial Group Inc,55101010,은행
9531,Tokyo Gas Co Ltd,59102010,천연가스 유틸리티
3659,NEXON Co.  Ltd.,57201030,온라인 서비스
6963,ROHM COMPANY LIMITED,57101010,반도체
7272,Yamaha Motor Co.  Ltd.,53101010,자동차 및 트럭 제조
5334,Niterra Co.  Ltd.,53101020,"자동차, 트럭 및 오토바이 부품"
9107,Kawasaki Kisen Kaisha Ltd,52405020,해양 화물 및 물류
8113,UNICHARM CORPORATION,54201020,개인 생활 필수 용품
7270,SUBARU CORPORATION,53101010,자동차 및 트럭 제조
7181,Japan Post Insurance Co Ltd,55301030,생명 및 건강 보험
7550,Zensho Holdings Co.  Ltd.,53301020,레스토랑 및 바
9435,Hikari Tsushin Inc,57102010,통신 및 네트워킹
4188,Mitsubishi Chemical Group Corporation,51101090,다각적 화학 산업
1803,SHIMIZU CORPORATION,52201020,건설 및 엔지니어링
7309,Shimano Inc,53205020,오락용 제품
2801,Kikkoman Corp,54102020,식품 가공
5333,NGK Corporation,52102010,산업용 기계 및 장비
9843,Nitori Holdings Co.  Ltd.,53403030,가정용 가구 소매
5706,Mitsui Kinzoku Co Ltd,51201050,특수 채굴 및 금속
4755,Rakuten Group  Inc.,57201030,온라인 서비스
6479,Minebea Mitsumi Inc,57104010,전자 장비 및 부품
7259,AISIN CORPORATION,53101020,"자동차, 트럭 및 오토바이 부품"
7911,TOPPAN Holdings Inc.,52203020,상업 인쇄 서비스
5019,Idemitsu Kosan Co Ltd,50102030,"오일, 가스 정제 및 마케팅"
8136,Sanrio Company  Ltd.,53403090,기타 전문 소매
7167,Mebuki Financial Group Inc,55101010,은행
7202,ISUZU MOTORS LIMITED,53101010,자동차 및 트럭 제조
6586,Makita Corporation,52102010,산업용 기계 및 장비
5844,Kyoto Financial Group  Inc.,55101010,은행
9202,ANA HOLDINGS INC.,52406010,항공사
6976,Taiyo Yuden Co Ltd,57104010,전자 장비 및 부품
8354,Fukuoka Financial Group  Inc.,55101010,은행
6506,YASKAWA Electric Corporation,52102030,전기 부품 및 장비
7912,Dai Nippon Printing Co.  Ltd.,52203020,상업 인쇄 서비스
8303,SBI Shinsei Bank  Limited,55101010,은행
6645,OMRON Corporation,52102030,전기 부품 및 장비
6841,Yokogawa Electric Corporation,52102010,산업용 기계 및 장비
4523,Eisai Co.  Ltd.,56201040,제약
2587,Suntory Beverage & Food Ltd,54101030,무알콜 음료
4911,Shiseido Company  Limited,54201020,개인 생활 필수 용품
4151,Kyowa Kirin Co Ltd,56201040,제약
9147,NIPPON EXPRESS HOLDINGS  INC.,52405010,"배달, 우편, 항공 화물 및 육상 물류"
3099,Isetan Mitsukoshi Holdings Ltd.,53402010,백화점
3003,Hulic Co.  Ltd.,60101010,"부동산 임대, 개발 및 운영"
3436,SUMCO CORPORATION,57101010,반도체
3563,FOOD & LIFE COMPANIES LTD.,53301020,레스토랑 및 바
9201,Japan Airlines Co.  Ltd.,52406010,항공사
8359,Hachijuni Nagano Bank  Ltd.,55101010,은행
4768,Otsuka Corp,57201010,IT 서비스 및 컨설팅
9021,West Japan Railway Co,52406020,지상 및 해상 여객 운송
5201,AGC Inc.,53203020,건설 자재 및 비품
5101,The Yokohama Rubber Company  Limited,53101030,타이어 및 고무 제품
7701,Shimadzu Corporation,57105010,사무기기
8439,Tokyo Century Corporation,55101050,기업 금융 서비스
9602,TOHO CO.  LTD.,53302030,엔터테인먼트 제작
5830,Iyogin Holdings Inc,55101010,은행
4186,TOKYO OHKA KOGYO CO.  LTD.,51101030,특수 화학제
7201,NISSAN MOTOR CO.  LTD.,53101010,자동차 및 트럭 제조
4528,ONO PHARMACEUTICAL CO.  LTD.,56201040,제약
4716,Oracle Corp Japan,57201020,소프트웨어
6305,Hitachi Construction Machinery Co Ltd,52102020,중장비 및 차량
6869,SYSMEX CORPORATION,56101020,"의료 장비, 물품 및 유통"
2269,Meiji Holdings Co Ltd,54102020,식품 가공
6724,SEIKO EPSON CORPORATION,57106010,컴퓨터 하드웨어
6448,BROTHER INDUSTRIES  LTD.,57105010,사무기기
2768,Sojitz Corp,52202010,다각적 산업용 제품 도매
9042,Hankyu Hanshin Holdings  Inc.,52406020,지상 및 해상 여객 운송
2875,Toyo Suisan Kaisha Ltd,54102020,식품 가공
1944,KINDEN CORPORATION,52201020,건설 및 엔지니어링
5411,JFE Holdings  Inc.,51201020,철 및 강철
6532,BayCurrent Inc,52203040,경영 지원 서비스
8951,Nippon Building Fund Inc.,60102020,상업용 REITs
1942,Kandenko Co Ltd,52201020,건설 및 엔지니어링
1878,Daito Trust Construction Co Ltd,60101010,"부동산 임대, 개발 및 운영"
5332,TOTO Ltd,53203020,건설 자재 및 비품
2413,M3 Inc,57201030,온라인 서비스
3391,TSURUHA HOLDINGS INC.,54301010,의약품 소매
4204,Sekisui Chemical Co.  Ltd.,53203010,주택 건설
8334,The Gunma Bank  Ltd.,55101010,은행
4021,Nissan Chemical Corporation,51101090,다각적 화학 산업
9962,MISUMI Group Inc.,52102010,산업용 기계 및 장비
9684,SQUARE ENIX HOLDINGS CO.  LTD.,57201030,온라인 서비스
6856,HORIBA  Ltd.,52102010,산업용 기계 및 장비
2702,McDonald's Holdings Company Japan Ltd,53301020,레스토랑 및 바
8729,Sony Financial Group Inc,55301030,생명 및 건강 보험
7747,ASAHI INTECC CO.  LTD.,56101020,"의료 장비, 물품 및 유통"
5838,Rakuten Bank Ltd,55101010,은행
8377,Hokuhoku Financial Group Inc,55101010,은행
9005,TOKYU CORPORATION,52406020,지상 및 해상 여객 운송
9143,SG Holdings Co Ltd,52405010,"배달, 우편, 항공 화물 및 육상 물류"
3092,ZOZO Inc,53403040,의류 및 액세서리 소매
3088,MatsukiyoCocokara & Co.,54301010,의약품 소매
1773,YTL Corporation Berhad,59104010,복합 유틸리티
6370,Kurita Water Industries Ltd.,52203010,환경 서비스 및 장비
9024,SEIBU HOLDINGS INC.,60101010,"부동산 임대, 개발 및 운영"
4324,DENTSU GROUP INC.,53302010,광고 및 마케팅
4704,Trend Micro Incorporated,57201020,소프트웨어
3288,Open House Group Co Ltd,60101010,"부동산 임대, 개발 및 운영"
6806,Hirose Electric Co Ltd,57104010,전자 장비 및 부품
3289,Tokyu Fudosan Holdings Corporation,60101010,"부동산 임대, 개발 및 운영"
4732,USS Co.  Ltd.,57201030,온라인 서비스
7752,Ricoh Company  Ltd.,57105010,사무기기
9401,TBS Holdings Inc,53302020,방송
8050,Seiko Group Corp,53202020,의류 및 액세서리
3064,MonotaRO Co Ltd,53402010,백화점
4183,Mitsui Chemicals  Inc.,51101010,상품 화학
4042,Tosoh Corp,51101090,다각적 화학 산업
4005,SUMITOMO CHEMICAL COMPANY  LIMITED,51101090,다각적 화학 산업
6113,Amada Co Ltd,52102010,산업용 기계 및 장비
2897,Nissin Foods Holdings Co Ltd,54102020,식품 가공
2267,Yakult Honsha Co Ltd,54102020,식품 가공
8952,Japan Real Estate Investment Corporation,60102020,상업용 REITs
6481,THK Co Ltd,52102010,산업용 기계 및 장비
8341,The 77 Bank  Ltd.,55101010,은행
9508,Kyushu Electric Power Company  Incorporated,59101010,전력 유틸리티
4182,Mitsubishi Gas Chemical Co Inc,51101010,상품 화학
3626,TISI Inc,57201010,IT 서비스 및 컨설팅
6845,Azbil Corp,52102030,전기 부품 및 장비
3231,Nomura Real Estate Holdings Inc,60101010,"부동산 임대, 개발 및 운영"
9023,Tokyo Metro Co Ltd,52406020,지상 및 해상 여객 운송
5991,NHK SPRING CO.  LTD.,53101020,"자동차, 트럭 및 오토바이 부품"
7276,KOITO MANUFACTURING CO.  LTD.,53101020,"자동차, 트럭 및 오토바이 부품"
9501,Tokyo Electric Power Company Holdings Inc,59101010,전력 유틸리티
6465,HOSHIZAKI CORPORATION,52102010,산업용 기계 및 장비
8953,Japan Metropolitan Fund Investment Corporation,60102020,상업용 REITs
1911,Sumitomo Forestry Co.  Ltd.,53203010,주택 건설
5444,YAMATO KOGYO CO.  LTD.,51201020,철 및 강철
8060,Canon Marketing Japan Inc,57105010,사무기기
1808,HASEKO Corporation,53203010,주택 건설
6965,HAMAMATSU PHOTONICS K.K.,57101010,반도체
6134,Fuji Corp (Aichi),52102010,산업용 기계 및 장비
5929,Sanwa Holdings Corporation,53203020,건설 자재 및 비품
3086,J. FRONT RETAILING Co.  Ltd.,53402010,백화점
3861,Oji Holdings Corporation,51301020,종이 제품
2501,Sapporo Breweries Ltd.,54101010,양조업
7729,Tokyo Seimitsu Co Ltd,57101020,반도체 장비 및 테스트
5406,Kobe Steel  Ltd.,51201020,철 및 강철
4385,Mercari  Inc.,57201030,온라인 서비스
8253,Credit Saison Co.  Ltd.,55101030,소비자 대출
3769,GMO Payment Gateway Inc,52203040,경영 지원 서비스
2212,Yamazaki Baking Co Ltd,54102020,식품 가공
5344,MARUWA Co Ltd,57104010,전자 장비 및 부품
3038,KOBE BUSSAN CO.  LTD.,54301020,식품 소매 및 유통
8572,Acom Co Ltd,55101030,소비자 대출
5076,INFRONEER Holdings Inc.,52201020,건설 및 엔지니어링
9404,Nippon Television Holdings Inc,53302020,방송
8227,Shimamura Co Ltd,53403040,의류 및 액세서리 소매
8418,Yamaguchi Financial Group  Inc.,55101010,은행
6323,RORZE CORPORATION,57101020,반도체 장비 및 테스트
3197,SKYLARK HOLDINGS CO.  LTD.,53301020,레스토랑 및 바
6302,Sumitomo Heavy Industries Ltd,52102010,산업용 기계 및 장비
2371,Kakaku.com  Inc.,57201030,온라인 서비스
3283,Nippon Prologis REIT  Inc.,60102020,상업용 REITs
7261,Mazda Motor Corporation,53101010,자동차 및 트럭 제조
7337,Hirogin Holdings Inc,55101010,은행
7180,Kyushu Financial Group Inc,55101010,은행
8233,Takashimaya Company  Limited,53402010,백화점
9412,SKY Perfect JSAT Corporation,57401020,무선 통신 서비스
9064,YAMATO HOLDINGS CO.  LTD.,52405010,"배달, 우편, 항공 화물 및 육상 물류"
543A,Archion Corp,53101010,자동차 및 트럭 제조
8804,Tokyo Tatemono Co.  Ltd.,60101010,"부동산 임대, 개발 및 운영"
7189,Nishi-Nippon Financial Holdings Inc,55101010,은행
2327,NS Solutions Corp,57201010,IT 서비스 및 컨설팅
2670,ABC-Mart Inc,53403040,의류 및 액세서리 소매
3462,Nomura Real Estate Master Fund  Inc.,60102010,복합부동산 REITs
4676,Fuji Media Holdings Inc,53302020,방송
5711,MITSUBISHI MATERIALS CORPORATION,51201080,다각적 채굴
6269,Modec Inc,50103020,오일 관련 서비스 및 장비
4203,Sumitomo Bakelite Co Ltd,51101010,상품 화학
9513,Electric Power Development Co Ltd,59101010,전력 유틸리티
7731,NIKON CORPORATION,57106030,가정용 전자 제품
9041,Kintetsu Group Holdings Co Ltd,52406020,지상 및 해상 여객 운송
7327,Daishi Hokuetsu Financial Group  Inc.,55101010,은행
2579,Coca-Cola Bottlers Japan Holdings Inc,54101030,무알콜 음료
5393,Nichias Corp,52201020,건설 및 엔지니어링
9072,Nikkon Holdings Co Ltd,52405030,지상 화물 및 물류
6473,JTEKT Corporation,53101020,"자동차, 트럭 및 오토바이 부품"
5021,COSMO ENERGY HOLDINGS COMPANY  LIMITED,50102030,"오일, 가스 정제 및 마케팅"
6368,Organo Corp,52203010,환경 서비스 및 장비
4527,Rohto Pharmaceutical Co Ltd,56201040,제약
9831,YAMADA HOLDINGS CO.  LTD.,53403050,컴퓨터 및 전자 제품 소매
5901,Toyo Seikan Group Holdings  Ltd.,51302010,용기(종이 제외) 및 포장재
3281,GLP J-REIT,60102020,상업용 REITs
3132,Macnica Holdings Inc,57101010,반도체
2809,Kewpie Corp,54102020,식품 가공
9009,Keisei Electric Railway Co.  Ltd.,52406020,지상 및 해상 여객 운송
7762,Citizen Watch Co Ltd,53202020,의류 및 액세서리
5832,Chugin Financial Group Inc,55101010,은행
4403,NOF Corp,51101010,상품 화학
6324,Harmonic Drive Systems Inc.,52102010,산업용 기계 및 장비
8366,THE SHIGA BANK  LTD.,55101010,은행
3291,Iida Group Holdings Co.  Ltd.,60101010,"부동산 임대, 개발 및 운영"
2181,Persol Holdings Co Ltd,52203030,고용 서비스
3774,Internet Initiative Japan Inc,57401010,통합 통신 서비스
7951,YAMAHA CORPORATION,53205020,오락용 제품
4751,CyberAgent  Inc.,53302010,광고 및 마케팅
4536,SANTEN PHARMACEUTICAL CO.  LTD.,56201040,제약
9007,Odakyu Electric Railway Co.  Ltd.,52406020,지상 및 해상 여객 운송
1721,Comsys Holdings Corp,52201020,건설 및 엔지니어링
5110,Sumitomo Rubber Industries  Ltd.,53101030,타이어 및 고무 제품
9506,Tohoku Electric Power Company  Incorporated,59101010,전력 유틸리티
8972,KDX Realty Investment Corp,60102010,복합부동산 REITs
4506,Sumitomo Pharma Co Ltd,56201040,제약
3110,Nitto Boseki Co Ltd,57104010,전자 장비 및 부품
7282,TOYODA GOSEI CO.  LTD.,53101020,"자동차, 트럭 및 오토바이 부품"
7459,Medipal Holdings Corp,56201040,제약
4733,Obic Business Consultants Co Ltd,57201020,소프트웨어
1969,Takasago Thermal Engineering Co.  Ltd.,52201020,건설 및 엔지니어링
5631,Japan Steel Works Ltd,52102010,산업용 기계 및 장비
5714,DOWA Holdings Co Ltd,51201050,특수 채굴 및 금속
4816,Toei Animation Co Ltd,53302030,엔터테인먼트 제작
2331,ALSOK Co Ltd,52203040,경영 지원 서비스
6471,NSK Ltd.,53101020,"자동차, 트럭 및 오토바이 부품"
6268,Nabtesco Corporation,52102010,산업용 기계 및 장비
2282,NH Foods Ltd.,54102020,식품 가공
1959,Kraftia Corp,52201020,건설 및 엔지니어링
5105,Toyo Tire Corporation,53101030,타이어 및 고무 제품
9001,Tobu Railway Co Ltd,52406020,지상 및 해상 여객 운송
6952,Casio Computer Co Ltd,57106030,가정용 전자 제품
6871,MICRONICS JAPAN CO. LTD.,57101020,반도체 장비 및 테스트
4088,AIR WATER INC.,51101010,상품 화학
4626,Taiyo Holdings Co Ltd,51101030,특수 화학제
3405,KURARAY CO.  LTD.,51101010,상품 화학
6460,SEGA SAMMY HOLDINGS INC.,53302030,엔터테인먼트 제작
2002,NISSHIN SEIFUN GROUP INC.,54102020,식품 가공
6674,GS Yuasa Corporation,53101020,"자동차, 트럭 및 오토바이 부품"
1963,JGC Holdings Corp,52201020,건설 및 엔지니어링
2871,NICHIREI CORPORATION,54102020,식품 가공
7649,Sugi Holdings Co Ltd,54301010,의약품 소매
3635,KOEI TECMO HOLDINGS CO.  LTD.,57201030,온라인 서비스
8954,Orix JREIT Inc,60102020,상업용 REITs
8984,Daiwa House REIT Investment Corp,60102010,복합부동산 REITs
8368,The Hyakugo Bank  Ltd.,55101010,은행
4980,Dexerials Corp,57104010,전자 장비 및 부품
8012,Nagase & Co Ltd,51101010,상품 화학
8252,MARUI GROUP CO.  LTD.,55101030,소비자 대출
9301,Mitsubishi Logistics Corporation,52405010,"배달, 우편, 항공 화물 및 육상 물류"
6508,Meidensha Corp,52102040,중전기장비
4631,DIC Corporation,51101030,특수 화학제
1951,EXEO Group Inc,52201020,건설 및 엔지니어링
9142,Kyushu Railway Co,52406020,지상 및 해상 여객 운송
9364,Kamigumi Co.  Ltd.,52405010,"배달, 우편, 항공 화물 및 육상 물류"
9468,KADOKAWA CORPORATION,53302040,소비자 출판
4912,Lion Corporation,54201010,가정용 제품
9706,Japan Airport Terminal Co.  Ltd.,52407010,공항 운영 및 서비스
4613,Kansai Paint Co. Ltd.,51101010,상품 화학
4812,Dentsu Soken Inc,57201010,IT 서비스 및 컨설팅
9076,Seino Holdings Co Ltd,52405010,"배달, 우편, 항공 화물 및 육상 물류"
5471,Daido Steel Co.  Ltd.,51201020,철 및 강철
8960,United Urban Investment Corporation,60102010,복합부동산 REITs
8088,IWATANI CORPORATION,50102030,"오일, 가스 정제 및 마케팅"
7173,Tokyo Kiraboshi Financial Group Inc,55101010,은행
4205,Zeon Corp,51101010,상품 화학
3349,Cosmos Pharmaceutical Corp,54301010,의약품 소매
5938,LIXIL Corporation,53203020,건설 자재 및 비품
7564,Workman Co Ltd,53403040,의류 및 액세서리 소매
5947,Rinnai Corp,53204030,"가전제품, 도구 및 가정 용품"
7988,Nifco Inc,53101020,"자동차, 트럭 및 오토바이 부품"
6787,Meiko Electronics Co.  Ltd.,57101010,반도체
5233,TAIHEIYO CEMENT CORPORATION,51202010,건설 자재
6754,Anritsu Corp,57104010,전자 장비 및 부품
7240,NOK Corp,53101020,"자동차, 트럭 및 오토바이 부품"
7211,MITSUBISHI MOTORS CORPORATION,53101010,자동차 및 트럭 제조
6890,Ferrotec Corp,57104010,전자 장비 및 부품
8358,Suruga Bank Ltd,55101010,은행
8524,North Pacific Bank Ltd,55101010,은행
268A,Rigaku Holdings Corp,57104010,전자 장비 및 부품
7380,Juroku Financial Group Inc,55101010,은행
8985,Japan Hotel REIT Investment Corporation,60102040,특수 REITs
8304,Aozora Bank  Ltd.,55101010,은행
1860,TODA CORPORATION,52201020,건설 및 엔지니어링
8963,Invincible Investment Corporation,60102010,복합부동산 REITs
4401,ADEKA CORPORATION,51101010,상품 화학
6141,DMG MORI CO.  LTD.,52102010,산업용 기계 및 장비
6728,ULVAC  Inc.,57101020,반도체 장비 및 테스트
1662,Japan Petroleum Exploration Co.  Ltd.,50102020,"오일, 가스 탐사 및 생산"
6923,Stanley Electric Co.  Ltd.,53101020,"자동차, 트럭 및 오토바이 부품"
6770,ALPS ALPINE CO.  LTD.,57104010,전자 장비 및 부품
5214,Nippon Electric Glass Co.  Ltd.,57104010,전자 장비 및 부품
9449,GMO internet group  Inc.,57201030,온라인 서비스
2433,Hakuhodo DY Holdings Inc,53302010,광고 및 마케팅
6960,FUKUDA DENSHI CO.  LTD.,56101010,첨단 의료 장비 및 기술
5741,UACJ Corporation,51201030,알루미늄
9065,SANKYU INC.,52405010,"배달, 우편, 항공 화물 및 육상 물류"
9008,Keio Corporation,52406020,지상 및 해상 여객 운송
9989,Sundrug Co Ltd,54301010,의약품 소매
7966,LINTEC Corporation,51101030,특수 화학제
8056,BIPROGY Inc.,57201010,IT 서비스 및 컨설팅
6592,MABUCHI MOTOR CO.  LTD.,52102030,전기 부품 및 장비
6417,Sankyo Co Ltd,53301030,카지노 및 도박
7003,Mitsui E&S Co Ltd,52102050,조선
5463,Maruichi Steel Tube Ltd,51201020,철 및 강철
6951,JEOL Ltd.,57105010,사무기기
3941,Rengo Co Ltd,51302020,종이 포장재
9605,TOEI COMPANY  LTD.,53302030,엔터테인먼트 제작
4967,Kobayashi Pharmaceutical Co Ltd,54201020,개인 생활 필수 용품
7164,Zenkoku Hosho Co Ltd,55101030,소비자 대출
7389,Aichi Financial Group Inc,55101010,은행
5805,SWCC Corp,52102030,전기 부품 및 장비
9533,TOHO GAS CO.  LTD.,59102010,천연가스 유틸리티
6407,CKD Corp,52102010,산업용 기계 및 장비
2784,Alfresa Holdings Corp,56101020,"의료 장비, 물품 및 유통"
6753,Sharp Corp,57106030,가정용 전자 제품
9006,Keikyu Corporation,52406020,지상 및 해상 여객 운송
2222,Kotobuki Spirits Co Ltd,54102020,식품 가공
3269,Advance Residence Investment Corporation,60102030,주거용 REITs
3116,Toyota Boshoku Corp,53101020,"자동차, 트럭 및 오토바이 부품"
2264,Morinaga Milk Industry Co.  Ltd.,54102020,식품 가공
3105,Nisshinbo Holdings Inc,54401010,소비재 대기업
141A,Trial Holdings Inc,53402020,할인점
8424,Fuyo General Lease Co.  Ltd.,55101050,기업 금융 서비스
1893,Penta-Ocean Construction Co Ltd,52201020,건설 및 엔지니어링
7419,Nojima Corporation,53403050,컴퓨터 및 전자 제품 소매
5301,Tokai Carbon Co Ltd,51101010,상품 화학
2229,Calbee Inc,54102020,식품 가공
8381,San-in Godo Bank Ltd,55101010,은행
2531,TAKARA HOLDINGS INC.,54101020,증류주 및 포도주
8279,Yaoko Co Ltd,54301020,식품 소매 및 유통
4681,Resorttrust  Inc.,53301010,"호텔, 모텔 및 크루즈 라인"
9069,Senko Group Holdings Co Ltd,52405010,"배달, 우편, 항공 화물 및 육상 물류"
4114,Nippon Shokubai Co Ltd,51101010,상품 화학
2607,Fuji Oil Co Ltd (Osaka),54102020,식품 가공
7581,Saizeriya Co Ltd,53301020,레스토랑 및 바
6005,MIURA CO.  LTD.,52102010,산업용 기계 및 장비
8955,Japan Prime Realty Investment Corporation,60102020,상업용 REITs
8410,Seven Bank Ltd,55101010,은행
6507,Sinfonia Technology Co Ltd,52102040,중전기장비
1961,Sanki Engineering Co.  Ltd.,52201020,건설 및 엔지니어링
3923,RAKUS Co.  Ltd.,57201020,소프트웨어
1332,Nissui Corp,54102020,식품 가공
7984,Kokuyo Co Ltd,52203060,비즈니스 지원 용품
4118,Kaneka Corp,51101090,다각적 화학 산업
3549,Kusuri No Aoki Holdings Co Ltd,54301010,의약품 소매
8425,Mizuho Leasing Company  Ltd,55101050,기업 금융 서비스
4966,C.Uyemura & Co Ltd,51101010,상품 화학
9336,Daiei Kankyo Co Ltd,52203010,환경 서비스 및 장비
4208,UBE Corporation,51101090,다각적 화학 산업
429A,Tekscend Photomask Corp,57101010,반도체
3397,TORIDOLL Holdings Corporation,53301020,레스토랑 및 바
8078,Hanwa Co Ltd,51201020,철 및 강철
4202,Daicel Corporation,51101010,상품 화학
4680,Round One Corp,53301040,여가 및 오락시설
417A,Blue Zones Holdings Co Ltd,54301020,식품 소매 및 유통
6136,OSG Corp,52102010,산업용 기계 및 장비
6432,Takeuchi Mfg. Co.  Ltd.,52102020,중장비 및 차량
1980,Dai-Dan Co Ltd,52201020,건설 및 엔지니어링
9507,Shikoku Electric Power Co Inc,59101010,전력 유틸리티
8020,KANEMATSU CORPORATION,52202010,다각적 산업용 제품 도매
9048,Nagoya Railroad Co.  Ltd.,52406020,지상 및 해상 여객 운송
4194,Visional  Inc.,52203030,고용 서비스
6103,Okuma Corp,52102010,산업용 기계 및 장비
9436,Okinawa Cellular Telephone Co,57401020,무선 통신 서비스
8388,Awa Bank Ltd,55101010,은행
4368,Fuso Chemical Co Ltd,51101010,상품 화학
6135,Makino Milling Machine Co Ltd,52102010,산업용 기계 및 장비
9987,Suzuken Co Ltd,56201040,제약
6925,Ushio Inc,52102030,전기 부품 및 장비
6526,Socionext Inc.,57101010,반도체
8544,Keiyo Bank Ltd,55101010,은행
9504,The Chugoku Electric Power Company  Incorporated,59101010,전력 유틸리티
8242,H2O Retailing Corp,54301020,식품 소매 및 유통
8570,Aeon Financial Service Co Ltd,55101030,소비자 대출
3401,TEIJIN LIMITED,51101030,특수 화학제
8386,The Hyakujushi Bank  Ltd.,55101010,은행
2206,Ezaki Glico Co.  Ltd.,54102020,식품 가공
3387,Create Restaurants Holdings Inc,53301020,레스토랑 및 바
6622,DAIHEN Corporation,52102040,중전기장비
2810,HOUSE FOODS GROUP INC.,54102020,식품 가공
4922,Kose Holdings Corp,54201020,개인 생활 필수 용품
9934,Inaba Denki Sangyo Co Ltd,52102030,전기 부품 및 장비
3249,Industrial & Infrastructure Fund Investment Corporation,60102020,상업용 REITs
6454,Max Co Ltd,52102010,산업용 기계 및 장비
4666,PARK24 Co.  Ltd.,52407030,고속도로 및 철도
8522,Bank of Nagoya Ltd,55101010,은행
3471,Mitsui Fudosan Logistics Park Inc,60102020,상업용 REITs
1719,Hazama Ando Corp,52201020,건설 및 엔지니어링
7867,Tomy Co Ltd,53205010,장난감 및 어린이 제품
8370,The Kiyo Bank  Ltd.,55101010,은행
9045,Keihan Holdings Co Ltd,52406020,지상 및 해상 여객 운송
3107,Daiwabo Holdings Co Ltd,57106010,컴퓨터 하드웨어
4902,KONICA MINOLTA  INC.,57105010,사무기기
8022,Mizuno Corp,53205020,오락용 제품
3279,Activia Properties Inc.,60102020,상업용 REITs
8361,Ogaki Kyoritsu Bank Ltd,55101010,은행
8876,Relo Group Inc,60101020,부동산 서비스
9409,TV Asahi Holdings Corp,53302020,방송
6278,Union Tool Co,52102010,산업용 기계 및 장비
5384,FUJIMI INCORPORATED,51101030,특수 화학제
3994,Money Forward  Inc.,57201020,소프트웨어
7806,MTG Co Ltd,54201020,개인 생활 필수 용품
8282,K'S HOLDINGS CORPORATION,53403050,컴퓨터 및 전자 제품 소매
4927,POLA ORBIS HOLDINGS INC.,54201020,개인 생활 필수 용품
3048,BIC CAMERA INC.,53403050,컴퓨터 및 전자 제품 소매
5857,ARE Holdings  Inc.,52203010,환경 서비스 및 장비
9044,NANKAI Co.  Ltd.,52406020,지상 및 해상 여객 운송
1417,Mirait One Corp,52201020,건설 및 엔지니어링
8367,The Nanto Bank  Ltd.,55101010,은행
3309,Sekisui House Reit  Inc.,60102010,복합부동산 REITs
4061,Denka Co Ltd,51101010,상품 화학
9303,Sumitomo Warehouse Co Ltd,52405010,"배달, 우편, 항공 화물 및 육상 물류"
4272,Nippon Kayaku Co Ltd,51101090,다각적 화학 산업
2782,Seria Co Ltd,53402020,할인점
8174,Nippon Gas Co Ltd,59102010,천연가스 유틸리티
7716,Nakanishi Inc,56101020,"의료 장비, 물품 및 유통"
9418,U-Next Holdings Co Ltd,57401010,통합 통신 서비스
7014,Namura Shipbuilding Co.  Ltd.,52102050,조선
6590,Shibaura Mechatronics Corp,57101020,반도체 장비 및 테스트
8976,Daiwa Office Investment Corp,60102020,상업용 REITs
8111,Goldwin Inc,53202020,의류 및 액세서리
2432,DeNA Co.  Ltd.,57201020,소프트웨어
3226,Mitsui Fudosan Accommodations Fund Inc,60102030,주거용 REITs
9616,Kyoritsu Maintenance Co.  Ltd.,53301010,"호텔, 모텔 및 크루즈 라인"
8714,Senshu Ikeda Holdings Inc,55101010,은행
4043,Tokuyama Corporation,51101010,상품 화학
6101,Tsugami Corp,52102010,산업용 기계 및 장비
7278,Exedy Corp,53101020,"자동차, 트럭 및 오토바이 부품"
1941,Chudenko Corp,52201020,건설 및 엔지니어링
2296,ITOHAM YONEKYU HOLDINGS INC.,54102020,식품 가공
3186,Nextage Co Ltd,53403010,"자동차 차량, 부품 및 서비스 소매"
6371,Tsubakimoto Chain Co,52102010,산업용 기계 및 장비
7381,CCI Group Inc,55101010,은행
4540,TSUMURA & CO.,56201040,제약
8628,MATSUI SECURITIES CO.  LTD.,55102010,투자 은행 및 중개 서비스
3350,Metaplanet Inc.,57301030,블록 체인 및 암호화폐
581A,Go Inc (Tokyo),57201020,소프트웨어
4046,OSAKA SODA CO.  LTD.,51101010,상품 화학
4206,Aica Kogyo Co Ltd,51101030,특수 화학제
8919,KATITAS Co.  Ltd.,60101010,"부동산 임대, 개발 및 운영"
2730,EDION Corporation,53403050,컴퓨터 및 전자 제품 소매
8129,TOHO HOLDINGS CO.  LTD.,56201040,제약
8336,Musashino Bank Ltd,55101010,은행
1414,Sho-Bond Holdings Co Ltd,52201020,건설 및 엔지니어링
2726,PAL Group Holdings Co Ltd,53403040,의류 및 액세서리 소매
6436,Amano Corp,57105010,사무기기
8066,MITANI CORPORATION,51202010,건설 자재
6744,Nohmi Bosai Ltd,52203060,비즈니스 지원 용품
6995,Tokai Rika Co.  Ltd.,53101020,"자동차, 트럭 및 오토바이 부품"
8086,NIPRO CORPORATION,56101020,"의료 장비, 물품 및 유통"
4099,Shikoku Kasei Holdings Corp,51101010,상품 화학
6544,Japan Elevator Service Holdings Co Ltd,52203040,경영 지원 서비스
8154,Kaga Electronics Co Ltd,57104010,전자 장비 및 부품
6376,Nikkiso Co Ltd,52102010,산업용 기계 및 장비
4373,Simplex Holdings Inc,57201010,IT 서비스 및 컨설팅
8961,Mori Trust Reit Inc,60102010,복합부동산 REITs
7906,Yonex Co Ltd,53205020,오락용 제품
6490,PILLAR Corp,52102010,산업용 기계 및 장비
6457,Glory Ltd,52102010,산업용 기계 및 장비
8967,Japan Logistics Fund Inc,60102020,상업용 REITs
9744,MEITEC Group Holdings Inc,52203030,고용 서비스
1515,Nittetsu Mining Co Ltd,51201050,특수 채굴 및 금속
8609,OKASAN SECURITIES GROUP INC.,55102010,투자 은행 및 중개 서비스
9302,Mitsui Soko Holdings Co Ltd,52405010,"배달, 우편, 항공 화물 및 육상 물류"
6703,Oki Electric Industry Co Ltd,57105010,사무기기
1979,Taikisha Ltd,52201020,건설 및 엔지니어링
4686,Justsystems Corp,57201020,소프트웨어
3466,LaSalle Logiport REIT,60102020,상업용 REITs
4634,artience Co Ltd,51101030,특수 화학제
7956,PIGEON CORPORATION,54201020,개인 생활 필수 용품
2593,Ito En Ltd,54101030,무알콜 음료
4516,Nippon Shinyaku Co.  Ltd.,56201040,제약
8850,Starts Corp Inc,60101020,부동산 서비스
3292,Aeon Reit Investment Corp,60102020,상업용 REITs
4443,Sansan Inc,57201010,IT 서비스 및 컨설팅
8133,Itochu Enex Co Ltd,50102030,"오일, 가스 정제 및 마케팅"
9110,NS United Kaiun Kaisha Ltd,52405020,해양 화물 및 물류
9003,Sotetsu Holdings  Inc.,52406020,지상 및 해상 여객 운송
6814,Furuno Electric Co Ltd,57102010,통신 및 네트워킹
9861,Yoshinoya Holdings Co Ltd,53301020,레스토랑 및 바
6849,NIHON KOHDEN CORPORATION,56101010,첨단 의료 장비 및 기술
7740,Tamron Co Ltd,57106030,가정용 전자 제품
6013,Takuma Co Ltd,52203010,환경 서비스 및 장비
3697,SHIFT Inc,57201010,IT 서비스 및 컨설팅
8346,The Toho Bank  Ltd.,55101010,은행
8360,Yamanashi Chuo Bank Ltd,55101010,은행
9075,FUKUYAMA TRANSPORTING CO.  LTD.,52405030,지상 화물 및 물류
6736,Sun Corp,57104010,전자 장비 및 부품
2811,Kagome Co Ltd,54102020,식품 가공
2001,Nippn Corp,54102020,식품 가공
3282,Comforia Residential Reit Inc,60102030,주거용 REITs
1950,Nippon Densetsu Kogyo Co Ltd,52201020,건설 및 엔지니어링
6777,santec Holdings Corporation,57104010,전자 장비 및 부품
9759,NSD Co Ltd,57201010,IT 서비스 및 컨설팅
9031,Nishi-Nippon Railroad Co Ltd,52406020,지상 및 해상 여객 운송
3234,MORI HILLS REIT INVESTMENT CORPORATION,60102020,상업용 REITs
7220,Musashi Seimitsu Industry Co Ltd,53101020,"자동차, 트럭 및 오토바이 부품"
7994,Okamura Corp,52203060,비즈니스 지원 용품
8194,LIFE CORPORATION,54301020,식품 소매 및 유통
6055,Japan Material Co Ltd,57101020,반도체 장비 및 테스트
4722,Future Corp,57201010,IT 서비스 및 컨설팅
6472,NTN CORPORATION,52102010,산업용 기계 및 장비
6834,Seikoh Giken Co Ltd,52102010,산업용 기계 및 장비
2270,Megmilk Snow Brand Co Ltd,54102020,식품 가공
6516,Sanyo Denki Co Ltd,52102030,전기 부품 및 장비
1820,Nishimatsu Construction Co Ltd,52201020,건설 및 엔지니어링
3569,Seiren Co Ltd,53101020,"자동차, 트럭 및 오토바이 부품"
4095,Nihon Parkerizing Co Ltd,51101010,상품 화학
6740,Japan Display Inc.,57104010,전자 장비 및 부품
3050,DCM Holdings Co Ltd,53403020,주택 개조 제품 및 서비스 소매
7744,Noritsu Koki Co Ltd,53205020,오락용 제품
8986,Daiwa Securities Living Investment Corp,60102030,주거용 REITs
7947,Fp Corp,51302010,용기(종이 제외) 및 포장재
9869,Kato Sangyo Co Ltd,54301020,식품 소매 및 유통
7313,TS Tech Co Ltd,53101020,"자동차, 트럭 및 오토바이 부품"
2121,MIXI  Inc.,57201030,온라인 서비스
1861,Kumagai Gumi Co Ltd,52201020,건설 및 엔지니어링
4483,JMDC Inc.,52203040,경영 지원 서비스
2127,Nihon M&A Center Holdings Inc,52203040,경영 지원 서비스
5451,Yodoko Ltd,51201020,철 및 강철
3591,WACOAL HOLDINGS CORP.,53202020,의류 및 액세서리
7616,Colowide Co Ltd,53301020,레스토랑 및 바
3295,Hulic Reit Inc,60102010,복합부동산 REITs
9509,Hokkaido Electric Power Co Inc,59101010,전력 유틸리티
3360,Ship Healthcare Holdings Inc,56101020,"의료 장비, 물품 및 유통"
8098,Inabata & Co Ltd,51101010,상품 화학
3148,Create SD Holdings Co Ltd,54301010,의약품 소매
3097,The Monogatari Corporation,53301020,레스토랑 및 바
7846,PILOT CORPORATION,52203060,비즈니스 지원 용품
1833,Okumura Corp,52201020,건설 및 엔지니어링
2201,Morinaga & Co Ltd,54102020,식품 가공
4665,Duskin Co Ltd,52203040,경영 지원 서비스
547A,Muninova Holdings Inc,55101030,소비자 대출
8616,Tokai Tokyo Financial Holdings  Inc.,55102010,투자 은행 및 중개 서비스
7826,Furuya Metal Co Ltd,51201010,금 제외 귀금속 및 광물
6875,MegaChips Corporation,57101010,반도체
8273,Izumi Co Ltd,53402010,백화점
4041,Nippon Soda Co Ltd,51101090,다각적 화학 산업
8964,Mitsui Fudosan Retail Fund Investment Corp,60102020,상업용 REITs
9627,AIN Holdings Inc,54301010,의약품 소매
6412,Heiwa Corp,53301040,여가 및 오락시설
7296,F.C.C. Co Ltd,53101020,"자동차, 트럭 및 오토바이 부품"
485A,PowerX Inc,52102030,전기 부품 및 장비
2659,San-A Co Ltd,54301020,식품 소매 및 유통
8392,Oita Bank Ltd,55101010,은행
5331,Noritake Co Ltd,52102010,산업용 기계 및 장비
8393,The Miyazaki Bank  Ltd.,55101010,은행
8600,Tomony Holdings Inc,55101010,은행
6996,Nichicon Corp,52102030,전기 부품 및 장비
7322,San Ju San Financial Group Inc,55101010,은행
8511,JAPAN SECURITIES FINANCE CO.  LTD.,55101050,기업 금융 서비스
7004,Kanadevia Corporation,52102010,산업용 기계 및 장비
2737,Tomen Devices Corp,57101010,반도체
8848,LEOPALACE21 CORPORATION,60101010,"부동산 임대, 개발 및 운영"
8218,Komeri Co Ltd,53403020,주택 개조 제품 및 서비스 소매
8566,Ricoh Leasing Co Ltd,55101050,기업 금융 서비스
4544,H.U. Group Holdings Inc,56102010,의료 시설 및 서비스
7184,First Bank of Toyama Ltd,55101010,은행
9948,Arcs Co Ltd,54301020,식품 소매 및 유통
92015,Japan Airlines P-1 Prf Shs,52406010,항공사
1946,Toenec Corp,52201020,건설 및 엔지니어링
7685,BuySell Technologies Co Ltd,53403090,기타 전문 소매
5482,Aichi Steel Corp,51201020,철 및 강철
4045,Toagosei Co Ltd,51101010,상품 화학
4617,Chugoku Marine Paints Ltd,51101010,상품 화학
9505,Hokuriku Electric Power Company,59101010,전력 유틸리티
2175,SMS Co Ltd,52203030,고용 서비스
1377,Sakata Seed Corp,54102010,어업 및 농업
3498,Kasumigaseki Capital Co Ltd,60101020,부동산 서비스
5186,Nitta Corp,52102010,산업용 기계 및 장비
9678,Kanamoto Co Ltd,52203040,경영 지원 서비스
9746,TKC Corp,52203040,경영 지원 서비스
3480,J.S.B. Co.  Ltd.,60101010,"부동산 임대, 개발 및 운영"
7864,Fuji Seal International Inc,51302010,용기(종이 제외) 및 포장재
4553,TOWA PHARMACEUTICAL CO.  LTD.,56201040,제약
1333,Umios Corp,54102010,어업 및 농업
4107,Ise Chemicals Corp,51101010,상품 화학
7981,Takara Standard Co Ltd,53203020,건설 자재 및 비품
4547,Kissei Pharmaceutical Co Ltd,56201040,제약
2384,SBS Holdings  Inc.,52405030,지상 화물 및 물류
290A,Synspective Inc.,52101010,항공우주 및 방위
8956,NTT UD REIT Investment Corp,60102010,복합부동산 REITs
92025,Ana Holdings P-1 Prf Shs,52406010,항공사
7970,Shin-Etsu Polymer Co Ltd,51101010,상품 화학
5423,Tokyo Steel Manufacturing Co Ltd,51201020,철 및 강철
2160,GNI Group Ltd.,56202010,생명 공학 및 의학 연구
6250,Yamabiko Corp,52102020,중장비 및 차량
7456,Matsuda Sangyo Co Ltd,52203010,환경 서비스 및 장비
94346,Softbank P-2 Prf Shs,57401020,무선 통신 서비스
4887,SAWAI GROUP HOLDINGS Co.  Ltd.,56201040,제약
7458,Daiichikosho Co Ltd,53302030,엔터테인먼트 제작
2602,Nisshin OilliO Group Ltd,54102020,식품 가공
9936,Ohsho Food Service Corp,53301020,레스토랑 및 바
6315,TOWA CORPORATION,57101020,반도체 장비 및 테스트
6588,Toshiba Tec Corp,57105010,사무기기
6366,Chiyoda Corporation,52201020,건설 및 엔지니어링
6966,Mitsui High-tec Inc,57101010,반도체
9956,Valor Holdings Co.  Ltd.,54301020,식품 소매 및 유통
9793,Daiseki Co Ltd,52203010,환경 서비스 및 장비
8130,Sangetsu Corp,53204040,가정용 가구
8051,Yamazen Corp,52102010,산업용 기계 및 장비
7242,KYB Corporation,53101020,"자동차, 트럭 및 오토바이 부품"
2317,Systena Corp,57201010,IT 서비스 및 컨설팅
6395,TADANO LTD.,52102020,중장비 및 차량
3445,RS Technologies Co.  Ltd.,57101010,반도체
2805,S&B Foods Inc,54102020,식품 가공
6750,ELECOM CO.  LTD.,57106010,컴퓨터 하드웨어
319A,Next Generation Technology Group Inc,55102020,투자 관리 및 펀드 운영
5232,Sumitomo Osaka Cement Co Ltd,51202010,건설 자재
8345,Bank of Iwate Ltd,55101010,은행
7350,Okinawa Financial Group Inc,55101010,은행
6498,Kitz Corp,52102010,산업용 기계 및 장비
6707,Sanken Electric Co.  Ltd.,57101010,반도체
5703,Nippon Light Metal Holdings Co Ltd,51201030,알루미늄
186A,Astroscale Holdings Inc.,52101010,항공우주 및 방위
8987,Japan Excellent Inc,60102020,상업용 REITs
2154,Open Up Group Inc,52203030,고용 서비스
3433,Tocalo Co Ltd,51201020,철 및 강철
4023,Kureha Corp,51101010,상품 화학
1885,Toa Corp (Tokyo),52201020,건설 및 엔지니어링
6651,Nitto Kogyo Corp,52102030,전기 부품 및 장비
3106,KURABO INDUSTRIES LTD.,53202010,직물 및 가죽제품
6523,PHC Holdings Corporation,56101020,"의료 장비, 물품 및 유통"
8957,TOKYU REIT  Inc.,60102010,복합부동산 REITs
4521,KAKEN PHARMACEUTICAL CO.  LTD.,56201040,제약
1766,Token Corp,53203010,주택 건설
7476,As One Corp,56101020,"의료 장비, 물품 및 유통"
8966,HEIWA REAL ESTATE REIT  Inc.,60102010,복합부동산 REITs
3481,Mitsubishi Estate Logistics REIT Investment Corp,60102020,상업용 REITs
2815,Ariake Japan Co Ltd,54102020,식품 가공
9682,DTS CORPORATION,57201010,IT 서비스 및 컨설팅
5975,Topre Corp,53101020,"자동차, 트럭 및 오토바이 부품"
7976,Mitsubishi Pencil Co Ltd,52203060,비즈니스 지원 용품
8698,Monex Group  Inc.,55102010,투자 은행 및 중개 서비스
6941,Yamaichi Electronics Co Ltd,57104010,전자 장비 및 부품
8278,Fuji Co Ltd,54301020,식품 소매 및 유통
8337,Chiba Kogyo Bank Ltd,55101010,은행
8923,TOSEI CORPORATION,60101010,"부동산 임대, 개발 및 운영"
7730,MANI  Inc.,56101020,"의료 장비, 물품 및 유통"
1934,Yurtec Corp,52201020,건설 및 엔지니어링
8890,Raysum Co Ltd,60101010,"부동산 임대, 개발 및 운영"
6804,Hosiden Corp,57104010,전자 장비 및 부품
9119,Iino Kaiun Kaisha Ltd,52405020,해양 화물 및 물류
3167,Tokai Holdings Corp,50102030,"오일, 가스 정제 및 마케팅"
2337,Ichigo Inc,60101010,"부동산 임대, 개발 및 운영"
8584,JACCS CO.  LTD.,55101030,소비자 대출
3222,United Super Markets Holdings Inc,54301020,식품 소매 및 유통
4478,freee K.K.,57201020,소프트웨어
6866,Hioki EE Corp,52102030,전기 부품 및 장비
5032,ANYCOLOR Inc.,53302030,엔터테인먼트 제작
4784,GMO Internet Inc,53302010,광고 및 마케팅
8803,Heiwa Real Estate Co Ltd,60101010,"부동산 임대, 개발 및 운영"
2685,And ST HD Co Ltd,53403040,의류 및 액세서리 소매
6632,JVCKENWOOD Corp,53101020,"자동차, 트럭 및 오토바이 부품"
3076,Ai Holdings Corp,57104010,전자 장비 및 부품
215A,Timee  Inc.,52203030,고용 서비스
4928,Noevir Holdings Co Ltd,54201020,개인 생활 필수 용품
6807,Japan Aviation Electronics Industry Ltd,57104010,전자 장비 및 부품
9025,Konoike Transport Co Ltd,52405030,지상 화물 및 물류
7105,Mitsubishi Logisnext Co Ltd,52102020,중장비 및 차량
3880,Daio Paper Corporation,51301020,종이 제품
6745,HOCHIKI CORPORATION,52203060,비즈니스 지원 용품
7734,Riken Keiki Co Ltd,52102010,산업용 기계 및 장비
6254,Nomura Micro Science Co Ltd,52102010,산업용 기계 및 장비
2124,JAC Recruitment Co Ltd,52203030,고용 서비스
4461,DKS Co Ltd,51101090,다각적 화학 산업
8362,Fukui Bank Ltd,55101010,은행
3863,Nippon Paper Industries Co.  Ltd.,51301020,종이 제품
1926,Raito Kogyo Co Ltd,52201020,건설 및 엔지니어링
9715,transcosmos Inc,52203040,경영 지원 서비스
167A,Ryoyo Ryosan Holdings Inc,57101010,반도체
9830,Trusco Nakayama Corp,52102010,산업용 기계 및 장비
9960,Totech Corp,52102030,전기 부품 및 장비
7552,Happinet Corp,53205010,장난감 및 어린이 제품
2767,Tsuburaya Fields Holdings Inc,53301030,카지노 및 도박
5310,Toyo Tanso Co Ltd,52102030,전기 부품 및 장비
6379,Raiznext Corp,52201020,건설 및 엔지니어링
5273,Mitani Sekisan Co Ltd,51202010,건설 자재
3046,Jins Holdings Inc,53403090,기타 전문 소매
2492,Infomart Corp,57201010,IT 서비스 및 컨설팅
1968,Taihei Dengyo Kaisha Ltd,52201020,건설 및 엔지니어링
3778,SAKURA internet Inc.,57201030,온라인 서비스
8968,Fukuoka REIT Corp,60102020,상업용 REITs
4971,MEC Co Ltd,51101030,특수 화학제
6486,Eagle Industry Co Ltd,52102010,산업용 기계 및 장비
6420,Galilei Holdings Co Ltd,52102030,전기 부품 및 장비
4047,Kanto Denka Kogyo Co Ltd,51101010,상품 화학
8343,Akita Bank Ltd,55101010,은행
7287,Nippon Seiki Co Ltd,53101020,"자동차, 트럭 및 오토바이 부품"
3156,Restar Corp,57101010,반도체
8032,Japan Pulp and Paper Co.  Ltd,51301020,종이 제품
7780,Menicon Co Ltd,56101020,"의료 장비, 물품 및 유통"
1518,Mitsui Matsushima Holdings Co Ltd,54401010,소비재 대기업
9882,Yellow Hat Ltd,53101020,"자동차, 트럭 및 오토바이 부품"
1952,Shin Nippon Air Technologies Co Ltd,52201020,건설 및 엔지니어링
9010,FUJI KYUKO CO.  LTD.,53301040,여가 및 오락시설
9601,Shochiku Co.  Ltd.,53302030,엔터테인먼트 제작
4471,Sanyo Chemical Industries Ltd,51101010,상품 화학
3296,NIPPON REIT Investment Corporation,60102010,복합부동산 REITs
8585,Orient Corporation,55101030,소비자 대출
8387,Shikoku Bank Ltd,55101010,은행
9068,Maruzen Showa Unyu Co Ltd,52405010,"배달, 우편, 항공 화물 및 육상 물류"
3738,T-Gaia Corp,53403050,컴퓨터 및 전자 제품 소매
7630,ICHIBANYA CO.  LTD.,53301020,레스토랑 및 바
4975,JCU Corp,51101030,특수 화학제
3201,Japan Wool Textile Co Ltd,53202010,직물 및 가죽제품
7516,Kohnan Shoji Co Ltd,53403020,주택 개조 제품 및 서비스 소매
3865,Hokuetsu Corp,51301020,종이 제품
8097,San-Ai Obbli Co Ltd,50102030,"오일, 가스 정제 및 마케팅"
4776,Cybozu Inc,57201020,소프트웨어
8214,Aoki Holdings Inc,53403040,의류 및 액세서리 소매
3101,Toyobo Co Ltd,51101010,상품 화학
4694,BML Inc,56102010,의료 시설 및 서비스
3087,Doutor Nichires Holdings Co Ltd,53301020,레스토랑 및 바
1835,Totetsu Kogyo Co Ltd,52201020,건설 및 엔지니어링
9722,FUJITA KANKO INC.,53301010,"호텔, 모텔 및 크루즈 라인"
9672,Tokyotokeiba Co Ltd,53301030,카지노 및 도박
8975,Ichigo Office REIT Investment Corp,60102020,상업용 REITs
7283,AISAN INDUSTRY CO.  LTD.,53101020,"자동차, 트럭 및 오토바이 부품"
3191,Joyful Honda Co.  Ltd.,53403020,주택 개조 제품 및 서비스 소매
3468,Star Asia Investment Corporation,60102010,복합부동산 REITs
9716,Nomura Co Ltd,52203040,경영 지원 서비스
4958,T.Hasegawa Co Ltd,51101030,특수 화학제
4628,SK Kaken Co Ltd,51101010,상품 화학
8344,Yamagata Bank Ltd,55101010,은행
6330,Toyo Engineering Corp(Chiba),52201020,건설 및 엔지니어링
6235,Optorun Co Ltd,57104010,전자 장비 및 부품
1723,Nihon Dengi Co Ltd,52201020,건설 및 엔지니어링
8037,Kamei Corp,50102030,"오일, 가스 정제 및 마케팅"
8934,Sun Frontier Fudousan Co.  Ltd.,60101010,"부동산 임대, 개발 및 운영"
7972,ITOKI CORPORATION,52203060,비즈니스 지원 용품
3964,Aucnet Inc,57201030,온라인 서비스
6284,Nissei ASB Machine Co Ltd,52102010,산업용 기계 및 장비
9551,Metawater Co Ltd,52201020,건설 및 엔지니어링
9037,HAMAKYOREX CO.  LTD.,52405010,"배달, 우편, 항공 화물 및 육상 물류"
6474,Nachi-Fujikoshi Corp,52102010,산업용 기계 및 장비
7224,ShinMaywa Industries Ltd,52102020,중장비 및 차량
8276,Heiwado Co Ltd,54301020,식품 소매 및 유통
5192,Mitsuboshi Belting Ltd,52102040,중전기장비
2695,Kura Sushi Inc,53301020,레스토랑 및 바
4220,Riken Technos Corp,51101010,상품 화학
3287,Hoshino Resorts REIT Inc,60102040,특수 REITs
7545,Nishimatsuya Chain Co Ltd,53403040,의류 및 액세서리 소매
1879,Shinnihon Corp,52201020,건설 및 엔지니어링
6480,Nippon Thompson Co Ltd,52102010,산업용 기계 및 장비
9974,Belc Co Ltd,54301020,식품 소매 및 유통
1762,Takamatsu Construction Group Co Ltd,52201020,건설 및 엔지니어링
7599,IDOM Inc,53403010,"자동차 차량, 부품 및 서비스 소매"
8399,Bank of The Ryukyus Ltd,55101010,은행
7821,Maeda Kosen Co Ltd,51202010,건설 자재
7148,Financial Partners Group Co Ltd,55102020,투자 관리 및 펀드 운영
4587,PeptiDream Inc.,56202010,생명 공학 및 의학 연구
2760,Tokyo Electron Device Ltd,57101010,반도체
4633,SAKATA INX CORPORATION,51101030,특수 화학제
8421,Shinkin Central Bank Pref Shs,55101010,은행
8179,Royal Holdings Co Ltd,53301020,레스토랑 및 바
3543,KOMEDA Holdings Co.  Ltd.,53301020,레스토랑 및 바
7177,GMO Financial Holdings Inc,55102010,투자 은행 및 중개 서비스
8074,Yuasa Co Ltd,53203020,건설 자재 및 비품
9166,GENDA Inc.,53301040,여가 및 오락시설
3002,Gunze Ltd,53202020,의류 및 액세서리
1965,Techno Ryowa Ltd,52201020,건설 및 엔지니어링
5930,Bunka Shutter Co Ltd,53203020,건설 자재 및 비품
1982,Hibiya Engineering Ltd,52201020,건설 및 엔지니어링
5715,Furukawa Co Ltd,51201050,특수 채굴 및 금속
2146,UT Group Co Ltd,52203030,고용 서비스
7995,Valqua Ltd,52102010,산업용 기계 및 장비
6914,Optex Group Co Ltd,52102030,전기 부품 및 장비
8117,Central Automotive Products Ltd,53101020,"자동차, 트럭 및 오토바이 부품"
456A,HUMAN MADE Inc,53202020,의류 및 액세서리
4189,KH Neochem Co Ltd,51101010,상품 화학
7222,Nissan Shatai Co Ltd,53101010,자동차 및 트럭 제조
6080,M&A Capital Partners Co Ltd,55102010,투자 은행 및 중개 서비스
4914,Takasago International Corp,51101010,상품 화학
3765,GungHo Online Entertainment  Inc.,57201030,온라인 서비스
7172,Japan Investment Adviser Co Ltd,55101050,기업 금융 서비스
5161,Nishikawa Rubber Co Ltd,53101020,"자동차, 트럭 및 오토바이 부품"
278A,Terra Drone Corp,52101010,항공우주 및 방위
6741,Nippon Signal Co Ltd,57102010,통신 및 네트워킹
9699,Nishio Holdings Co Ltd,52203040,경영 지원 서비스
5911,Yokogawa Bridge Holdings Corp,52201020,건설 및 엔지니어링
9832,Autobacs Seven Co Ltd,53403010,"자동차 차량, 부품 및 서비스 소매"
3612,World Co Ltd,53403040,의류 및 액세서리 소매
7157,LIFENET INSURANCE COMPANY,55301030,생명 및 건강 보험
6340,Shibuya Corp,52102010,산업용 기계 및 장비
7384,Procrea Holdings Inc,55101010,은행
1407,West Holdings Corporation,52201020,건설 및 엔지니어링
7721,Tokyo Keiki Inc,52102010,산업용 기계 및 장비
3104,Fujibo Holdings  Inc.,53202010,직물 및 가죽제품
6524,Kohoku Kogyo Co Ltd,57104010,전자 장비 및 부품
6737,Eizo Corp,57106010,컴퓨터 하드웨어
4028,Ishihara Sangyo Kaisha Ltd,51101090,다각적 화학 산업
6617,Takaoka Toko Co Ltd,52102030,전기 부품 및 장비
9039,Sakai Moving Service Co Ltd,52405030,지상 화물 및 물류
8595,JAFCO Group Co.  Ltd.,55102020,투자 관리 및 펀드 운영
6351,Tsurumi Manufacturing Co Ltd,52102010,산업용 기계 및 장비
6877,Obara Group Inc,52102010,산업용 기계 및 장비
9842,Arclands Corp,53403020,주택 개조 제품 및 서비스 소매
2874,Yokorei Co Ltd,54102020,식품 가공
446A,Northsand Inc,57201010,IT 서비스 및 컨설팅
4216,ASAHI YUKIZAI CORPORATION,51101010,상품 화학
4746,Toukei Computer Co Ltd,57201020,소프트웨어
3465,Ki-Star Real Estate Co Ltd,60101010,"부동산 임대, 개발 및 운영"
2281,Prima Meat Packers Ltd,54102020,식품 가공
8153,Mos Food Services Inc,53301020,레스토랑 및 바
6652,IDEC Corp,52102030,전기 부품 및 장비
1720,Tokyu Construction Co Ltd,52201020,건설 및 엔지니어링
4044,Central Glass Co Ltd,51101090,다각적 화학 산업
9824,Senshu Electric Co Ltd,52102030,전기 부품 및 장비
9090,AZ-COM MARUWA Holdings Inc.,52405030,지상 화물 및 물류
8131,Mitsuuroko Group Holdings Co Ltd,50102030,"오일, 가스 정제 및 마케팅"
8541,The Ehime Bank  Ltd.,55101010,은행
9889,JBCC Holdings Inc,57201010,IT 서비스 및 컨설팅
9304,Shibusawa Logistics Corp,52405030,지상 화물 및 물류
8958,Global One Real Estate Investment Corp,60102020,상업용 REITs
7512,Aeon Hokkaido Corp,53402010,백화점
2004,Showa Sangyo Co Ltd,54102020,식품 가공
8550,Tochigi Bank Ltd,55101010,은행
6227,Aimechatec Ltd,57101020,반도체 장비 및 테스트
4534,Mochida Pharmaceutical Co.  Ltd.,56201040,제약
8871,Goldcrest Co Ltd,60101010,"부동산 임대, 개발 및 운영"
9708,Imperial Hotel Ltd,53301010,"호텔, 모텔 및 크루즈 라인"
6258,Hirata Corp,52102010,산업용 기계 및 장비
9347,Nippon Kanzai Holdings Co Ltd,60101020,부동산 서비스
7342,WealthNavi Inc,57301010,핀테크
5943,Noritz Corp,53204030,"가전제품, 도구 및 가정 용품"
8059,Daiichi Jitsugyo Co Ltd,52102010,산업용 기계 및 장비
8061,SEIKA CORPORATION,52102010,산업용 기계 및 장비
5449,Osaka Steel Co Ltd,51201020,철 및 강철
7944,Roland Corp,53205020,오락용 제품
9757,Funai Soken Holdings Inc,52203040,경영 지원 서비스
94345,Softbank P-1 Prf Shs,57401020,무선 통신 서비스
8173,Joshin Corporation,53403050,컴퓨터 및 전자 제품 소매
2678,Askul Corp,57201030,온라인 서비스
8219,Aoyama Trading Co Ltd,53403040,의류 및 액세서리 소매
7483,Doshisha Co Ltd,53204030,"가전제품, 도구 및 가정 용품"
2379,dip Corp,52203030,고용 서비스
8255,Axial Retailing Inc,54301020,식품 소매 및 유통
3036,Alconix Corp,51201050,특수 채굴 및 금속
4819,Digital Garage  Inc.,57201010,IT 서비스 및 컨설팅
8057,Uchida Yoko Co Ltd,57201010,IT 서비스 및 컨설팅
4432,WingArc1st Inc.,57201020,소프트웨어
9267,Genky DrugStores Co Ltd,54301010,의약품 소매
7433,Hakuto Co Ltd,57101010,반도체
6627,Tera Probe Inc,57101020,반도체 장비 및 테스트
6209,NPR-Riken Corp,53101020,"자동차, 트럭 및 오토바이 부품"
4369,Tri Chemical Laboratories Inc,51101030,특수 화학제
8707,IwaiCosmo Holdings Inc,55102010,투자 은행 및 중개 서비스
4187,Osaka Organic Chemical Industry Ltd,51101010,상품 화학
7611,Hiday Hidaka Corp,53301020,레스토랑 및 바
6947,Zuken Inc,57201010,IT 서비스 및 컨설팅
6332,Tsukishima Holdings Co Ltd,52102010,산업용 기계 및 장비
6727,Wacom Co Ltd,57106010,컴퓨터 하드웨어
2109,Mitsui DM Sugar Co.  Ltd.,54102020,식품 가공
1871,PS Construction Co.  Ltd.,52201020,건설 및 엔지니어링
7575,Japan Lifeline Co.  Ltd.,56101020,"의료 장비, 물품 및 유통"
5195,Bando Chemical Industries Ltd,52102010,산업용 기계 및 장비
8892,ES-CON JAPAN Ltd.,60101010,"부동산 임대, 개발 및 운영"
6961,Enplas Corp,57101010,반도체
8016,Onward Holdings Co Ltd,53202020,의류 및 액세서리
5602,Kurimoto Ltd,51201020,철 및 강철
5122,Okamoto Industries Inc,51101010,상품 화학
8508,J Trust Co Ltd,55101030,소비자 대출
5842,Integral Corporation,55102020,투자 관리 및 펀드 운영
7943,Nichiha Corp,53203020,건설 자재 및 비품
6455,Morita Holdings Corp,52102020,중장비 및 차량
4985,Earth Corp,54201010,가정용 제품
8159,Tachibana Eletech Co Ltd,52102010,산업용 기계 및 장비
8237,Matsuya Co Ltd,53402010,백화점
1663,K&O Energy Group Inc,59102010,천연가스 유틸리티
4293,Septeni Holdings Co Ltd,53302010,광고 및 마케팅
9247,TRE Holdings Corp,52203010,환경 서비스 및 장비
8818,Keihanshin Building Co Ltd,60101010,"부동산 임대, 개발 및 운영"
9279,GIFT HOLDINGS INC.,53301020,레스토랑 및 바
5726,Osaka Titanium Technologies Co Ltd,51201050,특수 채굴 및 금속
1909,Nippon Dry-Chemical Co Ltd,52203060,비즈니스 지원 용품
7839,Shoei Co Ltd,53101020,"자동차, 트럭 및 오토바이 부품"
7965,Zojirushi Corporation,53204030,"가전제품, 도구 및 가정 용품"
8395,Bank of Saga Ltd,55101010,은행
7595,Argo Graphics Inc,57201010,IT 서비스 및 컨설팅
6104,Shibaura Machine Co Ltd,52102010,산업용 기계 및 장비
7513,Kojima Co Ltd,53403050,컴퓨터 및 전자 제품 소매
1939,Yondenko Corp,52201020,건설 및 엔지니어링
8014,Chori Co Ltd,51101010,상품 화학
4559,Zeria Pharmaceutical Co Ltd,56201040,제약
8739,SPARX Group Co.  Ltd.,55102020,투자 관리 및 펀드 운영
9887,Matsuya Foods Holdings Co Ltd,53301020,레스토랑 및 바
4919,Milbon Co Ltd,54201020,개인 생활 필수 용품
1975,Asahi Kogyosha Co Ltd,52201020,건설 및 엔지니어링
6183,Bellsystem24 Holdings Inc,52203040,경영 지원 서비스
4956,Konishi Co Ltd,51101010,상품 화학
3762,Techmatrix Corp,57201010,IT 서비스 및 컨설팅
1948,Kodensha Co Ltd,52201020,건설 및 엔지니어링
6349,Komori Corp,52102010,산업용 기계 및 장비
6929,Nippon Ceramic Co Ltd,57104010,전자 장비 및 부품
8198,Maxvalu Tokai Co Ltd,54301020,식품 소매 및 유통
3001,Katakura Industries Co Ltd,56201040,제약
6237,Iwaki Co Ltd,52102010,산업용 기계 및 장비
4996,Kumiai Chemical Industry Co Ltd,51101020,농화학제
4180,Appier Group Inc,57201010,IT 서비스 및 컨설팅
6463,TPR Co Ltd,53101020,"자동차, 트럭 및 오토바이 부품"
5253,Cover Corp,53302030,엔터테인먼트 제작
464A,QPS Holdings Inc,52101010,항공우주 및 방위
4071,Plus Alpha Consulting Co Ltd,57201010,IT 서비스 및 컨설팅
6800,Yokowo Co Ltd,57104010,전자 장비 및 부품
6855,Japan Electronic Materials Corp,57101020,반도체 장비 및 테스트
1976,Meisei Industrial Co Ltd,52201020,건설 및 엔지니어링
4565,Nxera Pharma Co.  Ltd.,56201040,제약
4970,Toyo Gosei Co Ltd,51101030,특수 화학제
8125,Wakita & Co Ltd,52102020,중장비 및 차량
6859,Espec Corp,52102010,산업용 기계 및 장비
4008,Sumitomo Seika Chemicals Co Ltd,51101010,상품 화학
4526,Riken Vitamin Co Ltd,54102020,식품 가공
5970,G-Tekt Corp,53101020,"자동차, 트럭 및 오토바이 부품"
8084,Ryoden Corp,52102030,전기 부품 및 장비
6946,Nippon Avionics Co Ltd,57104010,전자 장비 및 부품
2653,Aeon Kyushu Co Ltd,53402010,백화점
9997,Belluna Co.  Ltd.,53402010,백화점
4116,Dainichiseika Color & Chemicals MFG Co Ltd,51101030,특수 화학제
7917,Zacros Corp,51302010,용기(종이 제외) 및 포장재
7504,Kohsoku Corp,51302020,종이 포장재
6143,Sodick Co Ltd,52102010,산업용 기계 및 장비
6282,Oiles Corp,52102010,산업용 기계 및 장비
7609,Daitron Co Ltd,57104010,전자 장비 및 부품
6810,Maxell Ltd,57104010,전자 장비 및 부품
4997,Nihon Nohyaku Co Ltd,51101020,농화학제
2590,DyDo Group Holdings Inc,54101030,무알콜 음료
7279,Hi-Lex Corp,53101020,"자동차, 트럭 및 오토바이 부품"
5351,Shinagawa Refra Co Ltd,51202010,건설 자재
3034,Qol Holdings Co Ltd,54301010,의약품 소매
7241,Futaba Industrial Co Ltd,53101020,"자동차, 트럭 및 오토바이 부품"
6999,KOA Corp,57104010,전자 장비 및 부품
9543,Shizuoka Gas Co Ltd,59102010,천연가스 유틸리티
4825,Weathernews Inc,52203040,경영 지원 서비스
5992,Chuo Spring Co Ltd,53101020,"자동차, 트럭 및 오토바이 부품"
7246,Press Kogyo Co Ltd,53101020,"자동차, 트럭 및 오토바이 부품"
3993,PKSHA Technology Inc.,57201020,소프트웨어
8977,Hankyu Hanshin REIT Inc,60102020,상업용 REITs
9413,TV Tokyo Holdings Corp,53302020,방송
7226,Kyokuto Kaihatsu Kogyo Co Ltd,52102020,중장비 및 차량
2733,Arata Corp,54201020,개인 생활 필수 용품
50765,Infroneer Holdings P-1 Prf Shs,52201020,건설 및 엔지니어링
9902,Nichiden Corp,52102010,산업용 기계 및 장비
9621,CTI Engineering Co.  Ltd.,52201020,건설 및 엔지니어링
1870,Yahagi Construction Co Ltd,52201020,건설 및 엔지니어링
3302,Teikoku Sen-I Co Ltd,53202010,직물 및 가죽제품
2117,Wellneo Sugar Co Ltd,54102020,식품 가공
9310,Japan Transcity Corp,52405030,지상 화물 및 물류
3028,Alpen Co Ltd,53403090,기타 전문 소매
8841,TOC Co.  Ltd.,60101010,"부동산 임대, 개발 및 운영"
4290,Prestige International Inc,52203040,경영 지원 서비스
2681,Geo Holdings Corp,53403090,기타 전문 소매
7931,Mirai Industry Co Ltd,52102030,전기 부품 및 장비
546A,Miraini Holdings Co Ltd,57104010,전자 장비 및 부품
6363,Torishima Pump Mfg Co Ltd,52102010,산업용 기계 및 장비
7236,T.RAD Co Ltd,53101020,"자동차, 트럭 및 오토바이 부품"
6345,AICHI CORPORATION,52102020,중장비 및 차량
4365,Matsumoto Yushi-Seiyaku Co Ltd,51101010,상품 화학
9603,HIS Co Ltd,53301040,여가 및 오락시설
6517,Denyo Co Ltd,52102040,중전기장비
4212,Sekisui Jushi Corporation,53203020,건설 자재 및 비품
2353,Nippon Parking Development Co Ltd,52407030,고속도로 및 철도
4413,Baudroie Inc,57201010,IT 서비스 및 컨설팅
3673,Broadleaf Co Ltd,57201020,소프트웨어
4588,Oncolys Biopharma Inc,56201040,제약
6287,SATO CORPORATION,57105010,사무기기
5208,Arisawa Mfg Co Ltd,57104010,전자 장비 및 부품
2664,Cawachi Ltd,54301010,의약품 소매
6459,Daiwa Ltd,52102010,산업용 기계 및 장비
7085,Curves Holdings Co Ltd,53301040,여가 및 오락시설
8793,NEC Capital Solutions Ltd,55101050,기업 금융 서비스
3946,Tomoku Co Ltd,51302020,종이 포장재
9536,Saibu Gas Holdings Co Ltd,59102010,천연가스 유틸리티
5851,Ryobi Ltd,53101020,"자동차, 트럭 및 오토바이 부품"
7868,Kosaido Holdings Co Ltd,54201030,개인 서비스
2292,S Foods Inc,54102020,식품 가공
6458,SINKO INDUSTRIES LTD.,52102030,전기 부품 및 장비
2220,Kameda Seika Co Ltd,54102020,식품 가공
3449,Technoflex Corp,53203020,건설 자재 및 비품
2208,Bourbon Corp,54102020,식품 가공
7199,Premium Group Co Ltd,55101030,소비자 대출
8043,Starzen Co Ltd,54102020,식품 가공
2157,Koshidaka Holdings Co Ltd,53301040,여가 및 오락시설
1419,Tama Home Co Ltd,53203010,주택 건설
5440,Kyoei Steel Ltd,51201020,철 및 강철
7979,Shofu Inc,56101020,"의료 장비, 물품 및 유통"
4022,Rasa Industries Ltd,51101010,상품 화학
6997,Nippon Chemi-Con Corp,57104010,전자 장비 및 부품
9519,RENOVA  Inc.,59101010,전력 유틸리티
4765,SBI Global Asset Management Co Ltd,55102020,투자 관리 및 펀드 운영
3950,THE PACK CORPORATION,51302020,종이 포장재
1899,Fukuda Corp,52201020,건설 및 엔지니어링
5480,Nippon Yakin Kogyo Co Ltd,51201020,철 및 강철
8715,Anicom Holdings Inc,55301020,손해보험
6036,KeePer Technical Laboratory Co Ltd,54201030,개인 서비스
8771,eGuarantee Inc,55101050,기업 금융 서비스
9729,Tokai Corp (Gifu),52203040,경영 지원 서비스
7613,SIIX Corp,57104010,전자 장비 및 부품
3151,Vital Ksk Holdings Inc,56201040,제약
9663,Nagawa Co Ltd,53203010,주택 건설
3487,CRE Logistics REIT Inc,60102020,상업용 REITs
6016,Japan Engine Corp,52102050,조선
8613,Marusan Securities Co Ltd,55102010,투자 은행 및 중개 서비스
471A,NS Group Inc,55301020,손해보험
2742,Halows Co Ltd,54301020,식품 소매 및 유통
1882,Toa Road Corp,52201020,건설 및 엔지니어링
2588,Premium Water Holdings Inc,54101030,무알콜 음료
6277,Hosokawa Micron Corp,52102010,산업용 기계 및 장비
3492,Mirarth Real Estate Investment Corp,60102010,복합부동산 REITs
3708,Tokushu Tokai Paper Co Ltd,51301020,종이 제품
7745,A&D Holon Holdings Co Ltd,52102010,산업용 기계 및 장비
6058,Vector Inc,53302010,광고 및 마케팅
9692,Computer Engineering & Consulting Ltd,57201010,IT 서비스 및 컨설팅
5982,Maruzen Co Ltd,52102010,산업용 기계 및 장비
8877,Eslead Corp,60101010,"부동산 임대, 개발 및 운영"
5702,Daiki Aluminium Industry Co Ltd,51201030,알루미늄
6381,Anest Iwata Corp,52102010,산업용 기계 및 장비
7130,Yamae Group Holdings Co Ltd,54301020,식품 소매 및 유통
7239,Tachi-S Co Ltd,53101020,"자동차, 트럭 및 오토바이 부품"
4464,Soft99 Corp,53101020,"자동차, 트럭 및 오토바이 부품"
6023,Daihatsu Infinearth MFG Co Ltd,52102050,조선
7292,Murakami Corp,53101020,"자동차, 트럭 및 오토바이 부품"
4259,ExaWizards Inc.,57201010,IT 서비스 및 컨설팅
4419,Finatext Holdings Ltd.,57201010,IT 서비스 및 컨설팅
8132,SHINANEN HOLDINGS CO.  LTD.,50102030,"오일, 가스 정제 및 마케팅"
4828,Business Engineering Corp,57201010,IT 서비스 및 컨설팅
7942,JSP Corp,51101010,상품 화학
8065,Sato Sho-Ji Corp,51201020,철 및 강철
4674,CRESCO LTD.,57201020,소프트웨어
6413,Riso Kagaku Corp,57105010,사무기기
8075,Shinsho Corporation,51201020,철 및 강철
5036,Japan Business Systems Inc,57201010,IT 서비스 및 컨설팅
3091,Bronco Billy Co Ltd,53301020,레스토랑 및 바
4592,SanBio Co Ltd,56202010,생명 공학 및 의학 연구
6387,Samco Inc,57101020,반도체 장비 및 테스트
4246,DaikyoNishikawa Corp,53101020,"자동차, 트럭 및 오토바이 부품"
4549,Eiken Chemical Co.  Ltd.,56101020,"의료 장비, 물품 및 유통"
2734,Sala Corp,50102030,"오일, 가스 정제 및 마케팅"
6364,Airman Corp,52102010,산업용 기계 및 장비
3608,TSI Holdings Co Ltd,53202020,의류 및 액세서리
3479,TKP Corporation,60101010,"부동산 임대, 개발 및 운영"
2585,LIFEDRINK COMPANY  INC.,54101030,무알콜 음료
8157,Tsuzuki Denki Co Ltd,57201010,IT 서비스 및 컨설팅
7715,Nagano Keiki Co Ltd,52102010,산업용 기계 및 장비
7421,Kappa Create Co Ltd,53301020,레스토랑 및 바
9324,Yasuda Logistics Corp,52405030,지상 화물 및 물류
255A,GLtechno Holdings Inc,57101020,반도체 장비 및 테스트
3636,Mitsubishi Research Institute  Inc.,57201010,IT 서비스 및 컨설팅
6331,Mitsubishi Kakoki Kaisha  Ltd.,52102010,산업용 기계 및 장비
7606,United Arrows Ltd,53403040,의류 및 액세서리 소매
3476,MIRAI Corporation,60102010,복합부동산 REITs
3687,Fixstars Corp,57201020,소프트웨어
3632,Gree Holdings Inc,57201030,온라인 서비스
3891,Nippon Kodoshi Corp,57104010,전자 장비 및 부품
4326,Intage Holdings Inc,53302010,광고 및 마케팅
6196,Strike Group Co Ltd,52203040,경영 지원 서비스
3459,Samty Residential Investment Corp,60102030,주거용 REITs
2979,SOSiLA Logistics REIT Inc,60102020,상업용 REITs
8079,Shoei Foods Corp,54102020,식품 가공
3290,One REIT Inc,60102010,복합부동산 REITs
3399,Maruchiyo Yamaokaya Corp,53301020,레스토랑 및 바
9369,KRS Corp,52405030,지상 화물 및 물류
8244,Kintetsu Department Store Co Ltd,53402010,백화점
1852,Asanuma Corp,52201020,건설 및 엔지니어링
6794,Foster Electric Co Ltd,57106030,가정용 전자 제품
3962,Change Holdings Inc,57201010,IT 서비스 및 컨설팅
6613,QD Laser Inc,57101010,반도체
6644,Osaki Electric Co Ltd,52102030,전기 부품 및 장비
9274,KPP GROUP HOLDINGS CO.  LTD.,51301020,종이 제품
3817,SRA Holdings Inc,57201010,IT 서비스 및 컨설팅
3539,JM Holdings Co Ltd,54301020,식품 소매 및 유통
5011,Nichireki Group Co Ltd,52201020,건설 및 엔지니어링
4109,Stella Chemifa Corp,51101030,특수 화학제
6419,Mars Group Holdings Corp,53301030,카지노 및 도박
6118,Aida Engineering Ltd,52102010,산업용 기계 및 장비
4849,en Inc,52203030,고용 서비스
7412,Atom Corp,53301020,레스토랑 및 바
6226,Moriya Transportation Engineering and Manufacturing Co Ltd,52102040,중전기장비
7231,Topy Industries Ltd,53101020,"자동차, 트럭 및 오토바이 부품"
9743,TANSEISHA Co.  Ltd.,52203040,경영 지원 서비스
2613,J-Oil Mills Inc,54102020,식품 가공
7128,Unisol Holdings Corp,52102010,산업용 기계 및 장비
2329,Tohokushinsha Film Corp,53302010,광고 및 마케팅
9733,Nagase Brothers Inc,63103010,전문 및 비즈니스 교육
3103,Unitika Ltd,51101010,상품 화학
6779,Nihon Dempa Kogyo Co Ltd,57104010,전자 장비 및 부품
3443,Kawada Technologies Inc,52201020,건설 및 엔지니어링
166A,Tasuki Holdings Inc,60101020,부동산 서비스
4480,Medley Inc,52203030,고용 서비스
4078,Sakai Chemical Industry Co Ltd,51101010,상품 화학
4221,Okura Industrial Co Ltd,51101010,상품 화학
575A,Maezawa Holdings Co Ltd,52102010,산업용 기계 및 장비
4417,GLOBAL SECURITY EXPERTS Inc.,57201010,IT 서비스 및 컨설팅
1799,Daiichi Kensetsu Corp,52201020,건설 및 엔지니어링
5946,Chofu Seisakusho Co Ltd,53204030,"가전제품, 도구 및 가정 용품"
5985,Suncall Corp,53101020,"자동차, 트럭 및 오토바이 부품"
9755,OYO Corp,52201020,건설 및 엔지니어링
8160,Kisoji Co Ltd,53301020,레스토랑 및 바
6676,Buffalo Inc (Chiyoda),57106010,컴퓨터 하드웨어
5202,Nippon Sheet Glass Co Ltd,53203020,건설 자재 및 비품
8935,FJ Next Holdings Co Ltd,60101010,"부동산 임대, 개발 및 운영"
1822,Daiho Corp,52201020,건설 및 엔지니어링
1945,Tokyo Energy & Systems Inc,52201020,건설 및 엔지니어링
9534,Hokkaido Gas Co Ltd,59102010,천연가스 유틸리티
6339,Sintokogio Ltd,52102010,산업용 기계 및 장비
4552,JCR Pharmaceuticals Co.  Ltd.,56201040,제약
5262,Nippon Hume Corp,51202010,건설 자재
6908,IRISO ELECTRONICS CO.  LTD.,57104010,전자 장비 및 부품
8708,Aizawa Securities Group Co Ltd,55102010,투자 은행 및 중개 서비스
2393,Nippon Care Supply Co Ltd,56101020,"의료 장비, 물품 및 유통"
2108,Nippon Beet Sugar Manufacturing Co Ltd,54102020,식품 가공
7818,Transaction Co Ltd,54201010,가정용 제품
2170,Link and Motivation Inc,52203030,고용 서비스
6768,Tamura Corp,57104010,전자 장비 및 부품
6993,Daikokuya Holdings Co Ltd,53403090,기타 전문 소매
2003,Nitto Fuji Flour Milling Co Ltd,54102020,식품 가공
4569,Kyorin Pharmaceutical Co Ltd,56201040,제약
4097,Koatsu Gas Kogyo Co Ltd,51101010,상품 화학
8167,Retail Partners Co Ltd,54301020,식품 소매 및 유통
9900,Sagami Holdings Corp,53301020,레스토랑 및 바
9517,Erex Co Ltd,59101010,전력 유틸리티
1379,Hokuto Corp,54102010,어업 및 농업
2326,Digital Arts Inc,57201020,소프트웨어
2168,Pasona Group Inc,52203030,고용 서비스
2790,Nafco Co Ltd,53403020,주택 개조 제품 및 서비스 소매
8137,Sun-Wa Technos Corp,52102030,전기 부품 및 장비
3905,Datasection Inc,57201020,소프트웨어
4848,Fullcast Holdings Co Ltd,52203030,고용 서비스
8005,Scroll Corporation,53402010,백화점
2791,Daikokutenbussan Co Ltd,54301020,식품 소매 및 유통
3733,Software Service Inc,57201010,IT 서비스 및 컨설팅
1815,TEKKEN CORPORATION,52201020,건설 및 엔지니어링
2986,LA Holdings Co Ltd,60101010,"부동산 임대, 개발 및 운영"
7366,Litalico Inc,54201030,개인 서비스
3663,CELSYS Inc,57201020,소프트웨어
7245,Daido Metal Co.  Ltd.,53101020,"자동차, 트럭 및 오토바이 부품"
9790,Fukui Computer Holdings Inc,57201020,소프트웨어
7593,VT Holdings Co.  Ltd.,53403010,"자동차 차량, 부품 및 서비스 소매"
368A,Kitazato Corp(Shizuoka),56101020,"의료 장비, 물품 및 유통"
593A,Tier IV Inc,57201010,IT 서비스 및 컨설팅
4431,Smaregi  Inc.,57201020,소프트웨어
5988,Piolax Inc,53101020,"자동차, 트럭 및 오토바이 부품"
1921,Tomoe Corp,52201020,건설 및 엔지니어링
5290,Vertex Corp,51202010,건설 자재
6027,Bengo4.com Inc,57201030,온라인 서비스
6742,Kyosan Electric Manufacturing Co Ltd,57102010,통신 및 네트워킹
3176,Sanyo Trading Co Ltd,52202010,다각적 산업용 제품 도매
2938,Okamura Foods Co Ltd,54102020,식품 가공
3153,Yashima Denki Co Ltd,52102030,전기 부품 및 장비
3252,Jinushi Co Ltd,60101010,"부동산 임대, 개발 및 운영"
5889,Japan Eyewear Holdings Co Ltd,56101020,"의료 장비, 물품 및 유통"
4619,Nihon Tokushu Toryo Co.  Ltd.,53101020,"자동차, 트럭 및 오토바이 부품"
2780,Komehyo Holdings Co Ltd,53403090,기타 전문 소매
2211,Fujiya Co Ltd,54102020,식품 가공
7508,G-7 Holdings Inc,54301020,식품 소매 및 유통
6425,Universal Entertainment Corp,53301010,"호텔, 모텔 및 크루즈 라인"
4362,Nippon Fine Chemical Co Ltd,51101030,특수 화학제
9511,Okinawa Electric Power Co Inc,59101010,전력 유틸리티
6140,Asahi Diamond Industrial Co Ltd,52102010,산업용 기계 및 장비
9619,Ichinen Holdings Co Ltd,55101030,소비자 대출
7915,Nissha Co.  Ltd.,57104010,전자 장비 및 부품
3182,Oisix Inc,53402010,백화점
8897,Mirarth Holdings Inc,60101010,"부동산 임대, 개발 및 운영"
2395,Shin Nippon Biomedical Laboratories Ltd,56202010,생명 공학 및 의학 연구
9028,Zero Co Ltd,52405030,지상 화물 및 물류
8624,Ichiyoshi Securities Co Ltd,55102010,투자 은행 및 중개 서비스
6638,Mimaki Engineering Co Ltd,57106010,컴퓨터 하드웨어
5821,Hirakawa Hewtech Corp,52102030,전기 부품 및 장비
2975,Star Mica Holdings Co.  Ltd.,60101010,"부동산 임대, 개발 및 운영"
2705,Ootoya Holdings Co Ltd,53301020,레스토랑 및 바
9348,ispace Inc,52101010,항공우주 및 방위
3763,Pro-Ship Inc,57201020,소프트웨어
4481,Base Co Ltd,57201010,IT 서비스 및 컨설팅
1938,Nippon Rietec Co Ltd,52201020,건설 및 엔지니어링
8551,Kita-Nippon Bank Ltd,55101010,은행
2698,Can Do Co Ltd,54301020,식품 소매 및 유통
6328,Ebara Jitsugyo Co Ltd,52203010,환경 서비스 및 장비
3491,GA Technologies Co Ltd,57201030,온라인 서비스
8706,KYOKUTO SECURITIES CO.  LTD.,55102010,투자 은행 및 중개 서비스
6264,Marumae Co Ltd,57104010,전자 장비 및 부품
8163,SRS Holdings Co.  Ltd.,53301020,레스토랑 및 바
6200,Insource Co Ltd,63103010,전문 및 비즈니스 교육
1811,Zenitaka Corp,52201020,건설 및 엔지니어링
4832,JFE Systems Inc,57201010,IT 서비스 및 컨설팅
4886,ASKA Pharmaceutical Holdings Co Ltd,56201040,제약
8200,Ringer Hut Co Ltd,53301020,레스토랑 및 바
6564,Midac Holdings Co Ltd,52203010,환경 서비스 및 장비
6809,TOA Corp (Hyogo),57102010,통신 및 네트워킹
2207,Meito Co Ltd,54102020,식품 가공
3150,grems Inc,59101010,전력 유틸리티
5302,Nippon Carbon Co Ltd,52102030,전기 부품 및 장비
9928,Miroku Jyoho Service Co Ltd,57201020,소프트웨어
5184,Nichirin Co Ltd,53101020,"자동차, 트럭 및 오토바이 부품"
9991,Gecoss Corp,53203020,건설 자재 및 비품
3661,M-up Holdings Inc,57201030,온라인 서비스
2053,Chubushiryo Co Ltd,54102010,어업 및 농업
9828,Genki Global Dining Concepts Corp,53301020,레스토랑 및 바
3232,Mie Kotsu Group Holdings Inc,60101010,"부동산 임대, 개발 및 운영"
262A,Intermestic Inc,53403090,기타 전문 소매
5949,Unipres Corp,53101020,"자동차, 트럭 및 오토바이 부품"
5563,Nippon Denko Co Ltd,51201020,철 및 강철
6309,Tomoe Engineering Co Ltd,51101010,상품 화학
3854,I'LL Inc,57201010,IT 서비스 및 컨설팅
9278,Bookoff Group Holdings Ltd,53403090,기타 전문 소매
8338,Tsukuba Bank Ltd,55101010,은행
7717,V Technology Co Ltd,57104010,전자 장비 및 부품
4051,GMO Financial Gate Inc,52203040,경영 지원 서비스
6266,Tazmo Co Ltd,57101020,반도체 장비 및 테스트
2288,Marudai Food Co Ltd,54102020,식품 가공
25935,Ito En Prf Shs,54101030,무알콜 음료
5461,Chubu Steel Plate Co.  Ltd.,51201020,철 및 강철
2749,JP-Holdings Inc,54201030,개인 서비스
3245,Dear Life Co Ltd,60101010,"부동산 임대, 개발 및 운영"
5288,Asia Pile Holdings Corp,51202010,건설 자재
2752,FUJIO FOOD GROUP INC.,53301020,레스토랑 및 바
3496,AZoom Co Ltd,57201030,온라인 서비스
7280,Mitsuba Corp,53101020,"자동차, 트럭 및 오토바이 부품"
7244,Ichikoh Industries Ltd,53101020,"자동차, 트럭 및 오토바이 부품"
6905,Cosel Co Ltd,52102030,전기 부품 및 장비
5074,Tess Holdings Co Ltd,59101010,전력 유틸리티
8622,Mito Securities Co Ltd,55102010,투자 은행 및 중개 서비스
7860,Avex Inc,53302030,엔터테인먼트 제작
1301,Kyokuyo Co Ltd,54102020,식품 가공
8011,Sanyo Shokai Ltd,53202020,의류 및 액세서리
3482,Loadstar Capital KK,60101020,부동산 서비스
9381,AIT Corp,52405020,해양 화물 및 물류
4343,Aeon Fantasy Co Ltd,53301040,여가 및 오락시설
8081,Kanaden Corp,52102010,산업용 기계 및 장비
4658,Nippon Air Conditioning Services Co Ltd,52203040,경영 지원 서비스
3395,Saint Marc Holdings Co Ltd,53301020,레스토랑 및 바
7921,Takara & Company Ltd,52203070,전문 정보 서비스
4972,Soken Chemical & Engineering Co Ltd,51101030,특수 화학제
1898,SEIKITOKYU KOGYO CO.  LTD.,52201020,건설 및 엔지니어링
4992,Hokko Chemical Industry Co Ltd,51101020,농화학제
7447,Nagaileben Co Ltd,56101020,"의료 장비, 물품 및 유통"
5121,Fujikura Composites Inc,53101030,타이어 및 고무 제품
8281,Xebio Holdings Co Ltd,53403090,기타 전문 소매
4025,Taki Chemical Co Ltd,51101020,농화학제
9823,Mammy Mart Holdings Corp,54301020,식품 소매 및 유통
7989,Tachikawa Corp,53204040,가정용 가구
1793,Ohmoto Gumi Co Ltd,52201020,건설 및 엔지니어링
6637,Terasaki Electric Co Ltd,52102030,전기 부품 및 장비
2751,Tenpos Holdings Co Ltd,53204030,"가전제품, 도구 및 가정 용품"
2573,Hokkaido Coca Cola Bottling Co Ltd,54101030,무알콜 음료
9639,Sankyo Frontier Co Ltd,53203010,주택 건설
9661,Kabuki-Za Co Ltd,60101010,"부동산 임대, 개발 및 운영"
3371,Softcreate Holdings Corp,57201010,IT 서비스 및 컨설팅
6958,CMK Corp,57101010,반도체
7949,Komatsu Wall Industry Co Ltd,53203020,건설 자재 및 비품
3668,Colopl Inc,57201030,온라인 서비스
4027,Tayca Corp,51101010,상품 화학
7990,Globeride Inc,53205020,오락용 제품
247A,Ai Robotics Inc,54201020,개인 생활 필수 용품
8052,Tsubakimoto Kogyo Co Ltd,52102010,산업용 기계 및 장비
9946,Ministop Co Ltd,54301020,식품 소매 및 유통
9416,Vision Inc,57401010,통합 통신 서비스
6824,New Cosmos Electric Co Ltd,52203060,비즈니스 지원 용품
3284,Hoosiers Holdings Co Ltd,60101010,"부동산 임대, 개발 및 운영"
5304,SEC Carbon Ltd,52102030,전기 부품 및 장비
7803,Bushiroad Inc,53302030,엔터테인먼트 제작
287A,Kuroda Group Co.  Ltd.,57104010,전자 장비 및 부품
9856,KU Holdings Co Ltd,53403010,"자동차 차량, 부품 및 서비스 소매"
9308,Inui Global Logistics Co Ltd,52405020,해양 화물 및 물류
7326,SBI Insurance Group Co Ltd,55301010,복합보험 및 중개인
8151,Toyo Corp,52102010,산업용 기계 및 장비
8558,Towa Bank Ltd,55101010,은행
2060,Feed One Co Ltd,54102010,어업 및 농업
6231,Kimura Kohki Co Ltd,52102030,전기 부품 및 장비
7102,Nippon Sharyo Ltd,52102020,중장비 및 차량
7914,Kyodo Printing Co Ltd,52203020,상업 인쇄 서비스
5541,Pacific Metals Co Ltd,51201050,특수 채굴 및 금속
6820,Icom Inc,57102010,통신 및 네트워킹
2972,Sankei Real Estate Inc,60102020,상업용 REITs
3093,Treasure Factory Co Ltd,53403090,기타 전문 소매
7537,Marubun Corp,57101010,반도체
9726,KNT-CT Holdings Co Ltd,53301040,여가 및 오락시설
2226,Koike-Ya Inc,54102020,식품 가공
3864,Mitsubishi Paper Mills Ltd,51301020,종이 제품
7388,FP Partner Inc.,55301010,복합보험 및 중개인
409A,Orion Breweries Ltd,54101010,양조업
9552,Quants Research Institute Holdings Inc,55102010,투자 은행 및 중개 서비스
4641,Altech Corp,52203030,고용 서비스
197A,TAUNS Laboratories  Inc.,56101020,"의료 장비, 물품 및 유통"
1888,Wakachiku Construction Co Ltd,52201020,건설 및 엔지니어링
8614,Toyo Securities Co Ltd,55102010,투자 은행 및 중개 서비스
212A,Fit Easy Inc,53301040,여가 및 오락시설
8008,Yondoshi Holdings Inc,53202020,의류 및 액세서리
9474,Zenrin Co Ltd,53302040,소비자 출판
5445,Tokyo Tekko Co Ltd,51201020,철 및 강철
6357,Sansei Technologies Inc,52102010,산업용 기계 및 장비
2216,Kanro Inc,54102020,식품 가공
6574,Convano Inc,54201030,개인 서비스
1967,Yamato Corp,52201020,건설 및 엔지니어링
4462,Ishihara Chemical Co Ltd,51101030,특수 화학제
5410,Godo Steel Ltd,51201020,철 및 강철
8150,Sanshin Electronics Co Ltd,57101010,반도체
6718,Aiphone Co Ltd,57102010,통신 및 네트워킹
6247,Hisaka Works Ltd,52102010,산업용 기계 및 장비
9880,Innotech Corp,57201010,IT 서비스 및 컨설팅
1847,Ichiken Co Ltd,52201020,건설 및 엔지니어링
8979,Starts Proceed Investment Corp,60102030,주거용 REITs
6333,Teikoku Corp,52102010,산업용 기계 및 장비
2918,Warabeya Nichiyo Holdings Co Ltd,54102020,식품 가공
3451,Tosei Reit Investment Corp,60102010,복합부동산 REITs
6289,Giken Ltd,52102020,중장비 및 차량
75505,Zensho Hldg P-1 Prf Shs,53301020,레스토랑 및 바
4687,TDC Soft Inc,57201010,IT 서비스 및 컨설팅
2612,Kadoya Sesame Mills Inc,54102020,식품 가공
2429,World Holdings Co Ltd,52203030,고용 서비스
2931,Euglena Co Ltd,54102020,식품 가공
4554,Fuji Pharma Co Ltd,56201040,제약
9837,Morito Co Ltd,53202020,의류 및 액세서리
1827,Nakano Corp,52201020,건설 및 엔지니어링
1786,Oriental Shiraishi Corp,52201020,건설 및 엔지니어링
9632,Subaru Enterprise Co Ltd,52201020,건설 및 엔지니어링
3561,Chikaranomoto Holdings Co Ltd,53301020,레스토랑 및 바
8864,AIRPORT FACILITIES CO.  LTD.,60101010,"부동산 임대, 개발 및 운영"
8141,Shinko Shoji Co Ltd,57101010,반도체
277A,Globe-ing Inc.,52203040,경영 지원 서비스
147A,SORACOM  INC.,57201010,IT 서비스 및 컨설팅
9742,INES Corp,57201010,IT 서비스 및 컨설팅
5976,Neturen Co Ltd,51201020,철 및 강철
299A,Kurashiru  Inc.,57201020,소프트웨어
4743,ITFor Inc,57201010,IT 서비스 및 컨설팅
4968,Arakawa Chemical Industries Ltd,51101010,상품 화학
4082,Daiichi Kigenso Kagaku Kogyo Co Ltd,51101010,상품 화학
8914,Arealink Co Ltd,60101010,"부동산 임대, 개발 및 운영"
4092,Nippon Chemical Industrial Co Ltd,51101010,상품 화학
5243,Note Inc,57201030,온라인 서비스
4390,IPS Inc,57401010,통합 통신 서비스
4323,Japan System Techniques Co Ltd,57201020,소프트웨어
4719,Alpha Systems Inc,57201020,소프트웨어
3040,Soliton Systems KK,57201030,온라인 서비스
9081,Kanagawa Chuo Kotsu Co.  Ltd.,52406020,지상 및 해상 여객 운송
3475,Good Com Asset Co Ltd,60101010,"부동산 임대, 개발 및 운영"
3932,Akatsuki Inc,57201030,온라인 서비스
1929,Nittoc Construction Co Ltd,52201020,건설 및 엔지니어링
8713,Fidea Holdings Co Ltd,55101010,은행
4659,AJIS Co Ltd,52203040,경영 지원 서비스
8285,Mitani Sangyo Co Ltd,52202010,다각적 산업용 제품 도매
2908,Fujicco Co Ltd,54102020,식품 가공
4275,Carlit Co Ltd,51101010,상품 화학
9305,Yamatane Corp,54301020,식품 소매 및 유통
6144,Seibu Electric & Machinery Co Ltd,52102010,산업용 기계 및 장비
4475,Hennge KK,57201010,IT 서비스 및 컨설팅
1887,JDC CORPORATION,52201020,건설 및 엔지니어링
6088,SIGMAXYZ Holdings Inc,52203040,경영 지원 서비스
6062,Charm Care Corp,56102010,의료 시설 및 서비스
3844,Comture Corp,57201010,IT 서비스 및 컨설팅
7777,3-D Matrix Ltd,56202010,생명 공학 및 의학 연구
7510,Takebishi Corp,52102030,전기 부품 및 장비
2325,NJS Co Ltd,52203010,환경 서비스 및 장비
1813,Fudo Tetra Corporation,52201020,건설 및 엔지니어링
3010,Polaris Holdings Co Ltd,53301010,"호텔, 모텔 및 크루즈 라인"
3679,ZIGExN Co Ltd,57201030,온라인 서비스
6099,Elan Corp,56102010,의료 시설 및 서비스
8699,HS Holdings Co Ltd,55101010,은행
9470,Gakken Holdings Co Ltd,63101010,기타 교육 서비스 제공
1375,Yukiguni Factory Co Ltd,54102010,어업 및 농업
4094,Nihon Kagaku Sangyo Co Ltd,51101030,특수 화학제
2594,Key Coffee Inc,54102020,식품 가공
4318,Quick Co Ltd,52203030,고용 서비스
9539,Keiyo Gas Co Ltd,59102010,천연가스 유틸리티
8142,Toho Co Ltd (Hyogo),54301020,식품 소매 및 유통
7480,Suzuden Corp,52102030,전기 부품 및 장비
4611,Dai Nippon Toryo Co Ltd,51101010,상품 화학
1930,Hokuriku Electrical Construction Co Ltd,52201020,건설 및 엔지니어링
5757,CK San-Etsu Co Ltd,51201050,특수 채굴 및 금속
4718,Waseda Academy Co Ltd,63101010,기타 교육 서비스 제공
7749,Medikit Co Ltd,56101020,"의료 장비, 물품 및 유통"
3660,istyle Inc.,53402010,백화점
4931,Shinnihonseiyaku Co Ltd,53402010,백화점
7383,Net Protections Holdings Inc,52203040,경영 지원 서비스
6630,Ya-Man Ltd,54201020,개인 생활 필수 용품
7840,France Bed Holdings Co Ltd,56101020,"의료 장비, 물품 및 유통"
1810,Matsui Construction Co Ltd,52201020,건설 및 엔지니어링
5959,Okabe Co Ltd,53203020,건설 자재 및 비품
5834,SBI Leasing Services Co Ltd,55101050,기업 금융 서비스
3431,Miyaji Engineering Group Inc,52201020,건설 및 엔지니어링
9052,Sanyo Electric Railway Co Ltd,52406020,지상 및 해상 여객 운송
5659,Nippon Seisen Co Ltd,51201020,철 및 강철
7637,Hakudo Co Ltd,51201030,알루미늄
3692,FFRI Security Inc,57201030,온라인 서비스
9896,JK Holdings Co Ltd,51202010,건설 자재
219A,Heartseed Inc.,56202010,생명 공학 및 의학 연구
6785,Suzuki Co Ltd,52102030,전기 부품 및 장비
6823,Rion Co Ltd,56101020,"의료 장비, 물품 및 유통"
4894,Cuorips Inc,56201040,제약
7723,Aichi Tokei Denki Co Ltd,52102010,산업용 기계 및 장비
4337,Pia Corp,53301040,여가 및 오락시설
6145,Nittoku Co Ltd,52102010,산업용 기계 및 장비
8596,Kyushu Leasing Service Co Ltd,55101050,기업 금융 서비스
9368,Kimura Unity Co Ltd,52405010,"배달, 우편, 항공 화물 및 육상 물류"
7607,Shinwa Co Ltd,52102010,산업용 기계 및 장비
6788,Nihon Trim Co Ltd,53204030,"가전제품, 도구 및 가정 용품"
1514,Sumiseki Holdings Inc,50101010,석탄
6272,Rheon Automatic Machinery Co Ltd,52102010,산업용 기계 및 장비
5261,Resol Holdings Co Ltd,53301010,"호텔, 모텔 및 크루즈 라인"
6625,JALCO Holdings Inc.,60101010,"부동산 임대, 개발 및 운영"
3196,Hotland Holdings Co Ltd,53301020,레스토랑 및 바
2676,Takachiho Koheki Co Ltd,57104010,전자 장비 및 부품
3299,MUGEN ESTATE Co.  Ltd.,60101010,"부동산 임대, 개발 및 운영"
2923,Sato Foods Co Ltd,54102020,식품 가공
7438,Kondotec Inc,53203020,건설 자재 및 비품
8844,Cosmos Initia Co Ltd,60101010,"부동산 임대, 개발 및 운영"
6817,Sumida Corp,57104010,전자 장비 및 부품
4249,Moriroku Co Ltd,51101010,상품 화학
4229,Gun Ei Chemical Industry Co Ltd,51101030,특수 화학제
4771,F&M Co.  Ltd.,52203040,경영 지원 서비스
5218,Ohara Inc,57104010,전자 장비 및 부품
5013,Yushiro Inc,51101010,상품 화학
9906,Fujii Sangyo Corp,52102030,전기 부품 및 장비
6078,Value HR Co Ltd,56102010,의료 시설 및 서비스
5989,H-One Co Ltd,53101020,"자동차, 트럭 및 오토바이 부품"
3836,Avant Group Corp,57201010,IT 서비스 및 컨설팅
6083,ERI Holdings Co Ltd,60101020,부동산 서비스
2980,SRE Holdings Corporation,60101020,부동산 서비스
7522,Watami Co Ltd,53301020,레스토랑 및 바
7971,Toli Corp,53203020,건설 자재 및 비품
7463,Advan Group Co Ltd,51202010,건설 자재
7460,Yagi & Co Ltd,53202010,직물 및 가죽제품
6223,Seibu Giken Co Ltd,52102010,산업용 기계 및 장비
6675,Saxa Inc,57102010,통신 및 네트워킹
2498,Oriental Consultants Holdings Co Ltd,52201020,건설 및 엔지니어링
7937,Tsutsumi Jewelry Co Ltd,53202020,의류 및 액세서리
4258,Amiya Corp,57201020,소프트웨어
6310,Iseki&Co Ltd,52102020,중장비 및 차량
4218,Nichiban Co Ltd,52203060,비즈니스 지원 용품
4548,Seikagaku Corp,56201040,제약
9740,Central Security Patrols Co Ltd,52203040,경영 지원 서비스
4377,One Career Inc,57201030,온라인 서비스
2669,Kanemi Co.  Ltd.,54102020,식품 가공
256A,Tobishima Holdings Inc,52201020,건설 및 엔지니어링
2792,Honeys Holdings Co Ltd,53403040,의류 및 액세서리 소매
3276,Japan Property Management Center Co Ltd,60101010,"부동산 임대, 개발 및 운영"
4923,Cota Co Ltd,54201020,개인 생활 필수 용품
135A,Vrain Solution Inc,57201010,IT 서비스 및 컨설팅
1736,Otec Corp,53203020,건설 자재 및 비품
2971,Escon Japan Reit Investment Corp,60102010,복합부동산 REITs
5408,Nakayama Steel Works Ltd,51201020,철 및 강철
3355,Kuriyama Holdings Corp,51101010,상품 화학
2674,Hard Off Corporation Co Ltd,53403090,기타 전문 소매
6677,SK-Electronics Co Ltd,57101010,반도체
7409,AeroEdge Co Ltd,52101010,항공우주 및 방위
6521,Oxide Corp,57104010,전자 장비 및 부품
9739,NSW Inc,57201010,IT 서비스 및 컨설팅
6306,Nikko Co Ltd,52102020,중장비 및 차량
4820,EM Systems Co Ltd,57201020,소프트웨어
6249,Gamecard Holdings Inc,53301030,카지노 및 도박
6369,Toyo Kanetsu KK,52102010,산업용 기계 및 장비
8704,Traders Holdings Co Ltd,55102010,투자 은행 및 중개 서비스
8139,Nagahori Corp,53202020,의류 및 액세서리
2268,B-R 31 Ice Cream Co Ltd,53301020,레스토랑 및 바
3183,Win-Partners Co Ltd,56101020,"의료 장비, 물품 및 유통"
4725,CAC Holdings Corp,57201010,IT 서비스 및 컨설팅
1814,DAISUE CONSTRUCTION CO.  LTD.,52201020,건설 및 엔지니어링
2820,Yamami Co,54102020,식품 가공
8103,MEIWA CORPORATION,51101010,상품 화학
9845,Parker Corp,51101010,상품 화학
8018,Sankyo Seiko Co Ltd,53202020,의류 및 액세서리
6932,Endo Lighting Corp,53203020,건설 자재 및 비품
3843,FreeBit Co Ltd,57401010,통합 통신 서비스
6994,Shizuki Electric Co Inc,52102030,전기 부품 및 장비
9622,Space Co Ltd,52201020,건설 및 엔지니어링
4112,Hodogaya Chemical Co Ltd,51101030,특수 화학제
7071,Amvis Holdings Inc,56102010,의료 시설 및 서비스
6238,FuRyu Corp,53205010,장난감 및 어린이 제품
2989,Tokaido REIT Inc,60102020,상업용 REITs
2831,Hagoromo Foods Corp,54102020,식품 가공
9795,Step Co Ltd,63101010,기타 교육 서비스 제공
7198,SBI Aruhi Corp,55101030,소비자 대출
6418,Japan Cash Machine Co Ltd,57105010,사무기기
3455,Healthcare & Medical Investment Corp,60102040,특수 REITs
3159,Maruzen CHI Holdings Co Ltd,53403090,기타 전문 소매
2910,Rock Field Co Ltd,54102020,식품 가공
9658,Business Brain Showa-Ota Inc.,57201010,IT 서비스 및 컨설팅
4577,Daito Pharmaceutical Co Ltd,56201040,제약
6240,Yamashin-Filter Corp,52102010,산업용 기계 및 장비
5632,Mitsubishi Steel Mfg. Co.  Ltd.,51201020,철 및 강철
545A,Toranvia Co Ltd,57201020,소프트웨어
4463,Nicca Chemical Co Ltd,51101030,특수 화학제
5464,Mory Industries Inc,51201020,철 및 강철
2221,Iwatsuka Confectionery Co Ltd,54102020,식품 가공
7874,Lec Inc,54201010,가정용 제품
3463,Ichigo Hotel REIT Investment Corp,60102040,특수 REITs
6430,Daikoku Denki Co.  Ltd,53301030,카지노 및 도박
3857,LAC Co Ltd,57201010,IT 서비스 및 컨설팅
5027,AnyMind Group Inc,53302010,광고 및 마케팅
6071,IBJ Inc,54201030,개인 서비스
4709,ID Holdings Corp,57201010,IT 서비스 및 컨설팅
325A,TENTIAL Inc.,53202020,의류 및 액세서리
402A,Axelspace Holdings Corp,52101010,항공우주 및 방위
7414,Onoken Co Ltd,51201020,철 및 강철
3989,Sharingtechnology Inc,57201030,온라인 서비스
2475,WDB Holdings Co Ltd,52203030,고용 서비스
3333,Asahi Co Ltd,53403090,기타 전문 소매
8185,Chiyoda Co Ltd,53403040,의류 및 액세서리 소매
4345,CTS Co Ltd,52203040,경영 지원 서비스
1904,Taisei Oncho Co Ltd,52201020,건설 및 엔지니어링
9441,Bell-Park Co Ltd,53403050,컴퓨터 및 전자 제품 소매
4375,Safie Inc,57201020,소프트웨어
7774,Japan Tissue Engineering Co Ltd,56101020,"의료 장비, 물품 및 유통"
3798,ULS Group Inc,57201010,IT 서비스 및 컨설팅
7047,Port Inc,57201030,온라인 서비스
4593,Healios KK,56202010,생명 공학 및 의학 연구
6648,Kawaden Corp,52102030,전기 부품 및 장비
9438,MTI Ltd,57201030,온라인 서비스
7760,IMV Corp,52102010,산업용 기계 및 장비
3983,Oro Co Ltd,57201010,IT 서비스 및 컨설팅
3193,Eternal Hospitality Group Co Ltd,53301020,레스토랑 및 바
4714,Riso Kyoiku Group Corp,63101010,기타 교육 서비스 제공
6485,Maezawa Kyuso Industries Co Ltd,52102010,산업용 기계 및 장비
4685,Ryoyu Systems Co Ltd,57201010,IT 서비스 및 컨설팅
9955,Yonkyu Co Ltd,54102010,어업 및 농업
4301,Amuse Inc,53302030,엔터테인먼트 제작
5357,Yotai Refractories Co Ltd,51202010,건설 자재
4951,ST Corp,54201010,가정용 제품
7482,Shimojima Co Ltd,51302010,용기(종이 제외) 및 포장재
6706,DKK Co Ltd,57102010,통신 및 네트워킹
7679,Yakuodo Holdings Co Ltd,54301010,의약품 소매
9628,SAN HOLDINGS  INC.,54201030,개인 서비스
7955,Cleanup Corp,53203020,건설 자재 및 비품
4826,Computer Institute of Japan Ltd,57201010,IT 서비스 및 컨설팅
8364,Shimizu Bank Ltd,55101010,은행
9405,Asahi Broadcasting Group Holdings Corp,53302020,방송
523A,Seiwa Holdings Co Ltd,52102010,산업용 기계 및 장비
7500,Nishikawa Keisoku Co Ltd,52102030,전기 부품 및 장비
9319,Chuo Warehouse Co Ltd,52405030,지상 화물 및 물류
5902,Hokkan Holdings Ltd,51302010,용기(종이 제외) 및 포장재
3139,Lacto Japan Co Ltd,54301020,식품 소매 및 유통
3741,Systems Engineering Consultants Co Ltd,57201020,소프트웨어
7596,Uoriki Co Ltd,54301020,식품 소매 및 유통
8101,GSI Creos Corp,53202010,직물 및 가죽제품
7769,Rhythm Co Ltd,57104010,전자 장비 및 부품
9687,KSK Co Ltd,57201010,IT 서비스 및 컨설팅
5484,Tohoku Steel Co Ltd,51201020,철 및 강철
4477,Base Inc,57201030,온라인 서비스
4792,Yamada Consulting Group Co Ltd,52203040,경영 지원 서비스
4847,Intelligent Wave Inc,57201010,IT 서비스 및 컨설팅
6844,Shindengen Electric Manufacturing Co Ltd,52102030,전기 부품 및 장비
6470,Taiho Kogyo Co Ltd,53101020,"자동차, 트럭 및 오토바이 부품"
296A,Reiwa Accounting Holdings Co Ltd,52203040,경영 지원 서비스
7932,Nippi Inc,54102020,식품 가공
6137,Koike Sanso Kogyo Co Ltd,52102010,산업용 기계 및 장비
8217,Okuwa Co. ltd,54301020,식품 소매 및 유통
6232,ACSL Ltd,52101010,항공우주 및 방위
6151,Nitto Kohki Co Ltd,52102010,산업용 기계 및 장비
3221,Yossix Holdings Co Ltd,53301020,레스토랑 및 바
590A,Giftee Group Inc,57201010,IT 서비스 및 컨설팅
6125,OKAMOTO MACHINE TOOL WORKS LTD.,52102010,산업용 기계 및 장비
2305,Studio Alice Co Ltd,54201030,개인 서비스
7779,Cyberdyne Inc,56101010,첨단 의료 장비 및 기술
9284,Canadian Solar Infrastructure Fund Inc,55501030,폐쇄형 펀드
7678,Asakuma Co Ltd,53301020,레스토랑 및 바
5210,Nihon Yamamura Glass Co Ltd,51302010,용기(종이 제외) 및 포장재
4763,Creek & River Co Ltd,52203040,경영 지원 서비스
3825,Remixpoint  inc.,59101010,전력 유틸리티
2915,Kenko Mayonnaise Co Ltd,54102020,식품 가공
7814,Japan Creative Platform Group Co Ltd,52203020,상업 인쇄 서비스
208A,Kozo Keikaku Engineering Holdings Inc,57201020,소프트웨어
2349,Nippon Information Development Co Ltd,57201010,IT 서비스 및 컨설팅
6222,Shima Seiki Mfg. Ltd,52102010,산업용 기계 및 장비
9640,Saison Technology Co.  Ltd.,57201010,IT 서비스 및 컨설팅
9115,Meiji Shipping Group Co Ltd,52405020,해양 화물 및 물류
7059,COPRO-HOLDINGS. Co.  Ltd.,52203030,고용 서비스
4072,Densan System Holdings Co Ltd,57201010,IT 서비스 및 컨설팅
9629,PCA Corp,57201020,소프트웨어
5185,Fukoku Co Ltd,53101020,"자동차, 트럭 및 오토바이 부품"
2114,Fuji Nihon Corp,54102020,식품 가공
9273,Koa Shoji Holdings Co Ltd,56201040,제약
7952,Kawai Musical Instruments Manufacturing Co Ltd,53205020,오락용 제품
4595,Mizuho Medy Co Ltd,56101020,"의료 장비, 물품 및 유통"
6915,Chiyoda Integre Co Ltd,57104010,전자 장비 및 부품
5845,Zenhoren Co Ltd,55101030,소비자 대출
8291,Nissan Tokyo Sales Holdings Co Ltd,53403010,"자동차 차량, 부품 및 서비스 소매"
2153,E J Holdings Inc,52201020,건설 및 엔지니어링
5038,eWeLL Co Ltd,57201020,소프트웨어
1964,Chugai Ro Co Ltd,52102010,산업용 기계 및 장비
9908,Nihon Denkei Co Ltd,52102010,산업용 기계 및 장비
2294,Kakiyasu Honten Co Ltd,54102020,식품 가공
7525,RIX Corp,52102010,산업용 기계 및 장비
350A,Digital Grid Corp,57201010,IT 서비스 및 컨설팅
5363,TYK Corp,51202010,건설 자재
8929,Aoyama Zaisan Networks Co Ltd,60101020,부동산 서비스
9268,Optimus Group Co Ltd,53403010,"자동차 차량, 부품 및 서비스 소매"
6668,Adtec Plasma Technology Co Ltd,57101020,반도체 장비 및 테스트
6469,Hoden Seimitsu Kako Kenkyusho Co Ltd,52102010,산업용 기계 및 장비
4392,Future Innovation Group Inc,52102010,산업용 기계 및 장비
6653,Seiko Electric Co Ltd,52102040,중전기장비
3486,Global Link Management Inc,60101010,"부동산 임대, 개발 및 운영"
7893,Pronexus Inc,52203070,전문 정보 서비스
2462,LIKE Inc,54201030,개인 서비스
4064,Nippon Carbide Industries Co Inc,51101010,상품 화학
8881,Nisshin Group Holdings Co Ltd,60101010,"부동산 임대, 개발 및 운영"
6850,Chino Corporation,52102030,전기 부품 및 장비
2217,Morozoff Ltd,54102020,식품 가공
286A,EUCALIA Inc.,56102010,의료 시설 및 서비스
5981,Tokyo Rope Mfg Co Ltd,51201020,철 및 강철
2359,Core Corp,57201010,IT 서비스 및 컨설팅
2209,Imuraya Group Co Ltd,54102020,식품 가공
5957,Nitto Seiko Co Ltd,52102010,산업용 기계 및 장비
7628,Ohashi Technica Inc,53101020,"자동차, 트럭 및 오토바이 부품"
8006,Yuasa Funashoku Co Ltd,54301020,식품 소매 및 유통
8203,Mr Max Holdings Ltd,53402020,할인점
3393,Startia Holdings Inc,57201010,IT 서비스 및 컨설팅
3771,System Research Co Ltd,57201010,IT 서비스 및 컨설팅
6327,Kitagawa Seiki Co Ltd,52102010,산업용 기계 및 장비
6061,Universal Engeisha Co Ltd,53403020,주택 개조 제품 및 서비스 소매
3452,B-Lot Company Limited,60101010,"부동산 임대, 개발 및 운영"
3315,Nippon Coke & Engineering Co Ltd,50101010,석탄
5254,Arent Inc,57201010,IT 서비스 및 컨설팅
6070,Careerlink Co Ltd,52203030,고용 서비스
8158,Soda Nikka Co Ltd,51101010,상품 화학
2922,Natori Co Ltd,54102020,식품 가공
603A,i Grid Solutions Inc,59101010,전력 유틸리티
8118,King Co Ltd,53202020,의류 및 액세서리
1866,Kitano Construction Corp,52201020,건설 및 엔지니어링
7570,Hashimoto Sogyo Holdings Co Ltd,53203020,건설 자재 및 비품
2533,Oenon Holdings Inc,54101020,증류주 및 포도주
4449,Giftee Inc,57201030,온라인 서비스
6584,Sanoh Industrial Co.  Ltd.,53101020,"자동차, 트럭 및 오토바이 부품"
2418,Tsukada Global Holdings Inc,54201030,개인 서비스
6547,Greens Co Ltd,53301010,"호텔, 모텔 및 크루즈 라인"
7318,SERENDIP HOLDINGS Co Ltd,53101020,"자동차, 트럭 및 오토바이 부품"
421A,Movin' Strategic Career Co Ltd,52203030,고용 서비스
3915,TerraSky Co Ltd,57201010,IT 서비스 및 컨설팅
4228,Sekisui Kasei Co Ltd,51101010,상품 화학
7238,Akebono Brake Industry Co Ltd,53101020,"자동차, 트럭 및 오토바이 부품"
1780,Yamaura Corp,52201020,건설 및 엔지니어링
4410,Harima Chemicals Group Inc,51101010,상품 화학
8789,FinTech Global Inc,55102010,투자 은행 및 중개 서비스
2120,LIFULL Co Ltd,57201030,온라인 서비스
3916,Digital Information Technologies Corp,57201010,IT 서비스 및 컨설팅
4620,Fujikura Kasei Co Ltd,51101010,상품 화학
9769,Gakkyusha Co Ltd,63101010,기타 교육 서비스 제공
9913,Nippo Ltd,57104010,전자 장비 및 부품
4671,Falco Holdings Co Ltd,56102010,의료 시설 및 서비스
3580,Komatsu Matere Co Ltd,53202010,직물 및 가죽제품
3877,Chuetsu Pulp & Paper Co Ltd,51301020,종이 제품
4973,Japan Pure Chemical Co Ltd,51101030,특수 화학제
7520,Eco's Co Ltd,54301020,식품 소매 및 유통
3421,Inaba Seisakusho Co Ltd,52203060,비즈니스 지원 용품
7823,Artnature Inc,54201020,개인 생활 필수 용품
6535,i-mobile Co Ltd,57201030,온라인 서비스
9467,AlphaPolis Co Ltd,53302040,소비자 출판
7505,Fuso Dentsu Co Ltd,57102010,통신 및 네트워킹
3470,Marimo Regional Revitalization REIT Inc,60102010,복합부동산 REITs
4635,Tokyo Printing Ink Mfg Co Ltd,51101090,다각적 화학 산업
4839,Wowow Inc,53302020,방송
5909,Corona Corp,53204030,"가전제품, 도구 및 가정 용품"
5592,Kusurinomadoguchi Inc,56101010,첨단 의료 장비 및 기술
8772,Asax Co Ltd,55101050,기업 금융 서비스
3472,Nippon Hotel & Residential Investment Corp,60102040,특수 REITs
6620,Miyakoshi Holdings Inc,60101010,"부동산 임대, 개발 및 운영"
7466,SPK Corp,53101020,"자동차, 트럭 및 오토바이 부품"
4979,OAT Agrio Co Ltd,51101020,농화학제
7888,Sanko Gosei Ltd,52102010,산업용 기계 및 장비
2009,Torigoe Co Ltd,54102020,식품 가공
6832,Aoi Electronics Co Ltd,57101010,반도체
6763,Teikoku Tsushin Kogyo Co Ltd,57104010,전자 장비 및 부품
9702,ISB Corp,57201020,소프트웨어
9270,Valuence Holdings Inc,53403090,기타 전문 소매
8275,Forval Corp,57105010,사무기기
9535,Hiroshima Gas Co Ltd,59102010,천연가스 유틸리티
3922,PR Times Corp,57201030,온라인 서비스
2753,Amiyaki Tei Co Ltd,53301020,레스토랑 및 바
9768,Idea Consultants Inc,52203010,환경 서비스 및 장비
4320,CE Holdings Co Ltd,57201020,소프트웨어
5574,ABEJA Inc,57201010,IT 서비스 및 컨설팅
7711,Sukegawa Electric Co Ltd,52102030,전기 부품 및 장비
4801,Central Sports Co Ltd,53301040,여가 및 오락시설
8860,Fuji Corp Ltd,60101010,"부동산 임대, 개발 및 운영"
7305,Araya Industrial Co Ltd,51201020,철 및 강철
1429,Nippon Aqua Co Ltd,53203020,건설 자재 및 비품
6986,Futaba Corp,52102030,전기 부품 및 장비
401A,Kasumigaseki Hotel REIT Investment Corp,60102040,특수 REITs
5337,Danto Holdings Corp,51202010,건설 자재
4662,Focus Systems Corp,57201010,IT 서비스 및 컨설팅
7844,Marvelous Inc,57201030,온라인 서비스
8007,Takashima & Co Ltd,53203020,건설 자재 및 비품
6245,Hirano Tecseed Co Ltd,52102010,산업용 기계 및 장비
2185,CMC Corp,53302010,광고 및 마케팅
4691,WASHINGTON HOTEL CORPORATION,53301010,"호텔, 모텔 및 크루즈 라인"
8920,Tosho Co Ltd,53301040,여가 및 오락시설
146A,Columbia Works Inc,60101010,"부동산 임대, 개발 및 운영"
3723,Nihon Falcom Corp,57201020,소프트웨어
4396,System Support Holdings Inc,57201010,IT 서비스 및 컨설팅
8537,Taiko Bank Ltd,55101010,은행
6492,Okano Valve Mfg. Co Ltd,52102010,산업용 기계 및 장비
1960,Sanyo Engineering & Construction Inc,52201020,건설 및 엔지니어링
2469,Hibino Corp,57106030,가정용 전자 제품
3788,GMO GlobalSign Holdings KK,57201010,IT 서비스 및 컨설팅
7856,Hagihara Industries Inc,51101010,상품 화학
6279,ZUIKO CORPORATION,52102010,산업용 기계 및 장비
6643,Togami Electric Mfg Co Ltd,52102030,전기 부품 및 장비
5945,Tenryu Saw Mfg Co Ltd,52102010,산업용 기계 및 장비
6835,Allied Telesis Holdings KK,57102010,통신 및 네트워킹
7185,Hirose Tusyo Inc.,55102010,투자 은행 및 중개 서비스
3488,Central Reit Investment Corp,60102010,복합부동산 REITs
3388,Meiji Electric Industries Co Ltd,52102030,전기 부품 및 장비
341A,Toyokoh Inc,52201020,건설 및 엔지니어링
8928,Anabuki Kosan Inc,60101010,"부동산 임대, 개발 및 운영"
6378,Kimura Chemical Plants Co Ltd,52102010,산업용 기계 및 장비
3548,Baroque Japan Ltd,53403040,의류 및 액세서리 소매
5142,Achilles Corp,51101010,상품 화학
4499,Speee Inc,57201010,IT 서비스 및 컨설팅
504A,Innovacell Inc,56201040,제약
7683,WA Inc,53202030,제화
5698,Envipro Holdings Inc,52203010,환경 서비스 및 장비
3199,Watahan & Co Ltd,54301020,식품 소매 및 유통
7018,Naikai Zosen Corp,52102050,조선
6089,Will Group Inc,52203030,고용 서비스
4371,Core Concept Technologies Inc,57201010,IT 서비스 및 컨설팅
9029,Higashi Holdings Co Ltd,52405030,지상 화물 및 물류
3611,Matsuoka Corp,53202020,의류 및 액세서리
6365,DMW Corp,52102010,산업용 기계 및 장비
2148,ITmedia Inc,57201030,온라인 서비스
1972,Sanko Metal Industrial Co Ltd,52201020,건설 및 엔지니어링
3179,Syuppin Co Ltd,53403050,컴퓨터 및 전자 제품 소매
3597,Jichodo Co Ltd,53202020,의류 및 액세서리
2461,FAN Communications Inc,53302010,광고 및 마케팅
9644,Tanabe Consulting Group Co Ltd,52203040,경영 지원 서비스
6072,Jibannet Holdings Co Ltd,52203040,경영 지원 서비스
7191,Entrust Inc,55101030,소비자 대출
6962,Daishinku Corp,57104010,전자 장비 및 부품
2158,FRONTEO  Inc.,57201010,IT 서비스 및 컨설팅
7962,King Jim Co Ltd,52203060,비즈니스 지원 용품
1828,Tanabe Engineering Corp,52201020,건설 및 엔지니어링
5537,AlbaLink Co Ltd,60101010,"부동산 임대, 개발 및 운영"
2301,Gakujo Co Ltd,52203030,고용 서비스
2933,Kibun Foods Inc,54102020,식품 가공
3947,Dynapac Co Ltd,51302020,종이 포장재
2354,YE DIGITAL Corp,57201010,IT 서비스 및 컨설팅
4058,Toyokumo Inc,57201010,IT 서비스 및 컨설팅
6626,Semitec Corp,57104010,전자 장비 및 부품
3676,Digital Hearts Holdings Co Ltd,57201010,IT 서비스 및 컨설팅
3939,Kanamic Network Co Ltd,56102010,의료 시설 및 서비스
3696,Ceres Inc,57201030,온라인 서비스
8070,Tokyo Sangyo Co Ltd,52102010,산업용 기계 및 장비
9782,DMS Inc,53302010,광고 및 마케팅
6482,Yushin Co,52102010,산업용 기계 및 장비
367A,Primo Global Holdings Co Ltd,53403040,의류 및 액세서리 소매
9204,Skymark Airlines Inc.,52406010,항공사
4165,Plaid Inc,57201010,IT 서비스 및 컨설팅
6862,Minato Holdings Inc,57101010,반도체
4933,I-ne Co Ltd,54201020,개인 생활 필수 용품
3837,Ad-Sol Nissin Corp,57201010,IT 서비스 및 컨설팅
4251,KEIWA Incorporated,51101010,상품 화학
9286,Enex Infrastructure Investment Corp,55501030,폐쇄형 펀드
9709,NCS&A Co Ltd,57201010,IT 서비스 및 컨설팅
6298,YAC Holdings Co Ltd,57101020,반도체 장비 및 테스트
7187,J-Lease Co Ltd,55101030,소비자 대출
3075,Choushimaru Co Ltd,53301020,레스토랑 및 바
250A,Shimadaya Corp,54102020,식품 가공
6798,SMK Corp,57104010,전자 장비 및 부품
6539,Matching Service Japan Co Ltd,52203030,고용 서비스
8041,OUG Holdings Inc,54102010,어업 및 농업
261A,Nihon Suido Consultants Co Ltd,52201020,건설 및 엔지니어링
7033,Management Solutions Co Ltd,52203040,경영 지원 서비스
3984,User Local Inc,57201010,IT 서비스 및 컨설팅
6616,Torex Semiconductor Ltd,57101010,반도체
9083,Shinki Bus Co Ltd,52406020,지상 및 해상 여객 운송
2819,Ebara Foods Industry Inc,54102020,식품 가공
7638,New Art Holdings Co Ltd,53202020,의류 및 액세서리
7417,Nanyo Corp,52102010,산업용 기계 및 장비
9057,Enshu Truck Co Ltd,52405030,지상 화물 및 물류
2804,Bull-Dog Sauce Co Ltd,54102020,식품 가공
9932,Sugimoto & Co Ltd,52102010,산업용 기계 및 장비
3489,FaithNetwork Co Ltd,60101010,"부동산 임대, 개발 및 운영"
8089,Nice Corp,53203020,건설 자재 및 비품
9216,Bewith Inc,52203040,경영 지원 서비스
3023,Rasa Corp,52102010,산업용 기계 및 장비
2334,Eole Inc,53302010,광고 및 마케팅
4310,Dream Incubator Inc,52203040,경영 지원 서비스
3649,Findex Inc,56101010,첨단 의료 장비 및 기술
7600,Japan Medical Dynamic Marketing Inc,56101020,"의료 장비, 물품 및 유통"
6445,Janome Corp,53204030,"가전제품, 도구 및 가정 용품"
2882,Eat&Holdings Co Ltd,54102020,식품 가공
7554,Kourakuen Corp,53301020,레스토랑 및 바
7481,Oie Sangyo Co Ltd,54301020,식품 소매 및 유통
544A,GMS Group Co Ltd,52102010,산업용 기계 및 장비
6505,TOYO DENKI SEIZO K.K.,52102040,중전기장비
300A,MIC Co Ltd,52203040,경영 지원 서비스
5922,Nasu Denki Tekko Co Ltd,51202010,건설 자재
5933,Alinco Inc,53203020,건설 자재 및 비품
6257,Fujishoji Co Ltd,53301030,카지노 및 도박
9979,Daisyo Corp,53301020,레스토랑 및 바
2814,Sato Foods Industries Co Ltd,54102020,식품 가공
2471,S-Pool Inc,52203030,고용 서비스
2198,IKK Holdings Inc,54201030,개인 서비스
7475,Albis Co Ltd,54301020,식품 소매 및 유통
8076,Canox Corp,51201020,철 및 강철
2266,Rokko Butter Co Ltd,54102020,식품 가공
9788,Nac Co Ltd,52201020,건설 및 엔지니어링
4439,Toumei Co Ltd,57102010,통신 및 네트워킹
5015,BP Castrol KK,50102030,"오일, 가스 정제 및 마케팅"
9994,Yamaya Corp,54301020,식품 소매 및 유통
8301,Bank of Japan,55101010,은행
3694,OPTiM Corp,57201020,소프트웨어
7294,Yorozu Corp,53101020,"자동차, 트럭 및 오토바이 부품"
3791,IG Port Inc,53302030,엔터테인먼트 제작
3553,Kyowa Leather Cloth Co Ltd,53202010,직물 및 가죽제품
6086,Shin Maint Holdings Co Ltd,52203040,경영 지원 서비스
4977,Nitta Gelatin Inc,54102020,식품 가공
5246,ELEMENTS Inc,57201010,IT 서비스 및 컨설팅
3205,Daidoh Ltd,53202020,의류 및 액세서리
2378,Renaissance Inc,53301040,여가 및 오락시설
8085,Narasaki Sangyo Co Ltd,52102010,산업용 기계 및 장비
6184,Kamakura Shinsho Ltd,57201030,온라인 서비스
3178,Chimney Co Ltd,53301020,레스토랑 및 바
6246,Techno Smart Corp,52102010,산업용 기계 및 장비
6382,TRINITY INDUSTRIAL CORPORATION,52102010,산업용 기계 및 장비
5644,METALART CORPORATION,53101020,"자동차, 트럭 및 오토바이 부품"
6566,Kaname Kogyo Co Ltd,52203010,환경 서비스 및 장비
3921,Neojapan Inc,57201020,소프트웨어
9990,Sac's Bar Holdings Inc,53403040,의류 및 액세서리 소매
2892,Nihon Shokuhin Kako Co Ltd,54102020,식품 가공
7725,Inter Action Corp,57101020,반도체 장비 및 테스트
9850,Gourmet Kineya Co Ltd,53301020,레스토랑 및 바
4599,StemRIM Inc,56201040,제약
6040,Nippon Ski Resort Development Co Ltd,53301040,여가 및 오락시설
6918,Aval Data Corp,57101020,반도체 장비 및 테스트
5532,Realgate Inc,60101010,"부동산 임대, 개발 및 운영"
9158,CUC Inc,56102010,의료 시설 및 서비스
8093,Kyokuto Boeki Kaisha Ltd,52102010,산업용 기계 및 장비
6863,Nireco Corp,52102010,산업용 기계 및 장비
7746,Okamoto Glass Co Ltd,57106030,가정용 전자 제품
3168,MERF Inc,51201050,특수 채굴 및 금속
3968,Segue Group Co Ltd,57201010,IT 서비스 및 컨설팅
6167,Fuji Die Co Ltd,52102010,산업용 기계 및 장비
8095,Astena Holdings Co Ltd,56201040,제약
7521,Musashi Co Ltd,57105010,사무기기
9332,Nisso Holdings Co Ltd,52203030,고용 서비스
6927,Helios Techno Holding Co Ltd,52102030,전기 부품 및 장비
5135,AIR-U Ltd,57401020,무선 통신 서비스
2982,A.D.Works Group Co Ltd,60101010,"부동산 임대, 개발 및 운영"
4498,Cybertrust Japan Co Ltd,57201020,소프트웨어
4809,Paraca Inc,52407030,고속도로 및 철도
4538,Fuso Pharmaceutical Industries Ltd,56201040,제약
1770,Fujita Engineering Co Ltd,52201020,건설 및 엔지니어링
9537,Hokuriku Gas Co. ltd,59102010,천연가스 유틸리티
9651,Japan Process Development Co Ltd,57201010,IT 서비스 및 컨설팅
8091,Nichimo Co Ltd,54102020,식품 가공
5269,Nippon Concrete Industries Co Ltd,51202010,건설 자재
1914,Japan Foundation Engineering Co Ltd,52201020,건설 및 엔지니어링
9982,Takihyo Co Ltd,53202020,의류 및 액세서리
5018,Moresco Corp,50102030,"오일, 가스 정제 및 마케팅"
6444,Sanden Corp,53101020,"자동차, 트럭 및 오토바이 부품"
7266,Imasen Electric Industrial Co Ltd,53101020,"자동차, 트럭 및 오토바이 부품"
372A,Rent Corp,52203040,경영 지원 서비스
6037,Rakumachi Inc,57201030,온라인 서비스
6157,NS Tool Co Ltd,52102010,산업용 기계 및 장비
9251,AB&Company Co Ltd,54201030,개인 서비스
8737,Akatsuki Corp,55102010,투자 은행 및 중개 서비스
4404,Miyoshi Oil & Fat Co.  Ltd.,54102020,식품 가공
218A,Liberaware Co Ltd,57201010,IT 서비스 및 컨설팅
9233,Asia Air Survey Co Ltd,51201070,채굴 지원 서비스 및 장비
2497,UNITED  Inc.,55102020,투자 관리 및 펀드 운영
9059,Kanda Holdings Co Ltd,52405030,지상 화물 및 물류
5918,Takigami Steel Construction Co Ltd,52201020,건설 및 엔지니어링
7871,Fukuvi Chemical Industry Co Ltd,53203020,건설 자재 및 비품
6191,AirTrip Corp,53301040,여가 및 오락시설
6050,E-Guardian Inc,52203040,경영 지원 서비스
2163,Artner Co Ltd,52203030,고용 서비스
5951,Dainichi Co Ltd,52102030,전기 부품 및 장비
8542,Tomato Bank Ltd,55101010,은행
6928,Enomoto Co Ltd,52102030,전기 부품 및 장비
6989,Hokuriku Electric Industry Co Ltd,57104010,전자 장비 및 부품
5932,Sankyo Tateyama Inc,53203020,건설 자재 및 비품
6496,Nakakita Seisakusho Co Ltd,52102010,산업용 기계 및 장비
6629,Techno Horizon Co Ltd,57105010,사무기기
6874,Kyoritsu Electric Corp,52102030,전기 부품 및 장비
6912,Kikusui Holdings Corp,52102030,전기 부품 및 장비
9163,Nareru Group Inc,52203030,고용 서비스
9996,Satoh&Co Ltd,54301020,식품 소매 및 유통
3951,Asahi Printing Co Ltd,51302020,종이 포장재
3901,MarkLines Co.  Ltd.,57201030,온라인 서비스
7176,Simplex Financial Holdings Co Ltd,55102030,다각적 투자 서비스
4800,Oricon Inc.,57201030,온라인 서비스
5589,Auto Server Co Ltd,57201030,온라인 서비스
4783,NCD Co Ltd,57201010,IT 서비스 및 컨설팅
3853,ASTERIA Corporation,57201020,소프트웨어
1436,GreenEnergy & Company Inc,50201010,재생 가능 에너지 장비 및 서비스
3772,Wealth Management  Inc.,60101010,"부동산 임대, 개발 및 운영"
3547,Unisia Holdings Co,53301020,레스토랑 및 바
4393,Bank of Innovation Inc,57201020,소프트웨어
4493,Cyber Security Cloud Inc,57201030,온라인 서비스
3712,Information Planning Co Ltd,57201010,IT 서비스 및 컨설팅
8029,Look Holdings Inc,52405030,지상 화물 및 물류
3773,Advanced Media Inc,57201020,소프트웨어
6356,Nippon Gear Co Ltd,52102010,산업용 기계 및 장비
8046,Marufuji Sheet Piling Co Ltd,51202010,건설 자재
5816,Onamba Co Ltd,52102030,전기 부품 및 장비
3835,eBASE Co Ltd,57201020,소프트웨어
4231,Tigers Polymer Corp,53101030,타이어 및 고무 제품
9322,Kawanishi Warehouse Co Ltd,52405030,지상 화물 및 물류
4668,Meiko Network Japan Co Ltd,63101010,기타 교육 서비스 제공
3166,Ochi Holdings Co Ltd,53203020,건설 자재 및 비품
9046,Kobe Electric Railway Co Ltd,52406020,지상 및 해상 여객 운송
6853,Kyowa Electronic Instruments Co Ltd,52102010,산업용 기계 및 장비
5139,OpenWork Inc,57201030,온라인 서비스
4563,AnGes Inc,56202010,생명 공학 및 의학 연구
3678,Media Do Co Ltd,53302040,소비자 출판
6194,Atrae Inc,57201030,온라인 서비스
7643,Daiichi Co Ltd,54301020,식품 소매 및 유통
2180,Sunny Side Up Group Inc,53302010,광고 및 마케팅
5658,Nichia Steel Works Ltd,51201020,철 및 강철
6743,Daido Signal Co Ltd,52102030,전기 부품 및 장비
3558,Jade Group Inc,57201030,온라인 서비스
9171,Kuribayashi Steamship Co Ltd,52405020,해양 화물 및 물류
2932,STI Foods Holdings Inc,54102020,식품 가공
3834,Asahi Net Inc,57401010,통합 통신 서비스
6565,ABhotel Co Ltd,53301010,"호텔, 모텔 및 크루즈 라인"
8869,Meiwa Estate Co Ltd,60101010,"부동산 임대, 개발 및 운영"
4425,Kudan Inc,57201020,소프트웨어
4998,Fumakilla Ltd,51101020,농화학제
3242,Urbanet Corporation Co Ltd,60101010,"부동산 임대, 개발 및 운영"
8917,First Juken Co Ltd,53203010,주택 건설
3157,GEOLIVE Group Corp,53203020,건설 자재 및 비품
6562,Geniee Inc,53302010,광고 및 마케팅
4434,Serverworks Co Ltd,57201010,IT 서비스 및 컨설팅
6199,Seraku Co Ltd,57201010,IT 서비스 및 컨설팅
6018,Hanshin Diesel Works Ltd,52102050,조선
2445,Takamiya Co Ltd,52203040,경영 지원 서비스
6337,Tesec Corp,57101020,반도체 장비 및 테스트
2477,Temairazu Inc,57201030,온라인 서비스
3565,Ascentech K.K.,57201020,소프트웨어
6440,Juki Corp,52102010,산업용 기계 및 장비
438A,Infcurion Inc,57301010,핀테크
6358,Sakai Heavy Industries Ltd,52102020,중장비 및 차량
4994,Taisei Lamick Group Head Quarter & Innovation Co Ltd,51302010,용기(종이 제외) 및 포장재
3068,WDI Corp,60101010,"부동산 임대, 개발 및 운영"
2204,Nakamuraya Co Ltd,54102020,식품 가공
6570,Kyowa Corp,53301040,여가 및 오락시설
9033,Hiroshima Electric Railway Co Ltd,52406020,지상 및 해상 여객 운송
7621,Ukai Co Ltd,53301020,레스토랑 및 바
9211,F-Code Inc,57201010,IT 서비스 및 컨설팅
7119,Halmek Holdings Co Ltd,53302040,소비자 출판
3484,Innovation Holdings Co Ltd,60101010,"부동산 임대, 개발 및 운영"
3457,&Do Holdings Co Ltd,60101020,부동산 서비스
7299,Fuji Oozx Inc,53101020,"자동차, 트럭 및 오토바이 부품"
7254,Univance Corp,53101020,"자동차, 트럭 및 오토바이 부품"
1376,Kaneko Seeds Co Ltd,51101020,농화학제
3180,Beauty Garage Inc,53403090,기타 전문 소매
1381,Axyz Co Ltd,54102020,식품 가공
9765,Ohba Co Ltd,52201020,건설 및 엔지니어링
9686,Toyo Tec Co Ltd,52203040,경영 지원 서비스
6203,Howa Machinery Ltd,52102010,산업용 기계 및 장비
7320,Solvvy Inc,54201030,개인 서비스
5707,Toho Zinc Co. Ltd.,51201050,특수 채굴 및 금속
3992,Needs Well Inc,57201020,소프트웨어
2903,Shinobu Foods Products Co Ltd,54102020,식품 가공
6678,Techno Medica Co Ltd,56101020,"의료 장비, 물품 및 유통"
9312,Keihin Co Ltd,52405030,지상 화물 및 물류
9556,Intloop Inc,52203040,경영 지원 서비스
6484,KVK Corp,53203020,건설 자재 및 비품
6073,Asante Inc,52201020,건설 및 엔지니어링
6882,Sansha Electric Manufacturing Co Ltd,52102030,전기 부품 및 장비
8747,Yutaka Trusty Securities Co Ltd,55102010,투자 은행 및 중개 서비스
1867,Ueki Corp,52201020,건설 및 엔지니어링
8383,Tottori Bank Ltd,55101010,은행
7539,Ainavo Holdings Co Ltd,53203020,건설 자재 및 비품
5388,Kunimine Industries Co Ltd,51202010,건설 자재
9367,Daito Koun Co Ltd,52405020,해양 화물 및 물류
9424,Japan Communications Inc.,57401020,무선 통신 서비스
3361,Toell Co Ltd,50102030,"오일, 가스 정제 및 마케팅"
3454,First Brothers Co Ltd,55102010,투자 은행 및 중개 서비스
5729,Nihon Seiko Co Ltd,51101010,상품 화학
431A,uSonar Co Ltd,57201020,소프트웨어
6392,Yamada Corp,52102010,산업용 기계 및 장비
4767,TOW Co Ltd,53302010,광고 및 마케팅
9691,Ryomo Systems Co Ltd,57201010,IT 서비스 및 컨설팅
3501,Suminoe Co Ltd,53101020,"자동차, 트럭 및 오토바이 부품"
2998,CREAL Inc.,60101020,부동산 서비스
3529,Atsugi Co Ltd,53202020,의류 및 액세서리
3648,AGS Corp,57201010,IT 서비스 및 컨설팅
7095,Macbee Planet Inc,53302010,광고 및 마케팅
6571,QB Net Holdings Co Ltd,54201030,개인 서비스
7472,Toba Inc,52102010,산업용 기계 및 장비
2152,Youji Corp,63101010,기타 교육 서비스 제공
414A,Overlap Holdings Inc,53302040,소비자 출판
7820,Nihon Flush Co Ltd,53203020,건설 자재 및 비품
7273,Ikuyo Co Ltd,53101020,"자동차, 트럭 및 오토바이 부품"
7030,Sprix Inc,63103010,전문 및 비즈니스 교육
1384,Hokuryo Co Ltd,54102010,어업 및 농업
1716,Dai-Ichi Cutter Kogyo KK,52201020,건설 및 엔지니어링
2930,Kitanotatsujin Corp,53402010,백화점
3544,Satudora Holdings Co Ltd,54301010,의약품 소매
3512,Nippon Felt Co Ltd,53202010,직물 및 가죽제품
2307,Cross Cat Co Ltd,57201010,IT 서비스 및 컨설팅
7885,Takano Co Ltd,52203060,비즈니스 지원 용품
3665,Enigmo Inc,57201030,온라인 서비스
336A,Dynamic Map Platform Co.  Ltd.,57201010,IT 서비스 및 컨설팅
7358,Poppins Corp,54201030,개인 서비스
3662,Ateam Holdings Co Ltd,57201030,온라인 서비스
2929,Pharma Foods International Co Ltd,56202010,생명 공학 및 의학 연구
7713,Sigma Koki Co Ltd,57105010,사무기기
2970,GLC Group Inc,60101020,부동산 서비스
9553,MicroAd Inc,53302010,광고 및 마케팅
2652,Mandarake Inc,53403090,기타 전문 소매
7354,Direct Marketing MiX Inc,53302010,광고 및 마케팅
276A,CCReB Advisors Inc,60101020,부동산 서비스
3096,Ocean System Corp,54301020,식품 소매 및 유통
4125,Sanwayuka Industry Corp,51101010,상품 화학
7562,Anrakutei Co Ltd,53301020,레스토랑 및 바
5535,Migalo Holdings Inc,60101020,부동산 서비스
3513,Ichikawa Co Ltd,52102010,산업용 기계 및 장비
505A,Geekly Inc,,
4053,Sun* Inc,57201010,IT 서비스 및 컨설팅
5280,Yoshicon Co Ltd,60101010,"부동산 임대, 개발 및 운영"
7634,Hoshi Iryo-Sanki Co Ltd,56101020,"의료 장비, 물품 및 유통"
428A,Cypress Holdings Co Ltd,53301020,레스토랑 및 바
8999,Grandy House Corp,60101010,"부동산 임대, 개발 및 운영"
6317,Kitagawa Corp,52102010,산업용 기계 및 장비
7523,Art Vivant Co Ltd,53403030,가정용 가구 소매
3154,Medius Holdings Co Ltd,56101020,"의료 장비, 물품 및 유통"
3656,KLab Inc.,57201030,온라인 서비스
3329,Towa Food Service Co Ltd,53301020,레스토랑 및 바
2694,Yakiniku Sakai Holdings Inc,53301020,레스토랑 및 바
7727,Oval Corp,52102010,산업용 기계 및 장비
7811,Nakamoto Packs Co Ltd,51302010,용기(종이 제외) 및 포장재
9857,Eiwa Corp,52102010,산업용 기계 및 장비
6848,DKK-Toa Corp,52102030,전기 부품 및 장비
7927,Muto Seiko Co,57104010,전자 장비 및 부품
5852,Ahresty Corp,53101020,"자동차, 트럭 및 오토바이 부품"
3925,Double Standard Inc,52203040,경영 지원 서비스
7256,Kasai Kogyo Co.  Ltd,53101020,"자동차, 트럭 및 오토바이 부품"
7347,Mercuria Holdings Co Ltd,55102020,투자 관리 및 펀드 운영
2335,Cube System Inc,57201010,IT 서비스 및 컨설팅
7699,Omni-plus System Ltd DRC,51101010,상품 화학
5885,GDEP Advance Inc,57106010,컴퓨터 하드웨어
5941,Nakanishi MFG Co Ltd,52102010,산업용 기계 및 장비
3415,Tokyo Base Co Ltd,53403040,의류 및 액세서리 소매
9074,Japan Oil Transportation Co Ltd,52405030,지상 화물 및 물류
6998,Nippon Tungsten Co Ltd,52102030,전기 부품 및 장비
3541,Nousouken Corp,54102010,어업 및 농업
436A,CyberSolutions Inc,57201020,소프트웨어
2806,Yutaka Foods Corp,54102020,식품 가공
2415,Human Holdings Co Ltd,52203030,고용 서비스
274A,Garden Co Ltd,53301020,레스토랑 및 바
2340,Gokurakuyu Holdings Co Ltd,54201030,개인 서비스
7490,Nissin Shoji Co Ltd,50102030,"오일, 가스 정제 및 마케팅"
2484,Demae-can Co Ltd,57201030,온라인 서비스
4441,Tobila Systems Inc,57201010,IT 서비스 및 컨설팅
584A,LiNKX Inc,57301010,핀테크
3300,AMBITION DX HOLDINGS Co.  Ltd.,60101010,"부동산 임대, 개발 및 운영"
2983,Arr Planner Co Ltd,53203010,주택 건설
5965,Fujimak Corp,52102010,산업용 기계 및 장비
4813,Access Co Ltd,57201020,소프트웨어
5356,Mino Ceramic Co Ltd,51202010,건설 자재
6540,Semba Corp,52201020,건설 및 엔지니어링
9034,Nanso Transport Co Ltd,52405030,지상 화물 및 물류
9450,Fibergate Inc,57401020,무선 통신 서비스
7235,Tokyo Radiator Mfg Co Ltd,53101020,"자동차, 트럭 및 오토바이 부품"
5285,Yamax Corp,51202010,건설 자재
3850,NTT Data Intramart Corp,57201020,소프트웨어
9414,Nippon BS Broadcasting Corp,53302020,방송
5078,CEL Corp,60101010,"부동산 임대, 개발 및 운영"
7352,TWOSTONE&Sons Inc,52203030,고용 서비스
7094,NexTone Inc,53302030,엔터테인먼트 제작
4762,XNET Corp,57201010,IT 서비스 및 컨설팅
7794,EDP Corp,57101010,반도체
3467,Agratio Urban Design Inc,60101010,"부동산 임대, 개발 및 운영"
2937,St.Cousair Co Ltd,54102020,식품 가공
7743,Seed Co Ltd,56101020,"의료 장비, 물품 및 유통"
6294,Okada Aiyon Corp,52102020,중장비 및 차량
6039,Japan Animal Referral Medical Center Co Ltd,56102010,의료 시설 및 서비스
8887,Syla Holdings Co Ltd,60101010,"부동산 임대, 개발 및 운영"
2112,Ensuiko Sugar Refining Co Ltd,54102020,식품 가공
5258,Transaction Media Networks Inc,57301010,핀테크
2597,Unicafe Inc,54102020,식품 가공
4433,Hito Communications Holdings Inc,52203030,고용 서비스
3777,Environment Friendly Holdings Corp,52203040,경영 지원 서비스
378A,Hit Co Ltd,53302010,광고 및 마케팅
7987,Nakabayashi Co Ltd,51301020,종이 제품
6597,HPC Systems Inc,57106010,컴퓨터 하드웨어
9307,Sugimura Warehouse Co Ltd,52405030,지상 화물 및 물류
4889,Renascience Inc,56201040,제약
4761,Sakura KCS Corp,57201010,IT 서비스 및 컨설팅
5621,Human Technologies Inc,57201020,소프트웨어
7122,THE KINKI SHARYO CO.  LTD.,52102020,중장비 및 차량
2410,Career Design Center Co Ltd,52203030,고용 서비스
3374,Naigai Tec Corp,52102030,전기 부품 및 장비
4409,Toho Chemical Industry Co Ltd,51101030,특수 화학제
2924,Ifuji Sangyo Co Ltd,54102010,어업 및 농업
2491,ValueCommerce Co Ltd,53302010,광고 및 마케팅
6255,NPC Inc,52102010,산업용 기계 및 장비
490A,SENSE TRUST Co.  Ltd.,60101020,부동산 서비스
3800,Unirita Inc,57201020,소프트웨어
3640,Densan Co Ltd,57201010,IT 서비스 및 컨설팅
2884,Yoshimura Food Holdings KK,54102020,식품 가공
6572,OPEN Group  Inc.,57201010,IT 서비스 및 컨설팅
9306,Toyo Logistics Co Ltd,52405010,"배달, 우편, 항공 화물 및 육상 물류"
1431,Lib Work Co Ltd,60101010,"부동산 임대, 개발 및 운영"
9986,Zaoh Co Ltd,52102010,산업용 기계 및 장비
8030,Chuo Gyorui Co Ltd,54102010,어업 및 농업
6390,Kato Works Co Ltd,52102020,중장비 및 차량
8908,Mainichi Comnet Co Ltd,60101010,"부동산 임대, 개발 및 운영"
8931,Wadakohsan Corp,60101010,"부동산 임대, 개발 및 운영"
3776,BroadBand Tower Inc,57201010,IT 서비스 및 컨설팅
1787,Nakabohtec Corrosion Protecting Co Ltd,51201020,철 및 강철
4482,Wills Inc,57201030,온라인 서비스
3542,Vega Corporation Co Ltd,57201030,온라인 서비스
8045,Yokohama Maruuo Co Ltd,54102010,어업 및 농업
2489,Adways Inc,53302010,광고 및 마케팅
3997,Trade Works Co Ltd,57201020,소프트웨어
4238,Miraial Co Ltd,51302010,용기(종이 제외) 및 포장재
5367,Nikkato Corp,52102030,전기 부품 및 장비
5983,Iwabuchi Corp,52102010,산업용 기계 및 장비
1435,robot home Inc,60101020,부동산 서비스
9248,People Dreams & Technologies Group Co Ltd,52201020,건설 및 엔지니어링
3810,CyberStep Holdings Inc,57201030,온라인 서비스
3914,Jig-Saw Inc,57201010,IT 서비스 및 컨설팅
8918,Land Co Ltd,60101010,"부동산 임대, 개발 및 운영"
9799,Asahi Intelligence Service Co Ltd,57201010,IT 서비스 및 컨설팅
9408,BSN Media Holdings Inc,53302020,방송
4344,Sourcenext Corp,57201020,소프트웨어
4026,Konoshima Chemical Co Ltd,53203020,건설 자재 및 비품
6522,Asterisk Inc,57106010,컴퓨터 하드웨어
4366,Daito Chemix Corp,51101090,다각적 화학 산업
297A,Alpico Holdings Co Ltd,54301020,식품 소매 및 유통
6797,Nagoya Electric Works Co Ltd,57104010,전자 장비 및 부품
3063,j-Group Holdings Corp,53301020,레스토랑 및 바
4575,CanBas Co.  Ltd.,56201040,제약
5132,pluszero Inc,57201010,IT 서비스 및 컨설팅
7487,Ozu Corp,53202010,직물 및 가죽제품
9959,Aseed Holdings Co Ltd,54301020,식품 소매 및 유통
4175,Coly Inc,57201030,온라인 서비스
8927,Meiho Enterprise Co Ltd,60101010,"부동산 임대, 개발 및 운영"
4093,Toho Acetylene Co Ltd,51101010,상품 화학
6224,JRC Co Ltd,52102040,중전기장비
2935,Pickles Holdings Co Ltd,54102020,식품 가공
558A,Squeeze Inc,57201010,IT 서비스 및 컨설팅
6405,Suzumo Machinery Co Ltd,52102010,산업용 기계 및 장비
3417,Ohki Healthcare Holdings Co Ltd,56201040,제약
1826,Sata Construction Co Ltd,52201020,건설 및 엔지니어링
2700,Kitoku Shinryo Co Ltd,54301020,식품 소매 및 유통
3140,Bruno Inc,54201010,가정용 제품
6159,Micron Machinery Co Ltd,52102010,산업용 기계 및 장비
7110,Kurashicom Inc,53403030,가정용 가구 소매
9701,Tokyo Kaikan Co Ltd,53301020,레스토랑 및 바
7875,Takeda iP Holdings Co Ltd,52203020,상업 인쇄 서비스
7115,AlphaPurchase Corp,52202010,다각적 산업용 제품 도매
4712,KeyHolder Inc,53301040,여가 및 오락시설
9612,Luckland Co Ltd,52201020,건설 및 엔지니어링
7081,Koyou Rentia Co Ltd,52203040,경영 지원 서비스
2936,BASE FOOD Inc,54102020,식품 가공
6493,Nittan Corp,53101020,"자동차, 트럭 및 오토바이 부품"
6316,Maruyama MFG Co Inc,52102020,중장비 및 차량
6165,Punch Industry Co Ltd,52102010,산업용 기계 및 장비
7373,Aidma Holdings Inc,52203040,경영 지원 서비스
5237,Nozawa Corp,51202010,건설 자재
6955,FDK Corp,52102030,전기 부품 및 장비
9227,Microwave Chemical Co.  Ltd.,51101010,상품 화학
3447,Shinwa Co Ltd,51201020,철 및 강철
4627,Natoco Co Ltd,51101010,상품 화학
9753,I X Knowledge Inc,57201010,IT 서비스 및 컨설팅
7228,Daytona Corp,53101020,"자동차, 트럭 및 오토바이 부품"
5942,Nippon Filcon Co Ltd,52102010,산업용 기계 및 장비
9888,UEX Ltd,51201020,철 및 강철
3934,Benefit Japan Co Ltd,57401010,통합 통신 서비스
9272,Boutiques Inc,52203040,경영 지원 서비스
4013,Kinjiro Co Ltd,57201020,소프트웨어
9221,Fuluhashi EPO Corp,52203010,환경 서비스 및 장비
7161,Jimoto Holdings Inc,55101010,은행
5724,Asaka Riken Co Ltd,51201010,금 제외 귀금속 및 광물
9249,Japan Ecosystem Co Ltd,57104010,전자 장비 및 부품
8349,Tohoku Bank Ltd,55101010,은행
9428,CROPS CORPORATION,53403050,컴퓨터 및 전자 제품 소매
9351,Toyo Wharf & Warehouse Co Ltd,52405010,"배달, 우편, 항공 화물 및 육상 물류"
9890,Makiya Co Ltd,54301020,식품 소매 및 유통
8023,Daiko Xtech Ltd,53403050,컴퓨터 및 전자 제품 소매
4978,ReproCell Inc,56201040,제약
6176,Brangista Inc,53302040,소비자 출판
8152,Somar Corp,51101010,상품 화학
7377,DN Holdings Co Ltd,52201020,건설 및 엔지니어링
3903,gumi Inc,57201020,소프트웨어
5284,Yamau Holdings Co Ltd,51202010,건설 자재
3954,Showa Paxxs Corp,51302010,용기(종이 제외) 및 포장재
2904,Ichimasa Kamaboko Co Ltd,54102020,식품 가공
5381,Mipox Corp,51101010,상품 화학
6488,Yoshitake Inc,52102010,산업용 기계 및 장비
7082,Jimoty Inc,57201030,온라인 서비스
7608,SK Japan Co Ltd,53205010,장난감 및 어린이 제품
6149,Odawara Engineering Co Ltd,52102010,산업용 기계 및 장비
2816,Daisho Co Ltd,54102020,식품 가공
4350,Medical System Network Co Ltd,54301010,의약품 소매
4465,Niitaka Co Ltd,54201010,가정용 제품
5958,Sanyo Industries Ltd,53203020,건설 자재 및 비품
6838,Tamagawa Holdings Co Ltd,57104010,전자 장비 및 부품
6087,Abist Co Ltd,52203040,경영 지원 서비스
9343,ibis Inc,57201020,소프트웨어
6291,Airtech Japan Ltd,52203010,환경 서비스 및 장비
9145,Being Holdings Co Ltd,52405030,지상 화물 및 물류
9713,Royal Hotel Ltd,53301010,"호텔, 모텔 및 크루즈 라인"
8202,Laox Holdings Co Ltd,53403090,기타 전문 소매
6336,Ishii Hyoki Co Ltd,57101010,반도체
1430,First-corporation Inc.,53203010,주택 건설
6393,Yuken Kogyo Co Ltd,52102010,산업용 기계 및 장비
9633,Tokyo Theatres Co Inc,60101010,"부동산 임대, 개발 및 운영"
9731,Hakuyosha Co Ltd,54201030,개인 서비스
4420,eSOL Co Ltd,57201020,소프트웨어
1981,Kyowanissei Co Ltd,52201020,건설 및 엔지니어링
3031,Raccoon Holdings Inc,57201030,온라인 서비스
7646,Plant Co Ltd,54301020,식품 소매 및 유통
3109,Shikibo Ltd,53202010,직물 및 가죽제품
9763,Maruken Lease Co Ltd,52203040,경영 지원 서비스
7068,Feedforce Group Inc,57201010,IT 서비스 및 컨설팅
3441,Sanno Co Ltd,52102010,산업용 기계 및 장비
7212,F-Tech Inc,53101020,"자동차, 트럭 및 오토바이 부품"
7775,Daiken Medical Co Ltd,56101020,"의료 장비, 물품 및 유통"
6045,Rentracks Co Ltd,53302010,광고 및 마케팅
7792,Colan Totte Co Ltd,53202020,의류 및 액세서리
5079,Novac Co Ltd,52201020,건설 및 엔지니어링
6769,Thine Electronics Inc,57101010,반도체
2991,Landnet Inc,60101010,"부동산 임대, 개발 및 운영"
6464,Tsubaki Nakashima Co Ltd,52102010,산업용 기계 및 장비
4579,RaQualia Pharma Inc,56201040,제약
2224,Como Co Ltd,54102020,식품 가공
5586,Laboro.AI Inc,57201010,IT 서비스 및 컨설팅
4448,kubell Co Ltd,57201020,소프트웨어
4382,HEROZ Inc,57201020,소프트웨어
3793,Drecom Co Ltd,57201020,소프트웨어
3392,Delica Foods Holdings Co Ltd,54102010,어업 및 농업
3277,Sansei Landic Co Ltd,60101010,"부동산 임대, 개발 및 운영"
3131,Shinden Hightex Corp,57101010,반도체
8563,Daito Bank Ltd,55101010,은행
7781,Hirayama Holdings Co Ltd,52203030,고용 서비스
4299,Himacs Ltd,57201010,IT 서비스 및 컨설팅
3321,Mitachi Co Ltd,57101010,반도체
6262,Pegasus Co Ltd,52102010,산업용 기계 및 장비
7561,Hurxley Holdings Corp,53301020,레스토랑 및 바
366A,Wellness Communications Corp,56102010,의료 시설 및 서비스
6870,Fenwal Controls of Japan Ltd,52203060,비즈니스 지원 용품
3657,Pole To Win Holdings Inc,57201010,IT 서비스 및 컨설팅
2134,Kitahama Capital Partners Co Ltd,55102020,투자 관리 및 펀드 운영
6035,IR Japan Holdings Ltd,52203040,경영 지원 서비스
7908,Kimoto Co Ltd,51101010,상품 화학
9049,Keifuku Electric Railroad Co Ltd,52406020,지상 및 해상 여객 운송
4651,Sanix Holdings Inc,50201010,재생 가능 에너지 장비 및 서비스
8365,Bank of Toyama Ltd,55101010,은행
9993,Yamazawa Co Ltd,54301020,식품 소매 및 유통
4286,CL Holdings Inc,53302010,광고 및 마케팅
4574,Taiko Pharmaceutical Co Ltd,56201040,제약
4418,Japan Data Science Consortium Co Ltd,57201010,IT 서비스 및 컨설팅
5282,Geostr Corp,51202010,건설 자재
5204,Ishizuka Glass Co Ltd,51302010,용기(종이 제외) 및 포장재
8904,Avantia Co Ltd,53203010,주택 건설
7097,Sakurasaku Plus Co Ltd,54201030,개인 서비스
8898,Century 21 Real Estate of Japan Ltd,60101020,부동산 서비스
7819,Shobido Corp,54201020,개인 생활 필수 용품
5869,Waseda Gakushukenkyukai Co Ltd,63101010,기타 교육 서비스 제공
4011,Headwaters Co Ltd,57201010,IT 서비스 및 컨설팅
1848,Fuji PS Corp,52201020,건설 및 엔지니어링
3435,Sanko Techno Co Ltd,52102010,산업용 기계 및 장비
5921,Kawagishi Bridge Works Co Ltd,52201020,건설 및 엔지니어링
6161,Estic Corp,52102010,산업용 기계 및 장비
3937,Ubicom Holdings Inc,57201010,IT 서비스 및 컨설팅
6044,Sanki Service Corp,52203040,경영 지원 서비스
2927,AFC-HD AMS Life Science Co Ltd,54102020,식품 가공
6533,Orchestra Holdings Inc,53302010,광고 및 마케팅
1450,Tanaken Inc,52201020,건설 및 엔지니어링
3434,Alpha Corp,53101020,"자동차, 트럭 및 오토바이 부품"
9564,FCE Inc,63101010,기타 교육 서비스 제공
7686,HitoMile Co Ltd,54301020,식품 소매 및 유통
3926,Open Door Inc,57201030,온라인 서비스
1873,Nihon House Holdings Co Ltd,60101010,"부동산 임대, 개발 및 운영"
1966,Takada Corp,52201020,건설 및 엔지니어링
4347,Broadmedia Corp,53302020,방송
1897,Kaneshita Construction Co Ltd,52201020,건설 및 엔지니어링
7050,Frontier International Inc,53302010,광고 및 마케팅
9380,Azuma Shipping Co Ltd,52405020,해양 화물 및 물류
3444,Kikuchi Seisakusho Co Ltd,52102010,산업용 기계 및 장비
2818,Pietro Co Ltd,54102020,식품 가공
3943,Ohishi Sangyo Co Ltd,51302020,종이 포장재
2130,Members Co Ltd,57201010,IT 서비스 및 컨설팅
8127,Yamato International Inc,53202020,의류 및 액세서리
7670,O-Well Corp,51101010,상품 화학
7247,Mikuni Corp,53101020,"자동차, 트럭 및 오토바이 부품"
4235,Ultrafabrics Holdings Co Ltd,53202010,직물 및 가죽제품
3683,Cyberlinks Co Ltd,57201010,IT 서비스 및 컨설팅
2428,Wellnet Corp,52203040,경영 지원 서비스
4389,Property Data Bank Inc,57201020,소프트웨어
4193,Fabrica Holdings Co Ltd,57201020,소프트웨어
194A,WOLVES HAND Co Ltd,56102010,의료 시설 및 서비스
3551,Dynic Corp,51301020,종이 제품
4169,ENECHANGE Ltd,57201010,IT 서비스 및 컨설팅
2962,Tecnisco Ltd,57104010,전자 장비 및 부품
7565,Mansei Corp,52102030,전기 부품 및 장비
8562,Fukushima Bank Ltd,55101010,은행
2981,Landix Inc,60101020,부동산 서비스
3556,RenetJapanGroup Inc,53403090,기타 전문 소매
6730,Axell Corp,57101010,반도체
4055,T&S Group Inc,57201010,IT 서비스 및 컨설팅
1717,Meiho Facility Works Ltd,52201020,건설 및 엔지니어링
6322,Tacmina Corp,52102010,산업용 기계 및 장비
9818,Daimaru Enawin Co Ltd,50102030,"오일, 가스 정제 및 마케팅"
5819,Canare Electric Co Ltd,52102030,전기 부품 및 장비
3175,AP Holdings Co Ltd,53301020,레스토랑 및 바
5955,Wise Holdings Co Ltd,52102010,산업용 기계 및 장비
3053,Pepper Food Service Co Ltd,53301020,레스토랑 및 바
2883,Dairei Co Ltd,54301020,식품 소매 및 유통
7822,Eidai Co Ltd,53203020,건설 자재 및 비품
5590,Netstars Co Ltd,57301010,핀테크
1807,Watanabe Sato Co Ltd,52201020,건설 및 엔지니어링
5892,Yutori Inc,53403040,의류 및 액세서리 소매
1434,Jesco Holdings Inc,52201020,건설 및 엔지니어링
3675,Cross Marketing Group Inc,53302010,광고 및 마케팅
8705,Nissan Securities Group Co Ltd,55102010,투자 은행 및 중개 서비스
9325,PHYZ Holdings Inc,52405010,"배달, 우편, 항공 화물 및 육상 물류"
8207,Ten Allied Co Ltd,53301020,레스토랑 및 바
6091,Wesco Holdings Inc,52201020,건설 및 엔지니어링
3420,KFC Ltd,51202010,건설 자재
2689,OLBA Healthcare Holdings Inc,56101020,"의료 장비, 물품 및 유통"
2169,CDS Co Ltd,57201010,IT 서비스 및 컨설팅
8945,Sunnexta Group Inc,60101020,부동산 서비스
9160,On The Page Inc,54201030,개인 서비스
5009,Fuji Kosan Co Ltd,50102030,"오일, 가스 정제 및 마케팅"
332A,MEEQ Inc,57201010,IT 서비스 및 컨설팅
6030,Adventure Inc,53301040,여가 및 오락시설
1491,Chugai Mining Co Ltd,51201010,금 제외 귀금속 및 광물
4888,Stella Pharma Corp,56201040,제약
1850,Nankai Tatsumura Construction Co Ltd,52201020,건설 및 엔지니어링
9636,Kin-Ei Corp,60101010,"부동산 임대, 개발 및 운영"
3918,PCI Holdings Inc,57201020,소프트웨어
9257,YCP Holdings (Global) Ltd DRC,55102020,투자 관리 및 펀드 운영
2907,Ahjikan Co Ltd,54102020,식품 가공
5906,MK Seiko Co Ltd,52102010,산업용 기계 및 장비
9846,Tenmaya Store Co Ltd,54301020,식품 소매 및 유통
2162,nms Holdings Corp,57104010,전자 장비 및 부품
7636,Handsman Co Ltd,53403020,주택 개조 제품 및 서비스 소매
8104,Kuwazawa Holdings Corp,51202010,건설 자재
5915,Komaihaltec Inc,52201020,건설 및 엔지니어링
7134,Up Garage Group Co Ltd,53101020,"자동차, 트럭 및 오토바이 부품"
3979,Uluru Co Ltd,57201030,온라인 서비스
9130,Kyoei Tanker Co Ltd,52405020,해양 화물 및 물류
7551,Weds Co Ltd,53101020,"자동차, 트럭 및 오토바이 부품"
4446,Link-U Group Inc,57201010,IT 서비스 및 컨설팅
3020,Applied Co Ltd,57106010,컴퓨터 하드웨어
1798,Moriya Corp,52201020,건설 및 엔지니어링
5967,Tone Co Ltd,52102010,산업용 기계 및 장비
7849,Starts Publishing Corp,53302040,소비자 출판
4838,Space Shower Skiyaki Holdings Inc,53302030,엔터테인먼트 제작
9245,Livero Inc,60101020,부동산 서비스
6864,NF Holdings Corp,52102030,전기 부품 및 장비
2173,Hakuten Corp,52203040,경영 지원 서비스
7277,TBK Co Ltd,53101020,"자동차, 트럭 및 오토바이 부품"
3418,Balnibarbi Co Ltd,53301020,레스토랑 및 바
5268,Asahi Concrete Works Co Ltd,51202010,건설 자재
5071,VIS Co Ltd,53403020,주택 개조 제품 및 서비스 소매
8416,Bank of Kochi Ltd,55101010,은행
2315,Caica Digital Inc,57201010,IT 서비스 및 컨설팅
4284,Solxyz Co Ltd,57201010,IT 서비스 및 컨설팅
7809,Kotobukiya Co Ltd,53205010,장난감 및 어린이 제품
7702,JMS Co Ltd,56101020,"의료 장비, 물품 및 유통"
254A,AI Fusion Capital Group Corp,55102020,투자 관리 및 펀드 운영
7416,Haruyama Holdings Inc,53403040,의류 및 액세서리 소매
2813,Wakou Shokuhin Co Ltd,54102020,식품 가공
7991,Mamiya-OP Co Ltd,53301030,카지노 및 도박
4644,Imagineer Co.  Ltd,57201030,온라인 서비스
3562,No.1 Co Ltd,57105010,사무기기
7879,Noda Corp,53203020,건설 자재 및 비품
9149,Otomo Logistics Service Co Ltd,52405030,지상 화물 및 물류
6919,Kel Corp,52102030,전기 부품 및 장비
7614,OM2 Network Co Ltd,54301020,식품 소매 및 유통
7435,Nadex Co Ltd,52102010,산업용 기계 및 장비
4346,NEXYZ.Group Corp,52102030,전기 부품 및 장비
4667,Aisan Technology Co Ltd,57201020,소프트웨어
4479,Makuake Inc,57201030,온라인 서비스
4248,Takemoto Yohki Co Ltd,51302010,용기(종이 제외) 및 포장재
9311,Asagami Corp,52405030,지상 화물 및 물류
5187,Create Medic Co Ltd,56101020,"의료 장비, 물품 및 유통"
6094,FreakOut Holdings Inc,55102020,투자 관리 및 펀드 운영
5721,S Crypto Energy Inc,51201050,특수 채굴 및 금속
5572,Ridge-i Inc,57201010,IT 서비스 및 컨설팅
7378,Asiro Inc,57201030,온라인 서비스
9698,Creo Co Ltd,57201010,IT 서비스 및 컨설팅
5660,Kobelco Wire Co Ltd,52102030,전기 부품 및 장비
7722,Kokusai Co Ltd,52102010,산업용 기계 및 장비
3082,Kichiri Holdings & Co Ltd,53301020,레스토랑 및 바
6082,Ride On Express Holdings Co Ltd,53301020,레스토랑 및 바
2764,Hiramatsu Inc,53301020,레스토랑 및 바
3030,Hub Co Ltd,53301020,레스토랑 및 바
6497,Hamai Industries Ltd,52102010,산업용 기계 및 장비
4031,Katakura & Co-op Agri Corp,51101020,농화학제
2436,Kyodo Public Relations Co Ltd,53302010,광고 및 마케팅
1853,Mori-Gumi Co Ltd,52201020,건설 및 엔지니어링
3353,Medical Ikkou Group Co Ltd,54301010,의약품 소매
7444,Harima-Kyowa Co Ltd,56201040,제약
6384,Showa Shinku Co Ltd,52102010,산업용 기계 및 장비
7514,Himaraya Co Ltd,53403090,기타 전문 소매
5984,Kanefusa Corp,52102010,산업용 기계 및 장비
9341,Genova Inc,57201030,온라인 서비스
4234,Sun A. Kaken Co Ltd,51302010,용기(종이 제외) 및 포장재
5971,Kyowakogyosyo Co Ltd,52102010,산업용 기계 및 장비
2586,Fruta Fruta Inc,54102020,식품 가공
6208,Ishikawa Seisakusho Ltd,52102010,산업용 기계 및 장비
3900,CrowdWorks Inc,57201010,IT 서비스 및 컨설팅
1433,Besterra Co Ltd,52201020,건설 및 엔지니어링
500A,TO Books Inc,53302040,소비자 출판
2485,Tear Corp,54201030,개인 서비스
9560,PROGRIT Inc,63101010,기타 교육 서비스 제공
3173,Cominix Co Ltd,52102010,산업용 기계 및 장비
4495,i Cubed Systems Inc,57201010,IT 서비스 및 컨설팅
369A,A-tie Co Ltd,52203040,경영 지원 서비스
3799,Keyware Solutions Inc,57201020,소프트웨어
423A,Lion Office Products Corp,52203060,비즈니스 지원 용품
1905,Tenox Corp,52201020,건설 및 엔지니어링
9554,AViC Co Ltd,53302010,광고 및 마케팅
9252,Last One Mile Co Ltd,57201030,온라인 서비스
7218,Tanaka Seimitsu Kogyo Co Ltd,53101020,"자동차, 트럭 및 오토바이 부품"
2934,J Frontier Co Ltd,53402010,백화점
7795,Kyoritsu Co Ltd,52203020,상업 인쇄 서비스
5136,Tripla Co Ltd,57201010,IT 서비스 및 컨설팅
6561,Hanatour Japan Co Ltd,53301040,여가 및 오락시설
4113,Taoka Chemical Co Ltd,51101090,다각적 화학 산업
7022,Sanoyas Holdings Corp,52102010,산업용 기계 및 장비
3969,Atled Corp,57201020,소프트웨어
6748,Seiwa Electric Mfg Co Ltd,57102010,통신 및 네트워킹
9950,Hachi-Ban Co Ltd,53301020,레스토랑 및 바
4642,Original Engineering Consultants Co Ltd,52203040,경영 지원 서비스
3963,Synchro Food Co Ltd,57201030,온라인 서비스
7841,Endo Manufacturing Co Ltd,53205020,오락용 제품
6858,Ono Sokki Co Ltd,52102010,산업용 기계 및 장비
4237,Fujipream Corp,57104010,전자 장비 및 부품
7089,For Startups Inc,52203030,고용 서비스
7698,Iceco Inc,54301020,식품 소매 및 유통
5391,A&A Material Corp,51202010,건설 자재
3080,Jason Co Ltd,54301020,식품 소매 및 유통
4875,MediciNova Inc,56202010,생명 공학 및 의학 연구
7271,YASUNAGA CORPORATION,53101020,"자동차, 트럭 및 오토바이 부품"
7213,Lecip Holdings Corp,53101020,"자동차, 트럭 및 오토바이 부품"
2750,S.Ishimitsu & Co Ltd,54301020,식품 소매 및 유통
1418,Interlife Holdings Co Ltd,52201020,건설 및 엔지니어링
4168,Yappli Inc,57201010,IT 서비스 및 컨설팅
3560,Hobonichi Co Ltd,57201030,온라인 서비스
3079,DVx Inc,56101020,"의료 장비, 물품 및 유통"
3320,Cross Plus Inc,53202020,의류 및 액세서리
2193,Cookpad Inc.,57201030,온라인 서비스
4811,DreamArts Corp,57201020,소프트웨어
9082,Daiwa Motor Transportation Co Ltd,52406020,지상 및 해상 여객 운송
7374,Interworks Confidence Inc,53302010,광고 및 마케팅
4596,Kubota Pharmaceutical Holdings Co Ltd,56201040,제약
6466,TVE Co Ltd,52102010,산업용 기계 및 장비
4264,SECURE Inc,57201010,IT 서비스 및 컨설팅
2798,Y's Table Corp,53301020,레스토랑 및 바
1401,mbs Inc,53203010,주택 건설
4192,SpiderPlus & Co,57201020,소프트웨어
9168,Rise Consulting Group Inc,52203040,경영 지원 서비스
6156,A-One Seimitsu Inc,52102010,산업용 기계 및 장비
472A,Mirrativ Inc,57201030,온라인 서비스
4331,Take And Give Needs Co Ltd,54201030,개인 서비스
4308,J-Stream Inc,57201030,온라인 서비스
3641,Papyless Co Ltd,53402010,백화점
9679,Horai Co Ltd,54102020,식품 가공
4224,Lonseal Corp,53203020,건설 자재 및 비품
6239,Nagaoka International Corp,52102010,산업용 기계 및 장비
7486,Sanrin Co Ltd,50102030,"오일, 가스 정제 및 마케팅"
6189,Global Kids Company Corp,54201030,개인 서비스
6568,KNC Laboratories Co Ltd,51101010,상품 화학
9980,MRK Holdings Inc,53202020,의류 및 액세서리
2122,Interspace Co Ltd,53302010,광고 및 마케팅
604A,beABLE Co Ltd,52201020,건설 및 엔지니어링
5998,Advanex Inc,52102010,산업용 기계 및 장비
4222,Kodama Chemical Industry Co Ltd,53101020,"자동차, 트럭 및 오토바이 부품"
2993,Choei Inc,60101020,부동산 서비스
3538,Willplus Holdings Corp,53403010,"자동차 차량, 부품 및 서비스 소매"
6904,Harada Industry Co Ltd,53101020,"자동차, 트럭 및 오토바이 부품"
2990,Aida Sekkei Co Ltd,60101010,"부동산 임대, 개발 및 운영"
2332,Quest Co Ltd,57201010,IT 서비스 및 컨설팅
7442,Nakayamafuku Co Ltd,53204030,"가전제품, 도구 및 가정 용품"
3633,GMO Pepabo Inc,57201030,온라인 서비스
3236,Properst Co Ltd,60101010,"부동산 임대, 개발 및 운영"
6619,W-Scope Corp,52102030,전기 부품 및 장비
6230,Sanei Ltd,53203020,건설 자재 및 비품
7610,Tay Two Co Ltd,53403090,기타 전문 소매
4570,Immuno-Biological Laboratories Co Ltd,56201040,제약
9475,Shobunsha Holdings Inc,53302040,소비자 출판
463A,Intellex Holdings Co Ltd,60101010,"부동산 임대, 개발 및 운영"
4100,Toda Kogyo Corp,51101030,특수 화학제
9780,Harima B.Stem Corp,52203040,경영 지원 서비스
5582,GRID Inc,57201010,IT 서비스 및 컨설팅
4376,Kufu Company Holdings Inc,53302010,광고 및 마케팅
4245,Daiki Axis Co Ltd,52203010,환경 서비스 및 장비
9872,Kitakei Co Ltd,53203020,건설 자재 및 비품
3571,Sotoh Co Ltd,53202010,직물 및 가죽제품
6047,Gunosy Inc,57201020,소프트웨어
6554,SUS Co Ltd,52203030,고용 서비스
9271,Wagokoro Co Ltd,53402010,백화점
4406,New Japan Chemical Co Ltd,51101010,상품 화학
5588,Fast Accounting Co Ltd,57201020,소프트웨어
4629,Daishin Chemical Co Ltd,51101010,상품 화학
4412,Science Arts Inc,57201010,IT 서비스 및 컨설팅
1783,Fantasista Co Ltd,60101010,"부동산 임대, 개발 및 운영"
7133,Hyuga Primary Care Co Ltd,54301010,의약품 소매
3446,JTEC Corp,56101020,"의료 장비, 물품 및 유통"
4512,Wakamoto Pharmaceutical Co Ltd,56201040,제약
6286,Seiko Corp,53403010,"자동차 차량, 부품 및 서비스 소매"
5891,Sakigake Holdings Co Ltd,53301020,레스토랑 및 바
4356,Applied Technology Co Ltd,57201010,IT 서비스 및 컨설팅
4374,Robot Payment Inc,52203040,경영 지원 서비스
6033,Extreme Co Ltd,57201010,IT 서비스 및 컨설팅
3878,Tomoegawa Corp,51101010,상품 화학
4119,Nippon Pigment Holdings Co Ltd,51101030,특수 화학제
7371,Zenken Corp,57201010,IT 서비스 및 컨설팅
4524,Morishita Jintan Co Ltd,54102020,식품 가공
7192,Mortgage Service Japan Ltd,55301020,손해보험
2708,Kuze Co Ltd,54301020,식품 소매 및 유통
5940,Fujisash Co Ltd,53203020,건설 자재 및 비품
7963,Koken Ltd,56101020,"의료 장비, 물품 및 유통"
155A,Information Strategy and Technology Co Ltd,57201010,IT 서비스 및 컨설팅
9063,Okayamaken Freight Transportation Co Ltd,52405010,"배달, 우편, 항공 화물 및 육상 물류"
1844,Ohmori Co Ltd,52201020,건설 및 엔지니어링
2735,Watts Co Ltd,53402020,할인점
7175,Imamura Securities Co Ltd,55102010,투자 은행 및 중개 서비스
3955,IMURA & Co Ltd,51301020,종이 제품
9445,Forval Telecom Inc,57401010,통합 통신 서비스
5570,Jenoba Co Ltd,57201010,IT 서비스 및 컨설팅
6085,Architects Studio Japan Inc,52203040,경영 지원 서비스
7776,CellSeed Inc,56201040,제약
4960,Chemipro Kasei Kaisha Ltd,51101010,상품 화학
2877,NittoBest Corp,54102020,식품 가공
9791,Biken Techno Corp,52203040,경영 지원 서비스
6518,Sanso Electric Co Ltd,52102010,산업용 기계 및 장비
4040,Nankai Chemical Co Ltd,51101090,다각적 화학 산업
5368,Japan Insulation Co Ltd,52201020,건설 및 엔지니어링
9265,Yamashita Health Care Holdings Inc,56101020,"의료 장비, 물품 및 유통"
6338,Takatori Corp,57101020,반도체 장비 및 테스트
9930,Kitazawa Sangyo Co Ltd,52102010,산업용 기계 및 장비
9867,Solekia Ltd,57201010,IT 서비스 및 컨설팅
1447,SAAF Holdings Co Ltd,52201020,건설 및 엔지니어링
7084,Smile Holdings Inc,54201030,개인 서비스
7087,Willtec Co Ltd,52203030,고용 서비스
4896,K Pharma Inc,56201040,제약
4263,Susmed Inc,57201010,IT 서비스 및 컨설팅
441A,NE Inc,57201020,소프트웨어
5695,Powdertech Co Ltd,51101010,상품 화학
6819,Izu Shaboten Resort Co Ltd,53301040,여가 및 오락시설
4015,Paycloud Holdings Inc,57201030,온라인 서비스
153A,Caulis Inc,57201010,IT 서비스 및 컨설팅
7898,Wood One Co Ltd,53203020,건설 자재 및 비품
2488,JTP Co Ltd,57201010,IT 서비스 및 컨설팅
6402,Kanematsu Engineering Co Ltd,52102020,중장비 및 차량
3021,Pacific Net Co Ltd,57201010,IT 서비스 및 컨설팅
3912,Mobile Factory Inc,57201020,소프트웨어
9193,Tokyo Kisen Co Ltd,52407020,항만 운영 및 서비스
5137,SmartDrive Inc,57201020,소프트웨어
7673,Daiko Tsusan Co Ltd,52102030,전기 부품 및 장비
8135,Zett Corp,53205020,오락용 제품
5578,AR Advanced Technology Inc,57201010,IT 서비스 및 컨설팅
511A,Vanguard Smith Corp,54201030,개인 서비스
3991,Wantedly Inc,57201030,온라인 서비스
9927,Watt Mann Co Ltd,53403090,기타 전문 소매
3004,Shinyei Kaisha,54301020,식품 소매 및 유통
7264,Muro Corp,53101020,"자동차, 트럭 및 오토바이 부품"
3123,Saibo Co Ltd,53202010,직물 및 가죽제품
7692,Earth Infinity Co Ltd,59101010,전력 유틸리티
407A,Unicon Holdings Co Ltd,52201020,건설 및 엔지니어링
1420,Sanyo Homes Corp,53203010,주택 건설
3184,International Conglomerate of Distribution for Automobile Holdings Co Ltd,53403010,"자동차 차량, 부품 및 서비스 소매"
7291,Nihon Plast Co Ltd,53101020,"자동차, 트럭 및 오토바이 부품"
5527,property technologies Inc,60101020,부동산 서비스
2668,Tabio Corp,53403040,의류 및 액세서리 소매
1997,Akatsuki Eazima Co Ltd,52201020,건설 및 엔지니어링
4262,NIFTY Lifestyle Co Ltd,57201030,온라인 서비스
3160,Oomitsu Co Ltd,54301020,식품 소매 및 유통
8147,Tomita Co Ltd,52102010,산업용 기계 및 장비
7196,Casa Inc,55101030,소비자 대출
2303,Dawn Corp,57201020,소프트웨어
9478,SE Holdings and Incubations Co Ltd,53302040,소비자 출판
3804,System D Inc,57201020,소프트웨어
4769,IC Co Ltd,57201010,IT 서비스 및 컨설팅
4442,Valtes Holdings Co Ltd,57201010,IT 서비스 및 컨설팅
7619,Tanaka Co Ltd,52102030,전기 부품 및 장비
4571,Nano Holdings Inc,56202010,생명 공학 및 의학 연구
4488,AI inside Inc,57201020,소프트웨어
8107,Kimuratan Corp,53202020,의류 및 액세서리
3423,S E Corp,51202010,건설 자재
3892,Okayama Paper Industries Co Ltd,51301020,종이 제품
7425,Hatsuho Shouji Co Ltd,53203020,건설 자재 및 비품
7682,Hamayuu Co Ltd,53301020,레스토랑 및 바
4415,Broad Enterprise Co Ltd,57102010,통신 및 네트워킹
9704,Agora Hospitality Group Co Ltd,53301010,"호텔, 모텔 및 크루즈 라인"
5034,unerry Inc,52203040,경영 지원 서비스
8769,Advantage Risk Management Co Ltd,56102010,의료 시설 및 서비스
4597,Solasia Pharma KK,56201040,제약
6560,LTS Inc,52203040,경영 지원 서비스
5216,Kuramoto Co Ltd,57104010,전자 장비 및 부품
9761,Tokai Lease Co Ltd,52203040,경영 지원 서비스
2916,Semba Tohka Industries Co Ltd,54102020,식품 가공
9360,Suzuyo Shinwart Corp,57201010,IT 서비스 및 컨설팅
3396,Felissimo Corp,53402010,백화점
4430,Tokai Soft Co Ltd,57201020,소프트웨어
156A,Material Group Inc,53302010,광고 및 마케팅
416A,Fuji United Holdings Co Ltd,50102030,"오일, 가스 정제 및 마케팅"
4054,Japan PropTech Co Ltd,57201020,소프트웨어
7494,Konaka Co Ltd,53403040,의류 및 액세서리 소매
4772,SM Entertainment Japan Co Ltd,53302030,엔터테인먼트 제작
9264,Puequ Co Ltd,52102010,산업용 기계 및 장비
4317,Ray Corp,53302010,광고 및 마케팅
8144,Denkyo Group Holdings Co Ltd,53204030,"가전제품, 도구 및 가정 용품"
4564,OncoTherapy Science Inc,56202010,생명 공학 및 의학 연구
4623,Asahipen Corp,51101010,상품 화학
5248,Technologies Inc,57201020,소프트웨어
7604,Umenohana Group Co Ltd,53301020,레스토랑 및 바
3083,Star Seeds Co Ltd,53403040,의류 및 액세서리 소매
415A,GMO TECH Holdings Inc,53302010,광고 및 마케팅
7368,Hyojito Co Ltd,53302010,광고 및 마케팅
7677,Yashima & Co Ltd,52102010,산업용 기계 및 장비
3069,JFLA Holdings Inc,53301020,레스토랑 및 바
5871,Solize Holdings Corp,52203040,경영 지원 서비스
365A,Izawa Towel Co Ltd,54201010,가정용 제품
8039,Tsukiji Uoichiba Co Ltd,54102010,어업 및 농업
3566,Uniform Next Co Ltd,53202020,의류 및 액세서리
6391,Kaji Technology Corp,52102010,산업용 기계 및 장비
9827,Lilycolor Co Ltd,53204040,가정용 가구
9558,Japaniace Co Ltd,57201010,IT 서비스 및 컨설팅
6042,Nikki Co Ltd,53101020,"자동차, 트럭 및 오토바이 부품"
7624,Naito & Co Ltd,52102010,산업용 기계 및 장비
8700,Maruhachi Securities Co Ltd,55102010,투자 은행 및 중개 서비스
9218,Mental Health Technologies Co Ltd,57201010,IT 서비스 및 컨설팅
3911,Aiming Inc,57201020,소프트웨어
7509,I.A Group Corp,53403010,"자동차 차량, 부품 및 서비스 소매"
4531,Yuki Gosei Kogyo Co Ltd,51101090,다각적 화학 산업
8119,Sanyei Corp,53204040,가정용 가구
3121,MBK Co Ltd,55102020,투자 관리 및 펀드 운영
7065,UPR Corporation,55101050,기업 금융 서비스
3652,Digital Media Professionals Inc,57101010,반도체
7887,Nankai Plywood Co Ltd,53203020,건설 자재 및 비품
1718,Mikikogyo Co Ltd,53203010,주택 건설
6899,Asti Corp,53101020,"자동차, 트럭 및 오토바이 부품"
7049,Shikigaku Co Ltd,52203040,경영 지원 서비스
2391,Planet Inc,57201030,온라인 서비스
6059,Uchiyama Holdings Co Ltd,56102010,의료 시설 및 서비스
3981,Beaglee Inc,57201030,온라인 서비스
7367,CELM Inc,63103010,전문 및 비즈니스 교육
3323,Recomm Co Ltd,53403090,기타 전문 소매
2404,TETSUJIN Holdings Inc,53301040,여가 및 오락시설
9313,Maruhachi Warehouse Co Ltd,52405030,지상 화물 및 물류
3422,J-Max Co Ltd,53101020,"자동차, 트럭 및 오토바이 부품"
1992,Kanda Tsushinki Co Ltd,57102010,통신 및 네트워킹
9017,Niigata Kotsu Co Ltd,52406020,지상 및 해상 여객 운송
4414,Flect Co Ltd,57201020,소프트웨어
4937,Waqoo Inc,53403090,기타 전문 소매
598A,ChatPlus Co Ltd,57201020,소프트웨어
4012,Axis Co Ltd,57201020,소프트웨어
7434,Otake Corp,52102010,산업용 기계 및 장비
9285,Tokyo Infrastructure Energy Investment Corp,55501030,폐쇄형 펀드
4936,AXXZIA Inc,54201020,개인 생활 필수 용품
5884,Kuradashi Co Ltd,53402010,백화점
478A,Hutzper Inc,57201010,IT 서비스 및 컨설팅
4584,Kidswell Bio Corp,56202010,생명 공학 및 의학 연구
4752,Showa System Engineering Corp,57201010,IT 서비스 및 컨설팅
9723,Kyoto Hotel  Ltd,53301010,"호텔, 모텔 및 크루즈 라인"
4935,Liberta Co Ltd,54201020,개인 생활 필수 용품
2286,Hayashikane Sangyo Co Ltd,54102010,어업 및 농업
1768,Sonec Corp,52201020,건설 및 엔지니어링
6346,Kikukawa Enterprise Inc,52102010,산업용 기계 및 장비
5888,Daiwa Cycle Co Ltd,53205020,오락용 제품
5923,Takadakiko Steel Construction Co Ltd,52201020,건설 및 엔지니어링
9036,Tohbu Network Co Ltd,52405030,지상 화물 및 물류
4360,MANAC Chemical Partners Co Ltd,51101090,다각적 화학 산업
7096,StemCell Institute Inc,56102010,의료 시설 및 서비스
7343,Broad-Minded Co Ltd,55102010,투자 은행 및 중개 서비스
160A,As Partners Co Ltd,56102010,의료 시설 및 서비스
4624,Isamu Paint Co Ltd,51101010,상품 화학
7726,Kuroda Precision Industries Ltd,52102010,산업용 기계 및 장비
5244,jig.jp Co Ltd,57201020,소프트웨어
9446,Sakai Holdings Co Ltd,53403050,컴퓨터 및 전자 제품 소매
4932,Almado Inc,54201020,개인 생활 필수 용품
2186,Sobal Corp,57201010,IT 서비스 및 컨설팅
6772,Tokyo Cosmos Electric Co Ltd,52102030,전기 부품 및 장비
9514,EF On Inc,59101010,전력 유틸리티
9720,Hotel Newgrand Co Ltd,53301020,레스토랑 및 바
3386,Cosmo Bio Co Ltd,56201040,제약
6093,Mitra Group Inc,60101020,부동산 서비스
9051,Senkon Logistics Co Ltd,53403010,"자동차 차량, 부품 및 서비스 소매"
7771,Nihon Seimitsu Co Ltd,53202020,의류 및 액세서리
2440,Gurunavi Inc,57201030,온라인 서비스
6897,Twinbird Corp,53204030,"가전제품, 도구 및 가정 용품"
3671,Softmax Co Ltd,57201010,IT 서비스 및 컨설팅
5189,Sakura Rubber Co Ltd,53101030,타이어 및 고무 제품
9262,Silver Life Co Ltd,53301020,레스토랑 및 바
2311,EPCO Co Ltd,52201020,건설 및 엔지니어링
6229,Okumura Engineering Corp,52102010,산업용 기계 및 장비
6380,Oriental Chain Mfg Co Ltd,52102010,산업용 기계 및 장비
6428,Oizumi Corp,53301030,카지노 및 도박
7461,Kimura Co Ltd,53403020,주택 개조 제품 및 서비스 소매
339A,Progress Technologies Group Inc,57201010,IT 서비스 및 컨설팅
2055,Nichiwa Sangyo Co Ltd,54102010,어업 및 농업
9903,Kanseki Co Ltd,53403020,주택 개조 제품 및 서비스 소매
9206,Star Flyer Inc,52406010,항공사
6513,Origin Co Ltd,52102030,전기 부품 및 장비
4754,Tosnet Corp,52203040,경영 지원 서비스
4890,Tsubota Laboratory Inc,56202010,생명 공학 및 의학 연구
6666,River Eletec Corp,57104010,전자 장비 및 부품
3628,Data Horizon Co Ltd,56101010,첨단 의료 장비 및 기술
6180,GMO Media Inc,57201030,온라인 서비스
7938,Regal Corp,53202030,제화
7883,Sun Messe Co Ltd,52203020,상업 인쇄 서비스
6267,General Packer Co Ltd,52102010,산업용 기계 및 장비
3623,Billing System Corp,52203040,경영 지원 서비스
3113,UNIVA Oak Holdings Ltd,55102010,투자 은행 및 중개 서비스
352A,LOIVE Co Ltd,53301040,여가 및 오락시설
6907,Geomatec Co Ltd,57104010,전자 장비 및 부품
2370,Medinet Co Ltd,56202010,생명 공학 및 의학 연구
2483,Honyaku Center Inc,52203040,경영 지원 서비스
554A,Batonz. Co Ltd,57201030,온라인 서비스
6166,Nakamura Choukou Co Ltd,52102010,산업용 기계 및 장비
1438,Gifu Landscape Architect Co Ltd,52201020,건설 및 엔지니어링
4594,BrightPath Biotherapeutics Co Ltd,56202010,생명 공학 및 의학 연구
2769,Village Vanguard Co Ltd,53403090,기타 전문 소매
4379,Photosynth Inc,52203040,경영 지원 서비스
3750,ADR Biomedical Holdings Inc,56202010,생명 공학 및 의학 연구
2961,Nitcho Corp,52102010,산업용 기계 및 장비
3246,Kose RE Co Ltd,60101010,"부동산 임대, 개발 및 운영"
7590,Takasho Co Ltd,53204040,가정용 가구
8742,Kobayashi Yoko Co Ltd,55102010,투자 은행 및 중개 서비스
9340,Aso International Inc,56101020,"의료 장비, 물품 및 유통"
6408,Ogura Clutch Co Ltd,53101020,"자동차, 트럭 및 오토바이 부품"
4436,Minkabu The Infonoid Inc,53302010,광고 및 마케팅
7812,Crestec Inc,52203040,경영 지원 서비스
5194,Sagami Rubber Industries Co Ltd,54201020,개인 생활 필수 용품
6360,Tokyo Automatic Machinery Works Ltd,52102010,산업용 기계 및 장비
7872,Estelle Holdings Co Ltd,53202020,의류 및 액세서리
6822,Oi Electric Co Ltd,57102010,통신 및 네트워킹
7135,Japan Craft Holdings Co Ltd,53403090,기타 전문 소매
6158,Waida MFG. Co Ltd,52102010,산업용 기계 및 장비
549A,Hito-to-hito Holdings Co Ltd,52203040,경영 지원 서비스
8105,Bitcoin Japan Corporation,53202020,의류 및 액세서리
5533,Elitz Holdings Co Ltd,60101010,"부동산 임대, 개발 및 운영"
6654,Fuji Electric Industry Co Ltd,52102030,전기 부품 및 장비
3241,Will Co Ltd,60101010,"부동산 임대, 개발 및 운영"
480A,LiB Consulting Co Ltd,52203040,경영 지원 서비스
5576,O.B.System Inc,57201010,IT 서비스 및 컨설팅
4925,Haba Laboratories Inc,54201020,개인 생활 필수 용품
4060,Rakumo Inc,57201010,IT 서비스 및 컨설팅
3691,Digital Plus Inc,57201010,IT 서비스 및 컨설팅
5843,Nippon Insure Co Ltd,55301020,손해보험
4572,Carna Biosciences Inc,56202010,생명 공학 및 의학 연구
4450,Power Solutions Ltd,57201010,IT 서비스 및 컨설팅
2321,Softfront Holdings,57201010,IT 서비스 및 컨설팅
6343,Freesia Macross Corp,53203010,주택 건설
7297,Car Mate Mfg Co Ltd,53101020,"자동차, 트럭 및 오토바이 부품"
7040,Sun Life Holding Co Ltd,54201030,개인 서비스
5542,Shinhokoku Material Corp,51201020,철 및 강철
6615,UMC Electronics Co Ltd,57104010,전자 장비 및 부품
4539,Nippon Chemiphar Co Ltd,56201040,제약
6658,Shirai Electronics Industrial Co Ltd,57101010,반도체
6228,JET Co Ltd,57101020,반도체 장비 및 테스트
3904,Kayac Inc,57201010,IT 서비스 및 컨설팅
3948,Hikari Business Form Co Ltd,52203020,상업 인쇄 서비스
7038,Frontier Management Inc,52203040,경영 지원 서비스
559A,Umenoyado Brewery Co Ltd,54101020,증류주 및 포도주
7208,Kanemitsu Corp,53101020,"자동차, 트럭 및 오토바이 부품"
2984,Yamaichi Real Estate Co Ltd,60101010,"부동산 임대, 개발 및 운영"
4491,Computer Management Co Ltd,57201010,IT 서비스 및 컨설팅
205A,Logos Holdings Inc,60101010,"부동산 임대, 개발 및 운영"
3143,O' will Corp,54301020,식품 소매 및 유통
9366,Sanritsu Corp,52405010,"배달, 우편, 항공 화물 및 육상 물류"
5966,Kyoto Tool Co Ltd,52102010,산업용 기계 및 장비
3695,GMO Product Platform Inc,53302010,광고 및 마케팅
4397,TeamSpirit Inc,57201020,소프트웨어
3856,Abalance Corp,50201010,재생 가능 에너지 장비 및 서비스
2323,Fonfun Corp,57201030,온라인 서비스
4880,CellSource Co Ltd,56201040,제약
343A,IACE Travel Corp,53301040,여가 및 오락시설
3187,Miratap Inc,53203020,건설 자재 및 비품
6699,DIAMOND ELECTRIC HOLDINGS Co.  Ltd.,57104010,전자 장비 및 부품
253A,ETS Group Co Ltd,52201020,건설 및 엔지니어링
3495,Koryojyuhan Co Ltd,60101020,부동산 서비스
6031,Zeta Inc,57201010,IT 서비스 및 컨설팅
7833,IFIS Japan Ltd,52203040,경영 지원 서비스
9904,Verite Co Ltd,53403040,의류 및 액세서리 소매
5255,Monstarlab Inc,57201010,IT 서비스 및 컨설팅
7506,House of Rose Co Ltd,53403090,기타 전문 소매
479A,PRONI Inc,57201030,온라인 서비스
6495,Miyairi Valve MFG Co Ltd,52102010,산업용 기계 및 장비
7039,Bridge International Group Corp,52203040,경영 지원 서비스
6942,Sophia Holdings Co Ltd,54301010,의약품 소매
9346,Cocorport Inc,54201030,개인 서비스
6840,Akiba Holdings Co Ltd,57102010,통신 및 네트워킹
173A,Hammock Inc,57201020,소프트웨어
2338,Quantum Solutions Co Ltd,57201010,IT 서비스 및 컨설팅
2437,Shinwa Wise Holdings Co Ltd,57201030,온라인 서비스
4176,coconala Inc,57201030,온라인 서비스
1840,Tsuchiya Holdings Co Ltd,60101010,"부동산 임대, 개발 및 운영"
7325,IRRC Corp,55301010,복합보험 및 중개인
7674,Natty Swanky Holdings Co Ltd,53301020,레스토랑 및 바
3727,Aplix Corp,57201020,소프트웨어
7075,QLS Holdings Co Ltd,54201030,개인 서비스
6549,DM Solutions Co Ltd,53302010,광고 및 마케팅
3440,Nisso Group Co Ltd,51201020,철 및 강철
410A,GMO Commerce  Inc.,57201020,소프트웨어
2894,Ishii Food Co Ltd,54102020,식품 가공
3698,CRI Middleware Co Ltd,57201010,IT 서비스 및 컨설팅
7980,Shigematsu Works Co Ltd,56102010,의료 시설 및 서비스
4380,M-mart Inc,57201030,온라인 서비스
2654,Asmo Corp,53301020,레스토랑 및 바
6964,Sanko Co Ltd,52102010,산업용 기계 및 장비
245A,INGS Inc,53301020,레스토랑 및 바
8115,Moonbat Co Ltd,53202020,의류 및 액세서리
9173,Tokai Kisen Co Ltd,52405020,해양 화물 및 물류
542A,Vitabrid Japan Inc,53302010,광고 및 마케팅
5491,Nippon Kinzoku Co Ltd,51201020,철 및 강철
3293,Azuma House Co Ltd,60101010,"부동산 임대, 개발 및 운영"
4490,VisasQ Inc.,57201030,온라인 서비스
7079,WDB coco Co Ltd,52203040,경영 지원 서비스
2408,KG Intelligence Co Ltd,53302040,소비자 출판
206A,PRISM BioLab Co Ltd,56202010,생명 공학 및 의학 연구
6092,EnBio Holdings Inc,52203010,환경 서비스 및 장비
9656,Greenland Resort Co Ltd,53301040,여가 및 오락시설
3537,Shoei Yakuhin Co Ltd,51101010,상품 화학
190A,Chordia Therapeutics Inc,56202010,생명 공학 및 의학 연구
2480,System Location Co Ltd,57201010,IT 서비스 및 컨설팅
3848,Data Applications Co Ltd,57201010,IT 서비스 및 컨설팅
6292,Kawata Mfg. Co Ltd,52102010,산업용 기계 및 장비
1758,Taiyo Kisokogyo Co Ltd,52201020,건설 및 엔지니어링
4177,I-Plug Inc,52203030,고용 서비스
9876,Cox Co Ltd,53403040,의류 및 액세서리 소매
7060,Geechs Inc,57201010,IT 서비스 및 컨설팅
2195,Amita Holdings Co Ltd,52203010,환경 서비스 및 장비
4074,LaKeel Inc,57201010,IT 서비스 및 컨설팅
5599,S&J Corp,57201010,IT 서비스 및 컨설팅
3077,Horiifoodservice Co Ltd,53301020,레스토랑 및 바
7707,Precision System Science Co Ltd,56101010,첨단 의료 장비 및 기술
556A,Inuneko-seikatsu Co Ltd,54102020,식품 가공
4893,Noile-Immune Biotech Inc,56202010,생명 공학 및 의학 연구
9246,ProjectHoldings Inc,57201010,IT 서비스 및 컨설팅
3851,Nippon Ichi Software Inc,57201020,소프트웨어
6433,Hephaist Co Ltd,52102010,산업용 기계 및 장비
4583,Chiome Bioscience Inc,56202010,생명 공학 및 의학 연구
7080,Sportsfield Co Ltd,52203030,고용 서비스
2656,Vector Holdings Inc,57201030,온라인 서비스
322A,Himeji Rika Co Ltd,52102030,전기 부품 및 장비
4437,Gooddays Holdings Inc,57201010,IT 서비스 및 컨설팅
7214,GMB Corp,53101020,"자동차, 트럭 및 오토바이 부품"
4845,Scala Inc,57201010,IT 서비스 및 컨설팅
8835,Taiheiyo Kouhatsu Inc,50101010,석탄
2999,Home Position Co Ltd,60101010,"부동산 임대, 개발 및 운영"
7916,Mitsumura Printing Co Ltd,52203020,상업 인쇄 서비스
6546,Fulltech Co Ltd,52201020,건설 및 엔지니어링
5575,Globee Inc,63101010,기타 교육 서비스 제공
3988,SYS Holdings Co Ltd,57201020,소프트웨어
4287,Justplanning Inc,57201010,IT 서비스 및 컨설팅
2373,Care Twentyone Corp,56102010,의료 시설 및 서비스
3936,Globalway Inc,57201010,IT 서비스 및 컨설팅
8891,AMG Holdings Co Ltd,60101010,"부동산 임대, 개발 및 운영"
3377,Bike O & Co Ltd,53403010,"자동차 차량, 부품 및 서비스 소매"
9127,Tamai Steamship Co Ltd,52405020,해양 화물 및 물류
4990,Showa Chemical Industry Co Ltd,51101010,상품 화학
3135,MarketEnterprise Co Ltd,57201030,온라인 서비스
9854,Aigan Co Ltd,53403090,기타 전문 소매
8226,Rikei Corp,57101010,반도체
2796,Pharmarise Holdings Corp,54301010,의약품 소매
9355,Rinko Corp,52407020,항만 운영 및 서비스
9973,KOZO Holdings Co Ltd,53301020,레스토랑 및 바
2438,Asukanet Co Ltd,54201030,개인 서비스
4929,Adjuvant Holdings Co Ltd,54201020,개인 생활 필수 용품
3065,Life Foods Co Ltd,53301020,레스토랑 및 바
4398,BroadBand Security Inc,57201030,온라인 서비스
2138,Crooz Inc,53402010,백화점
9162,Bleach Inc,53302010,광고 및 마케팅
6155,Takamatsu Machinery Co Ltd,52102010,산업용 기계 및 장비
5817,JMACS Japan Co Ltd,52102030,전기 부품 및 장비
9976,Sekichu Co Ltd,53403020,주택 개조 제품 및 서비스 소매
9385,Shoei Corp,51302010,용기(종이 제외) 및 포장재
589A,NEIS Co Ltd,63103010,전문 및 비즈니스 교육
7857,Seki Co Ltd,52203020,상업 인쇄 서비스
1446,Candeal Co Ltd,52201020,건설 및 엔지니어링
3940,Nomura System Corporation Co Ltd,57201010,IT 서비스 및 컨설팅
4256,CYND Co Ltd,57201010,IT 서비스 및 컨설팅
3070,Jelly Beans Group Co Ltd,53202030,제화
9060,Japan Logistic Systems Corp,52405030,지상 화물 및 물류
8230,Hasegawa Co Ltd,53403090,기타 전문 소매
6138,Dijet Industrial Co Ltd,52102010,산업용 기계 및 장비
6265,Convum Ltd,52102010,산업용 기계 및 장비
3359,cotta Co Ltd,54301020,식품 소매 및 유통
6778,Artiza Networks Inc,57102010,통신 및 네트워킹
338A,ZenmuTech Inc,57201010,IT 서비스 및 컨설팅
2293,Takizawa Ham Co Ltd,54102020,식품 가공
6334,Meiji Machine Co Ltd,52102010,산업용 기계 및 장비
7048,Veltra Corp,57201030,온라인 서비스
6335,Tokyo Kikai Seisakusho Ltd,52102010,산업용 기계 및 장비
4255,Thecoo Inc,53302010,광고 및 마케팅
4496,Commerce One Holdings Inc,57201010,IT 서비스 및 컨설팅
5753,Nippon Shindo Co Ltd,51201050,특수 채굴 및 금속
7120,SHINKO Inc,57201010,IT 서비스 및 컨설팅
4019,Stmn Inc,52203040,경영 지원 서비스
5031,Moi Corp,57201020,소프트웨어
5997,Kyoritsu Air Tech Inc,52102030,전기 부품 및 장비
3920,Internetworking and Broadband Consulting Co Ltd,57201020,소프트웨어
462A,Fundinno Inc,57301010,핀테크
5986,Molitec Steel Co Ltd,51201020,철 및 강철
7681,Leoclan Co Ltd,56101020,"의료 장비, 물품 및 유통"
8944,Land Business Co Ltd,60101010,"부동산 임대, 개발 및 운영"
6325,Takakita Co Ltd,52102020,중장비 및 차량
5956,Toso Co Ltd,53203020,건설 자재 및 비품
2385,Soiken Holdings Inc,54201020,개인 생활 필수 용품
3280,STrust Co Ltd,60101010,"부동산 임대, 개발 및 운영"
4582,SymBio Pharmaceuticals Ltd,56201040,제약
209A,Onodani Machine Co Ltd,52102010,산업용 기계 및 장비
151A,Dive Group Inc,52203030,고용 서비스
4625,Atomix Co Ltd,51101010,상품 화학
4777,Gala Inc,57201030,온라인 서비스
6069,Trenders Inc,53302010,광고 및 마케팅
8165,Senshukai Co Ltd,53402010,백화점
5936,Toyo Shutter Co Ltd,53203020,건설 자재 및 비품
9853,Ginza Renoir Co Ltd,53301020,레스토랑 및 바
5890,Officebusters Corp,52203060,비즈니스 지원 용품
2788,Apple International Co Ltd,53101010,자동차 및 트럭 제조
4076,CNS Co Ltd,57201010,IT 서비스 및 컨설팅
561A,MarksLife Co Ltd,60101020,부동산 서비스
7527,Systemsoft Corp,57201010,IT 서비스 및 컨설팅
2136,HIP Corp,52203030,고용 서비스
8077,TORQ Inc,52102010,산업용 기계 및 장비
4892,Cyfuse Biomedical KK,56202010,생명 공학 및 의학 연구
3845,I-Freek Mobile Inc,57201020,소프트웨어
7695,Koukandekirukun Inc,57201030,온라인 서비스
6538,Disruptors Inc,52203030,고용 서비스
5283,Takamisawa Co Ltd,51202010,건설 자재
3927,Fuva Brain Ltd,57201020,소프트웨어
6049,Itokuro Inc,57201030,온라인 서비스
5010,Nippon Seiro Co Ltd,50102030,"오일, 가스 정제 및 마케팅"
9223,Asnova Co Ltd,52203040,경영 지원 서비스
5133,Terilogy Holdings Corp,57102010,통신 및 네트워킹
3826,System Integrator Corp,57201020,소프트웨어
6185,SMN Corp,57201030,온라인 서비스
7902,Sonocom Co Ltd,57104010,전자 장비 및 부품
6171,CE Management Integrated Laboratory Co Ltd,52201020,건설 및 엔지니어링
6217,Tsudakoma Corp,52102010,산업용 기계 및 장비
8617,Kosei Securities Co Ltd,55102010,투자 은행 및 중개 서비스
9361,Fushiki Kairiku Unso Co Ltd,52407020,항만 운영 및 서비스
8025,Tsukamoto Corporation Co Ltd,53202020,의류 및 액세서리
7091,Living Platform Ltd,56102010,의료 시설 및 서비스
9885,Charle Co Ltd,53202020,의류 및 액세서리
2795,Nippon Primex Inc,57106010,컴퓨터 하드웨어
7804,B&P Co Ltd,52203020,상업 인쇄 서비스
5033,Nulab Inc,57201020,소프트웨어
509A,Green Light Renewable Energy Infrastructure Fund,50201010,재생 가능 에너지 장비 및 서비스
6612,Balmuda Inc,53204030,"가전제품, 도구 및 가정 용품"
3944,Furubayashi Shiko Co Ltd,51302020,종이 포장재
4395,Accrete Inc,52203040,경영 지원 서비스
4075,Brains Technology Inc,57201010,IT 서비스 및 컨설팅
7069,CyberBuzz Inc,53302010,광고 및 마케팅
4976,Toyo Drilube Co Ltd,51101030,특수 화학제
4386,SIG Group Co Ltd,57201010,IT 서비스 및 컨설팅
3726,4Cs HD Co Ltd,53403090,기타 전문 소매
1994,Takahashi Curtain Wall Corp,52201020,건설 및 엔지니어링
7538,Daisui Co Ltd,54102010,어업 및 농업
4926,C'Bon Cosmetics Co Ltd,54201020,개인 생활 필수 용품
4486,Unite and Grow Inc,52203030,고용 서비스
6837,Kyosha Co Ltd,57101010,반도체
6599,Ebrains Inc,57106010,컴퓨터 하드웨어
9625,Cerespo Co Ltd,52203040,경영 지원 서비스
6396,Unozawa-gumi Iron Works Ltd,52102010,산업용 기계 및 장비
3426,Atom Livin Tech Co Ltd,53203020,건설 자재 및 비품
2411,Gendai Agency Inc,53302010,광고 및 마케팅
2995,J-REX Corp,60101010,"부동산 임대, 개발 및 운영"
3058,Sanyodo Holdings Inc,53403090,기타 전문 소매
4934,Premier Anti-Aging Co.  Ltd.,53403090,기타 전문 소매
9159,W TOKYO Inc,52203040,경영 지원 서비스
5699,Ibokin Co Ltd,52203010,환경 서비스 및 장비
3758,Aeria Inc,57201030,온라인 서비스
9146,Gokendo Holdings Inc,52405010,"배달, 우편, 항공 화물 및 육상 물류"
3839,ODK Solutions Co Ltd,57201010,IT 서비스 및 컨설팅
2183,Linical Co Ltd,56202010,생명 공학 및 의학 연구
7427,Echo Trading Co Ltd,54301020,식품 소매 및 유통
5900,Daiken Co Ltd,53203020,건설 자재 및 비품
6551,Tsunagu Group Holdings Inc,52203030,고용 서비스
7370,Enjin Co Ltd,53302010,광고 및 마케팅
2776,Shinto Holdings Inc,53202020,의류 및 액세서리
7127,Ikka Holdings Co Ltd,53301020,레스토랑 및 바
6557,AIAI Group Corp,54201030,개인 서비스
5612,Nippon Chutetsukan KK,51201020,철 및 강철
9326,Kantsu Holdings Co Ltd,52203040,경영 지원 서비스
3815,Media Kobo Inc,57201030,온라인 서비스
3841,Jedat Inc,57201020,소프트웨어
5597,Blue Innovation Co Ltd,57201010,IT 서비스 및 컨설팅
4242,Takagi Seiko Corp,53101020,"자동차, 트럭 및 오토바이 부품"
7531,Seiwa Chuo Holdings Corp,51201020,철 및 강철
4172,Hi-Crates Co Ltd,57201020,소프트웨어
3760,Cave Interactive Co Ltd,57201020,소프트웨어
6182,MetaReal Corp,52203040,경영 지원 서비스
4673,Kawasaki Geological Engineering Co Ltd,51201070,채굴 지원 서비스 및 장비
4372,Ymirlink Inc,57201010,IT 서비스 및 컨설팅
5697,Sanyu Co Ltd,51201020,철 및 강철
2449,PRAP Japan  Inc.,53302010,광고 및 마케팅
7953,Kikusui Chemical Industries Co Ltd,53203020,건설 자재 및 비품
520A,J-Pharma Co Ltd,56202010,생명 공학 및 의학 연구
4728,Tose Co Ltd,57201020,소프트웨어
3965,Capital Asset Planning Inc,57301010,핀테크
3133,Kaihan Co Ltd,53301020,레스토랑 및 바
6543,Nissen Inc,53302010,광고 및 마케팅
7625,Global-Dining Inc,53301020,레스토랑 및 바
7501,Tiemco Ltd,53202020,의류 및 액세서리
4445,Living Technologies Inc,57201030,온라인 서비스
7131,Nomura Corp,51302010,용기(종이 제외) 및 포장재
2376,SCiNEX Corp,53302040,소비자 출판
4196,Neo Marketing Inc,53302010,광고 및 마케팅
4840,Triis Inc,52201020,건설 및 엔지니어링
2304,CSS Holdings Ltd,53302030,엔터테인먼트 제작
607A,every  Inc.,57201030,온라인 서비스
3719,AI Storm Co Ltd,57201010,IT 서비스 및 컨설팅
8798,Advance Create Co Ltd,55301010,복합보험 및 중개인
7808,C.S. Lumber Co Inc,51301010,임업 및 목재 제품
3766,Systems Design Co Ltd,57201010,IT 서비스 및 컨설팅
6888,Acmos Inc,57201010,IT 서비스 및 컨설팅
7859,Almedio Inc,57106010,컴퓨터 하드웨어
6494,NFK Holdings Co Ltd,52102030,전기 부품 및 장비
548A,SystemEXE Inc,57201010,IT 서비스 및 컨설팅
4422,Valuenex Japan Inc,52203040,경영 지원 서비스
6771,Ikegami Tsushinki Co Ltd,57102010,통신 및 네트워킹
7126,Global Style Co Ltd,53202020,의류 및 액세서리
2179,Seigakusha Co Ltd,63101010,기타 교육 서비스 제공
2464,Aoba-BBT Inc,63102010,"초, 중, 고등 교육기관"
9219,GiXo Ltd,57201010,IT 서비스 및 컨설팅
1795,Masaru Corp,52201020,건설 및 엔지니어링
4440,Witz Corp,57201020,소프트웨어
8138,Sankyo Kasei Corp,51101010,상품 화학
7918,VIA Holdings Inc,53301020,레스토랑 및 바
2454,All About Inc,53302010,광고 및 마케팅
6757,OSG Corporation Co Ltd,53204030,"가전제품, 도구 및 가정 용품"
1383,Berg Earth Co Ltd,54102010,어업 및 농업
3134,Hamee Corp,53402010,백화점
3490,Azplanning Co Ltd,60101020,부동산 서비스
5026,Tripleize Co Ltd,57201010,IT 서비스 및 컨설팅
6545,Internet Infinity Inc,56102010,의료 시설 및 서비스
9282,Ichigo Green Infrastructure Investment Corp,55501030,폐쇄형 펀드
3189,ANAP Holdings Inc,53403040,의류 및 액세서리 소매
9344,Axis Consulting Corp,52203030,고용 서비스
9235,Ureru Net Advertising Group Co. Ltd.,53302010,광고 및 마케팅
3172,Tea Life Co Ltd,53402010,백화점
3195,Generation Pass Co Ltd,52203040,경영 지원 서비스
9259,Takayoshi Holdings Inc,54301020,식품 소매 및 유통
7265,Eiken Industries Co Ltd,53101020,"자동차, 트럭 및 오토바이 부품"
5591,AVILEN Inc,57201020,소프트웨어
3625,Techfirm Holdings Inc,57201010,IT 서비스 및 컨설팅
5355,Nippon Crucible Co Ltd,52102010,산업용 기계 및 장비
5571,Excite Holdings Co Ltd,57401020,무선 통신 서비스
7357,Geocode Co Ltd,57201030,온라인 서비스
4484,Lancers Inc,52203030,고용 서비스
2917,Ohmoriya Co Ltd,54102020,식품 가공
145A,L is B Corp,57201010,IT 서비스 및 컨설팅
3169,Misawa & Co Ltd,53403030,가정용 가구 소매
7061,Japan Hospice Holdings Inc,56102010,의료 시설 및 서비스
4891,TMS Co Ltd,56202010,생명 공학 및 의학 연구
9929,Heiwa Paper Co Ltd,51301020,종이 제품
3624,Axel Mark Inc,53302010,광고 및 마케팅
6776,Tensho Electric Industries Co Ltd,51101010,상품 화학
7066,Peers Co Ltd,52203040,경영 지원 서비스
4261,AsiaQuest Co Ltd,57201010,IT 서비스 및 컨설팅
3035,Ktk Inc,52203060,비즈니스 지원 용품
3286,Trust Holdings Inc,52407030,고속도로 및 철도
7399,Nansin Co Ltd,52102010,산업용 기계 및 장비
6342,Taihei Machinery Works Ltd,52102010,산업용 기계 및 장비
4576,D.Western Therapeutics Institute Inc,56202010,생명 공학 및 의학 연구
386A,Minoya Co Ltd,54301020,식품 소매 및 유통
7919,Nozaki Insatsu Shigyo Co Ltd,51302020,종이 포장재
3840,Path Corp,54201020,개인 생활 필수 용품
6635,Di-Nikko Engineering Co Ltd,57104010,전자 장비 및 부품
3907,Silicon Studio Corp,57201010,IT 서비스 및 컨설팅
9337,toridori Inc,53302010,광고 및 마케팅
9256,Succeed Co Ltd,52203030,고용 서비스
5870,Nalnet Communications Inc,54201030,개인 서비스
6647,Morio Denki Co Ltd,52102030,전기 부품 및 장비
3823,The Why How Do Company Inc,57201010,IT 서비스 및 컨설팅
6721,Wintest Corp,57101020,반도체 장비 및 테스트
9353,Sakurajima Futo Kaisha Ltd,52407020,항만 운영 및 서비스
7847,Graphite Design Inc,53205020,오락용 제품
4492,Genetec Corp,57201010,IT 서비스 및 컨설팅
6580,Writeup Co Ltd,52203040,경영 지원 서비스
7217,Tein Inc,53101020,"자동차, 트럭 및 오토바이 부품"
4645,Ichishin Holdings Co Ltd,63101010,기타 교육 서비스 제공
4476,AI Cross Inc,57201020,소프트웨어
5990,Super Tool Co Ltd,52102010,산업용 기계 및 장비
7021,Nitchitsu Co Ltd,52102010,산업용 기계 및 장비
7183,Anshin Guarantor Service Co Ltd,55101030,소비자 대출
7957,Fujicopian Co Ltd,52203060,비즈니스 지원 용품
3237,Intrance Co Ltd,53301010,"호텔, 모텔 및 크루즈 라인"
177A,Kohjin Bio Co Ltd,56201040,제약
3024,Create Corp,53203020,건설 자재 및 비품
8996,HouseFreedom Co Ltd,60101010,"부동산 임대, 개발 및 운영"
6943,NKK Switches Co Ltd,52102030,전기 부품 및 장비
4428,Sinops Inc,57201020,소프트웨어
2375,GiG Works Inc,52203040,경영 지원 서비스
4615,Shinto Paint Co Ltd,51101010,상품 화학
2876,Delsole Corp,54102020,식품 가공
594A,Pro Holdings Co Ltd,52201020,건설 및 엔지니어링
5609,Nippon Chuzo KK,51201020,철 및 강철
7807,Kowa Co Ltd,56101020,"의료 장비, 물품 및 유통"
3204,Toabo Corp,53202010,직물 및 가죽제품
9362,Hyoki Kaiun Kaisha Ltd,52405020,해양 화물 및 물류
5603,Kogi Corp,51201020,철 및 강철
385A,Yamamoto Trading Co Ltd,51101030,특수 화학제
3816,Daiwa Computer Co Ltd,57201020,소프트웨어
5994,FINE SINTER CO.  LTD.,53101020,"자동차, 트럭 및 오토바이 부품"
4274,Hosoya Pyro-Engineering Co Ltd,51101010,상품 화학
324A,Booking Resort Co Ltd,53301040,여가 및 오락시설
3045,Kawasaki & Co Ltd,53202020,의류 및 액세서리
7112,Cube Co Ltd,53202020,의류 및 액세서리
460A,Branu Inc,52201020,건설 및 엔지니어링
8260,Izutsuya Co Ltd,53402010,백화점
2215,First Baking Co Ltd,54102020,식품 가공
4750,Daisan Co Ltd,52201020,건설 및 엔지니어링
7058,Kyoei Security Service Co Ltd,52203040,경영 지원 서비스
7515,Maruyoshi Center Inc,54301020,식품 소매 및 유통
3437,Tokuden Co Ltd,52203040,경영 지원 서비스
4586,Medrx Co Ltd,56201040,제약
1443,Giken Holdings Co Ltd,52201020,건설 및 엔지니어링
7544,Three F Co Ltd,54301020,식품 소매 및 유통
4591,Ribomic Inc,56202010,생명 공학 및 의학 연구
4334,Yuke's Co Ltd,53302030,엔터테인먼트 제작
2901,Wel-Dish Inc,54102020,식품 가공
9476,Chuokeizai-Sha Holdings Inc,52203070,전문 정보 서비스
5446,Hokuetsu Metal Co Ltd,51201020,철 및 강철
2911,Asahimatsu Foods Co Ltd,54102020,식품 가공
9835,Juntendo Co Ltd,53403020,주택 개조 제품 및 서비스 소매
7034,Prored Partners Co Ltd,52203040,경영 지원 서비스
7975,Lihit Lab Inc,52203060,비즈니스 지원 용품
7219,HKS Co Ltd,53101020,"자동차, 트럭 및 오토바이 부품"
3190,Hotman Co Ltd,53403010,"자동차 차량, 부품 및 서비스 소매"
3682,Encourage Technologies Co Ltd,57201010,IT 서비스 및 컨설팅
4052,Ficha Inc,57201020,소프트웨어
280A,TMH Inc,57101020,반도체 장비 및 테스트
5458,Takasago Tekko KK,51201020,철 및 강철
3317,Flying Garden Co Ltd,53301020,레스토랑 및 바
6307,Sansei Co Ltd,52102010,산업용 기계 및 장비
3768,Riskmonster.com,57201010,IT 서비스 및 컨설팅
3796,e-Seikatsu Co Ltd,57201030,온라인 서비스
6926,Okaya Electric Industries Co Ltd,52102030,전기 부품 및 장비
7150,Shimane Bank Ltd,55101010,은행
4829,Nihon Enterprise Co. Ltd.,57201010,IT 서비스 및 컨설팅
9087,Takase Corp,52405010,"배달, 우편, 항공 화물 및 육상 물류"
6038,IID Inc,53302010,광고 및 마케팅
7361,Human Creation Holdings Inc,57201010,IT 서비스 및 컨설팅
7376,BCC Co Ltd,52203030,고용 서비스
3935,Edia Co Ltd,57201030,온라인 서비스
2341,Arbeit-Times Co Ltd,53302040,소비자 출판
7314,Odawara Auto-Machine Mfg Co Ltd,52203060,비즈니스 지원 용품
9969,Shokubun Co Ltd,53301020,레스토랑 및 바
9972,Altech Co Ltd,52102010,산업용 기계 및 장비
1380,Akikawa Foods & Farms Co Ltd,54102020,식품 가공
4270,BeeX Inc,57201010,IT 서비스 및 컨설팅
2493,E-Supportlink Ltd,57201010,IT 서비스 및 컨설팅
7446,Tohoku Chemical Co Ltd,51101010,상품 화학
2978,Tsukuruba Inc,60101020,부동산 서비스
3807,Fisco Ltd,52203070,전문 정보 서비스
3067,Tokyo Ichiban Foods Co Ltd,53301020,레스토랑 및 바
3352,Buffalo Co Ltd,53403010,"자동차 차량, 부품 및 서비스 소매"
7284,Meiwa Industry Co Ltd,53101020,"자동차, 트럭 및 오토바이 부품"
7375,Refinverse Group Inc,52203010,환경 서비스 및 장비
3521,Thermae-Yu Holdings Co Ltd,53301040,여가 및 오락시설
7443,Yokohama Gyorui Co Ltd,54102010,어업 및 농업
551A,Izumi Group Inc,52203040,경영 지원 서비스
7555,Ota Floriculture Auction Co Ltd,54102010,어업 및 농업
7602,Ledax Co Ltd,53403010,"자동차 차량, 부품 및 서비스 소매"
7351,Goodpatch Inc,57201010,IT 서비스 및 컨설팅
7805,Printnet Inc,57201030,온라인 서비스
525A,manebi Inc,52203070,전문 정보 서비스
6218,Enshu Ltd,52102010,산업용 기계 및 장비
9820,MT Genex Corp,52201020,건설 및 엔지니어링
5742,NIC Autotec Inc,52102010,산업용 기계 및 장비
7502,Plaza Holdings Co Ltd,53403050,컴퓨터 및 전자 제품 소매
6022,Akasaka Diesels Ltd,52102050,조선
9229,Sunwels Co Ltd,56102010,의료 시설 및 서비스
419A,Runglobe Inc,53403010,"자동차 차량, 부품 및 서비스 소매"
6424,Takamisawa Cybernetics Co Ltd,52102010,산업용 기계 및 장비
3744,SIOS Corp,57201020,소프트웨어
7215,Faltec Co Ltd,53101020,"자동차, 트럭 및 오토바이 부품"
3461,Palma Co Ltd,52203040,경영 지원 서비스
3896,Awa Paper & Technological Co Inc,53101020,"자동차, 트럭 및 오토바이 부품"
7037,teno.Holdings Co Ltd,54201030,개인 서비스
483A,Tera Technology Inc,57201010,IT 서비스 및 컨설팅
269A,Sapeet Inc,57201020,소프트웨어
3161,Azearth Corp,52203060,비즈니스 지원 용품
264A,Schoo Inc,57201030,온라인 서비스
3181,Kaitori Okoku Co Ltd,53403040,의류 및 액세서리 소매
6836,Plat'Home Co Ltd,57106010,컴퓨터 하드웨어
8040,Tokyo Soir Co Ltd,53202020,의류 및 액세서리
9778,Subaru Co Ltd,63101010,기타 교육 서비스 제공
331A,Medix Inc,53302010,광고 및 마케팅
9165,Qualtec Co Ltd,52203040,경영 지원 서비스
2747,Hokuyu Lucky Co Ltd,54301020,식품 소매 및 유통
2342,TransGenic Group Inc,53402010,백화점
6969,Matsuo Electric Co Ltd,57104010,전자 장비 및 부품
3177,Arigatou Services Co Ltd,53403090,기타 전문 소매
244A,Growth xPartners Inc,57201010,IT 서비스 및 컨설팅
4120,Sugai Chemical Industry Co Ltd,51101090,다각적 화학 산업
2985,First Stage Corp,60101020,부동산 서비스
3933,CHIeru Co Ltd,57201020,소프트웨어
3474,G-Factory Co Ltd,52203040,경영 지원 서비스
5973,Toami Corp,51201020,철 및 강철
3536,Axas Holdings Co Ltd,53403090,기타 전문 소매
3469,Dualtap Co Ltd,60101010,"부동산 임대, 개발 및 운영"
5129,Fixer Inc,57201010,IT 서비스 및 컨설팅
3583,AuBEX Corp,52203060,비즈니스 지원 용품
458A,Plan Do Co Ltd,60101010,"부동산 임대, 개발 및 운영"
9417,Smartvalue Co Ltd,57201010,IT 서비스 및 컨설팅
3524,Nitto Seimo Co Ltd,52203060,비즈니스 지원 용품
3202,Daitobo Co Ltd,60101010,"부동산 임대, 개발 및 운영"
5867,Es Networks Co Ltd,52203040,경영 지원 서비스
5257,Nova System Co Ltd,57201010,IT 서비스 및 컨설팅
6614,Shikino High Tech Co Ltd,57101020,반도체 장비 및 테스트
7044,Piala Inc,57201030,온라인 서비스
8518,Japan Asia Investment Co Ltd,55102020,투자 관리 및 펀드 운영
7353,KIYO Learning Co Ltd,52203070,전문 정보 서비스
373A,LIPPS Co Ltd,54201020,개인 생활 필수 용품
5868,Rococo Co Ltd,57201010,IT 서비스 및 컨설팅
7603,Gyet Co Ltd,53403040,의류 및 액세서리 소매
7863,Hiraga Co Ltd,52203020,상업 인쇄 서비스
5534,Angel Group Inc,53301010,"호텔, 모텔 및 크루즈 라인"
6596,Tsukubaseiko Co Ltd,57101010,반도체
5525,Frontier Holdings Co Ltd,60101020,부동산 서비스
7114,Foodison Inc,54102010,어업 및 농업
3653,Morpho Inc,57201020,소프트웨어
291A,Reskill Corp,63103010,전문 및 비즈니스 교육
3238,Central General Development Co Ltd,60101010,"부동산 임대, 개발 및 운영"
2139,Chuco Co Ltd,53302010,광고 및 마케팅
5939,Otani Kogyo Co Ltd,52102040,중전기장비
3138,Fujisan Magazine Service Co Ltd,53302040,소비자 출판
228A,OPRO Co Ltd,57201020,소프트웨어
3967,Eltes Co Ltd,52203040,경영 지원 서비스
4391,Logizard Co Ltd,57201030,온라인 서비스
5162,Asahi Rubber Inc,53101030,타이어 및 고무 제품
3224,General Oyster Inc,53301020,레스토랑 및 바
3267,Phil Company Inc,52201020,건설 및 엔지니어링
6659,Media Links Co Ltd,57102010,통신 및 네트워킹
335A,Mirairo Inc,52203040,경영 지원 서비스
6181,Tameny Inc,54201030,개인 서비스
5250,Gmo Prime Strategy Co Ltd,57201010,IT 서비스 및 컨설팅
2693,YKT Corp,52102010,산업용 기계 및 장비
4056,Neural Group Inc,57201010,IT 서비스 및 컨설팅
6578,Correc Holdings Inc,57401010,통합 통신 서비스
3059,Hiraki Co Ltd,53402020,할인점
4885,Muromachi Chemicals Inc,56201040,제약
2481,Townnews-Sha Co Ltd,53302040,소비자 출판
6034,MRT Inc,52203030,고용 서비스
9647,Kyowa Engineering Consultants Co Ltd,52201020,건설 및 엔지니어링
5279,Nihon Kogyo Co Ltd,51202010,건설 자재
3945,Superbag Co Ltd,51302020,종이 포장재
4247,Poval Kogyo Co Ltd,53101030,타이어 및 고무 제품
5029,Circlace Inc,57201010,IT 서비스 및 컨설팅
8783,abc Co Ltd,55102020,투자 관리 및 펀드 운영
3895,Havix Corp,53202010,직물 및 가죽제품
7072,Intimate Merger Inc,57201010,IT 서비스 및 컨설팅
3976,Shanon Inc,57201010,IT 서비스 및 컨설팅
4705,Clip Corp,63101010,기타 교육 서비스 제공
9073,Kyogoku Unyu Shoji Co Ltd,52405030,지상 화물 및 물류
7793,Image Magic Inc,57201030,온라인 서비스
144A,Energy Power Co Ltd,59101010,전력 유틸리티
6656,Inspec Inc,57101020,반도체 장비 및 테스트
1764,Kudo Corp,52201020,건설 및 엔지니어링
6090,Human Metabolome Technologies Inc,56202010,생명 공학 및 의학 연구
9439,M H Group Ltd,54201030,개인 서비스
3494,Mullion Co Ltd,60101010,"부동산 임대, 개발 및 운영"
3358,Trailhead Global Holdings Inc,53301020,레스토랑 및 바
6664,OptoElectronics Co Ltd,57105010,사무기기
3607,Kuraudia Holdings Co Ltd,54201030,개인 서비스
3477,Forlife Co Ltd,60101010,"부동산 임대, 개발 및 운영"
4351,Yamada Servicer Synthetic Office,55101050,기업 금융 서비스
8894,Revolution Co Ltd,60101020,부동산 서비스
3974,SCAT Inc,57201020,소프트웨어
7162,Astmax Co Ltd,59101010,전력 유틸리티
9561,Glad Cube Inc,53302010,광고 및 마케팅
5820,Mitsuboshi Co Ltd,52102030,전기 부품 및 장비
7111,Inest Inc,53403050,컴퓨터 및 전자 제품 소매
3674,Aucfan Co Ltd,57201030,온라인 서비스
3439,Mitsuchi Corp,53101020,"자동차, 트럭 및 오토바이 부품"
3987,Ecomott Inc,57201010,IT 서비스 및 컨설팅
3690,YRGLM Inc,57201010,IT 서비스 및 컨설팅
9363,Daiun Co Ltd,52407020,항만 운영 및 서비스
4884,Kringle Pharma Inc,56202010,생명 공학 및 의학 연구
3622,Netyear Group Corp,57201030,온라인 서비스
4014,Karadanote Inc,57201020,소프트웨어
7078,Inclusive Holdings Inc,53302010,광고 및 마케팅
305A,Double Tree Inc,53403010,"자동차 차량, 부품 및 서비스 소매"
8938,Glome Holdings Inc,52203040,경영 지원 서비스
2424,Brass Corp,54201030,개인 서비스
6195,Hope Inc,53302010,광고 및 마케팅
5252,Nihon Knowledge Co Ltd,57201010,IT 서비스 및 컨설팅
5620,SPO Entertainment Inc,53302030,엔터테인먼트 제작
6634,JN Group Inc,53403040,의류 및 액세서리 소매
3917,iRidge Inc,57201020,소프트웨어
3958,Sasatoku Printing Co Ltd,52203020,상업 인쇄 서비스
6054,Livesense Inc,57201010,IT 서비스 및 컨설팅
4102,Maruo Calcium Co Ltd,51101010,상품 화학
211A,Cados Corp,60101010,"부동산 임대, 개발 및 운영"
1724,Synclayer Inc,57201010,IT 서비스 및 컨설팅
7345,Ai Partners Financial Inc,55102010,투자 은행 및 중개 서비스
9339,Coach A Co Ltd,63103010,전문 및 비즈니스 교육
3627,Tecmira Holdings Inc,57201010,IT 서비스 및 컨설팅
3577,Tokai Senko KK,53202010,직물 및 가죽제품
7791,Dreambed Co Ltd,53204040,가정용 가구
5928,Almetax Manufacturing Co Ltd,53203020,건설 자재 및 비품
7986,Nihon ISK Co Ltd,52203060,비즈니스 지원 용품
3680,Hotto Link Inc,53302010,광고 및 마케팅
9237,Emimen Co Ltd,60101020,부동산 서비스
9849,Kyodo Paper Holdings,51301020,종이 제품
7800,Amifa Co Ltd,51302020,종이 포장재
4883,Modalis Therapeutics Corp,56202010,생명 공학 및 의학 연구
5987,Onex Corp,51201020,철 및 강철
7063,Birdman Inc,53302010,광고 및 마케팅
5256,Fusic Co Ltd,57201010,IT 서비스 및 컨설팅
3753,Flight Solutions Inc,57201010,IT 서비스 및 컨설팅
148A,Hatch Work Co Ltd,57201010,IT 서비스 및 컨설팅
4394,eXmotion Co Ltd,57201010,IT 서비스 및 컨설팅
6248,Yokota Manufacturing Co Ltd,52102010,산업용 기계 및 장비
5271,Toyo Asano Foundation Co Ltd,51202010,건설 자재
7462,Capita Inc,50102030,"오일, 가스 정제 및 마케팅"
4174,Appirits Inc,57201030,온라인 서비스
9419,WirelessGate Inc,57401020,무선 통신 서비스
476A,Tsuji Hongo IT Consulting Co Ltd,57201010,IT 서비스 및 컨설팅
3929,Socialwire Co Ltd,53302010,광고 및 마케팅
2330,Forside Co Ltd,53205010,장난감 및 어린이 제품
4429,Ricksoft Co Ltd,57201010,IT 서비스 및 컨설팅
6662,Ubiteq Inc,57106010,컴퓨터 하드웨어
4833,Def Consulting Inc,52203030,고용 서비스
4198,Tenda Co Ltd,57201010,IT 서비스 및 컨설팅
3710,Jorudan Co Ltd,57201020,소프트웨어
8166,Taka-Q Co Ltd,53403040,의류 및 액세서리 소매
7098,Agent Inc,52203030,고용 서비스
5028,SecondXight Analytica Inc,57201010,IT 서비스 및 컨설팅
2872,Seihyo Co Ltd,54102020,식품 가공
7782,Sincere Co Ltd,56101020,"의료 장비, 물품 및 유통"
4068,Basis Corp,52201020,건설 및 엔지니어링
2762,Sanko Marketing Foods Co Ltd,53301020,레스토랑 및 바
7129,Miahelsa Holdings Corp,56102010,의료 시설 및 서비스
6552,GameWith Inc,57201030,온라인 서비스
7983,Miroku Corp,52101010,항공우주 및 방위
3842,Nextgen Inc,57201020,소프트웨어
3297,Toubujyuhan Co Ltd,60101010,"부동산 임대, 개발 및 운영"
7719,Tokyo Koki Co Ltd,52102010,산업용 기계 및 장비
7567,Sakae Electronics Corp,52102030,전기 부품 및 장비
9466,Aidma Marketing Communication Corp,53302010,광고 및 마케팅
9012,Chichibu Railway Co Ltd,52406020,지상 및 해상 여객 운송
4736,Nippon Rad Inc,57201010,IT 서비스 및 컨설팅
5587,Inbound Platform Corp,53301040,여가 및 오락시설
4447,PBsystems Inc,57201010,IT 서비스 및 컨설팅
7877,Eidai Kako Co Ltd,53101020,"자동차, 트럭 및 오토바이 부품"
6193,Virtualex Holdings Inc,57201010,IT 서비스 및 컨설팅
6633,CGS Holdings Inc,57201010,IT 서비스 및 컨설팅
507A,Digital Knowledge Co Ltd,57201020,소프트웨어
229A,Asumi HD Inc,52201020,건설 및 엔지니어링
475A,Gimic Co Ltd,57201030,온라인 서비스
9212,Green Earth Institute Co Ltd,51101030,특수 화학제
279A,Interg Inc,57201030,온라인 서비스
4098,Titan Kogyo Ltd,51101010,상품 화학
3747,Intertrade Co Ltd,57301010,핀테크
5619,MRSO Inc,57201020,소프트웨어
3858,Ubiquitous AI Corp,57201020,소프트웨어
6694,Zoom Corp,53403050,컴퓨터 및 전자 제품 소매
6467,Nichidai Corp,52102010,산업용 기계 및 장비
3372,Kanmonkai Co Ltd,53301020,레스토랑 및 바
7464,Saftec Co Ltd,52203060,비즈니스 지원 용품
4341,Seiryo Electric Corp,57102010,통신 및 네트워킹
334A,Visual Processing Japan Co Ltd,57201010,IT 서비스 및 컨설팅
3550,Studio Atao Co Ltd,53202020,의류 및 액세서리
7992,Sailor Pen Co Ltd,52203060,비즈니스 지원 용품
7813,Platz Co Ltd,56101020,"의료 장비, 물품 및 유통"
1788,Santo Corp,52201020,건설 및 엔지니어링
567A,D-Plus Co Ltd,53403010,"자동차 차량, 부품 및 서비스 소매"
9327,e-LogiT Co Ltd,52405010,"배달, 우편, 항공 화물 및 육상 물류"
7057,New Constructor's Network Co Ltd,52203040,경영 지원 서비스
196A,MFS Inc,57301010,핀테크
241A,ROXX Inc,52203030,고용 서비스
4664,Japan Reliance Service Corp,52203040,경영 지원 서비스
3409,Kitabo Co Ltd,53202010,직물 및 가죽제품
7571,Yamano Holdings Corp,53403040,의류 및 액세서리 소매
9220,FB Care Service Co Ltd,56102010,의료 시설 및 서비스
138A,Hikari Food Service Co Ltd,53301020,레스토랑 및 바
7524,Marche Corp,53301020,레스토랑 및 바
9376,Eurasia Travel Co Ltd,53301040,여가 및 오락시설
3266,Fund Creation Group Co Ltd,55102020,투자 관리 및 펀드 운영
6894,Pulstec Industrial Co Ltd,57104010,전자 장비 및 부품
3071,Stream Co Ltd,57201030,온라인 서비스
2722,IK HOLDINGS Co. Ltd.,53403090,기타 전문 소매
4241,Atect Corp,56101020,"의료 장비, 물품 및 유통"
519A,Basic Inc,57201020,소프트웨어
7897,Hokushin Co Ltd,51301010,임업 및 목재 제품
6898,Tomita Electric Co Ltd,57104010,전자 장비 및 부품
150A,JSH Co Ltd,54201030,개인 서비스
7640,Top Culture Co Ltd,53403090,기타 전문 소매
5974,ChugokuKogyo Co Ltd,50103020,오일 관련 서비스 및 장비
7827,Orvis Corp,51301010,임업 및 목재 제품
7035,And Factory Inc,57201020,소프트웨어
9685,Kycom Holdings Co Ltd,57201010,IT 서비스 및 컨설팅
3011,Banners Co Ltd,53403010,"자동차 차량, 부품 및 서비스 소매"
5287,Ito Yogyo Co Ltd,51202010,건설 자재
220A,Faber Company Inc,57201010,IT 서비스 및 컨설팅
9767,Nikken Kogaku Co Ltd,51202010,건설 자재
1444,Nissou Co Ltd,53203010,주택 건설
8013,Naigai Co Ltd,53202020,의류 및 액세서리
6577,Bestone.Com Co Ltd,53301040,여가 및 오락시설
574A,Lassic Co Ltd,52203030,고용 서비스
3953,Ohmura Shigyo Co Ltd,51302020,종이 포장재
357A,F&F Inc,54301010,의약품 소매
2789,Karula Co Ltd,53301020,레스토랑 및 바
7046,TDSE Inc,57201020,소프트웨어
6150,Takeda Machinery Co Ltd,52102010,산업용 기계 및 장비
2425,Care Service Co Ltd,56102010,의료 시설 및 서비스
3326,Runsystem Co Ltd,53301040,여가 및 오락시설
7836,AVIX Inc,57104010,전자 장비 및 부품
4487,Spacemarket Inc,60101020,부동산 서비스
6803,Teac Corp,57106010,컴퓨터 하드웨어
4421,D I System Co Ltd,57201020,소프트웨어
9941,Taiyo Bussan Kaisha Ltd,54102010,어업 및 농업
3557,United & Collective Co Ltd,53301020,레스토랑 및 바
7687,Micreed Co Ltd,53402010,백화점
6081,Allied Architects Inc,57201010,IT 서비스 및 컨설팅
281A,Informetis Co Ltd,57201020,소프트웨어
9335,Techno Creative Co Ltd,52203040,경영 지원 서비스
3248,Early Age Co Ltd,60101010,"부동산 임대, 개발 및 운영"
5950,Japan Power Fastening Co Ltd,52102010,산업용 기계 및 장비
293A,BABY JOB Co Ltd,53403090,기타 전문 소매
330A,TalentX Inc,52203030,고용 서비스
2300,Kyokuto Co Ltd,54201030,개인 서비스
5580,Prodelight Co Ltd,57401010,통합 통신 서비스
265A,Hmcomm Inc,57201010,IT 서비스 및 컨설팅
3185,Dream Vision Co Ltd,53402010,백화점
6563,Mirai Works Inc,52203030,고용 서비스
3306,Nihon Seima Co Ltd,53202010,직물 및 가죽제품
8995,Makoto Construction Co Ltd,53203010,주택 건설
5858,STG Co Ltd,52102010,산업용 기계 및 장비
7694,Itsumo Inc,53302010,광고 및 마케팅
130A,Veritas In Silico Inc,56202010,생명 공학 및 의학 연구
477A,Startline Co Ltd,54201030,개인 서비스
4882,Perseus Proteomics Inc,56201040,제약
9421,NJ Holdings Inc,57201020,소프트웨어
4335,IPS Holdings Co Ltd,57201020,소프트웨어
149A,Thinca Co Ltd,57201010,IT 서비스 및 컨설팅
3686,DLE Inc,53302030,엔터테인먼트 제작
6046,Linkbal Inc,54201030,개인 서비스
4197,Asmarq Co Ltd,53302010,광고 및 마케팅
9635,Musashino Kogyo Co Ltd,60101010,"부동산 임대, 개발 및 운영"
3137,Fundely Co Ltd,53301020,레스토랑 및 바
7810,Crossfor Co Ltd,53202020,의류 및 액세서리
3931,Value Golf Inc,53301040,여가 및 오락시설
192A,Integroup Inc,55102010,투자 은행 및 중개 서비스
157A,Green Monster Inc,57201020,소프트웨어
2499,Nihonwasou Holdings Inc,53202020,의류 및 액세서리
164A,Applepark Co Ltd,52407030,고속도로 및 철도
9169,Daishinsha Inc,53302010,광고 및 마케팅
3645,Medical Net Inc,56102010,의료 시설 및 서비스
6347,Placo Co Ltd,52102010,산업용 기계 및 장비
5240,monoAI technology Co Ltd,57201020,소프트웨어
8912,Area Quest Inc,60101020,부동산 서비스
8123,T.Kawabe & Co Ltd,53202020,의류 및 액세서리
6400,Fuji Seiki Co Ltd,52102010,산업용 기계 및 장비
6063,Emergency Assistance Japan Co Ltd,56102010,의료 시설 및 서비스
8836,Rise Inc (Tokyo),60101010,"부동산 임대, 개발 및 운영"
5199,Fuji Latex Co Ltd,52102010,산업용 기계 및 장비
3375,ZOA Corp,53403050,컴퓨터 및 전자 제품 소매
2683,Uoki Co Ltd,54301020,식품 소매 및 유통
8181,Totenko Co Ltd,53301020,레스토랑 및 바
9167,Futonmaki Jiro Inc,54201030,개인 서비스
2666,Autowave Co Ltd,53403010,"자동차 차량, 부품 및 서비스 소매"
2687,CVS Bay Area Inc,52203040,경영 지원 서비스
5618,Nyle Inc,53302010,광고 및 마케팅
8225,Takachiho Co Ltd,53403090,기타 전문 소매
7137,Grantomato Co Ltd,54301020,식품 소매 및 유통
246A,ASUA Inc,52405010,"배달, 우편, 항공 화물 및 육상 물류"
288A,Laxus Technologies Inc,57201030,온라인 서비스
7036,eMnet Japan Co Ltd,53302010,광고 및 마케팅
2351,ASJ Inc,57201010,IT 서비스 및 컨설팅
4735,Kyoshin Co Ltd,63103010,전문 및 비즈니스 교육
2435,Cedar Co Ltd,56102010,의료 시설 및 서비스
3913,GreenBee Inc,57201020,소프트웨어
7928,Asahi Kagaku Kogyo Co Ltd,51101010,상품 화학
1711,SDS Holdings Co Ltd,52203010,환경 서비스 및 장비
5035,HOUSEI Inc,57201010,IT 서비스 및 컨설팅
4260,Hybrid Technologies Co Ltd,57201020,소프트웨어
3600,Fujix Ltd,53202010,직물 및 가죽제품
9423,Forval Realstraight Inc,52203040,경영 지원 서비스
7850,Sougou Shouken Co Ltd,52203020,상업 인쇄 서비스
333A,Technosmile Inc,52203030,고용 서비스
3996,Signpost Corp,57201010,IT 서비스 및 컨설팅
4881,FunPep Co Ltd,56202010,생명 공학 및 의학 연구
2992,Urban Like Inc,53203010,주택 건설
2997,Storage-Oh Co Ltd,60101010,"부동산 임대, 개발 및 운영"
7042,Access Group Holdings Co Ltd,53302010,광고 및 마케팅
3928,Mynet Inc,57201030,온라인 서비스
3647,Asulina Co Ltd,59101010,전력 유틸리티
5126,Porters Corp,57201010,IT 서비스 및 컨설팅
7359,Tokyo Communications Group Inc,57201020,소프트웨어
4167,Kokopelli Inc,57201020,소프트웨어
7939,Kensoh Co Ltd,53302010,광고 및 마케팅
4650,SD Entertainment Inc,53301040,여가 및 오락시설
3664,Wize Inc,53403030,가정용 가구 소매
3598,Yamaki Co Ltd,53202020,의류 및 액세서리
2736,Festaria Holdings Co Ltd,53403040,의류 및 액세서리 소매
7043,Alue Co Ltd,63103010,전문 및 비즈니스 교육
3089,Techno Alpha Co Ltd,57101020,반도체 장비 및 테스트
340A,Zig-Zag Inc,57201030,온라인 서비스
9563,Atlas Technologies Corp,52203040,경영 지원 서비스
9816,Striders Corp,60101010,"부동산 임대, 개발 및 운영"
4124,Osaka Yuka Industry Ltd,51101090,다각적 화학 산업
9760,Shingakukai Holdings Co Ltd,63101010,기타 교육 서비스 제공
4069,BlueMeme Inc,57201010,IT 서비스 및 컨설팅
4444,InfoNet Inc,57201030,온라인 서비스
7896,Seven Industries Co Ltd,53203020,건설 자재 및 비품
304A,FORCIA Inc,57201030,온라인 서비스
403A,Hojogumi Co Ltd,52201020,건설 및 엔지니어링
2164,Chiikishinbunsha Co Ltd,53302040,소비자 출판
4657,Environmental Control Center Co Ltd,52203010,환경 서비스 및 장비
9365,Tradia Corp,52405020,해양 화물 및 물류
5969,Lobtex Co Ltd,52102010,산업용 기계 및 장비
7064,Howtelevision Inc,57201030,온라인 서비스
9895,Consec Corp,52102010,산업용 기계 및 장비
195A,Muscat Group Inc,57201020,소프트웨어
4920,Nippon Shikizai Inc,54201020,개인 생활 필수 용품
4387,ZUU Co Ltd,57301010,핀테크
243A,Top's Inc,54102020,식품 가공
3672,AltPlus Inc,57201020,소프트웨어
9562,Business Coach Inc,63103010,전문 및 비즈니스 교육
4558,Chukyoiyakuhin Co Ltd,56201040,제약
7601,Poplar Co Ltd,54301020,식품 소매 및 유통
3054,Hyper Inc,57106010,컴퓨터 하드웨어
3802,Ecomic Co Ltd,52203030,고용 서비스
3970,Innovation Inc,57201030,온라인 서비스
9242,Media Research Institute Inc,52203030,고용 서비스
5704,JMC Corporation,51201050,특수 채굴 및 금속
4388,AI Inc,57201020,소프트웨어
7372,Decollte Holdings Corp,54201030,개인 서비스
3042,SecuAvail Inc,57201020,소프트웨어
137A,Cocolive Inc,57201010,IT 서비스 및 컨설팅
8254,Saikaya Department Store Co Ltd,53402010,백화점
4243,Nix Inc,51101010,상품 화학
4424,Amazia Inc,57201020,소프트웨어
189A,D&M Company Co Ltd,52203040,경영 지원 서비스
7083,AHC Group Inc,56102010,의료 시설 및 서비스
5125,Fines Inc,57201010,IT 서비스 및 컨설팅
5952,Amatei Inc,52102010,산업용 기계 및 장비
3986,bBreak Systems Co Ltd,57201010,IT 서비스 및 컨설팅
142A,Jinjibu Co Ltd,52203030,고용 서비스
8921,C's Create Co Ltd,60101010,"부동산 임대, 개발 및 운영"
3930,Hatena Co Ltd,57201030,온라인 서비스
9342,Sumasapo Inc,57201010,IT 서비스 및 컨설팅
3559,p-ban.com Corp,53402010,백화점
4427,EduLab Inc,57201010,IT 서비스 및 컨설팅
6548,Tabikobo Co Ltd,53301040,여가 및 오락시설
248A,Kids Star Inc,57201020,소프트웨어
5242,Eyez Inc,57201030,온라인 서비스
9399,Beat Holdings Ltd,55102020,투자 관리 및 펀드 운영
4438,Welby Inc,57201020,소프트웨어
5138,Rebase Inc,57201030,온라인 서비스
351A,Axis IT Partners Corp,57201010,IT 서비스 및 컨설팅
7477,Muraki Corp,53403010,"자동차 차량, 부품 및 서비스 소매"
4678,Shuei Yobiko Co Ltd,63101010,기타 교육 서비스 제공
7077,ALiNK Internet Inc,57201020,소프트웨어
481A,JSecurity Inc,57201010,IT 서비스 및 컨설팅
4720,Johnan Academic Preparatory Institute Inc,63101010,기타 교육 서비스 제공
557A,Feriest Co Ltd,53302010,광고 및 마케팅
6186,Ichikura Co Ltd,53403040,의류 및 액세서리 소매
9225,Bridge Consulting Group Inc,52203040,경영 지원 서비스
4766,PA Co Ltd,52203030,고용 서비스
370A,Rebible Co Ltd,60101010,"부동산 임대, 개발 및 운영"
7073,JAIC Co Ltd,63103010,전문 및 비즈니스 교육
6233,KLASS Corp,52102010,산업용 기계 및 장비
6537,Washhouse Co Ltd,54201030,개인 서비스
309A,Cosmos Chouzai Pharmacy Co Ltd,54301010,의약품 소매
4179,G-Next Inc,57201020,소프트웨어
9254,Lovable Marketing Group Inc,53302010,광고 및 마케팅
3670,Kyoritsu Computer & Communication Co Ltd,53403050,컴퓨터 및 전자 제품 소매
7255,Sakurai Ltd,53101020,"자동차, 트럭 및 오토바이 부품"
4814,Nextware Ltd,57201010,IT 서비스 및 컨설팅
8946,Asian Star Co,60101010,"부동산 임대, 개발 및 운영"
7062,Fureasu Co Ltd,56102010,의료 시설 및 서비스
9345,Bizmates Inc,57201030,온라인 서비스
6074,JSS Corp,54201030,개인 서비스
9812,T.O. Holdings Co Ltd,53402010,백화점
3985,Temona Inc,57201030,온라인 서비스
6177,AppBank Inc,57201030,온라인 서비스
7139,Tokyo Koatsu Co Ltd,51101010,상품 화학
4616,Kawakami Paint Mfg Co Ltd,51101010,상품 화학
5962,Asaka Industrial Co Ltd,53204030,"가전제품, 도구 및 가정 용품"
7878,Kohsai Co Ltd,53202020,의류 및 액세서리
3909,Showcase Inc,57201010,IT 서비스 및 컨설팅
2479,JTec Corp,52203030,고용 서비스
3041,Beauty Kadan Holdings Co Ltd,54201030,개인 서비스
292A,SIE Co Ltd,52203030,고용 서비스
4170,Kaizen Platform Inc,57201010,IT 서비스 및 컨설팅
9244,Digitalift Inc,53302010,광고 및 마케팅
4199,Wonderplanet Inc,57201020,소프트웨어
7615,Kyoto Kimono Yuzen Holdings Co Ltd,53403040,의류 및 액세서리 소매
4016,MIT Holdings Co Ltd,57201010,IT 서비스 및 컨설팅
3646,Ekitan & Co Ltd,57201030,온라인 서비스
470A,Local Inc,54102010,어업 및 농업
9253,Slogan Inc,52203030,고용 서비스
442A,Classico Inc,53202020,의류 및 액세서리
7138,Torico Co Ltd,57201030,온라인 서비스
524A,Tamura Builds Group Co Ltd,60101010,"부동산 임대, 개발 및 운영"
6029,Artra Group Corp,56102010,의료 시설 및 서비스
4918,Ivy Cosmetics Corp,54201020,개인 생활 필수 용품
132A,IN Holdings Co Ltd,52405030,지상 화물 및 물류
9978,Bunkyodo Group Holdings Co Ltd,53403090,기타 전문 소매
4679,Taya Co Ltd,54201030,개인 서비스
3192,Shirohato Co Ltd,57201030,온라인 서비스
2721,J-Holdings Corp,60101010,"부동산 임대, 개발 및 운영"
3998,SuRaLa Net Co Ltd,52203070,전문 정보 서비스
3416,Pixta Inc,57201030,온라인 서비스
4707,Kitac Corp,52201020,건설 및 엔지니어링
4416,True Data Inc,57201030,온라인 서비스
4240,Cluster Technology Co Ltd,57104010,전자 장비 및 부품
6276,SiriusVision Co Ltd,52102010,산업용 기계 및 장비
9258,CS-C Co Ltd,57201020,소프트웨어
550A,Softtex Co Ltd,57201010,IT 서비스 및 컨설팅
7997,Kurogane Kosakusho Ltd,52203060,비즈니스 지원 용품
9240,Delivery Consulting Inc,57201010,IT 서비스 및 컨설팅
7132,Flobal Corp,53203020,건설 자재 및 비품
198A,PostPrime Inc,57201030,온라인 서비스
3803,Image Information Inc,57201010,IT 서비스 및 컨설팅
6555,Ms&Consulting Co Ltd,53302010,광고 및 마케팅
9236,Japan M&A Solution Inc,55102020,투자 관리 및 펀드 운영
5905,Nihon Seikan KK,51302010,용기(종이 제외) 및 포장재
267A,Towarise Corp,55101030,소비자 대출
7031,Inbound Tech Inc,52203040,경영 지원 서비스
9565,Gloe Inc,53301040,여가 및 오락시설
6558,Cookbiz Co Ltd,52203030,고용 서비스
7041,CRG Holdings Co Ltd,52203030,고용 서비스
6867,Leader Electronics Corp,52102010,산업용 기계 및 장비
4178,Sharing Innovations Inc,57201010,IT 서비스 및 컨설팅
5134,POPER Co Ltd,57201020,소프트웨어
7413,Sokensha Co Ltd,54102020,식품 가공
4361,Kawaguchi Chemical Industry Co Ltd,51101010,상품 화학
9444,TOSHIN HOLDINGS CO. LTD,57401020,무선 통신 서비스
6663,Taiyo Technolex Co Ltd,57101010,반도체
4370,Mobilus Corp,57201010,IT 서비스 및 컨설팅
2345,HODL1 Inc,57301030,블록 체인 및 암호화폐
7360,Ondeck Co Ltd,55102010,투자 은행 및 중개 서비스
6198,Career Co Ltd,52203030,고용 서비스
7356,Retty Inc,57201030,온라인 서비스
7422,Toho Lamac Co Ltd,53202030,제화
8247,Daiwa Co Ltd,53402010,백화점
522A,Coel Inc,57201010,IT 서비스 및 컨설팅
9214,Recovery International Co Ltd,56102010,의료 시설 및 서비스
9215,CaSy Co Ltd,54201030,개인 서비스
7585,Kan-Nanmaru Corp,53301020,레스토랑 및 바
7140,Petgo Corp,53403090,기타 전문 소매
302A,bstyle Holdings Inc,52203030,고용 서비스
4166,Cacco Inc,57201010,IT 서비스 및 컨설팅
8746,unbanked Inc,55102010,투자 은행 및 중개 서비스
6977,Japan Resistor Mfg. Co Ltd,52102030,전기 부품 및 장비
4288,Asgent Inc,57201010,IT 서비스 및 컨설팅
2291,Fukutome Meat Packers Ltd,54102020,식품 가공
6731,Pixela Corp,57106030,가정용 전자 제품
4378,CINC Corp,52203040,경영 지원 서비스
3908,Collabos Corp,57201010,IT 서비스 및 컨설팅
171A,Zero Japan Co Ltd,53403090,기타 전문 소매
9914,Uematsu Shokai Co Ltd,52102010,산업용 기계 및 장비
387A,Fuller Inc,57201010,IT 서비스 및 컨설팅
6775,TB Group Inc,57104010,전자 장비 및 부품
2926,Shinozakiya Inc,54102020,식품 가공
2156,Saylor Advertising Inc,53302010,광고 및 마케팅
139A,Higashinihon Jisho Co Ltd,60101010,"부동산 임대, 개발 및 운영"
527A,NOSE SHOP Inc,53403090,기타 전문 소매
7369,Meiho Holdings Inc,52201020,건설 및 엔지니어링
7067,Branding Technology Inc,53302010,광고 및 마케팅
361A,Living House Co Ltd,53403030,가정용 가구 소매
3261,Grandes Inc,60101010,"부동산 임대, 개발 및 운영"
7074,Twenty-four seven Holdings Inc,54201030,개인 서비스
5131,Linkers Corp,57201010,IT 서비스 및 컨설팅
2667,ImageOne Co Ltd,53403050,컴퓨터 및 전자 제품 소매
4381,Bplats Inc,57201010,IT 서비스 및 컨설팅
469A,Fitcrew Inc,53301040,여가 및 오락시설
9557,airCloset Inc,57201030,온라인 서비스
3370,Fujita Corporation Co Ltd,53301020,레스토랑 및 바
6573,Cravia Inc,53302010,광고 및 마케팅
7837,R.C.Core Co Ltd,60101010,"부동산 임대, 개발 및 운영"
131A,CCN Group Corp,57201010,IT 서비스 및 컨설팅
4760,Alpha Co Ltd,53302010,광고 및 마케팅
168A,Itamiarts Inc,53302010,광고 및 마케팅
320A,D&I Inc,52203030,고용 서비스
5025,Mercury Inc(Shinjuku),60101020,부동산 서비스
4020,Betrend Corp,57201020,소프트웨어
5247,BTM Inc,57201010,IT 서비스 및 컨설팅
2388,Wedge Holdings Co Ltd,53302030,엔터테인먼트 제작
3667,Enish Inc,57201020,소프트웨어
3779,J Escom Holdings Inc,53302010,광고 및 마케팅
6982,Lead Co Inc,53101020,"자동차, 트럭 및 오토바이 부품"
298A,GVA TECH Inc,57201010,IT 서비스 및 컨설팅
5616,Ame Kaze Taiyo Inc,57201020,소프트웨어
4598,Delta-Fly Pharma Inc,56201040,제약
5528,Frontier House Co Ltd,60101010,"부동산 임대, 개발 및 운영"
9239,KET Inc,52203010,환경 서비스 및 장비
6696,TRaaS On Product Inc,57104010,전자 장비 및 부품
3910,MKSystem Corp,57201010,IT 서비스 및 컨설팅
7865,People Co Ltd,53205010,장난감 및 어린이 제품
3639,Voltage Inc,57201020,소프트웨어
4057,Interfactory Inc,57201020,소프트웨어
9331,Caster Co Ltd,52203030,고용 서비스
3634,Sockets Inc,57201020,소프트웨어
432A,Cliniphar Ltd,56201040,제약
591A,Saijo Co Ltd,53402010,백화점
6190,PhoenixBio Co Ltd,56202010,생명 공학 및 의학 연구
4017,Creema Ltd,53402010,백화점
3223,SLD Entertainment Inc,53301020,레스토랑 및 바
9425,ReYuu Japan Inc,53403050,컴퓨터 및 전자 제품 소매
5536,Kyobashi Art Residence Co Ltd,60101010,"부동산 임대, 개발 및 운영"
5341,Asahi Eito Holdings Co Ltd,53203020,건설 자재 및 비품
5249,Asakawa Systems Co Ltd,57201010,IT 서비스 및 컨설팅
207A,Rising Corp Inc,53203010,주택 건설
6174,Dentas Co Ltd,56101020,"의료 장비, 물품 및 유통"
9213,Seyfert Ltd,53302010,광고 및 마케팅
7946,Koyosha Inc,52203020,상업 인쇄 서비스
3174,Happiness and D Co Ltd,53403040,의류 및 액세서리 소매
4073,Global Communication Planning Co Ltd,57201010,IT 서비스 및 컨설팅
1445,Hikari Holdings Co Ltd,51202010,건설 자재
411A,Nippon Maritime Bank Co Ltd,55102050,"금융, 상품 시장 운영 및 서비스 제공"
9878,Sekido Co Ltd,53403040,의류 및 액세서리 소매
9250,GRCS Inc,57201020,소프트웨어
6579,LOGLY Inc,57201030,온라인 서비스
398A,Real Quality Co Ltd,53301010,"호텔, 모텔 및 크루즈 라인"
4265,Institution For A Global Society Corp,57201020,소프트웨어
175A,Will Smart Co Ltd,57201010,IT 서비스 및 컨설팅
2778,Palemo Holdings Co Ltd,53403040,의류 및 액세서리 소매
7362,Terminalcare Support Institute Inc,56102010,의료 시설 및 서비스
7090,Ligua Inc,57201020,소프트웨어
9241,Future Link Network Co Ltd,57201030,온라인 서비스
143A,Ishin Co Ltd,53302010,광고 및 마케팅
2459,Aun Consulting Inc,53302010,광고 및 마케팅
389A,Hakko Automation Co Ltd,52102010,산업용 기계 및 장비
9226,IGER Inc,53302010,광고 및 마케팅
5598,Yottavias Co Ltd,52201020,건설 및 엔지니어링
7363,Baby Calendar Inc,57201030,온라인 서비스
303A,visumo Inc,57201020,소프트웨어
2673,Yumemitsuketai Co Ltd,53402010,백화점
503A,BellChild Co Ltd,57201020,소프트웨어
7690,Current Motor Corp,53403010,"자동차 차량, 부품 및 서비스 소매"
271A,Accelia Inc,57201010,IT 서비스 및 컨설팅
9330,Ageha Inc,53302010,광고 및 마케팅
5584,Strawberry jams Co Ltd,57201010,IT 서비스 및 컨설팅
323A,Flier Inc,57201030,온라인 서비스
7364,Ryukyu Asteeda Sports Club Co Ltd,53301040,여가 및 오락시설
7093,Adish Co Ltd,57201010,IT 서비스 및 컨설팅
6786,RVH Inc,57201010,IT 서비스 및 컨설팅
226A,Katsu Mi Japan Inc,54301020,식품 소매 및 유통
4059,Magmag Inc,53302010,광고 및 마케팅
562A,Houyou Inc,57201010,IT 서비스 및 컨설팅
7578,Nichiryoku Co Ltd,54201030,개인 서비스
9610,Wilson Learning Worldwide Inc,63103010,전문 및 비즈니스 교육
3111,Omikenshi Co Ltd,53202010,직물 및 가죽제품
9334,IBIS Holdings Co Ltd,52203030,고용 서비스
7886,YAMATO Mobility & Mfg. Co Ltd,52102010,산업용 기계 및 장비
7170,Chuou International Group Co Ltd,55301010,복합보험 및 중개인
310A,Thirty Four Co Ltd,60101010,"부동산 임대, 개발 및 운영"
506A,Sinkanurse Inc,,
161A,Mitsuba Co Ltd,54201030,개인 서비스
7815,Tokyo Board Industries Co Ltd,52203010,환경 서비스 및 장비
184A,Manabi-aid Co Ltd,63101010,기타 교육 서비스 제공
528A,Free Style Inc,57201010,IT 서비스 및 컨설팅
185A,Recycle Tech Japan Corp,52203010,환경 서비스 및 장비
9238,VALUE CREATION CO. LTD.,53302010,광고 및 마케팅
252A,Wedge Co Ltd,57102010,통신 및 네트워킹
375A,YAK Holdings Co Ltd,60101020,부동산 서비스
3448,Suga Steel Co Ltd,51201020,철 및 강철
362A,Exeo Holdings Inc,63102010,"초, 중, 고등 교육기관"
7831,Wellco Holdings Corp,52203020,상업 인쇄 서비스
437A,Jwave Co Ltd,52203030,고용 서비스
5886,Ookabe Glass Co Ltd,53204040,가정용 가구
599A,Genkinakaigo Co Ltd,56102010,의료 시설 및 서비스
5893,RAVIPA Ltd,53402010,백화점
321A,Human Stage Holdings Corp,52203030,고용 서비스
227A,Insight Lab Inc,57201010,IT 서비스 및 컨설팅
199A,Mediair Corp,57201030,온라인 서비스
5380,Shinto Co Ltd,51202010,건설 자재
7851,Kawase Computer Supplies Co Ltd,52203020,상업 인쇄 서비스
5573,Doraku Holdings Co Ltd,57201010,IT 서비스 및 컨설팅
7901,Matsumoto Inc,52203020,상업 인쇄 서비스
7691,C Channel Corp,53402010,백화점
434A,Looplace Inc,60101010,"부동산 임대, 개발 및 운영"
154A,GAIA Inc,55102010,투자 은행 및 중개 서비스
1452,Yokohama Wright Industries Co Ltd,52201020,건설 및 엔지니어링
6147,Yamazaki Co Ltd,52102010,산업용 기계 및 장비
595A,Fujikosan Co Ltd,60101010,"부동산 임대, 개발 및 운영"
484A,NewsedTech Co Ltd,53403050,컴퓨터 및 전자 제품 소매
7689,Copa Corporation Inc,53204030,"가전제품, 도구 및 가정 용품"
8209,Friendly Corp,53301020,레스토랑 및 바
457A,Le Lien Co Ltd,57201030,온라인 서비스
565A,FFF Holdings Co Ltd,53203020,건설 자재 및 비품
5072,Art Force Japan Co Ltd,52201020,건설 및 엔지니어링
317A,SMS Data Tech Corp,57201010,IT 서비스 및 컨설팅
501A,Precious Partners Co Ltd,52203030,고용 서비스
5037,Fitworks Co Ltd,57201010,IT 서비스 및 컨설팅
5077,Hands Co Ltd,52201020,건설 및 엔지니어링
5581,Chi Technology Co Ltd,57201010,IT 서비스 및 컨설팅
433A,MJE Inc,57201010,IT 서비스 및 컨설팅
5622,OneBe Inc,57201020,소프트웨어
406A,Kankyou No Mikata Holdings Inc,52203010,환경 서비스 및 장비
217A,Support Co Ltd,52201020,건설 및 엔지니어링
7426,Yamadai Corp,53203020,건설 자재 및 비품
7985,Nepon Inc,52102030,전기 부품 및 장비
312A,Shinko Holdings Corp,52201020,건설 및 엔지니어링
2994,Answer Holdings Co Ltd,60101020,부동산 서비스
3787,Techno Mathematical Co Ltd,57201020,소프트웨어
239A,Balleggs Co Ltd,60101010,"부동산 임대, 개발 및 운영"
374A,Higuchi Consulting Co Ltd,57201010,IT 서비스 및 컨설팅
3483,Shoei Co Ltd,60101010,"부동산 임대, 개발 및 운영"
422A,tane Creative Co Ltd,57201010,IT 서비스 및 컨설팅
7355,Issunbou Co Ltd,52201020,건설 및 엔지니어링
405A,Koyama Miraie Co Ltd,53403010,"자동차 차량, 부품 및 서비스 소매"
5840,Nippon Souken Co Ltd,55301010,복합보험 및 중개인
1382,Hob Co Ltd,54102010,어업 및 농업
6527,Waka Manufacturing Co Ltd,57104010,전자 장비 및 부품
6168,One Group Corp,52102010,산업용 기계 및 장비
329A,Zeal Associate Corp,53302010,광고 및 마케팅
444A,Aitel Co Ltd,53403010,"자동차 차량, 부품 및 서비스 소매"
455A,Value Soft Holdings Corp,57201020,소프트웨어
307A,Housing Staff Inc,53203010,주택 건설
7709,Kubotek Corp,52102030,전기 부품 및 장비
301A,In-dex Inc,60101010,"부동산 임대, 개발 및 운영"
9156,Hana Holdings Co Ltd,54201030,개인 서비스
326A,Aero Lab International Inc,52101010,항공우주 및 방위
5887,Kokyo Inc,57104010,전자 장비 및 부품
249A,Human Adjust Co Ltd,56102010,의료 시설 및 서비스
7693,Hokkaido Shika Sangyo Co Ltd,56101020,"의료 장비, 물품 및 유통"
263A,DigitalCube Co Ltd,57201010,IT 서비스 및 컨설팅
5594,M.D.B Corp,57201010,IT 서비스 및 컨설팅
216A,Life Create Co Ltd,53403090,기타 전문 소매
439A,ACTBE Inc,57201010,IT 서비스 및 컨설팅
445A,Toyo Corp,53203010,주택 건설
430A,Next Hands Co Ltd,57201010,IT 서비스 및 컨설팅
602A,Rex Advisors Co Ltd,52203030,고용 서비스
514A,Magonote Inc,,
284A,Fukuya Construction Co Ltd,51202010,건설 자재
6576,Youkosha Co Ltd,56102010,의료 시설 및 서비스
172A,Neo Home Co Ltd,53203010,주택 건설
3450,Sato Sangyo Co Ltd,52201020,건설 및 엔지니어링
359A,NEXT STAGE Co Ltd,52201020,건설 및 엔지니어링
203A,Shunbin Co Ltd,52203040,경영 지원 서비스
393A,RitaX Inc,52201020,건설 및 엔지니어링
266A,Glocal Marketing Co Ltd,52203040,경영 지원 서비스
555A,Hokuoh Group Inc,52405030,지상 화물 및 물류
9243,Fujitechno Holdings Co Ltd,57201010,IT 서비스 및 컨설팅
204A,TaiyoPackage Co Ltd,51302020,종이 포장재
158A,Exseli Co Ltd,57102010,통신 및 네트워킹
5103,Showa Holdings Co Ltd,54102020,식품 가공
8143,Lapine Co Ltd,53202020,의류 및 액세서리
134A,Upraise Inc,52203030,고용 서비스
1432,Doryoku Co Ltd,52102030,전기 부품 및 장비
597A,andUS. Inc,54201020,개인 생활 필수 용품
358A,Zenland Inc,60101020,부동산 서비스
4426,Passlogy Co Ltd,57201020,소프트웨어
308A,Postmate Holdings Inc,54201030,개인 서비스
4316,Bemap Inc,57401010,통합 통신 서비스
583A,Real Estate Distribution System Co Ltd,60101020,부동산 서비스
6695,Castrico Co Ltd,57101020,반도체 장비 및 테스트
5617,WiLLDo Inc,57201010,IT 서비스 및 컨설팅
152A,OPTY Co Ltd,51101010,상품 화학
222A,Nippon Information Control System Inc,57201010,IT 서비스 및 컨설팅
347A,Growth Power Co Ltd,52102020,중장비 및 차량
355A,Now Village Co Ltd,53302010,광고 및 마케팅
5531,NxTechnologies Inc,60101010,"부동산 임대, 개발 및 운영"
601A,Lucks Construction Co Ltd,52201020,건설 및 엔지니어링
251A,Neuromagic Co Ltd,57201010,IT 서비스 및 컨설팅
5251,WISS1 Co Ltd,57201010,IT 서비스 및 컨설팅
2452,Computer Mind Co Ltd,57201010,IT 서비스 및 컨설팅
5866,WizBiz Inc,53302010,광고 및 마케팅
7680,Keijidoushakan Co Ltd,53403010,"자동차 차량, 부품 및 서비스 소매"
5130,HiroHoldings Co Ltd,53403050,컴퓨터 및 전자 제품 소매
560A,Okada Corporation Inc,53301020,레스토랑 및 바
371A,DesigNET Inc,57201010,IT 서비스 및 컨설팅
9222,Manaby Co Ltd,63103010,전문 및 비즈니스 교육
510A,Heart Up Co Ltd,54201030,개인 서비스
