Code,Name,Market,Sector,Industry,Products,ListingDate,SettleMonth,Representative,HomePage,Region
060310,3S,KOSDAQ,벤처기업부,"측정, 시험, 항해, 제어 및 기타 정밀기기 제조업; 광학기기 제외",반도체 웨이퍼 캐리어,2002-04-23,03월,정완영,http://www.3sref.com,서울특별시
054620,APS,KOSDAQ,중견기업부,기타 금융업,인터넷 트래픽 솔루션,2001-12-04,12월,정기로,http://www.apsholdings.co.kr,경기도
079810,APS이노베이션,KOSDAQ,우량기업부,기타 전기장비 제조업,FPD공정검사장비,2005-01-26,12월,배성민,http://www.i-det.com,경기도
265520,AP시스템,KOSDAQ,우량기업부,특수 목적용 기계 제조업,디스플레이 제조 장비,2017-04-07,12월,Yoo Ho Sun,http://www.apsystems.co.kr,경기도
211270,AP위성,KOSDAQ,우량기업부,통신 및 방송 장비 제조업,위성통신 단말기,2016-03-04,12월,이성희,http://www.apsi.co.kr,서울특별시
126600,BGF에코머티리얼즈,KOSDAQ,우량기업부,합성고무 및 플라스틱 물질 제조업,엔지니어링 플라스틱 칩,2010-11-12,12월,홍정혁,http://www.bgfecomaterials.com,경기도
083790,CG인바이츠,KOSDAQ,벤처기업부,자연과학 및 공학 연구개발업,아셀렉스,2006-01-06,12월,이호영,http://www.cginvites.com,서울특별시
311690,CJ 바이오사이언스,KOSDAQ,기술성장기업부,자연과학 및 공학 연구개발업,"생명정보 플랫폼, 마이크로바이옴 분석 서비스",2019-12-26,12월,윤상배,http://www.cjbioscience.com,서울특별시
051500,CJ프레시웨이,KOSDAQ,우량기업부,음·식료품 및 담배 도매업,"식자재유통, 단체급식",2001-07-26,12월,이건일,http://www.cjfreshway.com,경기도
058820,CMG제약,KOSDAQ,관리종목(소속부없음),의약품 제조업,의약품,2001-08-31,12월,이주형,http://www.cmgpharma.co.kr,서울특별시
056730,CNT85,KOSDAQ,중견기업부,건물 건설업,산업설비 제조외,2002-01-04,12월,이기주,http://www.cnt85.com,경기도
065770,CS,KOSDAQ,관리종목(소속부없음),통신 및 방송 장비 제조업,"이동통신중계기, 위성방송(DMB)중계기(Gap-Filler)",2004-06-04,12월,"최규훈, 김태연(각자 대표이사)",http://www.cs-holdings.co.kr,경기도
083660,CSA 코스믹,KOSDAQ,중견기업부,기타 화학제품 제조업,화장품 제조 및 판매,2006-07-25,12월,양종옥,http://www.csacosmic.com,서울특별시
477760,DB금융스팩12호,KOSDAQ,SPAC(소속부없음),기타 금융업,기업인수 및 합병,2024-06-18,12월,김창희,,서울특별시
099520,DGI,KOSDAQ,관리종목(소속부없음),영상 및 음향기기 제조업,"DVR,유선통신기기 제조,무역/소프트웨어 자문,연구개발,기술용역",2009-12-22,12월,"박상열,박근식 (각자 대표이사)",http://www.itxai.com,서울특별시
290120,DH오토리드,KOSDAQ,중견기업부,자동차 신품 부품 제조업,자동차 스티어링휠,2018-12-07,12월,이석근,http://www.dhautolead.co.kr,전북특별자치도
025440,DH오토웨어,KOSDAQ,투자주의환기종목(소속부없음),영상 및 음향기기 제조업,"카 인포테인먼트용 영상·음향기기, 차체 자동화설비 및 조립용 지그 제조",1995-05-22,12월,문경호,http://dhautoware.co.kr,광주광역시
068790,DMS,KOSDAQ,우량기업부,특수 목적용 기계 제조업,LCD 제조장비,2004-10-01,12월,"정수화,이상진",http://www.dms21.co.kr,경기도
241520,DSC인베스트먼트,KOSDAQ,중견기업부,신탁업 및 집합투자업,투자조합 결성 및 투자,2016-12-19,12월,윤건수,http://www.dscinvestment.com,서울특별시
180400,DXVX,KOSDAQ,관리종목(소속부없음),기타 과학기술 서비스업,BAC DNA CHIP,2015-11-20,12월,유건상 대표이사,http://www.dxvx.com,서울특별시
418620,E8,KOSDAQ,관리종목(소속부없음),소프트웨어 개발 및 공급업,"CFD 시뮬레이션 소프트웨어, 디지털트윈 플랫폼",2024-02-23,12월,김진현,http://e8ight.co.kr/,서울특별시
245620,EDGC,KOSDAQ,관리종목(소속부없음),자연과학 및 공학 연구개발업,유전체 분석 진단 서비스,2018-06-26,12월,"마민철, 김봉조 (각자대표)",http://www.edgc.com,인천광역시
037370,EG,KOSDAQ,벤처기업부,기초 화학물질 제조업,"산화철, 대기수처리방지시설, 무역",2000-01-11,12월,"박지만,제영태 각자대표이사",http://www.egcorp.co.kr,전라남도
050120,ES큐브,KOSDAQ,중견기업부,생활용품 도매업,"텐트, 원 ·부자재",2002-04-25,12월,안경환,http://www.escube.co.kr,서울특별시
214270,FSN,KOSDAQ,중견기업부,소프트웨어 개발 및 공급업,카울리,2015-03-25,12월,"서정교, 김경호(공동대표이사)",http://fsn.co.kr,서울특별시
032620,GC메디아이,KOSDAQ,우량기업부,소프트웨어 개발 및 공급업,"의사랑,유팜,미소몰",1997-05-02,12월,김진태 대표이사,http://www.gcmediai.com,서울특별시
130500,GH신소재,KOSDAQ,중견기업부,기타 섬유제품 제조업,"자동차용 부직포, 폴리우레탄 폼",2013-08-02,12월,유영진,http://www.ghglobal.co.kr,경상북도
019570,GMI벤처,KOSDAQ,중견기업부,신탁업 및 집합투자업,금융투자,1989-03-14,12월,백상현,http://www.geminivc.co.kr,서울특별시
900290,GRT,KOSDAQ,외국기업(소속부없음),기타 금융업,"광학필름, 포장필름",2016-10-25,06월,주영남,,홍콩
083450,GST,KOSDAQ,우량기업부,특수 목적용 기계 제조업,"GasScrubber,Chiller",2006-02-01,12월,"석종욱, 문승보(각자대표)",http://www.gst-in.com,경기도
297890,HB솔루션,KOSDAQ,우량기업부,특수 목적용 기계 제조업,"디스플레이 제조용 장비(도포기, 조립기, 검사기)",2020-06-22,12월,이재원,http://www.hb-solution.co.kr,세종특별자치시
440290,HB인베스트먼트,KOSDAQ,중견기업부,기타 금융업,벤처투자조합 등 조합 결성 및 운영,2024-01-25,12월,황유선,http://www.hbvc.co.kr,서울특별시
078150,HB테크놀러지,KOSDAQ,우량기업부,특수 목적용 기계 제조업,TFT-LCD검사장비,2004-12-08,12월,문성준,http://www.ncbnet.co.kr,세종특별자치시
225530,HC보광산업,KOSDAQ,우량기업부,기타 비금속 광물제품 제조업,"콘크리트용 부순골재, 아스콘, 레미콘",2015-12-17,12월,김윤수,http://www.bokwangindustry.co.kr,대구광역시
060560,HC홈센타,KOSDAQ,중견기업부,기타 전문 도매업,"건축자재,레미콘",2002-07-11,12월,박 병 윤,http://www.home-center.co.kr,대구광역시
376270,HEM파마,KOSDAQ,기술성장기업부,자연과학 및 공학 연구개발업,"맞춤형 헬스케어, LBP 디스커버리 플랫폼",2024-11-05,12월,지요셉,http://www.hempharma.bio,경기도
028300,HLB,KOSDAQ,중견기업부,의료용품 및 기타 의약 관련제품 제조업,"의료기기, 의약외품 등",1996-07-27,12월,김홍철,http://hlbbio.co.kr,세종특별자치시
278650,HLB바이오스텝,KOSDAQ,중견기업부,자연과학 및 공학 연구개발업,비임상실험 유효성(약리)평가,2019-11-27,12월,백성진,http://www.knotus.co.kr,인천광역시
067630,HLB생명과학,KOSDAQ,투자주의환기종목(소속부없음),의료용품 및 기타 의약 관련제품 제조업,"ESCO 사업, 신재생에너지 사업",2008-11-25,12월,백윤기,http://www.hlb-ls.com,경기도
024850,HLB이노베이션,KOSDAQ,중견기업부,전자부품 제조업,리드프레임,2001-01-18,12월,"진양곤, BRYANBYONGJIN.KIM(각자대표)",http://www.hlbinnovation.com,경기도
187420,HLB제넥스,KOSDAQ,기술성장기업부,기초 의약물질 제조업,산업용 효소,2015-05-29,12월,"김의중, 김도연 (각자 대표이사)",http://www.genofocus.com,대전광역시
047920,HLB제약,KOSDAQ,기술성장기업부,자연과학 및 공학 연구개발업,"씨트리시메티딘정, 로자틴정",2015-12-21,12월,박재형,http://www.hlbpharma.co.kr,경기도
115450,HLB테라퓨틱스,KOSDAQ,중견기업부,기타 전문 도매업,"임베디드 GUI 미들웨어 FXUI-2D, FXUI-3D",2010-03-26,12월,안기홍,,경기도
046210,HLB파나진,KOSDAQ,벤처기업부,의료용품 및 기타 의약 관련제품 제조업,의료용품및 기타 의약관련 제품 제조업,2000-08-16,12월,장인근,http://www.hlbpanagene.com,대전광역시
196300,HLB펩,KOSDAQ,관리종목(소속부없음),기초 의약물질 제조업,펩타이드 바이오소재 및 아미노산 펩타이드 신약,2016-12-07,12월,심경재 (단독 대표),http://www.hlbpep.co.kr,광주광역시
036640,HRS,KOSDAQ,우량기업부,합성고무 및 플라스틱 물질 제조업,실리콘 컴파운드제품 제조,2000-05-30,12월,김진성,http://www.hrssilicone.com,서울특별시
396300,HT로보틱스,KOSDAQ,우량기업부,기타 금속 가공제품 제조업,"TV스탠드, 전기 수소차 부품 등",2022-03-24,12월,이성욱,http://www.seamechanics.com,경상북도
469480,IBKS제24호스팩,KOSDAQ,SPAC(소속부없음),금융 지원 서비스업,금융 지원 서비스업,2024-02-01,12월,김강민,http://www.ibks.com,서울특별시
0099X0,IBKS제25호스팩,KOSDAQ,SPAC(소속부없음),금융 지원 서비스업,기업인수 및 합병,2025-12-19,12월,심기섭,,서울특별시
095340,ISC,KOSDAQ,우량기업부,기계장비 및 관련 물품 도매업,반도체테스트소켓,2007-10-01,12월,김정렬 (단독 대표이사),http://isc21.kr,경기도
950170,JTC,KOSDAQ,외국기업(소속부없음),종합 소매업,"식품류, 생활용품류, 화장품류 (사후면세업)",2018-04-06,02월,야마모토 후미야,http://www.groupjtc.com/korean/,일본
067290,JW신약,KOSDAQ,중견기업부,의약품 제조업,"매니큐어세트, 손톱깎이",2003-02-11,12월,김용관,http://www.jw-shinyak.co.kr,경기도
318000,KBG,KOSDAQ,벤처기업부,합성고무 및 플라스틱 물질 제조업,"실리콘 소재(실란 모노머, 실리콘 레진&폴리머, 실리콘 융합소재)",2019-08-01,12월,부삼열,http://www.kbgtech.co.kr/,충청남도
024840,KBI메탈,KOSDAQ,중견기업부,1차 비철금속 제조업,"동ROD, 모터코어",1994-12-29,12월,김병제,http://www.kbimetal.co.kr,대구광역시
024120,KB오토시스,KOSDAQ,중견기업부,자동차 신품 부품 제조업,브레이크패드,1994-12-07,12월,"김신완, 김신욱 (각자대표)",http://www.kbautosys.com,충청남도
478390,KB제29호스팩,KOSDAQ,SPAC(소속부없음),금융 지원 서비스업,기업인수합병,2024-06-21,12월,서영화,,서울특별시
486630,KB제30호스팩,KOSDAQ,SPAC(소속부없음),금융 지원 서비스업,기업인수합병,2024-09-25,12월,박홍진,,서울특별시
492220,KB제31호스팩,KOSDAQ,SPAC(소속부없음),금융 지원 서비스업,기업인수합병,2024-12-12,12월,김형철,,서울특별시
0037T0,KB제32호스팩,KOSDAQ,SPAC(소속부없음),금융 지원 서비스업,기업인수합병,2025-07-04,12월,김세준,,서울특별시
0072Z0,KB제33호스팩,KOSDAQ,SPAC(소속부없음),금융 지원 서비스업,기업인수합병,2025-09-30,12월,박성원,,서울특별시
021320,KCC건설,KOSDAQ,우량기업부,건물 건설업,"토목 건축공사, 분양공사",2001-08-21,12월,"정몽열,심광주",http://www.kccworld.net,서울특별시
044180,KD,KOSDAQ,관리종목(소속부없음),건물 건설업,건설사업(완성건물),2000-11-16,12월,안태일,http://kdcon.co.kr,경기도
151860,KG에코솔루션,KOSDAQ,우량기업부,자동차 차체나 트레일러 제조업,"집단에너지(스팀), 산화동, 폐기물 소각",2013-07-24,12월,박생근,http://kgecosolution.co.kr/K/main/,경상남도
035600,KG이니시스,KOSDAQ,우량기업부,소프트웨어 개발 및 공급업,전자지불서비스,2002-11-22,12월,이선재,http://www.inicis.com,서울특별시
046440,KG파이낸셜,KOSDAQ,우량기업부,소프트웨어 개발 및 공급업,유무선전화결제서비스,2004-12-14,12월,유승용,http://www.mobilians.co.kr,서울특별시
060720,KH바텍,KOSDAQ,중견기업부,전자부품 제조업,"휴대폰부품(SHIELD, BRACKET)",2002-05-21,12월,남광희,http://www.khvatec.com,경상북도
058400,KNN,KOSDAQ,우량기업부,텔레비전 방송업,방송프로그램 제작 및 송출,2010-11-03,12월,이오상,http://www.knn.co.kr,부산광역시
101000,KS인더스트리,KOSDAQ,관리종목(소속부없음),특수 목적용 기계 제조업,"선박용 크레인,선박구성부품,선박의장품,철구조물 제조/철판 도매/부동산 임대",2009-11-06,12월,송병권,http://https://ks-industry.co.kr/,경상남도
089600,KT나스미디어,KOSDAQ,우량기업부,광고업,광고매체 판매,2013-07-17,12월,박평권,http://www.nasmedia.co.kr,서울특별시
418470,KT밀리의서재,KOSDAQ,우량기업부,"서적, 잡지 및 기타 인쇄물 출판업",전자책 정기구독 서비스,2023-09-27,12월,정재욱,http://www.millie.town,서울특별시
043610,KT지니뮤직,KOSDAQ,중견기업부,영상·오디오물 제공 서비스업,디지털 음악 서비스 및 음원유통,2000-07-20,12월,Seo In Wook,http://www.geniemusic.co.kr,서울특별시
122450,KX,KOSDAQ,중견기업부,텔레비전 방송업,방송채널사업 및 방송송출서비스,2011-05-25,12월,이강봉,http://www.kxgroup.co.kr,서울특별시
052900,KX하이텍,KOSDAQ,우량기업부,플라스틱제품 제조업,TRAY(반도체Packing재료),2005-01-18,12월,강천석,http://www.kxhitech.com,충청남도
036560,KZ정밀,KOSDAQ,우량기업부,일반 목적용 기계 제조업,"펌프, 밸브, 주물",1999-12-28,12월,"최창규, 이한성(각자대표)",http://www.kzpc.co.kr,서울특별시
061970,LB세미콘,KOSDAQ,중견기업부,반도체 제조업,"골드범핑, 솔더범핑 등",2011-01-31,12월,이대교,http://www.lbsemicon.com,경기도
309960,LB인베스트먼트,KOSDAQ,중견기업부,기타 금융업,중소기업 창업투자,2023-03-29,12월,박기호,http://lbinvestment.com/,서울특별시
073490,LIG아큐버,KOSDAQ,우량기업부,통신 및 방송 장비 제조업,통신용 시험 및 계측장비,2005-02-04,12월,"곽영수, 허순재(각자대표)",http://ligaccuver.com,경기도
225190,LK삼양,KOSDAQ,중견기업부,사진장비 및 광학기기 제조업,디지털 카메라용 교환렌즈,2017-06-02,12월,"김형엽, 신승열 (각자 대표이사)",http://www.lksamyang.com,경상남도
091970,LSK아이로봇,KOSDAQ,중견기업부,플라스틱제품 제조업,투명전도성관련제품,2007-01-30,12월,신해용,http://www.nanosbiz.com,경기도
060370,LS마린솔루션,KOSDAQ,우량기업부,전기 및 통신 공사업,해저케이블등의 건설 및 유지보수 업무,2002-02-15,12월,김병옥,http://lsmarinesolution.co.kr,부산광역시
417200,LS머트리얼즈,KOSDAQ,중견기업부,전자부품 제조업,울트라커패시터(셀 및 모듈),2023-12-12,12월,홍영호,,경기도
078020,LS증권,KOSDAQ,우량기업부,금융 지원 서비스업,유가증권위탁매매,2007-02-21,12월,홍원식,http://www.ls-sec.co.kr,서울특별시
322180,LS티라유텍,KOSDAQ,벤처기업부,소프트웨어 개발 및 공급업,스마트팩토리 솔루션,2019-10-31,12월,김정하,http://ls-thirautech.com,서울특별시
476080,M83,KOSDAQ,중견기업부,"영화, 비디오물, 방송프로그램 제작 및 배급업",VFX,2024-08-22,12월,정성진,http://m83.co.kr,서울특별시
086960,MDS테크,KOSDAQ,우량기업부,소프트웨어 개발 및 공급업,"임베디드개발솔루션,임베디드소프트웨어",2006-09-26,12월,"이창열, 이정승",http://www.mdstech.co.kr,경기도
123010,MSDI,KOSDAQ,기술성장기업부,전자부품 제조업,이미지센서 패키징,2016-07-20,12월,황성환,http://www.optopac.com,충청북도
160550,NEW,KOSDAQ,중견기업부,"영화, 비디오물, 방송프로그램 제작 및 배급업",영화 투자 및 배급,2014-12-23,12월,김우택,http://www.its-new.co.kr,서울특별시
053290,NE능률,KOSDAQ,중견기업부,"서적, 잡지 및 기타 인쇄물 출판업",영어학습교재,2002-12-10,12월,이정진 (단독 대표이사),http://www.neungyule.com,서울특별시
060250,NHN KCP,KOSDAQ,우량기업부,금융 지원 서비스업,전자결제서비스업,2002-01-08,12월,박준석,http://www.kcp.co.kr,서울특별시
104200,NHN벅스,KOSDAQ,중견기업부,기타 정보 서비스업,"디지털음원유통, 온라인음악서비스",2009-10-06,12월,왕문주,http://www.bugs.co.kr,서울특별시
054050,NH농우바이오,KOSDAQ,우량기업부,작물 재배업,"고추, 수박, 참외(메론), 오이, 호박, 무, 배추 등",2002-04-02,12월,양현구,http://www.nongwoobio.co.kr,경기도
063570,NICE인프라,KOSDAQ,우량기업부,기타 사업지원 서비스업,"ATM관리사업,CD-VAN사업",2006-07-14,12월,이현석,http://www.nicetcm.co.kr,서울특별시
024940,PN풍년,KOSDAQ,벤처기업부,생활용품 도매업,압력솥,1995-01-04,12월,유재원,http://www.pn.co.kr,경기도
332570,PS일렉트로닉스,KOSDAQ,우량기업부,전자부품 제조업,전력증폭기 모듈(PAM),2020-07-31,12월,유대규,http://www.pselectronics.co.kr,경기도
218410,RFHIC,KOSDAQ,우량기업부,통신 및 방송 장비 제조업,GaN 트랜지스터,2015-06-30,12월,조덕수,http://www.rfhic.com,경기도
327260,RF머트리얼즈,KOSDAQ,벤처기업부,전자부품 제조업,"광통신, RF통신용 패키지",2019-12-24,12월,남동우,http://www.rf-materials.com,경기도
474610,RF시스템즈,KOSDAQ,벤처기업부,기타 금속 가공제품 제조업,"방산제품(레이더시스템, 안테나시스템, 환경제어시스템 등)",2024-11-19,12월,김시곤,http://www.rf-systems.co.kr/,경기도
091340,S&K폴리텍,KOSDAQ,중견기업부,전자부품 제조업,고밀도폴리우레탄폼시트,2007-07-30,12월,이민형,http://www.snkpolytec.com,경기도
419530,SAMG엔터,KOSDAQ,기술성장기업부,"영화, 비디오물, 방송프로그램 제작 및 배급업",애니메이션 IP 기획 및 관련 제품 제작,2022-12-06,12월,김수훈,http://www.samg.net,서울특별시
019550,SBI인베스트먼트,KOSDAQ,중견기업부,신탁업 및 집합투자업,벤처캐피탈,1989-09-06,12월,대표이사 안재광,http://www.sbik.co.kr,서울특별시
246960,SCL사이언스,KOSDAQ,기술성장기업부,의료용품 및 기타 의약 관련제품 제조업,"의료용지혈제, 밀폐제 및 접착제",2019-02-01,12월,"이경률, 백세연 (각자대표)",http://www.innotherapy.com,서울특별시
099220,SDN,KOSDAQ,관리종목(소속부없음),기계장비 및 관련 물품 도매업,"태양광기자재 및 선박용엔진 도매, 태양광발전시스템 구축 및 설계",2009-05-19,12월,"백형근,정성원",http://www.sdn-i.com,경기도
036540,SFA반도체,KOSDAQ,중견기업부,반도체 제조업,"반도체패키지(SOP,DIP,QFP)",2001-05-02,12월,강문수,http://www.sfasemicon.com,충청남도
255220,SG,KOSDAQ,중견기업부,기타 비금속 광물제품 제조업,아스콘,2018-01-26,12월,박창호,http://www.sgholdings.co.kr,인천광역시
040610,SG&G,KOSDAQ,중견기업부,자동차 신품 부품 제조업,생활정보신문,2000-04-27,12월,이 의 범,http://www.sgng.com,경기도
184230,SGA솔루션즈,KOSDAQ,벤처기업부,소프트웨어 개발 및 공급업,보안솔루션,2013-12-20,12월,최영철,http://sgasol.kr,경기도
016250,SGC E&C,KOSDAQ,중견기업부,건물 건설업,"건축공사, 플랜트설비, 토목공사",1999-12-28,12월,"이우성, 이창모 (각자대표이사)",http://www.sgcetec.co.kr,서울특별시
357880,SKAI,KOSDAQ,기술성장기업부,소프트웨어 개발 및 공급업,"그래프데이터베이스, 그래프분석서비스",2021-11-10,12월,신재혁,http://www.skaiworldwide.com,서울특별시
048550,SM C&C,KOSDAQ,중견기업부,광고업,"영상콘텐츠 제작 및 매니지먼트, 광고, 여행",2001-01-18,12월,박태현,http://www.smcultureandcontents.com,서울특별시
063440,SM Life Design,KOSDAQ,중견기업부,기록매체 복제업,"추첨식복권 제조, 일반출판 인쇄, CD ·DVD 복제",2002-05-30,12월,"남화민, 박준영",http://smlifedesign.com,경기도
289080,SV인베스트먼트,KOSDAQ,중견기업부,기타 금융업,중소/벤처기업 투자 및 육성,2018-07-06,03월,"박성호, 홍원호",http://www.svinvest.com,서울특별시
041930,SY동아,KOSDAQ,우량기업부,고무제품 제조업,자동차용 고무부품,2001-12-26,12월,전창옥,http://www.dahs.co.kr,경상남도
089230,THE E&M,KOSDAQ,중견기업부,기타 정보 서비스업,인터넷 개인방송 플랫폼,2006-10-10,12월,신환률,http://www.theenm.com,서울특별시
032540,TJ미디어,KOSDAQ,우량기업부,영상 및 음향기기 제조업,영상음향반주기,1997-04-16,12월,윤나라,http://www.tjmedia.co.kr/,서울특별시
048770,TPC로보틱스,KOSDAQ,벤처기업부,일반 목적용 기계 제조업,"구동기기(실린더), 방향제어기(밸브)",2001-01-16,12월,"엄주섭, 엄재윤",http://www.TPCpage.com,인천광역시
246690,TS인베스트먼트,KOSDAQ,중견기업부,신탁업 및 집합투자업,투자조합 결성 및 투자,2016-12-15,12월,이동현,http://www.tsinvestment.co.kr,서울특별시
317240,TS트릴리온,KOSDAQ,벤처기업부,기타 화학제품 제조업,기업인수합병,2019-04-29,12월,김용채,http://www.tstrillion.co.kr,서울특별시
057030,YBM넷,KOSDAQ,중견기업부,교육지원 서비스업,"온라인교육, 수수료수입 등",2004-06-08,12월,김종익,http://www.ybmsisa.com,서울특별시
040300,YTN,KOSDAQ,중견기업부,"영화, 비디오물, 방송프로그램 제작 및 배급업",광고/협찬 및 프로그램 제작,2001-09-04,12월,-,http://www.ytn.co.kr,서울특별시
051390,YW,KOSDAQ,중견기업부,상품 종합 도매업,도소매,2001-11-15,12월,우병일,http://www.ywtc.com,경기도
052220,iMBC,KOSDAQ,중견기업부,영상·오디오물 제공 서비스업,"디지털콘텐츠,웹에이젼시",2005-01-21,12월,이선태,http://corp.imbc.com,서울특별시
079940,가비아,KOSDAQ,우량기업부,소프트웨어 개발 및 공급업,"도메인,호스팅",2005-10-19,12월,"김홍국, 원종홍 (공동대표이사)",http://www.gabia.com,경기도
078890,가온그룹,KOSDAQ,중견기업부,통신 및 방송 장비 제조업,디지털셋톱박스,2005-07-12,12월,임동연,http://www.kaonmedia.com,경기도
399720,가온칩스,KOSDAQ,벤처기업부,반도체 제조업,설계 솔루션 및 주문형 반도체,2022-05-20,12월,정규동,http://www.gaonchips.com,경기도
036620,감성코퍼레이션,KOSDAQ,우량기업부,기타 전문 도매업,"의류, 의류디자인, 휴대폰 주변기기",2000-01-11,12월,김호선,http://www.gamsungcorp.co.kr,서울특별시
198440,강동씨앤엘,KOSDAQ,중견기업부,"시멘트, 석회, 플라스터 및 그 제품 제조업","시멘트, 레미콘",2014-08-13,12월,"박을성, 이훈창",http://koreacement.co.kr,전라남도
217730,강스템바이오텍,KOSDAQ,기술성장기업부,기초 의약물질 제조업,줄기세포치료제,2015-12-21,12월,나종천,http://www.kangstem.com,서울특별시
114190,강원에너지,KOSDAQ,중견기업부,기타 전기장비 제조업,플랜트설비(산업용 보일러),2009-11-20,12월,"신진용,하재득",http://kwenergy.co.kr,전북특별자치도
094480,갤럭시아머니트리,KOSDAQ,우량기업부,소프트웨어 개발 및 공급업,전자결제,2007-07-20,12월,신동훈,http://www.galaxiamoneytree.co.kr,서울특별시
039240,경남스틸,KOSDAQ,우량기업부,1차 철강 제조업,"냉연강판,아연도강판, 산세코일, 열연아연도금강판, 전기아연도금강판 등",2000-03-07,12월,최석우,http://www.ksteel.co.kr,경상남도
053950,경남제약,KOSDAQ,중견기업부,의약품 제조업,의약품,2001-11-06,12월,김성곤,http://www.kyungnampharm.com,경상남도
011040,경동제약,KOSDAQ,중견기업부,의약품 제조업,"듀오로반정, 발디핀정, 아트로반정 등",1992-12-18,12월,"류기성, 김경훈(각자 대표)",http://www.kdpharma.co.kr,경기도
024910,경창산업,KOSDAQ,중견기업부,자동차 신품 부품 제조업,"각종 케이블, 개폐랫치, 리저브탱크, 밴드류, 페달류, 오토트랜스미션부품, 시트용 단품",1994-12-29,12월,"손일호, 차석주",http://www.kc.co.kr,대구광역시
049720,고려신용정보,KOSDAQ,우량기업부,기타 사업지원 서비스업,"채권추심, 신용조사",2002-01-31,12월,윤태훈,http://www.koreaci.co.kr,서울특별시
014570,고려제약,KOSDAQ,중견기업부,의약품 제조업,"하벤(종합감기약),뉴로메드(치매치료제)등",2000-12-07,12월,"박해룡, 박상훈 (각자대표)",http://www.nicepharma.com,경기도
348150,고바이오랩,KOSDAQ,기술성장기업부,자연과학 및 공학 연구개발업,마이크로바이옴 치료제 및 건강기능식품,2020-11-18,12월,이한승,http://kobiolabs.com,서울특별시
950190,고스트스튜디오,KOSDAQ,외국기업(소속부없음),소프트웨어 개발 및 공급업,"캐주얼게임, 소셜카지노게임",2020-08-18,12월,"손창욱, 최명규 (공동대표)",http://www.ghoststudio.net,홍콩
098460,고영,KOSDAQ,우량기업부,특수 목적용 기계 제조업,전자제품및반도체생산용 3차원 납도포검사장비,2008-06-03,12월,고광일,http://www.kohyoung.com,경기도
035290,골드앤에스,KOSDAQ,관리종목(소속부없음),"서적, 잡지 및 기타 인쇄물 출판업","방과후컴퓨터상설반,교재및CD",1999-12-07,12월,양홍걸,http://www.goldns.co.kr,서울특별시
215000,골프존,KOSDAQ,우량기업부,소프트웨어 개발 및 공급업,골프시뮬레이터,2015-04-03,12월,박강수,http://www.golfzon.com,서울특별시
121440,골프존홀딩스,KOSDAQ,우량기업부,상품 중개업,골프시뮬레이터,2011-05-20,12월,장성원,http://www.golfzonholdings.com,서울특별시
029480,광무,KOSDAQ,중견기업부,통신 및 방송 장비 제조업,"네트워크 통합사업,네트워크 장비, 光 전송장비, S/W 제조, 네트워크관리",1996-08-27,12월,우승용,http://www.kdccorp.co.kr,서울특별시
026910,광진실업,KOSDAQ,중견기업부,1차 철강 제조업,마봉,1996-01-03,12월,허유석,http://www.kjsteel.co.kr,부산광역시
482520,교보16호스팩,KOSDAQ,SPAC(소속부없음),금융 지원 서비스업,기업인수합병,2024-08-13,12월,김동주,,서울특별시
489210,교보17호스팩,KOSDAQ,SPAC(소속부없음),금융 지원 서비스업,기업인수합병,2024-11-21,12월,장정훈,,서울특별시
0041B0,교보18호스팩,KOSDAQ,SPAC(소속부없음),금융 지원 서비스업,기업인수합병,2025-08-14,12월,허명현,,서울특별시
0098T0,교보19호스팩,KOSDAQ,SPAC(소속부없음),금융 지원 서비스업,기업인수 및 합병,2025-12-12,12월,박인영,,서울특별시
0132G0,교보20호스팩,KOSDAQ,SPAC(소속부없음),기타 금융업,기업 인수 및 합병,2026-04-02,12월,김서호,,서울특별시
053270,구영테크,KOSDAQ,우량기업부,자동차 신품 부품 제조업,엔진 브라켓(Engine Bracket) 등,2002-02-07,12월,"김대원, 이희화(각자대표)",http://www.guyoungtech.com,대구광역시
066620,국보디자인,KOSDAQ,우량기업부,실내건축 및 건축마무리 공사업,인테리어디자인,2002-09-05,12월,"황창연,김민기(각자 대표이사)",http://www.ikukbo.com,서울특별시
043650,국순당,KOSDAQ,중견기업부,알코올음료 제조업,탁주 및 약주,2000-08-24,12월,배상민,http://www.ksdb.co.kr,강원특별자치도
006050,국영지앤엠,KOSDAQ,중견기업부,유리 및 유리제품 제조업,강화유리,1994-10-07,12월,"최재원,JUSTIN CHOE(최경승)",http://www.kukyong.com,서울특별시
060480,국일신동,KOSDAQ,관리종목(소속부없음),1차 비철금속 제조업,황동봉,2014-12-29,12월,"최두현,손인국 (각자대표)",http://www.kukilmetal.com,경기도
078130,국일제지,KOSDAQ,중견기업부,기타 종이 및 판지 제품 제조업,"산업용 및 가정용 지류(강판간지, 다공지 등)",2004-10-22,12월,안장순,http://www.kukilpaper.co.kr,경기도
307750,국전,KOSDAQ,중견기업부,의약품 제조업,기업 인수 및 합병,2018-12-19,12월,홍종호,,경기도
035080,그래디언트,KOSDAQ,중견기업부,무점포 소매업,전자상거래,1999-07-05,12월,"이기형, 남인봉(각자 대표이사)",http://www.gradiant.co.kr/,서울특별시
318060,그래피,KOSDAQ,기술성장기업부,합성고무 및 플라스틱 물질 제조업,"형상기억 투명교정장치, 3D프린팅 소재, 질소경화기 등",2025-08-25,12월,심운섭,http://www.itgraphy.com,서울특별시
453450,그리드위즈,KOSDAQ,중견기업부,"그외 기타 전문, 과학 및 기술 서비스업","수요관리 서비스, 전기차 충전기 모뎀 등",2024-06-14,12월,김구환,http://www.gridwiz.com,서울특별시
204020,그리티,KOSDAQ,우량기업부,봉제의복 제조업,"내의(원더브라, 플레이텍스, 미싱도로시, 르페)",2018-07-23,12월,문영우,http://www.gritees.com,서울특별시
0015G0,그린광학,KOSDAQ,기술성장기업부,사진장비 및 광학기기 제조업,초정밀 광학 시스템 및 광학 소재,2025-11-17,12월,조현일,http://www.greenoptics.com/,충청북도
402490,그린리소스,KOSDAQ,기술성장기업부,반도체 제조업,반도체 및 디스플레이 장비 보호코팅 및 소재,2023-11-24,12월,"이종수,이종범(공동대표이사)",http://www.greenresource.kr,인천광역시
114450,그린생명과학,KOSDAQ,벤처기업부,기초 의약물질 제조업,의약품 중간체 등,2009-12-22,12월,"양준화, 이기성(각자 대표이사)",http://www.kpxls.com/,전남광주통합특별시
186230,그린플러스,KOSDAQ,벤처기업부,1차 비철금속 제조업,"첨단유리온실, 온실용자재설치공사, 알루미늄 압출/가공제품",2019-08-07,12월,"박영환, 정순태",http://www.greenplus.co.kr,충청남도
900070,글로벌에스엠,KOSDAQ,외국기업(소속부없음),기타 금융업,"자회사 제품 : IT기기용 정밀 화스너부품(스크류, 샤프트, 스프링)",2009-12-23,12월,유대희,http://www.globalsmtech.com,케이맨 제도
204620,글로벌텍스프리,KOSDAQ,우량기업부,금융 지원 서비스업,환급창구운영사업,2014-11-19,12월,오태석,http://global-taxfree.com,서울특별시
019660,글로본,KOSDAQ,중견기업부,상품 종합 도매업,화장품 외,1992-06-04,12월,한상호,http://www.globon.co.kr,서울특별시
053260,금강철강,KOSDAQ,우량기업부,1차 철강 제조업,"냉연압연강판, 산세코일",2002-01-04,12월,주성호,http://www.kksteel.co.kr,서울특별시
282720,금양그린파워,KOSDAQ,중견기업부,전기 및 통신 공사업,"플랜트, 발전소 및 신재생에너지 발전소 공사 및 용역",2023-03-13,12월,"이윤철, 이기보",http://www.kygp.co.kr,울산광역시
036190,금화피에스시,KOSDAQ,우량기업부,전기 및 통신 공사업,"설비,철물,전기,강구조물",2000-12-26,12월,"김성기,김경태(각자대표)",http://www.geumhwa.co.kr,서울특별시
049080,기가레인,KOSDAQ,벤처기업부,전자부품 제조업,RF통신부품 및 반도체 장비,2013-12-19,12월,김현제,http://www.gigalane.com,경기도
420770,기가비스,KOSDAQ,우량기업부,특수 목적용 기계 제조업,반도체 기판용 광학검사 및 수리장비,2023-05-24,12월,강해철,http://www.gigavis.com,경기도
282620,기도산업,KOSDAQ,중견기업부,봉제의복 제조업,하이테크 아웃도어 및 모터사이클 전문복 제조,2026-08-21,12월,박장희,http://www.kido.co.kr,서울특별시
035460,기산텔레콤,KOSDAQ,벤처기업부,통신 및 방송 장비 제조업,"광모듈, 에코 켄슬러, 중계기, VoIP Server등",1999-11-18,12월,박병기,http://www.kisantel.co.kr,서울특별시
407400,꿈비,KOSDAQ,벤처기업부,가구 제조업,"놀이방매트, 유아거실가구 등",2023-02-09,12월,박영건,http://ggumbi.com/,경기도
187790,나노,KOSDAQ,벤처기업부,기초 화학물질 제조업,SCR촉매,2014-05-08,12월,신동우,http://nanoin.com,경상북도
121600,나노신소재,KOSDAQ,우량기업부,기타 화학제품 제조업,"인듐계 산화물 TCO Target, 반도체 CMP Slurry 등",2011-02-09,12월,박장우,http://anapro.com,세종특별자치시
286750,나노실리칸첨단소재,KOSDAQ,투자주의환기종목(소속부없음),기초 화학물질 제조업,"보안응용제품(M-tag 및 M-pac), 보안소재제품(M-secuprint)",2019-08-19,12월,최종욱,http://www.ns-am.com,경기도
247660,나노씨엠에스,KOSDAQ,관리종목(소속부없음),전자부품 제조업,"근적외선 흡수/반사 안료, 자외선 유기형광 안료, 적외선 발광체",2021-03-09,12월,신동근,http://www.nanocms.co.kr,충청남도
039860,나노엔텍,KOSDAQ,중견기업부,의료용 기기 제조업,의료기기 및 실험기기,2000-08-16,12월,정찬일,http://www.nanoentek.com,서울특별시
417010,나노팀,KOSDAQ,벤처기업부,일반 목적용 기계 제조업,전기차용 방열제품,2023-03-03,12월,최윤성,http://www.nanotim.co.kr,대전광역시
405920,나라셀라,KOSDAQ,중견기업부,음·식료품 및 담배 도매업,와인 도소매,2023-06-02,12월,마승철,http://www.naracellar.com/,경기도
478340,나라스페이스테크놀로지,KOSDAQ,기술성장기업부,"항공기,우주선 및 부품 제조업",초소형 인공위성 및 위성 데이터 서비스,2025-12-17,12월,박재필,,서울특별시
051490,나라엠앤디,KOSDAQ,우량기업부,특수 목적용 기계 제조업,"금형,사출 및 판금부품",2001-06-12,12월,"김영조, 김정훈 (각자 대표이사)",http://www.naramnd.com,경상남도
137080,나래나노텍,KOSDAQ,중견기업부,특수 목적용 기계 제조업,"디스플레이 장비 (포토, 코팅, 모듈 장비)",2022-02-08,12월,"김민호,김추호 각자대표이사",http://www.naraenano.co.kr,경기도
242040,나무AX,KOSDAQ,기술성장기업부,소프트웨어 개발 및 공급업,응용소프트웨어 개발 및 공급업,2016-09-07,12월,"정철, 김화중(공동대표이사)",http://namutech.co.kr,서울특별시
190510,나무가,KOSDAQ,우량기업부,전자부품 제조업,"스마트폰 카메라모듈, 노트북 카메라모듈",2015-11-12,12월,이동호,http://www.namuga.co.kr,경기도
293580,나우IB,KOSDAQ,중견기업부,기타 금융업,"투자조합, PEF 결성 및 투자",2018-10-04,12월,이승원,http://www.nauib.com,서울특별시
459510,나우로보틱스,KOSDAQ,기술성장기업부,특수 목적용 기계 제조업,산업용로봇 및 로봇자동화시스템,2025-05-08,12월,이종주,http://naurobot.com,인천광역시
138610,나이벡,KOSDAQ,기술성장기업부,의료용품 및 기타 의약 관련제품 제조업,"치아미백제,치과용 골이식재",2011-07-13,12월,정종평,,충청북도
130580,나이스디앤비,KOSDAQ,우량기업부,기타 사업지원 서비스업,기업신용조사 보고서,2011-12-22,12월,오규근,http://www.nicednb.com,서울특별시
036800,나이스정보통신,KOSDAQ,우량기업부,전기 통신업,카드 VAN사업,2000-05-03,12월,김승현,http://www.nicevan.co.kr,서울특별시
366030,나인앤컴퍼니,KOSDAQ,중견기업부,의복 액세서리 제조업,플러스사이즈 여성용 의류 및 잡화,2022-03-23,12월,이기운,http://www.09women.net,경기도
267320,나인테크,KOSDAQ,벤처기업부,특수 목적용 기계 제조업,이차전지 제조 장비,2017-06-22,12월,박근노,http://www.naintec.co.kr,경기도
111710,남화산업,KOSDAQ,중견기업부,스포츠 서비스업,골프장 서비스,2018-11-29,12월,최영곤(단독대표이사),http://www.muangc.co.kr,전남광주통합특별시
091590,남화토건,KOSDAQ,중견기업부,건물 건설업,"건축공사, 토목공사",2012-01-31,12월,최재훈,http://www.namhwaconst.co.kr,전라남도
168330,내츄럴엔도텍,KOSDAQ,투자주의환기종목(소속부없음),자연과학 및 공학 연구개발업,"백수오 여성호르몬제, 백수오등복합추출물(원료)",2013-10-31,12월,김희도,http://www.naturalendo.com,경기도
094860,네오리진,KOSDAQ,중견기업부,소프트웨어 개발 및 공급업,게임소프트웨어 제작 및 판매,2007-04-16,12월,이우존유홍,http://www.neorigin.com,서울특별시
0218L0,네오뷰,KOSDAQ,중견기업부,영상 및 음향기기 제조업,"카지노 모니터, 자동차 전장 모니터",2026-07-27,12월,하희조,http://www.neovue.com,경기도
253590,네오셈,KOSDAQ,우량기업부,특수 목적용 기계 제조업,반도체 검사장비,2018-04-04,12월,염동현,http://www.neosem.com,경기도
212560,네오오토,KOSDAQ,우량기업부,자동차 신품 부품 제조업,"자동차부품(피니언기어, 디프어셈블리, 대형기어), 로봇 및 로봇부품, 모빌리티 부품 제조",2015-11-18,12월,"정현철, 김선현(각자대표이사)",http://www.neooto.kr,서울특별시
095660,네오위즈,KOSDAQ,우량기업부,소프트웨어 개발 및 공급업,"피망,스페셜포스",2007-07-02,12월,"박성준, 배태근",http://www.neowizgames.com,경기도
042420,네오위즈홀딩스,KOSDAQ,우량기업부,소프트웨어 개발 및 공급업,지주사업,2000-06-27,12월,김상욱,http://www.neowiz.com,경기도
950220,네오이뮨텍,KOSDAQ,기술성장기업부,자연과학 및 공학 연구개발업,면역항암제,2021-03-16,12월,김태경,http://neoimmunetech.co.kr,미국
311390,네오크레마,KOSDAQ,벤처기업부,기타 식품 제조업,기능성 식품 원료,2019-08-22,12월,이준우 (단독대표이사),http://www.cremar.co.kr,서울특별시
085910,네오티스,KOSDAQ,중견기업부,자동차 신품 부품 제조업,"마이크로비트,샤프트",2007-10-01,12월,권상훈,http://www.neotis.co.kr,경기도
092730,네오팜,KOSDAQ,우량기업부,기타 화학제품 제조업,생체기능성(아토피)보습제,2007-01-30,12월,김양수,http://neopharm.co.kr,대전광역시
153460,네이블,KOSDAQ,중견기업부,소프트웨어 개발 및 공급업,"유무선융합 인프라, 클라이언트 및 All-IP 통신보안",2012-07-19,12월,"양건열, 조종화",http://www.nablecomm.com,서울특별시
007390,네이처셀,KOSDAQ,중견기업부,기초 의약물질 제조업,닥터쥬크르,1992-11-30,12월,라정찬,http://www.naturecell.co.kr,서울특별시
033640,네패스,KOSDAQ,중견기업부,반도체 제조업,반도체및TFT-LCD용현상액,1999-12-14,12월,"이병구, 이창우(각자 대표이사)",http://www.nepes.co.kr,충청북도
330860,네패스아크,KOSDAQ,중견기업부,"그외 기타 전문, 과학 및 기술 서비스업",반도체 테스트 서비스,2020-11-17,12월,"이창우, 이병구(각자 대표이사)",http://www.nepesark.co.kr,충청북도
351320,넥사다이내믹스,KOSDAQ,중견기업부,특수 목적용 기계 제조업,기업인수목적회사,2020-06-22,12월,이강칠,http://nexadynamics.kr,경기도
089140,넥스턴앤롤코리아,KOSDAQ,벤처기업부,특수 목적용 기계 제조업,CNC자동선반,2006-11-01,12월,이주한,http://www.nexturn.co.kr,경기도
389650,넥스트바이오메디컬,KOSDAQ,기술성장기업부,의료용 기기 제조업,"내시경용 지혈재, 혈관색전 미립구",2024-08-20,12월,이돈행,http://www.nextbiomedical.co.kr,인천광역시
137940,넥스트아이,KOSDAQ,중견기업부,"측정, 시험, 항해, 제어 및 기타 정밀기기 제조업; 광학기기 제외","LCD 편광필름 검사장비, BLU 검사장비 등",2011-06-14,12월,진광(Chen Guang),,경기도
396270,넥스트칩,KOSDAQ,벤처기업부,반도체 제조업,"차량 및 자율주행차용 비메모리 반도체(ISP, AHD, ADAS/AD)",2022-07-01,12월,김경수,http://www.nextchip.com/,경기도
348210,넥스틴,KOSDAQ,우량기업부,특수 목적용 기계 제조업,반도체 전공정용 패턴결함 검사장비(AEGIS 등),2020-10-08,12월,박태훈,http://nextinsol.com,경기도
225570,넥슨게임즈,KOSDAQ,중견기업부,소프트웨어 개발 및 공급업,온라인 및 모바일 게임,2015-09-25,12월,박용현,http://nexongames.co.kr,서울특별시
205500,넥써쓰,KOSDAQ,중견기업부,소프트웨어 개발 및 공급업,모바일게임,2014-11-12,12월,장현국,http://to.nexus,경기도
217270,넵튠,KOSDAQ,중견기업부,소프트웨어 개발 및 공급업,모바일게임,2015-06-18,12월,강율빈,http://neptunecompany.kr/,서울특별시
104620,노랑풍선,KOSDAQ,중견기업부,여행사 및 기타 여행보조 서비스업,"국내외여행 알선, 항공권 판매",2019-01-30,12월,김진국,http://www.ybtour.com,서울특별시
473980,노머스,KOSDAQ,기술성장기업부,창작 및 예술관련 서비스업,"공연기획 및 MD, Fromm 플랫폼",2024-11-12,12월,김영준,http://knowmerce.com,서울특별시
194700,노바렉스,KOSDAQ,우량기업부,기타 식품 제조업,건강기능식품 제조,2018-11-14,12월,"권석형, 권수혜(각자대표)",http://www.novarex.co.kr,충청북도
285490,노바텍,KOSDAQ,벤처기업부,그외 기타 제품 제조업,"Magnet, Shield Magnet, 심재",2018-11-02,12월,오춘택,http://www.mynovatech.com,경기도
145170,노브랜드,KOSDAQ,중견기업부,편조의복 제조업,"Knit, Woven 의류",2024-05-23,12월,김기홍,http://www.nobland.com,서울특별시
376930,노을,KOSDAQ,관리종목(소속부없음),의료용 기기 제조업,융복합 체외진단 플랫폼,2022-03-03,12월,임찬양(단독 대표이사),http://noul.com,경기도
486990,노타,KOSDAQ,기술성장기업부,소프트웨어 개발 및 공급업,AI 최적화 및 경량화 소프트웨어,2025-11-03,12월,채명수,http:///www.nota.ai,대전광역시
142280,녹십자엠에스,KOSDAQ,중견기업부,의료용품 및 기타 의약 관련제품 제조업,"혈액백, 진단시약, 혈액투석액",2014-12-17,12월,김연근,http://www.greencrossms.com,경기도
234690,녹십자웰빙,KOSDAQ,우량기업부,의약품 제조업,"전문의약품, 건강기능식품",2019-10-14,12월,김상현,http://www.greencrosswb.com,서울특별시
069140,누리플랜,KOSDAQ,벤처기업부,"구조용 금속제품, 탱크 및 증기발생기 제조업","경관조명, 경관시설",2010-10-26,12월,이형기,http://www.nuriplan.com,경기도
040160,누리플렉스,KOSDAQ,중견기업부,소프트웨어 개발 및 공급업,"지능형검침인프라(AMI),에너지관리시스템, 플랫폼 SW",2000-08-29,12월,한정훈,http://www.nuriflex.co.kr,서울특별시
332290,누보,KOSDAQ,벤처기업부,"비료, 농약 및 살균, 살충제 제조업",기업 인수 및 합병,2019-10-11,12월,"김창균, 이경원",http://www.nousbo.com,경기도
348340,뉴로메카,KOSDAQ,기술성장기업부,특수 목적용 기계 제조업,"협동로봇, 협동로봇 자동화 플랫폼, 로봇제어기 등",2022-11-04,12월,박종훈,http://www.neuromeka.com,서울특별시
380550,뉴로핏,KOSDAQ,기술성장기업부,소프트웨어 개발 및 공급업,"Neurophet AQUA, Neurophet Scale PET, Neurophet AQUA AD",2025-07-25,12월,"빈준길, 김동현",http://www.neurophet.com/,서울특별시
060260,뉴보텍,KOSDAQ,관리종목(소속부없음),플라스틱제품 제조업,"고강성 PVC DC, HDPE 등",2002-02-05,12월,"황문기, 황희선(각자 대표이사)",http://www.nuvotec.co.kr,강원특별자치도
463020,뉴엔AI,KOSDAQ,기술성장기업부,소프트웨어 개발 및 공급업,AI 빅데이터 분석 플랫폼,2025-07-04,12월,배성환,http://www.newen.ai,경기도
123840,뉴온,KOSDAQ,투자주의환기종목(소속부없음),기타 식품 제조업,건강기능식품 및 생활용품 외,2010-10-05,12월,"이청균, 최봉근",http://www.vacuum-coater.com,경기도
012340,뉴인텍,KOSDAQ,관리종목(소속부없음),자동차 신품 부품 제조업,친환경 차량용 커패시터,1997-02-12,12월,장기수,http://www.nuin.co.kr,충청남도
462310,뉴키즈온,KOSDAQ,중견기업부,봉제의복 제조업,유아동용 의복,2025-07-09,12월,주춘섭,http://newkidson.com,서울특별시
270870,뉴트리,KOSDAQ,중견기업부,기타 식품 제조업,"에버콜라겐, 지노마스터 등",2018-12-13,12월,김도언,http://www.newtree.co.kr,서울특별시
144960,뉴파워프라즈마,KOSDAQ,우량기업부,특수 목적용 기계 제조업,플라즈마 세정기(Remote Plasma Cleaning Generator),2016-11-30,12월,양재영,http://newpower.co.kr,경기도
085670,뉴프렉스,KOSDAQ,우량기업부,전자부품 제조업,연성인쇄회로기판,2006-01-17,12월,임시연,http://www.newflex.co.kr,경기도
417030,니어스랩,KOSDAQ,기술성장기업부,소프트웨어 개발 및 공급업,"KAiDEN, XAiDEN, 풍력발전기 점검 솔루션",2026-08-24,12월,최재혁,http://www.nearthlab.com,서울특별시
064260,다날,KOSDAQ,중견기업부,소프트웨어 개발 및 공급업,모바일콘텐츠 및 유무선전화결제,2004-07-23,12월,백현숙,http://www.danal.co.kr,경기도
340360,다보링크,KOSDAQ,투자주의환기종목(소속부없음),통신 및 방송 장비 제조업,"AP, APController 외",2019-12-19,12월,김삼연,http://www.davolink.co.kr,경기도
039560,다산네트웍스,KOSDAQ,중견기업부,통신 및 방송 장비 제조업,네트워크 통신장비,2000-06-22,12월,남민우,http://www.dasannetworks.com,경기도
208860,다산디엠씨,KOSDAQ,벤처기업부,소프트웨어 개발 및 공급업,"Nav-Link 솔루션, BringGo 어플리케이션 등",2016-07-28,12월,"김장식, 남윤우 (각자 대표이사)",http://www.engistech.com,경기도
154040,다산솔루에타,KOSDAQ,중견기업부,전자부품 제조업,전자파 차폐소재,2013-12-27,12월,안상헌,http://www.solueta.com,경기도
032190,다우데이타,KOSDAQ,우량기업부,기계장비 및 관련 물품 도매업,"Autodesk 제품군 및 보안, 백신 소프트웨어 등",1999-12-21,12월,김상준,http://www.daoudata.co.kr,서울특별시
323350,다원넥스뷰,KOSDAQ,기술성장기업부,특수 목적용 기계 제조업,LSMB(Laser Micro Bonding System),2024-06-11,12월,남기중,http://www.nexview.co.kr,경기도
068240,다원시스,KOSDAQ,관리종목(소속부없음),"전동기, 발전기 및 전기 변환 · 공급 · 제어 장치 제조업","핵융합 전원장치, 플라즈마 전원장치, 태양광 CVD 전원장치, 산업용 특수정류기",2010-09-14,12월,박선순,http://www.dawonsys.com,경기도
290660,다이나믹솔루션,KOSDAQ,기술성장기업부,의료용 기기 제조업,라파엘스마트글러브 외,2018-11-28,12월,백명훈,http://www.neofect.com,경기도
464580,닷밀,KOSDAQ,기술성장기업부,"영화, 비디오물, 방송프로그램 제작 및 배급업","실감미디어 콘텐츠 및 시설 구축, 전시 및 테마파크 운영",2024-11-13,12월,정해운,,서울특별시
020400,대동금속,KOSDAQ,중견기업부,금속 주조업,"농기계 주문제품 및 상용차 실린더 헤드, 경승용차 실린더 브록 외",1993-07-30,12월,"이풍우, 김준식",http://www.daedongmetals.co.kr,대구광역시
008830,대동기어,KOSDAQ,중견기업부,특수 목적용 기계 제조업,"기어, 베벨기어, 축, 엑셀, T/M, 유성감속기, 기타조립품",1991-05-17,12월,"서종환, 김준식",http://www.daedonggear.com,경상남도
048470,대동스틸,KOSDAQ,중견기업부,기타 전문 도매업,"열연박판, 후판, 무늬강판 외",2002-01-10,12월,임주희,http://WWW.DAEDONGSTEEL.CO.KR,인천광역시
004780,대륙제관,KOSDAQ,우량기업부,기타 금속 가공제품 제조업,휴대용부탄가스 및 금속포장용기,1994-12-29,12월,"박봉국, 박봉준 (각자대표이사)",http://www.drcc.co.kr,서울특별시
017650,대림제지,KOSDAQ,우량기업부,기타 종이 및 판지 제품 제조업,골판지원지,1994-11-07,12월,류 창 승,http://www.daelimpaper.co.kr,경기도
389260,대명에너지,KOSDAQ,우량기업부,건물 건설업,신재생에너지 발전 공사 및 용역,2022-05-16,12월,서종현,http://www.daemyoung-eng.com,서울특별시
317850,대모,KOSDAQ,벤처기업부,특수 목적용 기계 제조업,"유압브레이커, 특수장비/부품, 퀵커플러 등",2019-07-24,12월,이원해,http://www.daemo.co.kr,경기도
290670,대보마그네틱,KOSDAQ,중견기업부,기타 전기장비 제조업,"전자석탈철기, 자력선별기",2018-11-06,12월,이준각,http://www.daebo.com,경기도
078140,대봉엘에스,KOSDAQ,우량기업부,의약품 제조업,"원료의약품,화장품원료",2005-12-23,12월,"박종호, 박진오",http://www.daebongls.co.kr,인천광역시
065150,대산F&B,KOSDAQ,중견기업부,음·식료품 및 담배 도매업,"외식프랜차이즈사업,육류가공,식자재유통등",2007-07-18,12월,김상욱,http://daesanfnb.co.kr/,대전광역시
036480,대성미생물,KOSDAQ,중견기업부,의약품 제조업,"동물용 의약품, 미생물제재",2000-04-04,12월,최승훈,http://www.dsmbio.com,경기도
027830,대성창투,KOSDAQ,중견기업부,신탁업 및 집합투자업,투자서비스,1999-11-30,12월,김영훈,http://www.daesungpe.com,서울특별시
129920,대성하이텍,KOSDAQ,벤처기업부,특수 목적용 기계 제조업,"정밀부품, 스위스턴 자동선반, 컴팩트 머시닝센터",2022-08-22,12월,"최우각, 최호형",http:///www.topdsht.com/,대구광역시
482690,대신밸런스제19호스팩,KOSDAQ,SPAC(소속부없음),금융 지원 서비스업,기업 인수 및 합병,2024-11-20,12월,임병완,,서울특별시
0134X0,대신밸런스제20호스팩,KOSDAQ,SPAC(소속부없음),금융 지원 서비스업,금융 지원 서비스업,2026-06-05,12월,최종태,,서울특별시
020180,대신정보통신,KOSDAQ,중견기업부,"컴퓨터 프로그래밍, 시스템 통합 및 관리업","디지털서비스, SI서비스, 산업용 PDA",1995-10-06,03월,"이재원, 최현택 (각자 대표이사)",http://www.dsic.co.kr,전남광주통합특별시
045390,대아티아이,KOSDAQ,우량기업부,기타 전기장비 제조업,철도신호제어시스템 등,2001-05-17,12월,"최종윤, 장일수 (각자 대표이사)",http://www.daeati.co.kr,경기도
108380,대양전기공업,KOSDAQ,우량기업부,선박 및 보트 건조업,"해상용 조명등기구, (함정용)전자시스템, 배전반류 등",2011-07-08,12월,서영우,http://daeyang.co.kr,부산광역시
007680,대원,KOSDAQ,중견기업부,건물 건설업,아파트 시행 및 시공,2017-12-01,12월,"전응식, 조종호(각자 대표이사)",http://www.daewon.co.kr,충청북도
048910,대원미디어,KOSDAQ,우량기업부,기타 전문 도매업,"캐릭터 사업, 만화영화 제작",2001-07-31,12월,"정욱, 정동훈",http://daewonmedia.com,서울특별시
005710,대원산업,KOSDAQ,우량기업부,자동차 신품 부품 제조업,자동차시트,1993-06-21,12월,"허재건,양광직,김재덕(각자대표)",http://www.dwsu.co.kr,경기도
120240,대정화금,KOSDAQ,우량기업부,기초 화학물질 제조업,"시약, 원료의약품",2010-12-20,12월,송영준,http://www.daejung.kr,경기도
003310,대주산업,KOSDAQ,우량기업부,동물용 사료 및 조제식품 제조업,배합사료,1992-08-01,12월,정석원,http://www.daejooinc.com,서울특별시
078600,대주전자재료,KOSDAQ,우량기업부,전자부품 제조업,"전도성페이스트,태양전지 페이스트,고분자재료,PIG,이차전지용음극재료",2004-12-10,12월,"임일지,임중규(각자대표)",http://www.daejoo.co.kr,경기도
393970,대진첨단소재,KOSDAQ,관리종목(소속부없음),플라스틱제품 제조업,"이차전지 공정용 대전방지트레이, 대전방지코팅액, 이차전지용 PET이형필름",2025-03-06,12월,유성준,http://daejin2019.com,서울특별시
096350,대창솔루션,KOSDAQ,벤처기업부,"구조용 금속제품, 탱크 및 증기발생기 제조업",내연기관구조재(선박엔진용MBS),2007-12-17,12월,이창수,http://dsol.co.kr/bbs/board.php?bo_table=pds,부산광역시
140520,대창스틸,KOSDAQ,중견기업부,1차 철강 제조업,"냉연강판, 이중바닥재",2014-12-05,12월,"문창복, 문경석",http://www.dcsteel.com,인천광역시
131220,대한과학,KOSDAQ,벤처기업부,기계장비 및 관련 물품 도매업,"의료, 정밀 및 연구실험기기 제조 및 유통",2011-10-11,12월,서현정,http://www.daihansci.co.kr,강원특별자치도
010170,대한광통신,KOSDAQ,중견기업부,절연선 및 케이블 제조업,"광섬유, 광케이블",1994-11-07,12월,"설윤석, 박민수(각자대표)",http://www.taihanfiber.com,경기도
054670,대한뉴팜,KOSDAQ,우량기업부,의약품 제조업,"동물약품,인체약품",2002-02-26,12월,이원석,http://www.dhnp.co.kr,경기도
023910,대한약품,KOSDAQ,우량기업부,의약품 제조업,수액제,1994-11-23,12월,이승영,http://www.daihan.com,서울특별시
021040,대호특수강,KOSDAQ,중견기업부,1차 철강 제조업,냉간압조용선재,1996-08-27,12월,강근욱,http://www.dhstl.co.kr,충청북도
021045,대호특수강우,KOSDAQ,중견기업부,,,,,,,
067080,대화제약,KOSDAQ,중견기업부,의약품 제조업,"후로스판, 세파메칠 등",2003-02-14,12월,김은석(단독대표),http://www.dhpharm.co.kr,강원특별자치도
298540,더네이쳐홀딩스,KOSDAQ,우량기업부,의복 액세서리 제조업,"의류, 여행용 가방 및 잡화류",2020-07-27,12월,박영준,http://www.thenatureholdings.co.kr,서울특별시
032860,더라미,KOSDAQ,중견기업부,"해체, 선별 및 원료 재생업","화장품, 철스크랩",1997-07-04,12월,박혜린,http://www.thelamy.com,경기도
393890,더블유씨피,KOSDAQ,기술성장기업부,일차전지 및 이차전지 제조업,이차전지용 분리막,2022-09-30,12월,최원근,,충청북도
299170,더블유에스아이,KOSDAQ,중견기업부,생활용품 도매업,"의약품, 의료기기 도소매",2018-09-21,12월,이윤석,http://wsi-healthcare.com/,서울특별시
462860,더즌,KOSDAQ,벤처기업부,전기 통신업,디지털뱅킹 솔루션(B2B 금융 서비스),2025-03-24,12월,조철한,http://www.dozn.co.kr/,서울특별시
224060,더코디,KOSDAQ,투자주의환기종목(소속부없음),전자부품 제조업,"반도체 및 평판디스플레이 제조용 장비(IRIS, LOZIX, HP/CP)",2015-12-29,12월,최현준,http://www.thecodi.kr,충청남도
403850,더핑크퐁컴퍼니,KOSDAQ,중견기업부,"영화, 비디오물, 방송프로그램 제작 및 배급업","콘텐츠, 라이선스, MD, 기타",2025-11-18,12월,김민석,,서울특별시
213420,덕산네오룩스,KOSDAQ,우량기업부,전자부품 제조업,"HTL(정공수송층), HIL(정공주입층), RED HOST",2015-02-06,12월,"이수훈, 이범성(각자대표이사)",http://www.dsneolux.co.kr,충청남도
317330,덕산테코피아,KOSDAQ,중견기업부,기타 화학제품 제조업,"OLED 소재, 반도체 소재",2019-08-02,12월,김병기,http://dstp.co.kr,충청남도
077360,덕산하이메탈,KOSDAQ,벤처기업부,반도체 제조업,솔더볼(Solderball),2005-10-14,12월,"이수훈, 김태수 (공동대표이사)",http://www.dshm.co.kr,울산광역시
090410,덕신이피씨,KOSDAQ,우량기업부,"구조용 금속제품, 탱크 및 증기발생기 제조업",일체형 데크플레이트 등,2014-08-01,12월,오종녕,http://www.dukshinepc.com,충청남도
0001A0,덕양에너젠,KOSDAQ,중견기업부,연료용 가스 제조 및 배관공급업,"수소가스, 고순도 수소가스",2026-01-30,12월,"김기철, 박주동",http://www.dyenergen.com/,전남광주통합특별시
263600,덕우전자,KOSDAQ,중견기업부,전자부품 제조업,카메라 모듈 부품,2017-08-28,12월,이준용,http://www.derkwoo.com,경상북도
194480,데브시스터즈,KOSDAQ,중견기업부,소프트웨어 개발 및 공급업,모바일 게임,2014-10-06,12월,조길현,http://www.devsisters.com,서울특별시
373160,데이원컴퍼니,KOSDAQ,기술성장기업부,기타 교육기관,성인대상 교육서비스,2025-01-24,12월,"신해동, 김동혁 (공동대표)",http://day1company.co.kr/,서울특별시
263800,데이타솔루션,KOSDAQ,중견기업부,기계장비 및 관련 물품 도매업,"EMC스토리지, SPSS, SI",2017-08-03,12월,"배복태, 정교중",http://www.datasolution.kr,서울특별시
206560,덱스터,KOSDAQ,기술성장기업부,"영화, 비디오물, 방송프로그램 제작 및 배급업","시각효과(Visual Effect, VFX)",2015-12-22,12월,"김욱, 강종익",http://www.dexterstudios.com,서울특별시
261200,덴티스,KOSDAQ,중견기업부,의료용 기기 제조업,임플란트외,2017-06-26,12월,심기봉,http://www.dentis.co.kr,대구광역시
484120,도우인시스,KOSDAQ,중견기업부,전자부품 제조업,초박형 유리(UTG),2025-07-23,12월,옥경석,http://www.dowooinsys.com/,충청북도
067990,도이치모터스,KOSDAQ,우량기업부,자동차 판매업,수입자동차,2004-12-03,12월,권혁민,http://www.deutschmotors.com,서울특별시
006620,동구바이오제약,KOSDAQ,우량기업부,의약품 제조업,"피부, 비뇨기과 완제의약품",2018-02-13,12월,조용준,http://www.dongkoo.com,서울특별시
100130,동국S&C,KOSDAQ,중견기업부,"구조용 금속제품, 탱크 및 증기발생기 제조업",Wind-Tower,2009-08-31,12월,이원휘,http://www.dongkuksnc.co.kr,경상북도
005160,동국산업,KOSDAQ,중견기업부,1차 철강 제조업,"철강무역,강판제품제조",1999-06-25,12월,이원휘,http://www.dkis.co.kr,서울특별시
303810,동국생명과학,KOSDAQ,중견기업부,의약품 제조업,"조영제 완제 및 원료, 의료기기 유통",2025-02-17,12월,박재원,http://dkls.co.kr,서울특별시
075970,동국알앤에스,KOSDAQ,중견기업부,기타 비금속 광물제품 제조업,내화물,2004-02-13,12월,남기성,http://www.dkref.co.kr,경상남도
240550,동방메디컬,KOSDAQ,중견기업부,의료용 기기 제조업,"필러, 한방침",2025-02-13,12월,김근식,http://www.dongbangmedical.co.kr/,충청남도
099410,동방선기,KOSDAQ,벤처기업부,선박 및 보트 건조업,"조선기자재, 선박용 배관",2009-11-10,12월,정대진,http://www.dongbangsm.co.kr,경상남도
033500,동성화인텍,KOSDAQ,우량기업부,기초 화학물질 제조업,초저온 보냉재,1997-12-19,12월,최용석,http://www.dsfinetec.co.kr,부산광역시
025950,동신건설,KOSDAQ,우량기업부,토목 건설업,토목,1995-08-07,12월,"김근한, 김현희(각자대표이사)",http://www.dongsin.biz,경상북도
088130,동아엘텍,KOSDAQ,우량기업부,특수 목적용 기계 제조업,LCD검사장비,2007-01-03,12월,최귀상/박진균,http://www.dongaeltek.co.kr,경기도
060380,동양에스텍,KOSDAQ,중견기업부,1차 철강 제조업,"열연박판, 열연후판, 무늬강판",2002-02-05,12월,조남욱,http://www.dystec.co.kr,대전광역시
079960,동양이엔피,KOSDAQ,우량기업부,"전동기, 발전기 및 전기 변환 · 공급 · 제어 장치 제조업","휴대폰용,OA기기및통신장비용,디지털가전용전원공급장치",2005-02-01,12월,"김재수,김재만",http://www.dyenp.com,경기도
228340,동양파일,KOSDAQ,중견기업부,"시멘트, 석회, 플라스터 및 그 제품 제조업",PHC파일,2016-04-06,12월,김근수,http://www.tongyangphc.com,충청남도
088910,동우팜투테이블,KOSDAQ,우량기업부,"도축, 육류 가공 및 저장 처리업","육계,삼계",2006-06-23,12월,김태호,http://dongwoofarmtotable.com,전북특별자치도
094170,동운아나텍,KOSDAQ,우량기업부,반도체 제조업,아날로그 반도체,2015-06-30,12월,김동철,http://www.dwanatech.com,서울특별시
013120,동원개발,KOSDAQ,우량기업부,건물 건설업,도급공사,1994-12-29,12월,"장복만, 박영봉 (각자 대표이사)",http://www.dongwonapt.co.kr,부산광역시
109860,동일금속,KOSDAQ,우량기업부,금속 주조업,"크롤러크레인용 트랙슈 어셈블리, 굴삭기용 아이들러 트랙슈 스프링 등",2009-07-28,12월,오길봉,http://www.dongilmetal.co.kr,경상북도
032960,동일기연,KOSDAQ,중견기업부,전자부품 제조업,EMI,1997-07-18,12월,"손동준 , 정수열",http://www.dongiltech.co.kr,경기도
023790,동일스틸럭스,KOSDAQ,중견기업부,1차 철강 제조업,봉강,1994-11-07,12월,장재헌,http://www.dongilsteel.com,부산광역시
005290,동진쎄미켐,KOSDAQ,우량기업부,기초 화학물질 제조업,"반도체,LCD용재료(감광제,봉지제),발포제",1999-12-21,12월,이준혁,http://www.dongjin.com,인천광역시
025900,동화기업,KOSDAQ,중견기업부,나무제품 제조업,"PB, MDF, 표면재,온돌마루, 창호, 도어 등",1995-08-07,12월,채광병,http://www.dongwha.co.kr,인천광역시
073190,듀오백,KOSDAQ,관리종목(소속부없음),가구 제조업,사무용 및 가정용 의자,2004-02-06,12월,-,http://duoback.co.kr,인천광역시
176750,듀켐바이오,KOSDAQ,기술성장기업부,의약품 제조업,방사성의약품,2024-12-20,12월,김상우,http://www.duchembio.com,서울특별시
030350,드래곤플라이,KOSDAQ,관리종목(소속부없음),소프트웨어 개발 및 공급업,온라인게임,1997-11-10,12월,조 철,http://www.dragonflygame.com,서울특별시
203650,드림시큐리티,KOSDAQ,중견기업부,소프트웨어 개발 및 공급업,정보보안솔루션,2014-10-13,12월,오석주,http://www.dreamsecurity.com,서울특별시
223250,드림씨아이에스,KOSDAQ,벤처기업부,자연과학 및 공학 연구개발업,시판후조사대행(rPMS),2020-05-22,12월,유정희,http://www.dreamcis.com,서울특별시
060570,드림어스컴퍼니,KOSDAQ,중견기업부,영상·오디오물 제공 서비스업,온라인 음악 서비스,2003-12-19,12월,이기영,http://dreamuscompany.com,서울특별시
362990,드림인사이트,KOSDAQ,벤처기업부,광고업,광고대행,2024-01-25,12월,김기철,http://bydream.co.kr/,서울특별시
016670,디모아,KOSDAQ,중견기업부,기타 전문 도매업,"h/w,s/w개발",1993-04-21,12월,이혁수,http://www.dimoa.co.kr,서울특별시
187870,디바이스,KOSDAQ,우량기업부,특수 목적용 기계 제조업,OLED용 FM MASK 세정장비,2017-12-20,12월,"최봉진, 방인호 각자대표",http://www.deviceeng.co.kr,충청남도
489730,디비금융제13호스팩,KOSDAQ,SPAC(소속부없음),기타 금융업,기업인수 및 합병,2024-11-28,12월,양준석,,서울특별시
0004Y0,디비금융제14호스팩,KOSDAQ,SPAC(소속부없음),기타 금융업,기업인수목적회사,2025-07-22,12월,황선국,,서울특별시
110990,디아이티,KOSDAQ,우량기업부,특수 목적용 기계 제조업,반도체 제조 장비,2018-08-07,12월,박종철,http://www.okdit.co.kr,경기도
263690,디알젬,KOSDAQ,우량기업부,의료용 기기 제조업,"진단용 엑스선 촬영장치 및 부분품, X-ray 제너레이터 외",2018-11-22,12월,박정병,http://www.drgemhealthcare.com,경기도
214680,디알텍,KOSDAQ,벤처기업부,의료용 기기 제조업,"X-ray Detector, X-ray System",2015-04-20,12월,안성현,http://www.drtech.com,경기도
347850,디앤디파마텍,KOSDAQ,기술성장기업부,자연과학 및 공학 연구개발업,대사성질환 치료제 등,2024-05-02,12월,이슬기,http://www.ddpharmatech.com,경기도
263720,디앤씨미디어,KOSDAQ,우량기업부,"서적, 잡지 및 기타 인쇄물 출판업",웹소설 콘텐츠,2017-08-01,12월,최원영,http://www.dncmedia.co.kr,서울특별시
376300,디어유,KOSDAQ,우량기업부,소프트웨어 개발 및 공급업,"모바일 어플리케이션(DearU bubble, Lysn)",2021-11-10,12월,안종오,http://www.dear-u.co,서울특별시
104040,디에스엠,KOSDAQ,벤처기업부,자동차 신품 부품 제조업,"자동차부품(시트,도어) 제조",2009-01-23,12월,"김병준, 김종석 (각자대표)",http://www.dsfinetec.com,경상남도
109740,디에스케이,KOSDAQ,벤처기업부,특수 목적용 기계 제조업,"FPD(Flat Panel Display 평판디스플레이)용 Bonding System 및 In-line System, 카메라모듈장비, 이차전지장비, 메카트로닉스 사업군",2009-09-23,12월,"김태구, 김종원(각자대표)",http://www.dsk.co.kr,경기도
031860,디에이치엑스컴퍼니,KOSDAQ,관리종목(소속부없음),상품 종합 도매업,FLC,1997-01-07,12월,"정영진, 조영중(각자대표)",http://su-holdings.com,서울특별시
196490,디에이테크놀로지,KOSDAQ,투자주의환기종목(소속부없음),특수 목적용 기계 제조업,2차전지설비,2014-11-19,12월,이상화,http://www.dat21.co.kr,경기도
066900,디에이피,KOSDAQ,관리종목(소속부없음),전자부품 제조업,Build-Up PCB(인쇄회로기판),2004-05-14,12월,"권오일, 최봉윤",http://www.dapmc.co.kr,경기도
092070,디엔에프,KOSDAQ,중견기업부,기타 화학제품 제조업,반도체배선박막재료(알루미늄전구체),2007-11-16,12월,임정훈,http://www.dnfsolution.com,대전광역시
039840,디오,KOSDAQ,중견기업부,의료용 기기 제조업,자동포장기계,2000-06-29,12월,김종원,http://dio.co.kr,부산광역시
219550,디와이디,KOSDAQ,관리종목(소속부없음),생활용품 도매업,화장품 유통,2015-07-22,12월,정화청,http://dydbio.com,경기도
310870,디와이씨,KOSDAQ,벤처기업부,자동차 신품 부품 제조업,자동차 부품,2018-12-20,12월,"이종훈, 임동하(각자대표이사)",http://dycauto.com,경상북도
104460,디와이피엔에프,KOSDAQ,우량기업부,일반 목적용 기계 제조업,뉴메틱 컨베잉 시스템(분체이송시스템),2009-12-22,12월,유병욱,http://www.dypnf.com,서울특별시
113810,디젠스,KOSDAQ,중견기업부,자동차 신품 부품 제조업,자동차용 소음기(머플러),2012-11-22,12월,이석우,http://www.dgenx.com,경기도
043360,디지아이,KOSDAQ,벤처기업부,컴퓨터 및 주변장치 제조업,"잉크젯 플로터, 커팅 플로터",2001-07-20,12월,최동호,http://www.dgi-net.com,경기도
197140,디지캡,KOSDAQ,벤처기업부,소프트웨어 개발 및 공급업,"보호솔루션, 방송서비스솔루션 등",2018-09-07,12월,범진규,http://www.digicaps.com,서울특별시
068930,디지털대성,KOSDAQ,우량기업부,일반 교습 학원,"온라인 강의, 오프라인 학원, 교재",2003-10-17,12월,김희선,http://www.digitaldaesung.com,서울특별시
033130,디지틀조선,KOSDAQ,중견기업부,"자료처리, 호스팅, 포털 및 기타 인터넷 정보매개 서비스업",위성서비스,1997-08-06,12월,김영수,http://www.chosun.com,서울특별시
105740,디케이락,KOSDAQ,우량기업부,일반 목적용 기계 제조업,계장용 피팅 및 밸브,2010-11-12,12월,노은식,http://www.dklok.com,경상남도
263020,디케이앤디,KOSDAQ,벤처기업부,플라스틱제품 제조업,합성피혁 및 부직포,2018-11-20,12월,최민석,http://www.dknd.co.kr,경기도
290550,디케이티,KOSDAQ,우량기업부,전자부품 제조업,스마트폰용 FPCA,2018-12-21,12월,이지열,http://www.dtktech.co.kr/,인천광역시
066670,디티씨,KOSDAQ,중견기업부,부동산 임대 및 공급업,LCD Module,2002-12-30,12월,박윤민,http://www.dtccorp.co.kr,충청남도
187220,디티앤씨,KOSDAQ,중견기업부,기타 과학기술 서비스업,전기전자규격 인증서비스,2014-12-17,12월,남기혁,http://www.dtnc.co.kr,경기도
383930,디티앤씨알오,KOSDAQ,중견기업부,자연과학 및 공학 연구개발업,비임상 및 임상시험 대체 용역,2022-11-11,12월,박채규,http://www.dtncro.com,경기도
131180,딜리,KOSDAQ,벤처기업부,컴퓨터 및 주변장치 제조업,디지털 UV 프린터,2011-01-31,12월,최근수,,경기도
483350,딜리셔스,KOSDAQ,기술성장기업부,무점포 소매업,패션 B2B 플랫폼(신상마켓),2026-08-12,12월,"김준호, 정창한",http://www.dealicious.kr/,서울특별시
315640,딥노이드,KOSDAQ,기술성장기업부,소프트웨어 개발 및 공급업,"의료 인공지능플랫폼, 인공지능 임상의사결정 시스템",2021-08-17,12월,최우식,http://www.deepnoid.com,서울특별시
900110,딥커머스,KOSDAQ,외국기업(소속부없음),기타 금융업,"스포츠화, 스포츠의류",2010-04-23,12월,"정강위, 정소영",http://www.qiuzhi.com,홍콩
317120,라닉스,KOSDAQ,기술성장기업부,반도체 제조업,"자동차 및 IoT 통신, 보안솔루션",2019-09-18,12월,최승욱,http://www.ranix.co.kr,서울특별시
462510,라메디텍,KOSDAQ,기술성장기업부,의료용 기기 제조업,초소형 레이저 의료기기 및 미용기기,2024-06-17,12월,최종석,,서울특별시
232680,라온로보틱스,KOSDAQ,기술성장기업부,특수 목적용 기계 제조업,반도체 및 FPD용 로봇시스템,2021-06-17,12월,김원경,http://www.raonrobot.com/,경기도
042510,라온시큐어,KOSDAQ,벤처기업부,소프트웨어 개발 및 공급업,소프트웨어 개발 및 공급,2001-01-03,12월,"이순형,이정아(각자대표)",http://www.raonsecure.com,서울특별시
418420,라온텍,KOSDAQ,기술성장기업부,전자부품 제조업,"마이크로디스플레이, 컨트롤러 IC",2023-03-09,12월,김보은,RAON.io,경기도
300120,라온피플,KOSDAQ,벤처기업부,소프트웨어 개발 및 공급업,"카메라 모듈 검사기, AI 머신비전, 골프센서",2019-10-18,12월,이석중,http://www.laonpeople.com/,경기도
171120,라이온켐텍,KOSDAQ,우량기업부,기타 화학제품 제조업,"합성왁스, 인조대리석",2013-11-19,12월,"김홍진, 오종훈",http://www.lctkorea.com,대전광역시
388790,라이콤,KOSDAQ,벤처기업부,통신 및 방송 장비 제조업,"제조업(광증폭기, 광송수신기, 광섬유레이저 외)",2021-09-03,12월,김성준,http://www.licomm.com,경기도
214260,라파스,KOSDAQ,기술성장기업부,기타 화학제품 제조업,"마이크로니들 패치 제품(의약품패치, 의료기기패치, 미용패치 등)",2019-11-11,12월,정도현,http://www.raphas.com,서울특별시
171010,램테크놀러지,KOSDAQ,벤처기업부,기초 화학물질 제조업,"반도체 식각액, 박리액, 세정액 등",2013-11-18,12월,길준봉,http://www.ramtech.co.kr,경기도
084650,랩지노믹스,KOSDAQ,관리종목(소속부없음),자연과학 및 공학 연구개발업,체외진단 서비스 및 제품,2014-12-16,12월,류재학 대표이사,http://www.labgenomics.co.kr,경기도
217500,러셀,KOSDAQ,벤처기업부,특수 목적용 기계 제조업,반도체장비 리퍼비시,2015-06-16,12월,권순욱,http://www.erussell.co.kr/,충청북도
038390,레드캡투어,KOSDAQ,우량기업부,여행사 및 기타 여행보조 서비스업,"여행알선, 렌터카",2000-02-01,12월,인유성,http://www.redcap.co.kr,서울특별시
387690,레메디,KOSDAQ,기술성장기업부,의료용 기기 제조업,의료용 휴대용 엑스선 영상촬영장치,2026-07-13,12월,조봉호,http://www.remedihc.com,강원특별자치도
294140,레몬,KOSDAQ,관리종목(소속부없음),화학섬유 제조업,"EMI Shield Can, 나노멤브레인 등",2020-02-28,12월,이종일,http://www.lemonano.co.kr,경상북도
365660,레몬헬스케어,KOSDAQ,기술성장기업부,소프트웨어 개발 및 공급업,"LDB-H(스마트병원중계플랫폼), LDB-E(의료데이터-ECO 중계플랫폼), LDB-D(맞춤형 헬스데이터 중계플랫폼)",2026-07-06,12월,홍병진,http://www.lemonhealthcare.com/,서울특별시
443250,레뷰코퍼레이션,KOSDAQ,벤처기업부,광고업,"REVU 서비스(컨텐츠마케팅, 로컬, 에이전시)",2023-10-06,12월,김주오,http://corp.revu.net,서울특별시
228670,레이,KOSDAQ,벤처기업부,의료용 기기 제조업,"디지털 치료솔루션(CT scan 장비, 3D 프린터), 디지털 진단시스템(X-ray, CT 등)",2019-08-08,12월,이상철,http://www.raymedical.co.kr/,경기도
228850,레이언스,KOSDAQ,우량기업부,의료용 기기 제조업,"TFT Detector, CMOS Detector, I/O Sensor",2016-04-11,12월,서영권,http://www.rayence.com,경기도
412350,레이저쎌,KOSDAQ,기술성장기업부,특수 목적용 기계 제조업,"에어리어 레이저솔루션, LSR, LCB, LSB, BSOM 등",2022-06-24,12월,안건준,http://www.laserssel.com,경기도
199550,레이저옵텍,KOSDAQ,벤처기업부,의료용 기기 제조업,레이저 기반 피부미용기기 및 질환치료기기,2024-02-01,12월,"주홍, 이창진",http://www.laseroptek.com,경기도
281740,레이크머티리얼즈,KOSDAQ,우량기업부,기타 화학제품 제조업,"LED, 반도체 소재 및 석유화학촉매",2017-12-12,12월,김진동,http://www.lake-led.com,세종특별자치시
277810,레인보우로보틱스,KOSDAQ,기술성장기업부,특수 목적용 기계 제조업,"협동로봇, 모바일휴머노이드, 4족보행로봇, 천문마운트시스템 등",2021-02-03,12월,이정호,http://www.rainbow-robotics.com,세종특별자치시
215100,로보로보,KOSDAQ,벤처기업부,기타 전기장비 제조업,교육용로봇,2015-04-22,12월,최영석,http://www.roborobo.co.kr,서울특별시
090360,로보스타,KOSDAQ,중견기업부,특수 목적용 기계 제조업,"제조용 로봇, FPD 장비, IT부품 제조장비",2011-10-17,12월,배병주,http://robostar.co.kr,경기도
108490,로보티즈,KOSDAQ,기술성장기업부,특수 목적용 기계 제조업,"솔루션(로봇 엑츄에이터 모듈과 구동 소프트웨어), 에듀테인먼트 로봇, 로봇 플랫폼",2018-10-26,12월,김병수,,서울특별시
900260,로스웰,KOSDAQ,외국기업(소속부없음),기타 금융업,"CAN Control Gateway, CAN기능모듈, BCM 차체제어모듈",2016-06-30,12월,저우샹동,,홍콩
033290,로젠,KOSDAQ,우량기업부,"섬유, 의복, 신발 및 가죽제품 소매업","의복, 잡화, 콘덴서",1997-10-13,12월,"최용석,김동주",http://www.cowellfashion.co.kr,전북특별자치도
067730,로지시스,KOSDAQ,중견기업부,"컴퓨터 프로그래밍, 시스템 통합 및 관리업","전산장비 판매 및 유지보수, VAN기기 대행관리",2015-07-29,12월,이호성,http://www.logisys.co.kr,서울특별시
071280,로체시스템즈,KOSDAQ,우량기업부,특수 목적용 기계 제조업,LCD 제조용 이송장비,2003-11-14,12월,박기환,http://www.rorze.co.kr,경기도
376900,로킷헬스케어,KOSDAQ,기술성장기업부,의료용품 및 기타 의약 관련제품 제조업,장기 재생 플랫폼,2025-05-12,12월,유석환,http://rokithealthcare.com,서울특별시
214610,롤링스톤,KOSDAQ,관리종목(소속부없음),의료용 기기 제조업,체외진단용 의료기기,2020-10-22,12월,이재성,http://www.micobiomed.com,경기도
328130,루닛,KOSDAQ,기술성장기업부,소프트웨어 개발 및 공급업,Lunit INSIGHT,2022-07-21,12월,서범석,http://www.lunit.io,서울특별시
038060,루멘스바이오스,KOSDAQ,중견기업부,반도체 제조업,LED개발 및 제조,2006-08-08,12월,양영학,http://www.lumens.co.kr,경기도
474170,루미르,KOSDAQ,기술성장기업부,"항공기,우주선 및 부품 제조업","인공위성 시스템 및 전장품, 위성 영상 및 정보",2024-10-21,12월,남명용,http://www.lumir.space,경기도
195990,루트K,KOSDAQ,관리종목(소속부없음),특수 목적용 기계 제조업,소형 머시닝센터,2015-04-13,12월,김용운,http://www.abprobio.co.kr,대구광역시
016100,리더스코스메틱,KOSDAQ,중견기업부,"골판지, 종이 상자 및 종이용기 제조업",화장품,2003-01-15,12월,"김진구, 김진상(공동 대표이사)",http://www.leaderscosmetics.com,서울특별시
012700,리드코프,KOSDAQ,우량기업부,기타 전문 도매업,화공약품운반,1996-01-19,12월,이재중,http://www.leadcorp.co.kr,서울특별시
302550,리메드,KOSDAQ,기술성장기업부,의료용 기기 제조업,자기장 치료기기,2019-12-06,12월,이근용,http://remed.kr,충청북도
491000,리브스메드,KOSDAQ,기술성장기업부,의료용 기기 제조업,"다관절 다자유도 복강경 수술기구인 ArtiSential, ArtiSeal, ArtiStapler, LivsCam, Stark",2025-12-24,12월,이정주,http://www.livsmed.com,경기도
394420,리센스메디컬,KOSDAQ,기술성장기업부,의료용 기기 제조업,"피부 냉각마취 의료기기, 경피약물전달 의료기기, 동물용 경피약물전달 의료기기, 안구 냉각마취 의료기기",2026-03-31,12월,"김건호, 최의경",http://recensmedical.co.kr/,경기도
073570,리튬포어스,KOSDAQ,관리종목(소속부없음),그외 기타 제품 제조업,"휴대폰액세서리의 제조, 판매",2004-01-06,12월,변재석,http://www.urbanlithium.com,서울특별시
377450,리파인,KOSDAQ,우량기업부,기타 정보 서비스업,권리조사,2021-10-29,12월,장호준,http://www.refine.co.kr,서울특별시
277070,린드먼아시아,KOSDAQ,중견기업부,신탁업 및 집합투자업,"투자조합, PEF 결성 및 투자",2018-03-14,12월,김진하,http://www.laic.kr,서울특별시
042500,링네트,KOSDAQ,우량기업부,"컴퓨터 프로그래밍, 시스템 통합 및 관리업",네트워크 구축(Network Integration),2002-01-10,12월,"이주석, 이정민 (각자대표)",http://www.ringnet.co.kr,서울특별시
193250,링크드,KOSDAQ,중견기업부,전자부품 제조업,휴대폰용 진동모터,2014-12-29,12월,민용재,http://linkedseoul.com,서울특별시
474650,링크솔루션,KOSDAQ,기술성장기업부,특수 목적용 기계 제조업,3D 프린터 및 3D 프린팅 서비스,2025-06-10,12월,최근식,http://www.lincsolution.com,경기도
219420,링크제니시스,KOSDAQ,기술성장기업부,소프트웨어 개발 및 공급업,"반도체, 디스플레이, 자동화 S/W 및 시스템 테스트 자동화 솔루션 개발(XCOMPRO, XGEM, MAT)",2018-02-05,12월,정성우,http://www.linkgenesis.co.kr,경기도
439090,마녀공장,KOSDAQ,우량기업부,기타 화학제품 제조업,자연주의 기능성 화장품,2023-06-08,12월,"김기현, 송지혜(각자대표)",http://www.manyo.co.kr,서울특별시
195500,마니커에프앤지,KOSDAQ,중견기업부,"도축, 육류 가공 및 저장 처리업","육가공품, 튀김류, 패티류, 삼계탕 등",2019-08-20,12월,최장호,http://www.manikerfng.com,경기도
377480,마음AI,KOSDAQ,기술성장기업부,소프트웨어 개발 및 공급업,종합 인공지능 엔진 및 플랫폼,2021-11-23,12월,유태준,maum.ai,경기도
305090,마이크로디지탈,KOSDAQ,투자주의환기종목(소속부없음),의료용 기기 제조업,"바이오 분석 시스템, 메디칼 자동화 시스템",2019-06-05,12월,김경남,http://www.md-best.com,경기도
098120,마이크로컨텍솔,KOSDAQ,우량기업부,전자부품 제조업,"BGA IC Burn-In Socket,DRAM Module Socket",2008-09-23,12월,양승은,http://www.mcsgroup.co.kr,충청남도
424980,마이크로투나노,KOSDAQ,기술성장기업부,반도체 제조업,메모리 테스트용 프로브 카드,2023-04-26,12월,황규호,http://micro2nano.com,경기도
038290,마크로젠,KOSDAQ,중견기업부,"그외 기타 전문, 과학 및 기술 서비스업","DNA Sequencing, Microarray, Genetically Engineered Mouse",2000-02-22,12월,"서정선, 김창훈, 이응룡 (각자 대표이사)",http://www.macrogen.com,서울특별시
477850,마키나락스,KOSDAQ,기술성장기업부,소프트웨어 개발 및 공급업,Runway Platform (산업특화 인공지능 개발 및 운영 체계 구축 플랫폼),2026-05-20,12월,윤성호,http://www.makinarocks.ai,서울특별시
0039P0,매드업,KOSDAQ,기술성장기업부,광고업,"디지털 마케팅 AI 에이전트, 솔루션 기반 광고대행",2026-07-01,12월,"이주민, 이동호",http://madup.com/,서울특별시
267980,매일유업,KOSDAQ,우량기업부,동·식물성 유지 및 낙농제품 제조업,"유제품(우유, 분유, 발효유, 치즈, 음료 등)",2017-06-05,12월,"김선희, 이인기(각자대표)",http://www.maeil.com,서울특별시
005990,매일홀딩스,KOSDAQ,우량기업부,동·식물성 유지 및 낙농제품 제조업,유제품,1999-05-14,12월,"김정완, 권태훈(각자대표이사)",http://www.maeil.com,서울특별시
093520,매커스,KOSDAQ,우량기업부,기계장비 및 관련 물품 도매업,자일링스(Xilinx)비메모리반도체(PLDchip)유통,2007-02-12,12월,"신동철, 성종률",http://www.makus.co.kr,서울특별시
100590,머큐리,KOSDAQ,중견기업부,통신 및 방송 장비 제조업,"AP 단말기, 광섬유 및 광케이블, 위성통신 전송장비",2018-12-14,12월,"양승환, 권순태(각자대표)",,인천광역시
067280,멀티캠퍼스,KOSDAQ,우량기업부,기타 교육기관,성인/기업전문 교육서비스,2006-11-16,12월,안재우,http://www.multicampus.com,서울특별시
072870,메가스터디,KOSDAQ,우량기업부,"서적, 잡지 및 기타 인쇄물 출판업","온라인강의,교재판매",2004-12-21,12월,"손주은, 손은진(각자 대표이사)",http://www.megastudyholdings.com,서울특별시
215200,메가스터디교육,KOSDAQ,우량기업부,일반 교습 학원,"오프라인 학원, 온라인 강의",2015-05-04,12월,손성은,http://www.megastudy.net,서울특별시
133750,메가엠디,KOSDAQ,중견기업부,일반 교습 학원,"의학, 치의학, 법학 전문대학원, 약학대학 입학시험 대비 강의",2015-12-18,12월,윤용국,http:// http://www.megamd.co.kr,서울특별시
446540,메가터치,KOSDAQ,중견기업부,일차전지 및 이차전지 제조업,"배터리 핀, 반도체 핀",2023-11-09,12월,박진,http://www.megatouch.co.kr/,충청남도
235980,메드팩토,KOSDAQ,기술성장기업부,자연과학 및 공학 연구개발업,항암제 신약개발,2019-12-19,12월,우정원,http://www.medpacto.com,서울특별시
041920,메디아나,KOSDAQ,우량기업부,의료용 기기 제조업,"환자감시장치, 자동심장 제세동기(AED)",2014-10-07,12월,"곽민철, 강동원 (각자 대표이사)",http://www.mediana.co.kr,강원특별자치도
014100,메디앙스,KOSDAQ,중견기업부,상품 종합 도매업,"누크, 비비생활용품, 비앙또마망, 지에닉, 닥터 아토피스",1995-01-03,12월,박수찬,http://www.medience.co.kr,서울특별시
054180,메디콕스,KOSDAQ,관리종목(소속부없음),선박 및 보트 건조업,XML/SGML 관련 제품 및 솔루션,2001-10-16,12월,"손철호, 윤종근(각자 대표집행임원)",http://www.megabion.co.kr,서울특별시
086900,메디톡스,KOSDAQ,우량기업부,기초 의약물질 제조업,"의약품원료(A형,B형 보툴리늄독소 단백질치료제) 제조,연구,개발",2009-01-16,12월,정현호,http://www.medytox.com,충청북도
078160,메디포스트,KOSDAQ,벤처기업부,기초 의약물질 제조업,제대혈은행,2005-07-29,12월,오원일,http://www.medi-post.co.kr,경기도
0088D0,메리츠제1호스팩,KOSDAQ,SPAC(소속부없음),금융 지원 서비스업,기업인수합병,2025-12-15,12월,이경준,,서울특별시
0165X0,메리츠제2호스팩,KOSDAQ,SPAC(소속부없음),금융 지원 서비스업,금융 지원 서비스업,2026-06-19,12월,이율환,,서울특별시
408920,메쎄이상,KOSDAQ,우량기업부,기타 사업지원 서비스업,"전시주최, 컨벤션 및 행사 대행업",2022-03-07,12월,조원표,http://messeesang.com,서울특별시
021880,메이슨캐피탈,KOSDAQ,중견기업부,기타 금융업,리스수입,1996-09-02,12월,김태균,http://mason-capital.co.kr,전북특별자치도
0088M0,메쥬,KOSDAQ,기술성장기업부,의료용 기기 제조업,웨어러블 패치형 환자 감시장치(HiCardi),2026-03-26,12월,박정환,,강원특별자치도
140410,메지온,KOSDAQ,투자주의환기종목(소속부없음),자연과학 및 공학 연구개발업,"발기부전증치료제, 전립선비대증치료제",2012-01-20,12월,박동현,,서울특별시
241770,메카로,KOSDAQ,우량기업부,반도체 제조업,반도체용 전구체 및 히터블록,2017-12-06,12월,"이재정, 박영순 (각자대표)",http://www.mecaro.com,경기도
059210,메타바이오메드,KOSDAQ,우량기업부,의료용품 및 기타 의약 관련제품 제조업,"생체분해성봉합사,근관충전재",2008-04-15,12월,오석송,http://wwwlmeta-biomed.com,충청북도
058110,멕아이씨에스,KOSDAQ,기술성장기업부,의료용 기기 제조업,인공호흡기,2015-12-14,12월,김종철,http://www.mek-ics.com,경기도
072770,멤레이비티,KOSDAQ,중견기업부,"컴퓨터 프로그래밍, 시스템 통합 및 관리업",무선인터넷플랫폼,2007-07-25,12월,이정남(단독 대표이사),http://www.neodian.co.kr,서울특별시
434480,모니터랩,KOSDAQ,기술성장기업부,소프트웨어 개발 및 공급업,"웹방화벽,유해사이트솔루션,가시성SSL 솔루션, SASE플랫폼기반 SECaaS",2023-05-19,12월,이광후,,서울특별시
080420,모다이노칩,KOSDAQ,중견기업부,"섬유, 의복, 신발 및 가죽제품 소매업","ESD필터,칩바리스터",2005-12-06,12월,"정태형, 강중근",http://www.innochips.co.kr,경기도
417970,모델솔루션,KOSDAQ,우량기업부,특수 목적용 기계 제조업,"하이엔드 프로토타입 제조, 다품종 소량생산 서비스",2022-10-07,12월,유형민,http://www.model-solution.com,서울특별시
080160,모두투어,KOSDAQ,우량기업부,여행사 및 기타 여행보조 서비스업,"항공권판매수수료,해외여행알선",2005-07-26,12월,우종웅,http://www.modetour.co.kr,서울특별시
087260,모바일어플라이언스,KOSDAQ,관리종목(소속부없음),소프트웨어 개발 및 공급업,"블랙박스, 내비게이션, HUD, ADAS",2017-02-24,12월,신욱호,http://www.mobileappliance.co.kr,경기도
101330,모베이스,KOSDAQ,중견기업부,통신 및 방송 장비 제조업,휴대전화 케이스,2010-02-04,12월,"손병준, 백승협(각자대표)",http://www.mobase.com,경기도
012860,모베이스전자,KOSDAQ,우량기업부,자동차 신품 부품 제조업,"스마트키,스위치",1994-10-26,12월,이광윤,http://www.mobaseelec.com,경기도
363260,모비데이즈,KOSDAQ,벤처기업부,광고업,기업인수합병,2021-02-10,12월,유범령,,서울특별시
348030,모비릭스,KOSDAQ,중견기업부,소프트웨어 개발 및 공급업,모바일 게임 개발 및 퍼블리싱,2021-01-28,12월,임중수,http://www.mobirix.com,서울특별시
250060,모비스,KOSDAQ,기술성장기업부,"컴퓨터 프로그래밍, 시스템 통합 및 관리업",핵융합 제어솔루션 및 스마트팩토리 통합솔루션,2016-09-08,12월,김지헌,http://www.mobiis.com/,경기도
288980,모아데이타,KOSDAQ,관리종목(소속부없음),소프트웨어 개발 및 공급업,인공지능 기반 ICT 시스템 이상탐지 및 예측 솔루션,2022-03-10,12월,한상진,http://www.moadata.co.kr,경기도
142760,모아라이프플러스,KOSDAQ,관리종목(소속부없음),자연과학 및 공학 연구개발업,"자궁경부상피이형증 치료제, 자궁경부전암 치료백신",2016-07-07,12월,한상진,http://www.bioleaders.co.kr,경기도
033200,모아텍,KOSDAQ,투자주의환기종목(소속부없음),전자부품 제조업,위치제어용초정및소형모터,1997-10-13,03월,최성환,http://www.moatech.co.kr,인천광역시
118990,모트렉스,KOSDAQ,우량기업부,자동차 신품 부품 제조업,차량용 인포테인먼트,2017-08-04,12월,이형환,http://www.motrex.co.kr,경기도
463480,모티브링크,KOSDAQ,중견기업부,전자부품 제조업,"EV용 Main Transformer, EV용 Line Filter",2025-02-20,12월,김기한,http://evpart.co.kr,경기도
006920,모헨즈,KOSDAQ,중견기업부,"시멘트, 석회, 플라스터 및 그 제품 제조업",레미콘,1989-01-05,12월,김형민,http://www.imohenz.com,충청남도
001810,무림SP,KOSDAQ,중견기업부,"펄프, 종이 및 판지 제조업","아트지,CCP지",2000-01-04,12월,이도균,http://www.moorim.co.kr,서울특별시
279600,미디어젠,KOSDAQ,벤처기업부,소프트웨어 개발 및 공급업,음성인식 소프트웨어 기술개발,2019-11-05,12월,"송민규, 유영근(각자 대표이사)",http://www.mediazen.co.kr,경기도
095500,미래나노텍,KOSDAQ,우량기업부,플라스틱제품 제조업,LCDBLU용광학필름,2007-10-01,12월,김철영,,충청북도
254490,미래반도체,KOSDAQ,우량기업부,기타 전문 도매업,반도체,2023-01-27,12월,이정,http://www.miraisemi.co.kr/,서울특별시
218150,미래생명자원,KOSDAQ,벤처기업부,동물용 사료 및 조제식품 제조업,동물용 사료 및 조제식품 제조업,2015-06-18,12월,이재환,http://www.milaebio.com,서울특별시
100790,미래에셋벤처투자,KOSDAQ,우량기업부,기타 금융업,중소기업 창업투자 관련 고유계정/투자조합 관련 수익,2019-03-15,12월,김응석,http://venture.miraeasset.co.kr,경기도
0097F0,미래에셋비전스팩10호,KOSDAQ,SPAC(소속부없음),금융 지원 서비스업,기업인수합병,2025-12-23,12월,윤태원,,서울특별시
0099W0,미래에셋비전스팩11호,KOSDAQ,SPAC(소속부없음),금융 지원 서비스업,기업인수합병,2025-12-22,12월,김양태,,서울특별시
477380,미래에셋비전스팩4호,KOSDAQ,SPAC(소속부없음),금융 지원 서비스업,기업인수목적회사(기타금융서비스),2024-05-29,12월,김정수,,서울특별시
477470,미래에셋비전스팩5호,KOSDAQ,SPAC(소속부없음),금융 지원 서비스업,기업인수합병,2024-06-19,12월,김대호,,서울특별시
478440,미래에셋비전스팩6호,KOSDAQ,SPAC(소속부없음),금융 지원 서비스업,기업인수합병,2024-06-24,12월,정명훈,,서울특별시
482680,미래에셋비전스팩7호,KOSDAQ,SPAC(소속부없음),금융 지원 서비스업,기업인수합병,2024-09-11,12월,송우영,,서울특별시
0093G0,미래에셋비전스팩8호,KOSDAQ,SPAC(소속부없음),금융 지원 서비스업,기업인수합병,2025-11-27,12월,김병철,,서울특별시
0096D0,미래에셋비전스팩9호,KOSDAQ,SPAC(소속부없음),금융 지원 서비스업,기업인수합병,2025-12-01,12월,황리건,,서울특별시
049950,미래컴퍼니,KOSDAQ,중견기업부,특수 목적용 기계 제조업,EdgeGrinder,2005-01-04,12월,김준구,http://www.meerecompany.com,경기도
207760,미스터블루,KOSDAQ,중견기업부,기타 정보 서비스업,"온라인 만화 콘텐츠 서비스 및 제공, 만화 출판",2014-12-12,12월,조승진,http://www.mrbluecorp.com/,서울특별시
059090,미코,KOSDAQ,벤처기업부,반도체 제조업,반도체 및 디스플레이 부품 제조,2002-01-15,12월,"전선규, 이석윤 (각자대표)",http://www.mico.kr,경기도
201490,미투온,KOSDAQ,중견기업부,소프트웨어 개발 및 공급업,소셜 카지노 게임,2016-10-10,12월,손창욱,http://www.me2on.com,서울특별시
475460,미트박스,KOSDAQ,벤처기업부,기타 정보 서비스업,축산물 도소매 판매 및 중개,2025-01-23,12월,김기봉,http://www.meatbox.co.kr,서울특별시
452200,민테크,KOSDAQ,기술성장기업부,"측정, 시험, 항해, 제어 및 기타 정밀기기 제조업; 광학기기 제외","배터리 진단시스템, 배터리 시스템, 충방전 검사장비",2024-05-03,12월,홍영진,http://www.g-mintech.co.kr,대전광역시
206640,바디텍메드,KOSDAQ,우량기업부,의료용품 및 기타 의약 관련제품 제조업,면역진단기기 및 카트리지,2014-12-29,12월,최의열,http://www.boditech.co.kr,강원특별자치도
035620,바른손이앤에이,KOSDAQ,관리종목(소속부없음),"영화, 비디오물, 방송프로그램 제작 및 배급업",영화 및 콘텐츠 투자배급,1999-08-13,12월,"문양권, 최윤희",http://www.barunsonena.com/,서울특별시
053030,바이넥스,KOSDAQ,중견기업부,의약품 제조업,"정장제, 소화제",2001-08-07,12월,이혁종,http://www.bi-nex.co.kr,부산광역시
301300,바이브컴퍼니,KOSDAQ,기술성장기업부,소프트웨어 개발 및 공급업,"소셜 빅데이터 기반 인공지능 서비스 (소셜메트릭스), 문제 해결 솔루션 (AI Solver)",2020-10-28,12월,김경서,http://www.vaiv.kr,서울특별시
064550,바이오니아,KOSDAQ,중견기업부,의료용품 및 기타 의약 관련제품 제조업,"합성유전자,시약및유전자분석장비",2005-12-29,12월,박한오,http://www.bioneer.co.kr,대전광역시
314930,바이오다인,KOSDAQ,기술성장기업부,의료용 기기 제조업,액상세포검사 장비 및 소모품,2021-03-17,12월,임욱빈,http://www.biodyne.asia/,서울특별시
489460,바이오비쥬,KOSDAQ,벤처기업부,기타 화학제품 제조업,스킨부스터 제품 및 필러,2025-05-20,12월,양준호,http://www.biobijou.co.kr/,경기도
086820,바이오솔루션,KOSDAQ,기술성장기업부,기초 의약물질 제조업,"세포치료제, 인체조직모델 등",2018-08-20,12월,이정선,http://www.biosolutions.co.kr/,서울특별시
038460,바이오스마트,KOSDAQ,우량기업부,전자부품 제조업,"M/S 카드제조업, IC 카드제조, 카드장비판매",2000-06-22,12월,윤호권,http://www.bio-smart.com,서울특별시
251120,바이오에프디엔씨,KOSDAQ,기술성장기업부,기초 의약물질 제조업,식물세포 유래 유효물질 및 약리물질,2022-02-21,12월,"모상현, 정대현",http://www.biofdnc.com,인천광역시
199730,바이오인프라,KOSDAQ,관리종목(소속부없음),자연과학 및 공학 연구개발업,"생동성시험, 검체 분석",2023-03-02,12월,이상득,http://bioinfrakorea.co.kr,경기도
086040,바이오톡스텍,KOSDAQ,벤처기업부,자연과학 및 공학 연구개발업,"안전성평가, 유효성평가",2007-09-21,12월,강종구,http://www.biotoxtech.com,충청북도
188040,바이오포트,KOSDAQ,벤처기업부,기타 식품 제조업,"후라이드오징어튀김, 유자생강차 등 스낵 및 음료",2025-05-16,12월,김성구,http://www.biopk.co.kr,부산광역시
099430,바이오플러스,KOSDAQ,우량기업부,기초 의약물질 제조업,"생체재료 개질 기술을 사용한 히알루론산(HA) 기반 더말필러, 유착방지제 및 그 응용제품",2021-09-27,12월,정현규,http://bioplus.co.kr,경기도
308080,바이젠셀,KOSDAQ,기술성장기업부,자연과학 및 공학 연구개발업,"면역세포치료제 (면역항암제, 면역조절치료제 등)",2021-08-25,12월,기평석,http://www.vigencell.com/kr/index.asp,서울특별시
043150,바텍,KOSDAQ,우량기업부,의료용 기기 제조업,"치과용 디지털 X-ray기기 (파노라마, CT) 및 구강스캐너 등",2006-09-29,12월,황규호,http://www.vatech.co.kr,경기도
323990,박셀바이오,KOSDAQ,기술성장기업부,자연과학 및 공학 연구개발업,"항암면역세포치료제(자연살해세포, 수지상세포, CAR-T 및 인터루킨 기반 항암제)",2020-09-22,12월,이제중 (단독 대표이사),http://www.vaxcell-bio.com,전라남도
267790,배럴,KOSDAQ,중견기업부,봉제의복 제조업,래쉬가드 및 워터스포츠 등,2018-02-01,12월,박영준,http://www.getbarrel.com,서울특별시
046310,백금T&A,KOSDAQ,우량기업부,통신 및 방송 장비 제조업,레이더디텍터,2002-02-05,12월,"임학규, 김병남 (공동 대표이사)",http://www.bgtna.com,경기도
331520,밸로프,KOSDAQ,중견기업부,소프트웨어 개발 및 공급업,기업인수합병,2019-10-29,12월,신재명,,서울특별시
199480,뱅크웨어글로벌,KOSDAQ,기술성장기업부,소프트웨어 개발 및 공급업,국내외 은행 및 금융기업 대상 코어뱅킹 소프트웨어,2024-08-12,12월,"이경조, 이은중",http://bankwareglobal.com,서울특별시
438700,버넥트,KOSDAQ,기술성장기업부,소프트웨어 개발 및 공급업,산업용 XR 솔루션,2023-07-26,12월,하태진,http://www.virnect.com,서울특별시
066410,버킷스튜디오,KOSDAQ,투자주의환기종목(소속부없음),전기 통신업,DVD타이틀,2003-12-19,12월,강지연,http://www.towin-global.com,서울특별시
382900,범한퓨얼셀,KOSDAQ,벤처기업부,"전동기, 발전기 및 전기 변환 · 공급 · 제어 장치 제조업","잠수함용 연료전지모듈, 건물용 연료전지 시스템, 수소충전소 구축",2022-06-17,12월,김형석,,경상남도
206400,베노티앤알,KOSDAQ,중견기업부,실내건축 및 건축마무리 공사업,"웹게임, 모바일게임",2014-12-10,12월,정집훈,http://www.benotnr.com,서울특별시
019010,베뉴지,KOSDAQ,중견기업부,종합 소매업,"백화점,예식장업",1993-11-05,12월,"김만진, 김창희(각자 대표이사)",http://www.venueg.com,서울특별시
177350,베셀,KOSDAQ,투자주의환기종목(소속부없음),플라스틱제품 제조업,디스플레이 제조장비,2015-06-19,12월,권현기,http://www.vessel21.com,경기도
457600,벡트,KOSDAQ,벤처기업부,영상 및 음향기기 제조업,"프로젝터, 전자칠판, 전자교탁 및 관련 영상 소프트웨어, 콘텐츠 등",2024-12-16,12월,유창수,http://vect.co.kr,서울특별시
424760,벨로크,KOSDAQ,벤처기업부,"컴퓨터 프로그래밍, 시스템 통합 및 관리업","보안솔루션,보안서비스",2022-07-22,12월,이정현,http://www.bellock.co.kr,울산광역시
250000,보라티알,KOSDAQ,우량기업부,음·식료품 및 담배 도매업,"유가공품, 소스류, 파스타류",2017-06-08,12월,김대영,http://www.boratr.co.kr,서울특별시
310210,보로노이,KOSDAQ,기술성장기업부,자연과학 및 공학 연구개발업,표적치료제,2022-06-24,12월,김현태,http://voronoi.io,인천광역시
006910,보성파워텍,KOSDAQ,우량기업부,"구조용 금속제품, 탱크 및 증기발생기 제조업",송배전용자재,1994-09-07,12월,임재황,http://www.bosungpower.co.kr,충청북도
0010F0,보원케미칼,KOSDAQ,벤처기업부,플라스틱제품 제조업,"차량 내장재용 표면소재, SPC바닥재 등",2026-04-03,12월,허찬회,http://www.bowonchem.co.kr,충청북도
226340,본느,KOSDAQ,관리종목(소속부없음),기타 화학제품 제조업,기업인수합병,2015-11-05,12월,여민주,,서울특별시
014470,부방,KOSDAQ,벤처기업부,부동산 임대 및 공급업,"자회사관리, 부동산임대",1994-02-25,12월,박재순,http://www.bubang.com,서울특별시
008470,부스타,KOSDAQ,벤처기업부,"구조용 금속제품, 탱크 및 증기발생기 제조업","관류보일러,진공온수보일러,무압온수보일러,난방기 제조,판매",2011-02-23,12월,유승협,http://www.booster.co.kr,충청북도
338220,뷰노,KOSDAQ,기술성장기업부,소프트웨어 개발 및 공급업,"뷰노메드 음성솔루션, 뷰노메드 영상솔루션, 기타 솔루션 등",2021-02-26,12월,이예하,http://www.vuno.co,서울특별시
100120,뷰웍스,KOSDAQ,우량기업부,의료용 기기 제조업,X-Ray Detector,2009-04-10,12월,김후식,http://www.vieworks.com,경기도
406820,뷰티스킨,KOSDAQ,벤처기업부,기타 화학제품 제조업,"화장품 제조, 브랜드, 유통 사업",2023-07-24,12월,"김종수, 최범석",http://beautyskincorp.co.kr/,인천광역시
099390,브레인즈컴퍼니,KOSDAQ,벤처기업부,소프트웨어 개발 및 공급업,IT 인프라 통합관리 솔루션,2021-08-19,12월,강선근,http://www.brainz.co.kr,서울특별시
064480,브리지텍,KOSDAQ,벤처기업부,소프트웨어 개발 및 공급업,"컨택센터솔루션,BcN솔루션,ASP서비스사업",2008-06-04,12월,신경식,http://www.bridgetec.co.kr,서울특별시
365900,브이씨,KOSDAQ,벤처기업부,운동 및 경기용구 제조업,골프용 거리측정기,2022-02-24,12월,김준오,http://www.voicecaddie.co.kr,서울특별시
089970,브이엠,KOSDAQ,우량기업부,특수 목적용 기계 제조업,300mm Poly Etch System,2018-08-23,12월,"최우형, 임종필 (각자 대표이사)",http://www.vmsemi.com,경기도
251630,브이원텍,KOSDAQ,벤처기업부,특수 목적용 기계 제조업,"LCD/OLED 압흔검사기, 2차전지 검사장비",2017-07-13,12월,"김선중, 김민 (각자대표이사)",http://www.v-one.co.kr,경기도
018290,브이티,KOSDAQ,우량기업부,기타 화학제품 제조업,"화장품, 라미네이팅필름, 라미네이팅기계",1994-09-07,12월,"강승곤,정철",http://www.vtgmpcorp.co.kr,경기도
478560,블랙야크아이앤씨,KOSDAQ,벤처기업부,신발 및 신발 부분품 제조업,"산업용 안전화, 안전복 및 안전용품",2025-01-21,12월,김태효,http://www.blackyakinc.com,서울특별시
439580,블루엠텍,KOSDAQ,기술성장기업부,기타 전문 도매업,의약품 유통업,2023-12-13,12월,김준석,http://www.bluemtec.com,경기도
033560,블루콤,KOSDAQ,중견기업부,영상 및 음향기기 제조업,블루투스헤드셋,2011-01-26,12월,"김종규, 김태진",http://www.bluec.co.kr,인천광역시
369370,블리츠웨이엔터테인먼트,KOSDAQ,벤처기업부,창작 및 예술관련 서비스업,창작 및 예술관련 서비스,2020-12-23,12월,"최승원, 홍민기(각자 대표이사)",http://blitzwayentertainment.com,서울특별시
126340,비나텍,KOSDAQ,벤처기업부,일차전지 및 이차전지 제조업,초고용량 커패시터(슈퍼커패시터),2020-09-23,12월,성도경,http://www.vina.co.kr,전북특별자치도
121800,비덴트,KOSDAQ,관리종목(소속부없음),통신 및 방송 장비 제조업,방송용 LCD모니터,2011-12-01,12월,백승호,http://www.vidente.co.kr,서울특별시
082800,비보존 제약,KOSDAQ,중견기업부,의약품 제조업,완제의약품제조,2005-11-18,12월,장부환,http://www.vivozonpharm.com,경기도
318410,비비씨,KOSDAQ,중견기업부,기타 화학제품 제조업,덴탈 케어용 소재(테이퍼모 등),2020-09-21,12월,"강기태,전용태",http://bestbristle.com,대전광역시
419540,비스토스,KOSDAQ,벤처기업부,의료용 기기 제조업,환자 및 태아감시장치,2022-10-18,12월,이선종,http://www.bistos.co.kr/korean,경기도
146320,비씨엔씨,KOSDAQ,벤처기업부,반도체 제조업,반도체용 합성쿼츠 포커스링,2022-03-03,12월,김돈한,http://www.bcnc.co.kr,경기도
200780,비씨월드제약,KOSDAQ,중견기업부,의약품 제조업,"마취통증약, 순환계약, 항생제, 기타처방약",2014-12-15,12월,홍성한,http://www.bcwp.co.kr,경기도
413640,비아이매트릭스,KOSDAQ,벤처기업부,소프트웨어 개발 및 공급업,로우코드 기반 코딩 자동화 솔루션 등,2023-11-09,12월,배영근,http://www.bimatrix.co.kr,서울특별시
141000,비아트론,KOSDAQ,벤처기업부,특수 목적용 기계 제조업,디스플레이 및 반도체 제조용 장비,2012-05-04,12월,김 형 준,http://www.viatrontech.com,경기도
083650,비에이치아이,KOSDAQ,우량기업부,일반 목적용 기계 제조업,"보일러,열교환기등",2005-12-02,12월,"이근흥, 조원래 (각자 대표이사)",http://www.bhi.co.kr,경상남도
0068Y0,비엔케이제3호스팩,KOSDAQ,SPAC(소속부없음),금융 지원 서비스업,기업인수합병,2025-11-21,12월,서이덕,http://bnkspac.com,서울특별시
065170,비엘팜텍,KOSDAQ,투자주의환기종목(소속부없음),음·식료품 및 담배 도매업,건강보조식품 등,2002-11-19,12월,박영철,http://www.blpharmtech.com,경기도
086670,비엠티,KOSDAQ,우량기업부,일반 목적용 기계 제조업,"정밀계장용피팅및밸브류,전원분배장치(MCPD)",2007-11-02,12월,"윤종찬, 윤민정(각자대표이사)",http://superlok.com,부산광역시
488900,비츠로넥스텍,KOSDAQ,기술성장기업부,"항공기,우주선 및 부품 제조업","로켓연소기 및 가스발생기, 초전도가속장치, 핵융합 플라즈마 대향장치 등 제조",2025-11-21,12월,이병호,http://www.vitzronextech.com,경기도
054220,비츠로시스,KOSDAQ,벤처기업부,"전동기, 발전기 및 전기 변환 · 공급 · 제어 장치 제조업","원방감시제어시스템, 분산제어시스템",2001-12-26,12월,이학영,http://www.vitzrosys.com,서울특별시
042370,비츠로테크,KOSDAQ,우량기업부,기타 금융업,"차단기, 개폐기",2000-08-03,12월,"유병언, 장범수",http://www.vitzrotech.com,경기도
050090,비케이홀딩스,KOSDAQ,관리종목(소속부없음),광고업,광고,2004-06-29,12월,"홍석규, 홍정화(각자 대표이사)",http://bkholdings.kr,경상북도
148780,비큐AI,KOSDAQ,기술성장기업부,소프트웨어 개발 및 공급업,"AIsurfer,RDPLINE 등",2022-06-20,12월,임경환,http://becuai.com,서울특별시
307870,비투엔,KOSDAQ,벤처기업부,소프트웨어 개발 및 공급업,"데이터컨설팅, 품질관리 솔루션",2018-12-12,12월,"이정훈, 문장민 (각자 대표이사)",http://www.b2en.com,서울특별시
377030,비트맥스,KOSDAQ,관리종목(소속부없음),소프트웨어 개발 및 공급업,AR 개발 플랫폼/AR솔루션,2021-07-27,12월,홍상혁,http://bitmax.im,서울특별시
032850,비트컴퓨터,KOSDAQ,벤처기업부,소프트웨어 개발 및 공급업,의료정보시스템,1997-07-04,12월,"전 진 옥, 조 현 정",http://www.bit.co.kr,서울특별시
049470,비트플래닛,KOSDAQ,중견기업부,소프트웨어 개발 및 공급업,"SI, 소프트웨어",2001-10-11,12월,"이성훈, 박재한(각자대표)",http://bit-planet.kr,경기도
238200,비피도,KOSDAQ,벤처기업부,기타 식품 제조업,프로바이오틱스 관련 완제품 및 균주 원말 등,2018-12-26,12월,"이원범, 박명수(각자대표)",http://bifido.com,강원특별자치도
093190,빅솔론,KOSDAQ,우량기업부,컴퓨터 및 주변장치 제조업,"POS용프린터,프린팅메카니즘",2007-08-20,12월,노현철 단독 대표이사,http://www.bixolon.com,경기도
065450,빅텍,KOSDAQ,벤처기업부,"측정, 시험, 항해, 제어 및 기타 정밀기기 제조업; 광학기기 제외",전자전시스템 장치류,2003-02-05,12월,임만규,http://www.victek.co.kr,인천광역시
044480,빌리언스,KOSDAQ,중견기업부,창작 및 예술관련 서비스업,"콘돔,고무골무,의료용 장갑",2001-01-11,12월,김기흥,http://www.unidusok.com,충청북도
069540,빛과전자,KOSDAQ,벤처기업부,통신 및 방송 장비 제조업,기타무선통신장비제조업,2004-02-13,12월,"김민호, 배기복(각자대표)",http://www.lightron.co.kr,대전광역시
072950,빛샘전자,KOSDAQ,벤처기업부,전자부품 제조업,"전광판용 LED 모듈, LED 전광판, 광접속함체",2012-03-21,12월,"강만준, 강명구 (각자대표)",http://www.vissem.com,경기도
451250,삐아,KOSDAQ,벤처기업부,기타 화학제품 제조업,색조화장품,2024-04-25,12월,박광춘,http://www.bbiacosmetic.com/,인천광역시
143240,사람인,KOSDAQ,우량기업부,"자료처리, 호스팅, 포털 및 기타 인터넷 정보매개 서비스업","온라인 채용광고(취업포털), 인재파견, 취업지원 등",2012-02-21,12월,황현순,http://www.saramin.co.kr,서울특별시
466410,사이냅소프트,KOSDAQ,벤처기업부,소프트웨어 개발 및 공급업,"웹 기반 문서뷰어, 문서필터, 웹 에디터 등",2024-11-19,12월,전경헌,http:///www.synapsoft.co.kr,서울특별시
223310,사토시홀딩스,KOSDAQ,투자주의환기종목(소속부없음),상품 종합 도매업,건강기능식품,2015-12-24,12월,염제우,http://satoshi.holdings,서울특별시
452430,사피엔반도체,KOSDAQ,기술성장기업부,반도체 제조업,Micro/Mini-LED Display Driver IC,2024-02-19,12월,이명희,http://www.sapien-semicon.com,경기도
419120,산돌,KOSDAQ,중견기업부,소프트웨어 개발 및 공급업,리테일 폰트 등,2022-10-27,12월,윤영호 (단독대표),http://www.sandoll.co.kr,서울특별시
122350,삼기,KOSDAQ,중견기업부,자동차 신품 부품 제조업,자동차부품,2010-03-19,12월,김치환,http://www.samkee.com,충청남도
419050,삼기에너지솔루션즈,KOSDAQ,중견기업부,자동차 신품 부품 제조업,배터리(이차전지) 부품 (엔드플레이트),2023-02-03,12월,김치환,http://ev.samkee.com,충청남도
014970,삼륭물산,KOSDAQ,중견기업부,"골판지, 종이 상자 및 종이용기 제조업",카톤팩,1992-12-29,12월,"조홍로, 이기법(각자대표이사)",http://www.srpack.com,경기도
018310,삼목에스폼,KOSDAQ,우량기업부,"구조용 금속제품, 탱크 및 증기발생기 제조업","갱폼,알루미늄폼,특수폼,알루미늄압출재",1996-05-03,12월,엄석호,http://www.sammok.co.kr,경기도
012210,삼미금속,KOSDAQ,중견기업부,기타 금속 가공제품 제조업,"자동차부품, 중장비부품, 선박부품, 방산부품 등",2025-12-29,12월,이남영,http://www.sammimetal.com,경상남도
053700,삼보모터스,KOSDAQ,우량기업부,자동차 신품 부품 제조업,증명서 자동발급기,2001-11-06,12월,"이재하, 이유경",http://www.sambomotos.co.kr,대구광역시
009620,삼보산업,KOSDAQ,투자주의환기종목(소속부없음),1차 비철금속 제조업,알미늄괴,1993-12-07,12월,"이태용, 최재훈 (각자대표이사)",http://www.samboind.com,경상남도
023600,삼보판지,KOSDAQ,우량기업부,"펄프, 종이 및 판지 제조업","골판지,골판지상자",1996-05-29,12월,류진호,http://www.isambo.com,경기도
0044K0,삼성스팩10호,KOSDAQ,SPAC(소속부없음),금융 지원 서비스업,기업인수합병,2025-08-21,12월,남궁혁,,서울특별시
0071M0,삼성스팩11호,KOSDAQ,SPAC(소속부없음),금융 지원 서비스업,기업인수합병,2025-09-30,12월,문소연,,서울특별시
0096B0,삼성스팩12호,KOSDAQ,SPAC(소속부없음),기타 금융업,기업인수합병,2025-11-28,12월,김영제,,서울특별시
0115H0,삼성스팩13호,KOSDAQ,SPAC(소속부없음),금융 지원 서비스업,기업인수합병,2026-01-21,12월,성상환,,서울특별시
009300,삼아제약,KOSDAQ,우량기업부,의약품 제조업,"노마에프, 아토크건조시럽, 코데날정, 코코시럽, 스마엘",2000-07-19,12월,허 준,http://www.samapharm.co.kr,강원특별자치도
482630,삼양엔씨켐,KOSDAQ,중견기업부,기타 화학제품 제조업,"반도체 포토레지스트용 기초화합물(KrF PR용 소재, ArF PR용 소재, Wet Chemical)",2025-02-03,12월,정회식,http://www.samyangncchem.com,경기도
484590,삼양컴텍,KOSDAQ,벤처기업부,무기 및 총포탄 제조업,"방위산업방탄제품(K-SAP, 유리섬유제품, 방탄헬멧, 위장망, 방탄복), 항공기부품 제조, 도매, 무역",2025-08-18,12월,김종일,http://samyangct.com/,서울특별시
036670,삼양케이씨아이,KOSDAQ,우량기업부,기타 화학제품 제조업,"폴리머,레진,계면활성제",2001-01-03,12월,안태환,http://www.samyangkci.com,충청남도
361670,삼영에스앤씨,KOSDAQ,기술성장기업부,전자부품 제조업,"칩형 온습도센서,상대습도센서,미세먼지센서, 공기질 통합센서 노드 및 트랜스미터",2021-05-21,12월,박상익,http://samyoungsnc.com,경기도
054540,삼영엠텍,KOSDAQ,우량기업부,"구조용 금속제품, 탱크 및 증기발생기 제조업","구조용 특수장치, 교량부품",2001-11-15,12월,"전창옥, 이영준 (각자 대표이사)",http://www.symtek.co.kr,경상남도
065570,삼영이엔씨,KOSDAQ,관리종목(소속부없음),통신 및 방송 장비 제조업,"GMDSS장비, GPS플로터 등",2003-01-21,12월,김중철,http://www.samyungenc.com,부산광역시
014950,삼익제약,KOSDAQ,벤처기업부,의약품 제조업,완제의약품 제조 및 CMO,2025-10-27,12월,이충환,http://www.samik.co.kr,인천광역시
032280,삼일,KOSDAQ,중견기업부,도로 화물 운송업,운송 및 하역수입,1997-03-15,12월,"강승엽,안인수(각자대표)",http://www.samil31.co.kr,경상북도
002290,삼일기업공사,KOSDAQ,우량기업부,건물 건설업,도급공사,1992-11-30,12월,박종웅,http://www.samilenter.com,서울특별시
037460,삼지전자,KOSDAQ,우량기업부,통신 및 방송 장비 제조업,"통신기기,정보기기,BACKLIGHTUNIT사업",1999-12-16,12월,"각자대표이사 박두진, 이태훈",http://www.samjielec.co.kr,경기도
032750,삼진,KOSDAQ,우량기업부,통신 및 방송 장비 제조업,리모컨,1997-07-14,12월,김승철,http://www.samjin.com,경기도
0013V0,삼진식품,KOSDAQ,중견기업부,수산물 가공 및 저장 처리업,"반찬용 어묵, 국탕용 어묵 등 어묵관련 제품 판매",2025-12-22,12월,박용준,http://samjinfood.com,부산광역시
054090,삼진엘앤디,KOSDAQ,중견기업부,그외 기타 제품 제조업,"몰드프레임, TFT-LCD BLU",2004-02-06,12월,이명종,http://samjin.co.kr,경기도
000250,삼천당제약,KOSDAQ,중견기업부,의약품 제조업,"하메론, 아토로우",2000-10-04,12월,전인석,http://www.scd.co.kr,경기도
024950,삼천리자전거,KOSDAQ,중견기업부,생활용품 도매업,자전거,1995-01-04,12월,조현문,http://www.samchuly.co.kr,서울특별시
437730,삼현,KOSDAQ,기술성장기업부,자동차 신품 부품 제조업,"스마트 액추에이터, 스마트 파워유닛",2024-03-21,12월,"황성호, 박기원",http://www.samhyun.co.kr,경상남도
017480,삼현철강,KOSDAQ,우량기업부,1차 철강 제조업,"후판,열연후판,산세판박,무늬강판,용단철강,형강외",2001-01-09,12월,조 윤 선,http://www.samsteel.co.kr,경상남도
046390,삼화네트웍스,KOSDAQ,중견기업부,"영화, 비디오물, 방송프로그램 제작 및 배급업",영상 콘텐츠,2001-01-11,12월,"공동대표이사 안제현, 신상윤",http://www.shnetworks.co.kr,서울특별시
027580,상보,KOSDAQ,중견기업부,플라스틱제품 제조업,"광학필름,윈도우필름,미디어필름",2007-10-01,12월,김상근,http://www.sangbogroup.com,경기도
038540,상상인,KOSDAQ,중견기업부,"컴퓨터 프로그래밍, 시스템 통합 및 관리업",IT 통합 솔루션,2000-08-18,12월,"유준원, 이민식(각자 대표이사)",http://www.sangsanginworld.co.kr,경기도
091580,상신이디피,KOSDAQ,우량기업부,일차전지 및 이차전지 제조업,2차전지부품,2007-05-23,12월,"김일부, 김민철 (각자대표)",http://www.ssedp.co.kr,충청남도
263810,상신전자,KOSDAQ,중견기업부,전자부품 제조업,"노이즈필터(48.81%), 코일(19.33%), 리액터(10.75%)",2017-10-16,12월,김승천,http://www.sangshin-e.com,경상남도
089980,상아프론테크,KOSDAQ,우량기업부,플라스틱제품 제조업,"LCD부품,사무기기부품,PCB부품,2차전지부품",2011-07-21,12월,"이상원, 이상열(각자 대표이사)",http://www.sftc.co.kr,인천광역시
042940,상지건설,KOSDAQ,중견기업부,건물 건설업,"건설업, 고급빌라 건축 및 일반 건축, 주택공급 등",2000-10-19,12월,김영신,http://www.sangji.co.kr,서울특별시
042600,새로닉스,KOSDAQ,중견기업부,전자부품 제조업,"광학시트, FFC",2002-10-01,12월,박시환,http://www.seronics.co.kr,경상북도
107600,새빗켐,KOSDAQ,벤처기업부,기타 화학제품 제조업,"폐전지재활용소재, 폐산재활용",2022-08-04,12월,이승진,http://www.sebitchem.com,경상북도
411080,샌즈랩,KOSDAQ,기술성장기업부,소프트웨어 개발 및 공급업,사이버 위협 인텔리전스(CTI),2023-02-15,12월,김기홍,http://www.sandslab.io,경기도
252990,샘씨엔에스,KOSDAQ,우량기업부,전자부품 제조업,세라믹 STF(다층 세라믹 기판),2021-05-20,12월,최유진,http://www.semcns.com,경기도
378800,샤페론,KOSDAQ,관리종목(소속부없음),기초 의약물질 제조업,합성신약 및 항체치료제신약 기술제품 및 기술이전,2022-10-19,12월,성승용,http://shaperon.com,서울특별시
294630,서남,KOSDAQ,기술성장기업부,기타 전기장비 제조업,고온초전도선재,2020-02-20,12월,문승현,http://www.i-sunam.com,경기도
038070,서린바이오,KOSDAQ,중견기업부,기타 전문 도매업,생명과학연구기기및시약,2005-10-25,12월,"황을문, 강미옥 (각자 대표이사)",http://www.seoulin.co.kr,경기도
079650,서산,KOSDAQ,중견기업부,"시멘트, 석회, 플라스터 및 그 제품 제조업","레미콘,전주,고강도파일,흄관",2005-01-21,12월,염종학,http://www.seo-san.co.kr,전남광주통합특별시
100660,서암기계공업,KOSDAQ,중견기업부,일반 목적용 기계 제조업,"공작기계부품(정밀기어,척),산업기계 제조부동산 임대",2011-12-19,12월,"권영호, 권형록 (각자 대표이사)",http://smiltd.co.kr,광주광역시
019770,서연탑메탈,KOSDAQ,우량기업부,특수 목적용 기계 제조업,자동차금형.건설중장비 부품,2011-06-24,12월,최원재,http://www.seoyontop.com,인천광역시
092190,서울바이오시스,KOSDAQ,투자주의환기종목(소속부없음),반도체 제조업,"Visible LED, UV LED",2020-03-06,12월,"이정훈, 강지훈 (각자대표)",http://www.seoulviosys.com/kr/,경기도
063170,서울옥션,KOSDAQ,중견기업부,상품 중개업,미술품경매,2008-07-01,12월,이옥경,,서울특별시
027040,서울전자통신,KOSDAQ,중견기업부,"전동기, 발전기 및 전기 변환 · 공급 · 제어 장치 제조업","전자변성기, 무역업(트랜스포머자재)",1999-12-03,12월,이재현,http://www.seoulset.com,인천광역시
018680,서울제약,KOSDAQ,벤처기업부,의약품 제조업,"정제,연질캅셀제,경질캅셀제,연고 및 크림제 등",2000-08-18,12월,"윤동현, 신봉환 (각자대표)",http://www.seoulpharma.com,충청북도
036120,서울평가정보,KOSDAQ,중견기업부,기타 정보 서비스업,"신용조회,채권추심,신용조사",1999-12-07,12월,김중근,http://www.sci.co.kr,서울특별시
093920,서원인텍,KOSDAQ,우량기업부,통신 및 방송 장비 제조업,휴대폰용키패드및부자재,2007-12-20,12월,김재윤,http://seowonintech.co.kr,경기도
189860,서전기전,KOSDAQ,벤처기업부,"전동기, 발전기 및 전기 변환 · 공급 · 제어 장치 제조업","수배전반, 전력기기, 전기공사",2014-12-24,12월,이상권,http://www.sjem.co.kr,경기도
178320,서진시스템,KOSDAQ,중견기업부,기타 전기장비 제조업,"통신장비부품,휴대폰부품(메탈케이스 등)",2017-03-27,12월,전동규,http://seojinsystem.net,경기도
122690,서진오토모티브,KOSDAQ,중견기업부,자동차 신품 부품 제조업,"Clutch,Flywheel,Driveplate,Bearing,ATparts",2010-05-25,12월,고만윤,http://www.secoautomotive.com,경기도
140070,서플러스글로벌,KOSDAQ,벤처기업부,기계장비 및 관련 물품 도매업,"반도체 제조용 장비, 유휴기계설비 도소매",2017-01-25,12월,김정웅,http://www.surplusglobal.com,경기도
011370,서한,KOSDAQ,우량기업부,건물 건설업,"건축, 토목",1994-05-24,12월,"조종수, 정우필(각자 대표이사)",http://www.seo-han.co.kr,대구광역시
065710,서호전기,KOSDAQ,우량기업부,"전동기, 발전기 및 전기 변환 · 공급 · 제어 장치 제조업","항만크레인,구동전기장치",2002-07-16,12월,"이상호, 김승남(각자대표)",http://www.seoho.com,경기도
035890,서희건설,KOSDAQ,중견기업부,건물 건설업,"토목, 건축, 부동산임대업",1999-12-24,12월,"김팔수, 김원철(각자 대표이사)",http://www.seohee.co.kr,경기도
357550,석경에이티,KOSDAQ,기술성장기업부,기초 화학물질 제조업,바이오 및 전기전자 나노 소재,2020-12-23,12월,임형섭,http://www.sukgyung.com,경기도
003100,선광,KOSDAQ,우량기업부,기타 운송관련 서비스업,"항만하역, 해사(바다모래)",1999-12-21,12월,이상필,http://www.sun-kwang.co.kr,인천광역시
067370,선바이오,KOSDAQ,기술성장기업부,의약품 제조업,"PEG유도체 제품 (62%), 기술료수입 (38%)",2022-10-05,12월,노광,http://www.sunbio.com,인천광역시
171090,선익시스템,KOSDAQ,우량기업부,특수 목적용 기계 제조업,OLED 증착장비,2017-09-20,12월,"박재규, 김혜동 (각자 대표이사)",http://www.sunic.co.kr,경기도
086710,선진뷰티사이언스,KOSDAQ,우량기업부,기타 화학제품 제조업,화장품 원료,2021-01-27,12월,이성호,http://sunjinbs.co.kr,서울특별시
037350,성도이엔지,KOSDAQ,우량기업부,"건축기술, 엔지니어링 및 관련 기술 서비스업","반도체크린룸 시공, 반도체장비제조",2000-01-11,12월,"이언웅, 정영용(각자대표)",http://www.sungdokorea.com,서울특별시
458650,성우,KOSDAQ,벤처기업부,일차전지 및 이차전지 제조업,"이차전지 부품(2170 Topcap Ass'y, S4623 등), 자동차 전장부품(Motor Housing, EV Relay 등)",2024-10-31,12월,"박종헌, 박채원(각자 대표)",http://www.e-sungwoo.co.kr,경상북도
081580,성우전자,KOSDAQ,중견기업부,통신 및 방송 장비 제조업,휴대폰금속프레스부품(전자파차단ShieldCan),2007-10-12,12월,"조일현,김영도(각자대표이사)",http://www.swei.co.kr,경기도
045300,성우테크론,KOSDAQ,중견기업부,전자부품 제조업,"리드프레임,반도체검사장비",2001-12-18,12월,박찬홍,http://www.swmv.co.kr,경상남도
015750,성우하이텍,KOSDAQ,우량기업부,자동차 신품 부품 제조업,자동차범퍼,1995-11-04,12월,"이명근,이문용,조성현(각자대표)",http://www.swhitech.co.kr,부산광역시
340930,성원에너텍,KOSDAQ,관리종목(소속부없음),특수 목적용 기계 제조업,2차전지 제조장비,2021-02-25,12월,오윤호,http://www.youilet.com,경기도
365340,성일하이텍,KOSDAQ,기술성장기업부,기초 화학물질 제조업,"코발트, 니켈, 리튬 등",2022-07-28,12월,이강명,http://www.sungeelht.com/,전북특별자치도
080470,성창오토텍,KOSDAQ,벤처기업부,자동차 신품 부품 제조업,"차량용 에어컨필터, 차량용인버터 등",2006-11-03,12월,"고우종,고빅터건민(KOH VICTOR GUNMIN),이동주 각자대표이사",http://www.sc-autotech.com,경기도
043260,성호전자,KOSDAQ,우량기업부,전자부품 제조업,"전원공급장치,필름콘덴서",2001-11-29,12월,박성재,http://www.sungho.net,서울특별시
148150,세경하이테크,KOSDAQ,우량기업부,전자부품 제조업,DECO Film 및 기타 TAPE 제조,2019-07-30,12월,이기승,http://www.sghitech.co.kr/,경기도
061090,세나테크놀로지,KOSDAQ,벤처기업부,통신 및 방송 장비 제조업,"메시통신제품, 스마트 헬멧",2025-11-14,12월,김태용,http://www.sena.co.kr,서울특별시
188260,세니젠,KOSDAQ,투자주의환기종목(소속부없음),그외 기타 제품 제조업,"Genelix, Genext, Geneka 등",2023-11-03,12월,박정웅,http://sanigen.kr,경기도
053060,세동,KOSDAQ,중견기업부,자동차 신품 부품 제조업,"도어벨트, 몰딩",2001-08-17,12월,윤정상,http://www.saedong.co.kr,부산광역시
340440,세림B&G,KOSDAQ,관리종목(소속부없음),플라스틱제품 제조업,기업인수,2019-12-27,12월,나상수,,경기도
017510,세명전기,KOSDAQ,벤처기업부,기타 금속 가공제품 제조업,"154kV, 345kV, 765kV 송전,변전,배전용 금구류, 섬유직기용 섹셔날 빔",1991-12-26,12월,권철현,http://www.semyung-elec.com,부산광역시
0017J0,세미티에스,KOSDAQ,벤처기업부,특수 목적용 기계 제조업,"클린컨베이어시스템, 질소퍼지시스템",2026-06-10,12월,민남홍,http://www.semi-ts.com,경기도
490470,세미파이브,KOSDAQ,기술성장기업부,"건축기술, 엔지니어링 및 관련 기술 서비스업",반도체 설계 서비스,2025-12-29,12월,조명현,http://semifive.com,경기도
011560,세보엠이씨,KOSDAQ,우량기업부,건물설비 설치 공사업,"건설관련설비,ACESS FLOOR,소음기,CHAMMBER,PFP UNIT,BY-PASS UNIT,DUCT,철구조물",1996-12-23,12월,"김우영,이원하(각자 대표이사)",http://www.sebomec.com,서울특별시
100700,세운메디칼,KOSDAQ,우량기업부,의료용품 및 기타 의약 관련제품 제조업,"의료용구(체액배출기,도뇨관) 제조,도매,수출입",2008-09-30,12월,이재희,http://SEWOONMEDICAL.CO.KR,충청남도
024830,세원물산,KOSDAQ,중견기업부,자동차 신품 부품 제조업,라디에이터서포터,1994-12-29,12월,이종태,http://www.se-won.co.kr,경상북도
258830,세종메디칼,KOSDAQ,관리종목(소속부없음),의료용 기기 제조업,복강경수술용 투관침 등,2018-05-29,12월,신용섭,http://www.sejongmedical.com,경기도
036630,세종텔레콤,KOSDAQ,우량기업부,전기 및 통신 공사업,WLL/GPS/위성DMB/VoIP 단말기,2000-01-04,12월,"김형진, 이상철(각자대표)",http://www.sejongtelecom.net,경기도
039310,세중,KOSDAQ,중견기업부,소프트웨어 개발 및 공급업,여행,2000-06-09,12월,천세전,http://www.sejoong.com,서울특별시
067770,세진티에스,KOSDAQ,관리종목(소속부없음),전자부품 제조업,LED/LCD용 광기능성 시트,2004-01-09,12월,김인식,http://www.sejints.co.kr,경기도
053450,세코닉스,KOSDAQ,우량기업부,사진장비 및 광학기기 제조업,"모바일용 카메라렌즈, 차량용 카메라 및 광학부품",2001-08-09,12월,박은경,http://www.sekonix.com,경기도
252500,세화피앤씨,KOSDAQ,중견기업부,기타 화학제품 제조업,염모제 등,2016-11-02,12월,이훈구,http://www.sewha.co.kr,충청북도
321370,센서뷰,KOSDAQ,기술성장기업부,전자부품 제조업,"T&M 케이블, 초소형 전송선로",2023-07-19,12월,김병남,http://www.sensor-view.com,경기도
347000,센코,KOSDAQ,기술성장기업부,"측정, 시험, 항해, 제어 및 기타 정밀기기 제조업; 광학기기 제외","가스센서 및 모듈, 휴대용 및 고정형 가스검지기, 악취 & 미세먼지 모니터링 시스템",2020-10-29,12월,"하승철, 변기수",http://www.senko.co.kr,경기도
331920,셀레믹스,KOSDAQ,기술성장기업부,기초 의약물질 제조업,타겟캡처키트,2020-08-21,12월,"박종갑, 김효기",http://www.celemics.com/,서울특별시
352770,셀레스트라,KOSDAQ,관리종목(소속부없음),의료용품 및 기타 의약 관련제품 제조업,"Geno Series, CD-PRIME, Cancer Prime",2020-12-04,12월,백서현,http://www.clinomics.com,경기도
471820,셀로맥스사이언스,KOSDAQ,벤처기업부,기타 식품 제조업,건강기능식품,2024-12-13,12월,서정민,http://cellromax.kr/,경기도
049180,셀루메드,KOSDAQ,투자주의환기종목(소속부없음),기초 의약물질 제조업,"의료기기, 바이오시밀러 및 헬스케어사업",2002-05-23,12월,유인수,http://www.cellumed.co.kr,서울특별시
299660,셀리드,KOSDAQ,기술성장기업부,자연과학 및 공학 연구개발업,항암면역치료백신,2019-02-20,12월,강창율,http://www.cellid.co.kr,서울특별시
108860,셀바스AI,KOSDAQ,벤처기업부,소프트웨어 개발 및 공급업,인공지능 솔루션 등,2009-12-10,12월,곽민철,http://www.selvasai.com,서울특별시
208370,셀바스헬스케어,KOSDAQ,벤처기업부,의료용 기기 제조업,"체성분측정기, 혈압계, 점자정보단말기",2014-12-17,12월,유병탁,http://www.selvashealthcare.com,대전광역시
318160,셀바이오휴먼텍,KOSDAQ,벤처기업부,기타 섬유제품 제조업,"화장품, 화장품용 소재",2023-04-20,12월,이권선,http://cellbiohumantech.co.kr/,경기도
308430,셀비온,KOSDAQ,기술성장기업부,의약품 제조업,"셀비온그린주, 셀비온메브로페닌주, 도페정 등",2024-10-16,12월,김권,http://cellbion.co.kr,서울특별시
068760,셀트리온제약,KOSDAQ,우량기업부,의약품 제조업,고덱스 캡슐 외,2006-02-03,12월,유영호,http://www.celltrionph.com,충청북도
068940,셀피글로벌,KOSDAQ,관리종목(소속부없음),전자부품 제조업,신용카드 및 전자화폐 등,2010-10-19,12월,윤정엽,http://www.cardnsoft.com,대구광역시
007720,소노스퀘어,KOSDAQ,중견기업부,상품 종합 도매업,기업소모성자재 구매대행업,1994-01-06,12월,정현철,http://sonoseason.com,강원특별자치도
950200,소마젠,KOSDAQ,외국기업(소속부없음),"그외 기타 전문, 과학 및 기술 서비스업","유전체 분석 서비스 (NGS, CES 등)",2020-07-13,12월,홍수,http://psomagen.com,미국
032680,소프트센,KOSDAQ,중견기업부,기타 정보 서비스업,전산기기 및 정보통신공사,1997-07-18,12월,얼티앤수(데이비드스미스),http://www.softcen.co.kr,서울특별시
032685,소프트센우,KOSDAQ,중견기업부,,,,,,,
258790,소프트캠프,KOSDAQ,벤처기업부,소프트웨어 개발 및 공급업,통합보안솔루션,2017-04-27,12월,배환국,http://www.softcamp.co.kr,경기도
066910,손오공,KOSDAQ,중견기업부,기타 전문 도매업,"완구, 게임, 캐릭터수입수수료",2005-01-07,12월,차현일,http://www.sonokong.co.kr,경기도
215090,솔디펜스,KOSDAQ,벤처기업부,"측정, 시험, 항해, 제어 및 기타 정밀기기 제조업; 광학기기 제외",■ 회로카드조립체(프로세서보드용),2015-04-28,12월,이병경,http://www.hucentech.com/,경기도
035610,솔본,KOSDAQ,투자주의환기종목(소속부없음),회사 본부 및 경영 컨설팅 서비스업,경영자문 및 지주사업,1999-08-13,12월,홍 기 태,http://www.solborn.co.kr,서울특별시
304100,솔트룩스,KOSDAQ,기술성장기업부,소프트웨어 개발 및 공급업,인공지능 및 빅데이터 소프트웨어,2020-07-23,12월,이경일,http://www.saltlux.com/,서울특별시
328380,솔트웨어,KOSDAQ,벤처기업부,"컴퓨터 프로그래밍, 시스템 통합 및 관리업",enView,2019-08-20,12월,이정근,http://saltware.co.kr,경기도
086980,쇼박스,KOSDAQ,중견기업부,"영화, 비디오물, 방송프로그램 제작 및 배급업",영화투자및배급,2006-07-07,12월,신호정,http://www.showbox.co.kr,서울특별시
050960,수산아이앤티,KOSDAQ,벤처기업부,소프트웨어 개발 및 공급업,"공유단말접속관리서비스, 보안솔루션 등",2016-10-11,12월,정은아,http://www.soosanint.co.kr,서울특별시
084180,수성웹툰,KOSDAQ,관리종목(소속부없음),일반 목적용 기계 제조업,전동지게차,2005-12-16,12월,홍탁완,http://www.soosung.com,인천광역시
253840,수젠텍,KOSDAQ,중견기업부,의료용품 및 기타 의약 관련제품 제조업,체외진단 기기 및 시약,2019-05-28,12월,손미진,http://www.sugentech.com,대전광역시
298830,슈어소프트테크,KOSDAQ,우량기업부,소프트웨어 개발 및 공급업,소프트웨어 자동화 검증 플랫폼,2023-04-28,12월,"배현섭, 오승욱",http://www.suresofttech.com/,경기도
236200,슈프리마,KOSDAQ,우량기업부,통신 및 방송 장비 제조업,바이오인식 관련 제품,2016-02-05,12월,"이재원, 김한철 각자대표",http://www.suprema.co.kr,경기도
094840,슈프리마에이치큐,KOSDAQ,벤처기업부,통신 및 방송 장비 제조업,지문인식솔루션및시스템,2008-07-11,12월,이재원,http://www.supremahq.com,경기도
192440,슈피겐코리아,KOSDAQ,우량기업부,그외 기타 제품 제조업,"핸드폰 케이스, 액정보호필름",2014-11-05,12월,김대영,http://www.spigenkorea.co.kr/,서울특별시
424960,스마트레이더시스템,KOSDAQ,기술성장기업부,"측정, 시험, 항해, 제어 및 기타 정밀기기 제조업; 광학기기 제외",모빌리티 및 비모빌리티용 4D이미징레이다,2023-08-22,12월,김용환,http://www.smartradarsystem.com,서울특별시
099440,스맥,KOSDAQ,중견기업부,특수 목적용 기계 제조업,공작기계 및 산업용로봇제조,2009-05-26,12월,권오혁,http://www.esmec.com,경상남도
066590,스모트로닉,KOSDAQ,중견기업부,자동차 신품 부품 제조업,"엔진, 조향 및 기아변속기 부품",2003-02-12,12월,안중기,http://woosu.co.kr,경상남도
386380,스카이랩스,KOSDAQ,기술성장기업부,의료용 기기 제조업,커프리스 연속혈압 모니터링 의료기기 (CART),2026-09-04,12월,이병환,http://www.skylabs.io/,경기도
276040,스코넥,KOSDAQ,관리종목(소속부없음),소프트웨어 개발 및 공급업,"XR 교육/훈련 시스템, VR 게임 콘텐츠 등",2022-02-04,12월,"박원철, AOKI EIJI (각자 대표이사)",http://www.skonec.com/,서울특별시
115570,스타플렉스,KOSDAQ,중견기업부,플라스틱제품 제조업,"광고용플렉스(조명용,비조명용)",2010-01-27,12월,강민표,http://www.star-flex.com,충청북도
330730,스톤브릿지벤처스,KOSDAQ,벤처기업부,기타 금융업,"창업투자, 사모투자",2022-02-25,12월,유승운,http://stonebridgeventures.vc,서울특별시
352090,스톰테크,KOSDAQ,우량기업부,플라스틱제품 제조업,"정수기 피팅, 밸브, 파우셋 등 부품",2023-11-20,12월,"강기환, 최준수",http://www.stormtec.co.kr/,서울특별시
408900,스튜디오미르,KOSDAQ,중견기업부,"영화, 비디오물, 방송프로그램 제작 및 배급업",애니메이션 제작,2023-02-07,12월,유재명,http://www.studiomir.co.kr/,서울특별시
415380,스튜디오삼익,KOSDAQ,중견기업부,기타 생활용품 소매업,"침실가구, 거실가구, 옷장/수납, 주방가구 등",2024-02-06,12월,최정석,http://www.studiosamick.com,서울특별시
475040,스트라드비젼,KOSDAQ,기술성장기업부,소프트웨어 개발 및 공급업,딥러닝 기반 인공지능(AI) 카메라 영상인식 소프트웨어,2026-06-30,12월,김준환,http://stradvision.com/,경상북도
013810,스페코,KOSDAQ,중견기업부,특수 목적용 기계 제조업,아스팔트믹싱플랜트,1997-11-03,12월,이열,http://www.speco.co.kr,서울특별시
347700,스피어,KOSDAQ,기술성장기업부,소프트웨어 개발 및 공급업,우주항공산업 관련 부품 등 판매 / 디지털헬스 소프트웨어 개발 및 공급,2021-03-23,12월,최광수,http://spherecorp.kr/,서울특별시
049830,승일,KOSDAQ,중견기업부,기타 금속 가공제품 제조업,"에어졸캔,에어졸발브,일반관",2001-01-18,12월,현창수,http://sungroup.kr/seungilsun/,충청남도
020710,시공테크,KOSDAQ,우량기업부,전문디자인업,"박물관, 전시관, 엑스포, 특수영상",1999-08-13,12월,김승태,http://www.sigongtech.co.kr,서울특별시
033170,시그네틱스,KOSDAQ,중견기업부,반도체 제조업,반도체 패키징,2010-11-26,12월,심재석,http://www.signetics.com,경기도
048870,시너지이노베이션,KOSDAQ,중견기업부,의료용 기기 제조업,카메라 어플리케이션 프로세서(CAP),2004-08-13,12월,박진형,http://www.synergyinnovation.co.kr,경기도
025320,시노펙스,KOSDAQ,우량기업부,전자부품 제조업,"전자부품, 필터",1995-04-20,12월,손경익,http://www.synopex.com,경상북도
340810,시선AI,KOSDAQ,기술성장기업부,소프트웨어 개발 및 공급업,"AI얼굴인식 시스템, AI얼굴인증 솔루션, AI 객체인식 솔루션, AI데이터 플랫폼",2023-05-19,12월,남운성,http://www.cubox.ai,서울특별시
056090,시지메드텍,KOSDAQ,벤처기업부,의료용 기기 제조업,정형외과용 신체보정용 의료기기,2015-11-12,12월,유현승,http://cgmedt.com,경기도
429270,시지트로닉스,KOSDAQ,기술성장기업부,반도체 제조업,특화반도체 소자,2023-08-03,12월,심규환 (단독 대표이사),http://sigetronics.com,전북특별자치도
418250,시큐레터,KOSDAQ,관리종목(소속부없음),소프트웨어 개발 및 공급업,"SLE(이메일 보안), SLF(파일 보안)",2023-08-24,12월,정동진,http://www.seculetter.com/,경기도
131090,시큐브,KOSDAQ,벤처기업부,소프트웨어 개발 및 공급업,"시스템보안관리솔루션, 정보유출방지솔루션",2011-12-21,12월,이규호,http://www.secuve.com,서울특별시
290520,신도기연,KOSDAQ,벤처기업부,특수 목적용 기계 제조업,"OLED용 후공정장비(라미네이터, 오토클레이브 등)",2020-07-06,12월,박웅기,http://www.lcd.co.kr,경기도
001000,신라섬유,KOSDAQ,관리종목(소속부없음),부동산 임대 및 공급업,부동산,1994-06-28,12월,박재흥,http://sillatextile.co.kr,대구광역시
025870,신라에스지,KOSDAQ,관리종목(소속부없음),음·식료품 및 담배 도매업,수산물도매,1995-07-07,12월,권기서,http://www.sisfood.co.kr,서울특별시
215600,신라젠,KOSDAQ,중견기업부,자연과학 및 공학 연구개발업,펙사벡(바이러스 항암면역치료제),2016-12-06,12월,"박상근, 한상규",http://www.sillajen.com,서울특별시
065350,신성델타테크,KOSDAQ,우량기업부,가정용 기기 제조업,"세탁기, 자동차, 에어컨 및 LCD 부품",2004-08-06,12월,구본상·이동한(각자 대표이사),http://www.ssdelta.co.kr,경상남도
416180,신성에스티,KOSDAQ,벤처기업부,자동차 신품 부품 제조업,전기차/2차전지 Busbar 및 배터리모듈 보호 부품 등,2023-10-19,12월,손태도,http://shinsungst.co.kr,경상남도
162300,신스틸,KOSDAQ,우량기업부,1차 철강 제조업,"컬러강판, 아연도금강판 등 강판류",2022-12-23,12월,신승곤,http://www.shin-steel.com,부산광역시
002800,신신제약,KOSDAQ,우량기업부,의약품 제조업,파스류 (신신파스 아렉스 등),2017-02-28,12월,이병기,http://www.sinsin.com,세종특별자치시
0091W0,신영스팩11호,KOSDAQ,SPAC(소속부없음),금융 지원 서비스업,기업인수합병,2025-11-24,12월,김인한,,서울특별시
017000,신원종합개발,KOSDAQ,우량기업부,건물 건설업,토건,1994-12-07,12월,김성민,http://www.swc.co.kr,경기도
012790,신일제약,KOSDAQ,우량기업부,의약품 제조업,"디펜플라스타, 맥스케어, 트레스, 리피칸",1999-08-13,12월,홍재현,http://www.sinilpharm.com,충청북도
138070,신진에스엠,KOSDAQ,중견기업부,기타 금속 가공제품 제조업,표준 플레이트,2011-11-28,12월,"김은식, 김은주(각자대표)",http://www.sinjin-sm.co.kr,전북특별자치도
226330,신테카바이오,KOSDAQ,투자주의환기종목(소속부없음),소프트웨어 개발 및 공급업,유전체 빅데이터 기반의 AI신약개발 및 정밀의료서비스,2019-12-17,12월,정종선,http://www.syntekabio.com,대전광역시
474660,신한제12호스팩,KOSDAQ,SPAC(소속부없음),금융 지원 서비스업,금융서비스(기업인수목적회사),2024-04-15,12월,이동호,,서울특별시
474930,신한제13호스팩,KOSDAQ,SPAC(소속부없음),금융 지원 서비스업,기타금융서비스(기업합병),2024-04-22,12월,배성환,,서울특별시
487360,신한제14호스팩,KOSDAQ,SPAC(소속부없음),금융 지원 서비스업,금융 지원 서비스업,2024-12-23,12월,홍승표,,서울특별시
487830,신한제15호스팩,KOSDAQ,SPAC(소속부없음),금융 지원 서비스업,금융 지원 서비스업,2024-11-15,12월,연오흠,,서울특별시
496070,신한제16호스팩,KOSDAQ,SPAC(소속부없음),금융 지원 서비스업,기타금융서비스(기업합병),2025-05-29,12월,김종환,,서울특별시
0130D0,신한제17호스팩,KOSDAQ,SPAC(소속부없음),금융 지원 서비스업,금융지원 서비스업,2026-04-01,12월,이효상,,서울특별시
0129K0,신한제18호스팩,KOSDAQ,SPAC(소속부없음),금융 지원 서비스업,금융 지원 서비스업,2026-04-30,12월,변창섭,,서울특별시
056700,신화인터텍,KOSDAQ,중견기업부,플라스틱제품 제조업,디스플레이 BLU용 광학필름,2001-12-13,12월,안철흥,http://www.shinwha.com,충청남도
187270,신화콘텍,KOSDAQ,벤처기업부,"전동기, 발전기 및 전기 변환 · 공급 · 제어 장치 제조업","커넥터(정보통신기기용, 디스플레이용, HDD용 등)",2014-08-08,12월,이정진,http://www.sh-ct.co.kr,경기도
095190,신화프리텍,KOSDAQ,중견기업부,기타 금속 가공제품 제조업,CNC공작기계등,2007-10-29,12월,배진기,http://www.yesemk.com,경상남도
243840,신흥에스이씨,KOSDAQ,우량기업부,일차전지 및 이차전지 제조업,"2차전지용 안전 부품(Cap Assembly, CID)",2017-09-27,12월,황만용,http://www.shsec.co.kr,경기도
257720,실리콘투,KOSDAQ,우량기업부,상품 종합 도매업,화장품 유통,2021-09-29,12월,김성운,http://www.siliconii.com,경기도
036710,심텍홀딩스,KOSDAQ,중견기업부,회사 본부 및 경영 컨설팅 서비스업,반도체용 인쇄회로기판,2000-01-04,12월,박광준,http://www.simmtechholdings.co.kr,충청북도
444530,심플랫폼,KOSDAQ,기술성장기업부,소프트웨어 개발 및 공급업,NUBISON AIoT(산업용 데이터 수집과 산업용 AI서비스 운영),2025-03-21,12월,"임대근, 강태신",http://simplatform.com/,서울특별시
234030,싸이닉솔루션,KOSDAQ,중견기업부,반도체 제조업,"ASIC, ASSP, 용역, 상품 등",2025-07-07,12월,이현,http://www.synic.co.kr/,경기도
160980,싸이맥스,KOSDAQ,우량기업부,특수 목적용 기계 제조업,"웨이퍼 이송장치(Cluster Tool, EFEM, LPM 등)",2015-06-17,12월,정혜은,http://www.cymechs.com,경기도
356890,싸이버원,KOSDAQ,벤처기업부,소프트웨어 개발 및 공급업,보안관제 및 보안컨설팅 등,2021-03-11,12월,육동현,http://www.cyberone.kr/,서울특별시
217330,싸이토젠,KOSDAQ,기술성장기업부,자연과학 및 공학 연구개발업,CTC 기반 Liquid Biopsy 응용사업 및 플랫폼,2018-11-22,12월,안지훈,http://cytogenlab.com,경기도
208640,썸에이지,KOSDAQ,관리종목(소속부없음),소프트웨어 개발 및 공급업,소프트웨어 개발 및 공급업,2014-12-29,12월,정기홍,http://www.thumbage.co.kr,경기도
222420,쎄노텍,KOSDAQ,벤처기업부,기타 비금속 광물제품 제조업,세라믹 비드,2015-08-06,12월,"이승호, 이주성(각자)",http://www.cenotec.com,경상남도
037760,쎄니트,KOSDAQ,중견기업부,1차 철강 제조업,스테인레스 냉연강판,2000-04-07,12월,"최재관, 박승배(각자대표)",http://www.cenit.kr,경상남도
081180,쎄크,KOSDAQ,기술성장기업부,일반 목적용 기계 제조업,"X-ray 검사장비, LINAC, Tabletop SEM",2025-04-28,12월,김종현,http:///www.seceng.co.kr/,경기도
099320,쎄트렉아이,KOSDAQ,우량기업부,"항공기,우주선 및 부품 제조업","인공위성시스템, 위성지상국, 위성부분품 개발 및 제조",2008-06-13,12월,김이을,http://www.satreci.com,대전광역시
049960,쎌바이오텍,KOSDAQ,벤처기업부,기초 의약물질 제조업,유산균 원말 및 완제품,2002-12-13,12월,정명준,http://www.cellbiotech.com,경기도
088280,쏘닉스,KOSDAQ,기술성장기업부,반도체 제조업,RF필터 파운드리,2023-11-07,12월,양형국,http://www.sawnics.com,경기도
050890,쏠리드,KOSDAQ,우량기업부,통신 및 방송 장비 제조업,"이동통신중계기,위성DMB용중계기",2005-07-08,12월,"정준, 이승희 (각자대표이사)",http://www.solid.co.kr,경기도
394800,쓰리빌리언,KOSDAQ,기술성장기업부,자연과학 및 공학 연구개발업,유전체 분석 기반 희귀 유전질환 진단 검사 서비스,2024-11-14,12월,금창원,,서울특별시
177900,쓰리에이로직스,KOSDAQ,기술성장기업부,반도체 제조업,NFC/IoT SoC 및 모듈,2024-12-24,12월,"박광범, 이평한",http://www.3alogics.com/,경기도
475400,씨메스로보틱스,KOSDAQ,기술성장기업부,특수 목적용 기계 제조업,AI 기반 로봇 솔루션 및 3D 비전 솔루션,2024-10-24,12월,이성호,http://www.cmesrobotics.ai/,서울특별시
109670,씨싸이트,KOSDAQ,중견기업부,봉제의복 제조업,니트류 OEM,2023-12-21,12월,정정한,http://www.c-site.co.kr,서울특별시
066790,씨씨에스,KOSDAQ,관리종목(소속부없음),텔레비전 방송업,케이블TV서비스 및 초고속인터넷서비스,2003-05-30,12월,박진숙,http://www.ccstv.co.kr,충청북도
352480,씨앤씨인터내셔널,KOSDAQ,우량기업부,기타 화학제품 제조업,색조 화장품,2021-05-17,12월,"배수아, 차건아 (각자 대표이사)",http://www.cnccosmetic.com,경기도
264660,씨앤지하이테크,KOSDAQ,우량기업부,특수 목적용 기계 제조업,"약액혼합공급장치, 화학약품재생장치",2018-01-25,12월,"홍사문, 홍중선 (각자 대표이사)",http://www.cnghitech.com,경기도
352700,씨앤투스,KOSDAQ,벤처기업부,화학섬유 제조업,"에어필터, 산업용 및 보건용 마스크",2021-01-28,12월,하춘욱,http://cntus.com,부산광역시
458870,씨어스,KOSDAQ,기술성장기업부,의료용 기기 제조업,심전도검사솔루션 입원환자모니터링솔루션,2024-06-19,12월,이영신,http://seers.co.kr,경기도
297090,씨에스베어링,KOSDAQ,투자주의환기종목(소속부없음),일반 목적용 기계 제조업,"풍력용 선회베어링, 산업용 선회베어링",2019-11-21,12월,김창헌,http://www.csbrg.com,서울특별시
900120,씨엑스아이,KOSDAQ,관리종목(소속부없음),기타 금융업,건강보조식품,2010-03-31,06월,린진성,,케이맨 제도
359090,씨엔알리서치,KOSDAQ,중견기업부,"그외 기타 전문, 과학 및 기술 서비스업",금융 지원 서비스,2020-09-23,12월,윤문태,,서울특별시
115530,씨엔플러스,KOSDAQ,중견기업부,전자부품 제조업,커넥터,2011-11-02,12월,정상옥,http://www.icnplus.com,경기도
388210,씨엠티엑스,KOSDAQ,벤처기업부,전자부품 제조업,반도체 장비용 소모성 부품,2025-11-20,12월,"박성훈, 박종화 (각자)",http://cmtx.co.kr,경상북도
115480,씨유메디칼,KOSDAQ,중견기업부,의료용 기기 제조업,심장제세동기,2011-12-15,12월,김형수,http://www.cu911.com,강원특별자치도
376290,씨유테크,KOSDAQ,벤처기업부,전자부품 제조업,"휴대폰, 전장 등 실장부품",2021-10-08,12월,백영현,http://www.cutech.co.kr,경기도
189330,씨이랩,KOSDAQ,기술성장기업부,소프트웨어 개발 및 공급업,빅데이터플랫폼,2021-02-24,12월,"윤세혁, 채정환 (각자 대표이사)",http://www.xiilab.com,서울특별시
101240,씨큐브,KOSDAQ,우량기업부,기초 화학물질 제조업,진주광택안료,2011-11-08,12월,임광수,http://www.cqv.co.kr,충청북도
060590,씨티씨바이오,KOSDAQ,중견기업부,의약품 제조업,"동물용항병원성제품, 생균효소제",2002-02-21,12월,조창선(단독대표이사),http://www.ctcbio.com,서울특별시
260930,씨티케이,KOSDAQ,중견기업부,기타 화학제품 제조업,완제 화장품 (색조 및 기초),2017-12-07,12월,정인용,http://www.ctkcosmetics.com,서울특별시
413630,씨피시스템,KOSDAQ,벤처기업부,플라스틱제품 제조업,전기재료연결부품,2022-03-31,12월,"김경민, 김혜정",http://www.cpsystem.co.kr,부산광역시
013990,아가방컴퍼니,KOSDAQ,우량기업부,생활용품 도매업,유아용 의류 및 용품,2002-01-17,12월,신상국,http://www.agabang.com,서울특별시
175140,아고스,KOSDAQ,투자주의환기종목(소속부없음),통신 및 방송 장비 제조업,"웨어러블 디바이스, 모바일 라우터",2015-09-23,12월,정철곤,http://humantechn.com,경기도
123860,아나패스,KOSDAQ,우량기업부,반도체 제조업,Timing Controller(TCON),2010-11-05,12월,이경호,http://www.anapass.com,서울특별시
025980,아난티,KOSDAQ,우량기업부,일반 및 생활 숙박시설 운영업,리조트 운영 및 분양,1996-01-06,12월,이만규,http://www.ananti.kr,충청북도
0015N0,아로마티카,KOSDAQ,벤처기업부,기타 화학제품 제조업,천연·비건 화장품,2025-11-27,12월,김영균,http://company.aromatica.co,서울특별시
261780,아리바이오랩,KOSDAQ,기술성장기업부,자연과학 및 공학 연구개발업,백신 및 면역증강제 등,2021-10-22,12월,정재준,http://www.chavaccine.com,경기도
290690,아리바이오홀딩스,KOSDAQ,중견기업부,전구 및 조명장치 제조업,"실내등(형광등, LED등), 실외등, 특수등",2020-11-06,12월,정재준,http://www.solux.co.kr,충청남도
125210,아모그린텍,KOSDAQ,우량기업부,전자부품 제조업,비정질 및 나노결정립을 이용한 자성부품 및 전류센서,2019-03-29,12월,"양성철, 김병규(각자대표)",http://amogreentech.co.kr,경기도
357580,아모센스,KOSDAQ,기술성장기업부,전자부품 제조업,무선충전 차폐시트,2021-06-25,12월,"김인응, 김병규 각자 대표이사",http://www.amosense.co.kr,충청남도
052710,아모텍,KOSDAQ,중견기업부,전자부품 제조업,"칩바리스터, 아몰퍼스코어",2003-08-01,12월,김병규,http://www.amotech.co.kr,인천광역시
074430,아미노로직스,KOSDAQ,중견기업부,기초 의약물질 제조업,DVR용 영상처리 칩,2004-06-04,12월,"오장석,오성석",http://www.aminologics.co.kr,서울특별시
092040,아미코젠,KOSDAQ,기술성장기업부,기타 식품 제조업,제약용 특수효소 및 효소기반 바이오신소재,2013-09-12,12월,표쩌,http://www.amicogen.com,경상남도
083930,아바코,KOSDAQ,우량기업부,특수 목적용 기계 제조업,평판디스플레이제조용장비,2005-10-11,12월,김광현,http://www.avaco.co.kr,대구광역시
149950,아바텍,KOSDAQ,우량기업부,전자부품 제조업,"Glass Slimming & ITO코팅 제품, PDP필터",2012-11-06,12월,박명섭,http://www.avatec.co.kr,대구광역시
036010,아비코전자,KOSDAQ,중견기업부,전자부품 제조업,"인덕터, 저항기",2002-07-03,12월,김창수,http://www.abco.co.kr,경기도
050860,아세아텍,KOSDAQ,우량기업부,특수 목적용 기계 제조업,"농기계(관리기,SS기, 이앙기) 제조",2010-01-26,06월,"김신길, 김은수 (각자대표)",http://www.asiakor.com,대구광역시
136410,아셈스,KOSDAQ,벤처기업부,플라스틱제품 제조업,핫멜트 접착 필름,2022-02-07,12월,장지상,http://assems.com,부산광역시
246720,아스타,KOSDAQ,관리종목(소속부없음),의료용품 및 기타 의약 관련제품 제조업,MALDI-TOF 질량분석기 기반 진단시스템,2017-03-20,12월,조응준,http://www.astams.com,경기도
450950,아스테라시스,KOSDAQ,벤처기업부,의료용 기기 제조업,"피부 미용의료기기 제조, 판매",2025-01-24,12월,서은택,http://asterasys.com,서울특별시
067390,아스트,KOSDAQ,중견기업부,"항공기,우주선 및 부품 제조업",항공기용 부품 제조 및 동체 조립,2014-12-24,12월,김두일,http://www.astk.co.kr,경상남도
159010,아스플로,KOSDAQ,벤처기업부,일반 목적용 기계 제조업,"강관, 피팅, 밸브류 등",2021-10-07,12월,강두홍,http://www.asflow.com,경기도
127710,아시아경제,KOSDAQ,중견기업부,"자료처리, 호스팅, 포털 및 기타 인터넷 정보매개 서비스업",광고 및 콘텐츠,2015-07-31,12월,"장범식, 마영민(각자대표)",http://www.asiae.co.kr,서울특별시
154030,아시아종묘,KOSDAQ,벤처기업부,작물 재배업,종자,2018-02-12,12월,류경오,http://www.asiaseed.kr,서울특별시
227610,아우딘퓨쳐스,KOSDAQ,벤처기업부,기타 화학제품 제조업,"기초화장품, 마스크팩 등",2017-07-12,12월,"최영욱, 나현수(각자대표)",http://www.outinco.com,서울특별시
331740,아우토크립트,KOSDAQ,기술성장기업부,소프트웨어 개발 및 공급업,자동차 사이버보안 소프트웨어 및 솔루션,2025-07-15,12월,"이석우, 김덕수(각자대표이사)",http://autocrypt.co.kr/,서울특별시
143160,아이디스,KOSDAQ,우량기업부,통신 및 방송 장비 제조업,"영상보안장치(DVR,NVR,IP-Camera 등)",2011-09-26,12월,김영달,http://www.idisglobal.com,대전광역시
054800,아이디스홀딩스,KOSDAQ,중견기업부,기타 전문 서비스업,비금융지주회사,2001-09-27,12월,김영달,http://www.idisholdings.co.kr,대전광역시
332370,아이디피,KOSDAQ,벤처기업부,컴퓨터 및 주변장치 제조업,"카드인쇄용 프린터, 카드인쇄용 리본",2020-08-24,12월,노현철,http://www.idp-corp.com,서울특별시
066430,아이로보틱스,KOSDAQ,중견기업부,기타 전문 도매업,"VCI,LDPE필름 외",2002-12-24,12월,김형모,http://www.yom.or.kr,경상남도
339950,아이비김영,KOSDAQ,우량기업부,일반 교습 학원,"오프라인 학원, 온라인강의",2019-12-24,12월,김석철,http://www.kimyoung.co.kr,서울특별시
469750,아이비젼웍스,KOSDAQ,벤처기업부,특수 목적용 기계 제조업,이차전지 검사시스템 및 검사시스템 설치셋업용역,2024-09-03,12월,길기재,http://www.ivw.co.kr,대전광역시
460470,아이빔테크놀로지,KOSDAQ,기술성장기업부,사진장비 및 광학기기 제조업,"생체현미경, CRO 서비스",2024-08-06,12월,김필한,http://www.ivimtech.com,대전광역시
099190,아이센스,KOSDAQ,중견기업부,의료용 기기 제조업,"혈당측정스트립, 혈당측정기기 등",2013-01-30,12월,"차근식, 남학현(각자 대표이사)",http://www.i-sens.com,서울특별시
461300,아이스크림미디어,KOSDAQ,벤처기업부,소프트웨어 개발 및 공급업,"교육출판, 커머스, 연수",2024-08-30,12월,"허주환, 현준우(각자대표)",http://www.i-screammedia.com,경기도
289010,아이스크림에듀,KOSDAQ,관리종목(소속부없음),"서적, 잡지 및 기타 인쇄물 출판업",아이스크림홈런,2019-07-11,12월,이재준,http://www.i-screamedu.co.kr,서울특별시
214430,아이쓰리시스템,KOSDAQ,우량기업부,전자부품 제조업,"적외선 영상센서, 엑스레이 영상센서",2015-07-30,12월,정한,http://www.i3system.com,대전광역시
040910,아이씨디,KOSDAQ,중견기업부,특수 목적용 기계 제조업,"건식세정기,LCD,반도체 장비,광정보통신 부품,장비 제조,연구개발,용역 서비스,수출입",2011-08-05,12월,"이승호, 김명호, 양장규, 이예지나(각자 대표이사)",http://www.icd.co.kr,경기도
368600,아이씨에이치,KOSDAQ,기술성장기업부,전자부품 제조업,스마트기기용 필름형 안테나,2022-07-29,12월,김영훈,http://www.ch-ich.com,경기도
456010,아이씨티케이,KOSDAQ,기술성장기업부,반도체 제조업,"PUF반도체,보안솔루션(보안반도체,정보통신모듈기기,정보통신용반도체) 제조,개발",2024-05-17,12월,이정원,http://www.ictk.com,서울특별시
052860,아이앤씨,KOSDAQ,벤처기업부,반도체 제조업,지상파 DMB용 수신칩(모바일 TV용 SoC),2009-10-06,12월,박창일,http://www.inctech.co.kr,경기도
464500,아이언디바이스,KOSDAQ,기술성장기업부,반도체 제조업,스마트폰용 오디오 앰프 반도체 Soc,2024-09-23,12월,박기태,http://www.irondevice.com/index.html,서울특별시
212710,아이에스티이,KOSDAQ,기술성장기업부,반도체 제조업,반도체 제조용 장비,2025-02-12,12월,조창현,http://iste.co.kr/,경기도
038880,아이에이,KOSDAQ,중견기업부,전자부품 제조업,"반도체 및 모듈, 제어기",2000-04-27,12월,한성용,http://www.ia-inc.kr,경기도
307180,아이엘,KOSDAQ,벤처기업부,전구 및 조명장치 제조업,LED용 실리콘렌즈 외,2018-12-21,12월,송성근,http://il.co.kr,충청남도
493280,아이엠바이오로직스,KOSDAQ,기술성장기업부,자연과학 및 공학 연구개발업,"IMB-101 (OX40L/TNF 타깃 자가면역질환 치료용 이중항체), IMB-102 (OX40L 타깃 자가면역질환 치료용 단일항체)",2026-03-20,12월,하경식,http://imbiologics.com,경기도
461030,아이엠비디엑스,KOSDAQ,기술성장기업부,자연과학 및 공학 연구개발업,"알파리퀴드ⓡ 100, 알파리퀴드ⓡ HRR, 알파리퀴드ⓡ 디텍트, 알파리퀴드ⓡ 스크리닝",2024-04-03,12월,김태유,http://www.imbdx.com/,서울특별시
451220,아이엠티,KOSDAQ,기술성장기업부,특수 목적용 기계 제조업,건식세정 장비 및 EUV Mask Baking Laser,2023-10-10,12월,최재성,http://www.imt-c.co.kr/kor/,경기도
078860,아이오케이이엔엠,KOSDAQ,투자주의환기종목(소속부없음),"영화, 비디오물, 방송프로그램 제작 및 배급업",연예인 매니지먼트,2006-06-27,12월,최석우 (단독 대표이사),http://www.iok.co.kr,서울특별시
090150,아이윈,KOSDAQ,중견기업부,자동차 신품 부품 제조업,시트히터,2006-10-20,12월,신규진,http://www.kwangjinwintec.com,부산광역시
031310,아이즈비전,KOSDAQ,중견기업부,전기 통신업,"홈쇼핑(아이즈홈쇼핑), 국제전화(아이즈텔), 가정용유무선 전화기판매(TopPhone)",1997-07-25,12월,"김상우 , 안필성(각자 대표이사)",http://www.eyesvision.com,서울특별시
462980,아이지넷,KOSDAQ,기술성장기업부,기타 정보 서비스업,"보험 서비스 어플리케이션, 기업용 보험 솔루션",2025-02-04,12월,"김창균, 김지태",,서울특별시
185490,아이진,KOSDAQ,벤처기업부,자연과학 및 공학 연구개발업,"당뇨성망막병증 치료제, 욕창치료제, 대상포진백신, 코로나19 예방백신 등",2015-11-16,12월,최석근,http://www.eyegene.co.kr,경기도
059100,아이컴포넌트,KOSDAQ,벤처기업부,전자부품 제조업,액정평판디스플레이용 플라스틱 박판필름 제조업,2008-12-16,12월,김양국,http://www.i-components.co.kr,경기도
262840,아이퀘스트,KOSDAQ,벤처기업부,소프트웨어 개발 및 공급업,"패키지 ERP, 구축형 ERP 등",2021-02-05,12월,"김순모,박원일(각자대표)",http://www.iquest.co.kr,서울특별시
175250,아이큐어,KOSDAQ,관리종목(소속부없음),기타 화학제품 제조업,"플라스타, 의약 및 의약외품 패취등, 마스크팩, 화장품 기초라인",2018-07-12,12월,이영석,http://icure.co.kr,서울특별시
052460,아이크래프트,KOSDAQ,벤처기업부,"컴퓨터 프로그래밍, 시스템 통합 및 관리업","인터넷핵심망(CCR,MCR,NAS등)",2005-01-03,12월,"박우진, 서익수(각자 대표이사)",http://www.icraft21.com,서울특별시
119830,아이텍,KOSDAQ,중견기업부,"그외 기타 전문, 과학 및 기술 서비스업",비메모리 반도체 테스트,2010-10-26,12월,이장혁,http://www.iteksemi.com,경기도
052770,아이톡시,KOSDAQ,관리종목(소속부없음),소프트웨어 개발 및 공급업,게임,2002-08-22,12월,최치경,http://www.itoxi.co.kr,서울특별시
124500,아이티센글로벌,KOSDAQ,우량기업부,"컴퓨터 프로그래밍, 시스템 통합 및 관리업",시스템통합 및 IT서비스,2014-12-23,12월,강진모,http://www.itcen.co.kr,경기도
010280,아이티센엔텍,KOSDAQ,우량기업부,"컴퓨터 프로그래밍, 시스템 통합 및 관리업","클라우드,시스템통합(SI),네트워크 설계 및 구축,시스템운영(SM)",2000-04-14,12월,신장호,http://www.itcenentec.com,경기도
232830,아이티센피엔에스,KOSDAQ,벤처기업부,소프트웨어 개발 및 공급업,"디지털 금융 서비스 구축, 모바일 보안솔루션, 생체인증 전자서명",2023-06-29,12월,박원규,http://www.secucen.com/,경기도
372800,아이티아이즈,KOSDAQ,벤처기업부,소프트웨어 개발 및 공급업,"디지털금융솔루션 제공 및 AI, Big Data 서비스, 클라우드 통합 플랫폼 (GURMWI)",2021-11-11,12월,이성남,http://www.iteyes.co.kr/,서울특별시
084850,아이티엠반도체,KOSDAQ,중견기업부,전자부품 제조업,배터리 보호회로,2019-11-07,12월,나혁휘,http://www.it-m.co.kr,충청북도
309710,아이티켐,KOSDAQ,관리종목(소속부없음),기초 의약물질 제조업,"원료의약품, 의약품중간체 및 전자재료 등",2025-08-07,12월,김인규,http://itchem.co.kr/home/main.php,충청북도
114840,아이패밀리에스씨,KOSDAQ,우량기업부,기타 화학제품 제조업,"색조화장품 브랜드 `롬앤(Rom&nd)', IT기반 웨딩서비스 브랜드 `아이웨딩`",2021-10-28,12월,"김태욱, 김성현",http://www.ifamily.co.kr,서울특별시
027360,아주IB투자,KOSDAQ,중견기업부,기타 금융업,,2018-11-21,12월,김지원,http://www.ajuib.co.kr,서울특별시
032080,아즈텍WB,KOSDAQ,중견기업부,"섬유제품 염색, 정리 및 마무리 가공업",직물,2000-10-26,12월,허 재 명,http://www.aztechwb.com,부산광역시
013310,아진산업,KOSDAQ,우량기업부,자동차 신품 부품 제조업,자동차 차체 부품,2015-12-22,12월,서중호,http://www.wamc.co.kr,경상북도
059120,아진엑스텍,KOSDAQ,벤처기업부,반도체 제조업,"전자집적회로, 모션제어칩",2014-07-24,12월,김창호,http://www.ajinextek.com,대구광역시
0007C0,아크릴,KOSDAQ,기술성장기업부,소프트웨어 개발 및 공급업,"통합 인공지능 플랫폼 조나단, 의료특화 인공지능 플랫폼 나디아",2025-12-16,12월,박외진,http://www.acryl.ai/,서울특별시
158430,아톤,KOSDAQ,벤처기업부,소프트웨어 개발 및 공급업,"모바일금융솔루션, mOTP 개발",2019-10-17,12월,"김종서, 우길수",http://www.atoncorp.com,서울특별시
297570,아틀라스링크,KOSDAQ,벤처기업부,통신 및 방송 장비 제조업,안드로이드 OTT 멀티미디어 디바이스,2018-07-20,12월,신정관,http://www.aloys.co.kr,경기도
200350,아티스트스튜디오,KOSDAQ,기술성장기업부,"영화, 비디오물, 방송프로그램 제작 및 배급업",드라마 제작,2021-12-30,12월,안형조,http://www.artiststudio.co.kr,서울특별시
321820,아티스트컴퍼니,KOSDAQ,기술성장기업부,창작 및 예술관련 서비스업,빅데이터/인공지능 마케팅플랫폼 및 데이터플랫폼,2021-02-03,12월,박승현,http://www.widerplanet.com,서울특별시
001540,안국약품,KOSDAQ,우량기업부,의약품 제조업,"그랑파제, 토비콤-S",2000-06-15,12월,"어진, 박인철 (각자 대표)",http://www.ahn-gook.com,경기도
053800,안랩,KOSDAQ,우량기업부,소프트웨어 개발 및 공급업,바이러스백신 프로그램,2001-09-13,12월,강석균,http://www.ahnlab.com,경기도
065660,안트로젠,KOSDAQ,기술성장기업부,기타 전문 도매업,줄기세포치료제,2016-02-15,12월,"이성구, 김미형(각자대표)",http://www.anterogen.com,서울특별시
260660,알리코제약,KOSDAQ,중견기업부,의료용품 및 기타 의약 관련제품 제조업,완제 의약품,2018-02-12,12월,이항구 김대훈 (각자 대표이사),http://www.arlico.co.kr,서울특별시
354320,알멕,KOSDAQ,기술성장기업부,1차 비철금속 제조업,알루미늄 압출 제품,2023-06-30,12월,"신상호, 박준표",http://www.almac.co.kr,경상남도
361570,알비더블유,KOSDAQ,중견기업부,오디오물 출판 및 원판 녹음업,음반 및 음원 등(콘텐츠),2021-11-22,12월,"김진우, 김도훈",http://www.rbbridge.com,서울특별시
131370,알서포트,KOSDAQ,벤처기업부,소프트웨어 개발 및 공급업,"원격지원,제어 솔루션",2011-01-05,12월,서형수,http://www.rsupport.com,서울특별시
140670,알에스오토메이션,KOSDAQ,중견기업부,전자부품 제조업,"모션제어기, 드라이브, 에너지제어장치",2017-08-11,12월,강덕현,http://www.rsautomation.co.kr,경기도
061040,알에프텍,KOSDAQ,중견기업부,통신 및 방송 장비 제조업,"핸드폰 충전기, 핸즈프리",2002-05-16,12월,조경숙,http://www.rftech.co.kr,경기도
148250,알엔투테크놀로지,KOSDAQ,벤처기업부,전자부품 제조업,"이동통신부품(커플러), 의료기기용기판, 파우더",2016-06-22,12월,김강호,http://www.rn2.co.kr,경기도
476830,알지노믹스,KOSDAQ,기술성장기업부,자연과학 및 공학 연구개발업,"인체질환치료제 및 진단제, 진단용 유전자재조합 의약품",2025-12-18,12월,이성욱,http://www.rznomics.com/,경기도
347860,알체라,KOSDAQ,중견기업부,소프트웨어 개발 및 공급업,"얼굴인식 AI, 이상상황 감지 AI 등",2020-12-21,12월,황영규,http://www.alchera.ai,서울특별시
123750,알톤,KOSDAQ,중견기업부,그외 기타 운송장비 제조업,전기 및 일반자전거 등,2010-07-02,12월,김신성,http://www.altonsports.co.kr,경기도
459550,알트,KOSDAQ,중견기업부,통신 및 방송 장비 제조업,"시니어폰 및 키즈폰, 셋탑박스",2025-11-17,12월,이상수,http://www.altech.kr/,경기도
085810,알티캐스트,KOSDAQ,중견기업부,소프트웨어 개발 및 공급업,"디지털 방송용 소프트웨어(셋톱박스용 미들웨어 등), CAS(수신제한시스템)",2013-12-06,12월,정욱재,http://www.alticast.co.kr,서울특별시
043100,알파AI,KOSDAQ,관리종목(소속부없음),의료용 기기 제조업,"가정용 온열치료기, 의료기구",2000-08-08,12월,문성민,http://www.solco.co.kr,경기도
117670,알파칩스,KOSDAQ,벤처기업부,반도체 제조업,시스템 반도체 개발,2010-09-17,12월,윤석원,http://www.alpha-holdings.co.kr,경기도
314140,알피바이오,KOSDAQ,우량기업부,의약품 제조업,연질캡슐 제형의 의약품 및 건강기능식품,2022-09-29,12월,윤재훈,http://rpskorea.com,서울특별시
293780,압타바이오,KOSDAQ,기술성장기업부,자연과학 및 공학 연구개발업,"용역매출, 유전자전달체, 압타머연구용시약",2019-06-12,12월,이수진,http://www.aptabio.com,경기도
310200,애니플러스,KOSDAQ,중견기업부,"영화, 비디오물, 방송프로그램 제작 및 배급업",방송통신사업,2018-12-21,12월,전승택,http://www.aniplustv.com,서울특별시
179530,애드바이오텍,KOSDAQ,기술성장기업부,의약품 제조업,"동물용약품,영양제,단미사료(네오폐녹스),보조사료 제조,도매/식품첨가물,화장품 도소매,무역",2022-01-24,12월,"김도형, 황만회(각자 대표)",,강원특별자치도
397810,애드포러스,KOSDAQ,벤처기업부,광고업,모바일 광고 플랫폼,2025-08-22,12월,이은현,http://www.adforus.co.kr,서울특별시
0011A0,액스비스,KOSDAQ,벤처기업부,기타 전기장비 제조업,지능형 고출력 레이저 솔루션 등,2026-03-09,12월,김명진,http://axbis.ai/,대전광역시
052790,액토즈소프트,KOSDAQ,중견기업부,소프트웨어 개발 및 공급업,온라인 게임 및 모바일 게임,2001-08-14,12월,구오하이빈(Guo Haibin),http://www.actoz.com,서울특별시
290740,액트로,KOSDAQ,벤처기업부,전자부품 제조업,모바일용 액츄에이터 및 조립자동화 설비,2018-08-28,12월,하동길,http://www.actro.co.kr,경기도
238090,앤디포스,KOSDAQ,벤처기업부,플라스틱제품 제조업,"TSP용 양면 테이프, 윈도우 필름",2016-10-12,12월,권오빈,http://www.ndfos.com,충청북도
138360,앤로보틱스,KOSDAQ,벤처기업부,특수 목적용 기계 제조업,기계제조,2013-11-08,12월,김종서,http://www.hjfm.co.kr/,경기도
092600,앤씨앤,KOSDAQ,관리종목(소속부없음),반도체 제조업,차량용 블랙박스 / 영상처리용 시스템반도체,2007-06-26,12월,최종현,http://nc-and.com,경기도
129890,앱코,KOSDAQ,벤처기업부,컴퓨터 및 주변장치 제조업,"게이밍기어, 뉴라이프가전 등",2020-12-02,12월,오광근,http://www.abko.co.kr,서울특별시
174900,앱클론,KOSDAQ,벤처기업부,의료용품 및 기타 의약 관련제품 제조업,항체의약품,2017-09-18,12월,이종서,http://www.abclon.com,서울특별시
109960,앱토크롬,KOSDAQ,투자주의환기종목(소속부없음),기타 전문 도매업,"모바일게임 퍼블리싱, 바이오의약품 연구개발업 및 판매, 생산설비 및 연구장비의 대여 및 판매",2009-11-13,12월,김정출,http://www.aprogen-hng.com,경기도
270520,앱튼,KOSDAQ,투자주의환기종목(소속부없음),"건축기술, 엔지니어링 및 관련 기술 서비스업",지열냉난방시스템,2017-08-22,12월,김재섭,http://www.aptn-inc.com,경기도
255440,야스,KOSDAQ,벤처기업부,특수 목적용 기계 제조업,"OLED 증착기, OLED 증착원",2017-09-29,12월,정광호,http://www.yasoled.com,경기도
030960,양지사,KOSDAQ,중견기업부,인쇄 및 인쇄관련 산업,다이어리,1996-10-24,06월,이현,http://www.yangjisa.com,경기도
102120,어보브반도체,KOSDAQ,벤처기업부,반도체 제조업,"반도체,전자제품,마이크로컨트롤라",2009-06-05,12월,최원,http://abov.co.kr,충청북도
238120,얼라인드,KOSDAQ,기술성장기업부,사진장비 및 광학기기 제조업,"자동세포카운팅시스템, 생체조직투명화시스템, 디지털세포이미징시스템",2016-11-03,12월,정연철,http://www.alignedgenetics.co.kr,경기도
019990,에너토크,KOSDAQ,중견기업부,일반 목적용 기계 제조업,전동액츄에이터,2006-02-01,12월,이충열,http://www.enertork.com,경기도
435570,에르코스,KOSDAQ,벤처기업부,도시락 및 식사용 조리식품 제조업,"영유아식, 고령친화식품, 식물기반 대체식품",2025-02-28,12월,김슬기,http://www.ercohs.com,대전광역시
270660,에브리봇,KOSDAQ,벤처기업부,가정용 기기 제조업,"물걸레 로봇청소기, 흡입형 로봇청소기",2021-07-28,12월,정우철,,경기도
038680,에스넷,KOSDAQ,우량기업부,"컴퓨터 프로그래밍, 시스템 통합 및 관리업","네트워크장비 설치 및 납품, 유지보수",2000-04-27,12월,"김형우, 이남작(각자대표)",http://www.snetsystems.co.kr,서울특별시
217480,에스디생명공학,KOSDAQ,투자주의환기종목(소속부없음),기타 화학제품 제조업,"마스크팩, 기초화장품",2017-03-02,12월,백인영,http://sdbiotech.co.kr,서울특별시
121890,에스디시스템,KOSDAQ,중견기업부,전자부품 제조업,"요금징수시스템, 지능형교통시스템,하이패스단말기",2010-07-16,12월,박봉용,http://www.sdsystem.co.kr,경기도
304360,에스바이오메딕스,KOSDAQ,벤처기업부,의약품 제조업,줄기세포 치료제 연구 및 개발,2023-05-04,12월,강세일,http://www.sbiomedics.com/,경기도
389500,에스비비테크,KOSDAQ,기술성장기업부,일반 목적용 기계 제조업,"베어링, 감속기",2022-10-17,12월,"류재완, 송진웅(각자 대표이사)",http://www.sbb.co.kr/,경기도
042110,에스씨디,KOSDAQ,우량기업부,가정용 기기 제조업,전자렌지용 MOTOR 및 냉장고용 TIMER,2000-07-13,12월,오길호,http://www.sscd.co.kr,경기도
065420,에스아이리소스,KOSDAQ,중견기업부,기타 화학제품 제조업,유연탄,2002-08-22,12월,전순옥,http://www.siresource.co.kr,서울특별시
103230,에스앤더블류,KOSDAQ,관리종목(소속부없음),일반 목적용 기계 제조업,"디젤엔진부품, 산업부품, 단조품",2009-08-05,12월,정우진,http://www.snwcorp.com,부산광역시
260970,에스앤디,KOSDAQ,우량기업부,기타 식품 제조업,"일반기능식품소재, 건강기능식품소재",2021-09-29,12월,여경목,http://www.isnd.co.kr,충청북도
095910,에스에너지,KOSDAQ,관리종목(소속부없음),"전동기, 발전기 및 전기 변환 · 공급 · 제어 장치 제조업","태양광발전시스템,태양전지모듈",2007-10-16,12월,"홍성민, 홍문교 각자대표이사",http://www.s-energy.co.kr,서울특별시
275630,에스에스알,KOSDAQ,벤처기업부,소프트웨어 개발 및 공급업,"취약점 진단 솔루션, 모의해킹 컨설팅",2018-08-06,12월,고필주,http://www.ssrinc.co.kr,서울특별시
031330,에스에이엠티,KOSDAQ,우량기업부,기계장비 및 관련 물품 도매업,"반도체(메모리,비메모리), CPU, TFT-LCD, 네트웍 장비, PC 및 주변기기, 이동통신수탁사업",2000-05-23,12월,박두진,http://www.isamt.com,서울특별시
060540,에스에이티,KOSDAQ,중견기업부,"측정, 시험, 항해, 제어 및 기타 정밀기기 제조업; 광학기기 제외","교통관련장비(고정식축중기, 이동식축중기 등)",2006-11-28,12월,"정성원, 김희창 (각자 대표이사)",http://www.satech.co.kr,경기도
0008Z0,에스엔시스,KOSDAQ,벤처기업부,"전동기, 발전기 및 전기 변환 · 공급 · 제어 장치 제조업","파워솔루션, 에코솔루션, 운항제어솔루션, MRO 솔루션",2025-08-19,12월,"배재혁, 황외열(공동 대표이사)",http://www.snsys.net,경기도
246250,에스엘에스바이오,KOSDAQ,관리종목(소속부없음),"그외 기타 전문, 과학 및 기술 서비스업","의약품 품질관리, 신약개발지원, 체외진단기기",2023-10-20,12월,이영태,http://www.slabs.co.kr,경기도
460870,에스엠씨지,KOSDAQ,벤처기업부,유리 및 유리제품 제조업,화장품 유리용기,2025-03-07,12월,최승호,http://www.somangglass.co.kr,경기도
464080,에스오에스랩,KOSDAQ,기술성장기업부,"측정, 시험, 항해, 제어 및 기타 정밀기기 제조업; 광학기기 제외",산업용 및 차량용 라이다(LiDAR),2024-06-25,12월,정지성,http://soslab.co,전남광주통합특별시
109610,에스와이,KOSDAQ,중견기업부,"구조용 금속제품, 탱크 및 증기발생기 제조업",샌드위치 패널,2015-12-29,12월,"홍성부, 김성덕 (공동대표이사)",http://www.sypanel.com,경기도
365330,에스와이스틸텍,KOSDAQ,우량기업부,"구조용 금속제품, 탱크 및 증기발생기 제조업",데크플레이트,2023-11-13,12월,홍성균,http://systeeltech.com/,충청북도
306040,에스제이그룹,KOSDAQ,관리종목(소속부없음),"가죽, 가방 및 유사제품 제조업","캉골 가방/모자, 헬렌카민스키 모자",2019-11-18,12월,이주영,http://www.sj-group.co.kr,서울특별시
398120,에스지헬스케어,KOSDAQ,벤처기업부,의료용 기기 제조업,의료용 영상진단기기,2024-12-19,12월,김정수,http://sghealthcare.com/,경기도
472230,에스케이증권제11호스팩,KOSDAQ,관리종목(소속부없음),금융 지원 서비스업,기업인수목적 주식회사,2024-03-04,12월,최상우,,서울특별시
473000,에스케이증권제12호스팩,KOSDAQ,SPAC(소속부없음),금융 지원 서비스업,기업인수목적 주식회사,2024-05-07,12월,이재혁,,서울특별시
473950,에스케이증권제13호스팩,KOSDAQ,SPAC(소속부없음),금융 지원 서비스업,기업인수목적 주식회사,2024-07-25,12월,임율표,,서울특별시
475660,에스켐,KOSDAQ,기술성장기업부,기타 화학제품 제조업,OLED 유기화합물 등,2024-11-18,12월,염호영,http://www.s-chem.co.kr,충청북도
096630,에스코넥,KOSDAQ,우량기업부,통신 및 방송 장비 제조업,WaferProber,2007-12-26,12월,김치원,http://www.s-connect.co.kr,경기도
069510,에스텍,KOSDAQ,우량기업부,영상 및 음향기기 제조업,스피커 및 스피커시스템,2003-11-14,12월,이석정,http://www.estec.co.kr,경상남도
488280,에스투더블유,KOSDAQ,기술성장기업부,소프트웨어 개발 및 공급업,"공공/정부기관용 사이버안보 빅데이터 플랫폼, 기업 및 기관용 사이버위협 인텔리전스 플랫폼, 산업용 생성형 AI 플랫폼",2025-09-19,12월,서상덕,http://s2w.inc/,경기도
234300,에스트래픽,KOSDAQ,우량기업부,"컴퓨터 프로그래밍, 시스템 통합 및 관리업","교통관련 솔루션 개발, 시스템통합 S/W 개발",2017-12-05,12월,문찬종,http://www.straffic.co.kr,경기도
039440,에스티아이,KOSDAQ,우량기업부,특수 목적용 기계 제조업,"Chemical 중앙공급시스템(C.C.S.S), 세정·식각시스템",2002-02-28,12월,"서인수, 이우석 (각자대표)",http://www.stinc.co.kr,경기도
098660,에스티오,KOSDAQ,중견기업부,봉제의복 제조업,"셔츠,자켓/바지, 타이",2009-04-17,12월,김흥수,http://www.thesto.kr,서울특별시
052020,에스티큐브,KOSDAQ,투자주의환기종목(소속부없음),기계장비 및 관련 물품 도매업,"전자부품, 정보통신기기, 지능형로봇외",2001-07-05,12월,정현진,http://www.stcube.com,서울특별시
458350,에스팀,KOSDAQ,중견기업부,기타 사업지원 서비스업,"콘텐츠, 매니지먼트",2026-03-06,12월,김소연,http://esteemgroup.com,서울특별시
050760,에스폴리텍,KOSDAQ,중견기업부,플라스틱제품 제조업,유무선 통신용 소프트웨어,2002-05-16,12월,이혁렬,http://www.spolytech.com,충청북도
288620,에스프리즘,KOSDAQ,벤처기업부,"전동기, 발전기 및 전기 변환 · 공급 · 제어 장치 제조업","건물용 연료전지, 발전용 연료전지",2018-10-15,12월,"홍성민, 홍문교 각자대표이사",http://www.s-fuelcell.com/,서울특별시
443670,에스피소프트,KOSDAQ,중견기업부,"컴퓨터 프로그래밍, 시스템 통합 및 관리업","SPLA 라이센스 총판 사업,CLOUD, gDaaS 등",2024-02-15,12월,이은재,http://www.spsoft.co.kr,경기도
317830,에스피시스템스,KOSDAQ,벤처기업부,특수 목적용 기계 제조업,산업용 갠트리 로봇,2019-08-14,12월,"심상균, 심효준",http://www.spsystems.co.kr,경상남도
058610,에스피지,KOSDAQ,우량기업부,"전동기, 발전기 및 전기 변환 · 공급 · 제어 장치 제조업",소형 Geared Motor,2002-07-23,12월,"이준호, 여영길(각자 대표이사)",http://www.spg.co.kr,인천광역시
043340,에쎈테크,KOSDAQ,중견기업부,일반 목적용 기계 제조업,LPG밸브,2000-08-29,12월,"조시영, 김성범(각자 대표이사)",http://www.essentech.co.kr,전북특별자치도
163280,에어레인,KOSDAQ,기술성장기업부,일반 목적용 기계 제조업,기체분리막 모듈 및 시스템,2024-11-08,12월,하성용,http://www.airrane.com,충청북도
200710,에이디테크놀로지,KOSDAQ,중견기업부,반도체 제조업,주문형 반도체,2014-12-16,12월,"김준석, 박준규 (각자 대표이사)",http://www.adtek.co.kr,경기도
475580,에이럭스,KOSDAQ,벤처기업부,그외 기타 제품 제조업,교육용 드론/로봇 및 코딩 콘텐츠,2024-11-01,12월,이치헌,http://www.aluxonline.com,서울특별시
096690,에이루트,KOSDAQ,중견기업부,컴퓨터 및 주변장치 제조업,"POS프린터, Mobile프린터, Label프린터",2010-12-01,12월,서문동군,http://www.aroot.co.kr,경기도
203400,에이비온,KOSDAQ,관리종목(소속부없음),자연과학 및 공학 연구개발업,"표적 항암제, 바이오 베터 신약",2021-09-08,12월,신영기,http://www.abionbio.com,경기도
003800,에이스침대,KOSDAQ,우량기업부,가구 제조업,침대,1996-05-03,12월,안성호,http://www.acebed.co.kr,경기도
088800,에이스테크,KOSDAQ,중견기업부,통신 및 방송 장비 제조업,"단말기용안테나,기지국용안테나",2006-03-27,12월,최문우,http://www.aceantenna.co.kr/kor/,인천광역시
241840,에이스토리,KOSDAQ,중견기업부,"영화, 비디오물, 방송프로그램 제작 및 배급업",방송프로그램 제작,2019-07-19,12월,이상백,http://www.astory.co.kr,서울특별시
364950,에이아이코리아,KOSDAQ,벤처기업부,특수 목적용 기계 제조업,"2차전지 중앙 전해액 공급시스템(CESS), 프로세스파이핑, 건식세정장비",2025-04-29,12월,안진호,http://www.aik.co.kr/,경기도
453860,에이에스텍,KOSDAQ,벤처기업부,기타 화학제품 제조업,자외선 차단제 유기 원료,2023-11-28,12월,"윤종배,이승재",http://www.asteh.co.kr,충청남도
312610,에이에프더블류,KOSDAQ,관리종목(소속부없음),1차 비철금속 제조업,음극마찰용접단자,2019-07-01,12월,김명훈,http://www.asanfw.com,대구광역시
172670,에이엘티,KOSDAQ,벤처기업부,반도체 제조업,반도체 테스트 및 패키징(반도체 후공정),2023-07-27,12월,천병태,http://alt-s.kr,충청북도
481070,에이유브랜즈,KOSDAQ,중견기업부,"섬유, 의복, 신발 및 가죽제품 소매업","레인부츠, 스니커즈, 겨울화, 패션잡화 등",2025-04-03,12월,김지훈,http://aubrandz.irpage.co.kr,서울특별시
060900,에이전트AI,KOSDAQ,중견기업부,전기업,풍력 및 태양광 발전업,2002-09-17,12월,김희순,http://www.agentai.xyz,전라남도
445090,에이직랜드,KOSDAQ,벤처기업부,반도체 제조업,"비메모리 반도체 설계및 제조, 전자회로 연구, 설계, 레이아웃 등",2023-11-13,12월,이종민,http://www.asicland.com,경기도
295310,에이치브이엠,KOSDAQ,기술성장기업부,1차 비철금속 제조업,"Ni계 합금, Fe계 합금, 스퍼터링타겟, Cu계 합금 등",2024-06-28,12월,문승호,http://hvm.co.kr/,경기도
072990,에이치시티,KOSDAQ,우량기업부,기타 과학기술 서비스업,기술검사서비스,2016-10-17,12월,"(공동대표이사)허봉재,권용택",http://www.hct.co.kr,경기도
044990,에이치엔에스하이텍,KOSDAQ,기술성장기업부,전자부품 제조업,"ACF(이방성전도필름), 수정진동자/수정발진기",2024-10-25,12월,김정희,http://www.hnshightech.com/,대전광역시
239610,에이치엘사이언스,KOSDAQ,벤처기업부,기타 식품 제조업,건강기능식품 등,2016-10-28,12월,이해연,http://www.hlscience.com,경기도
0156T0,에이치엘지노믹스,KOSDAQ,중견기업부,기초 의약물질 제조업,"원료의약품(피타바스타틴칼슘, 에스암로디핀니코틴산염, 베포타스틴베실산염 등)",2026-07-24,12월,김호진,http://hlgenomics.com,경기도
036170,에이치엠넥스,KOSDAQ,중견기업부,반도체 제조업,LED패키지,1999-12-21,12월,하관호,http://www.hmnex.co.kr,경기도
477340,에이치엠씨제7호스팩,KOSDAQ,SPAC(소속부없음),금융 지원 서비스업,기타금융,2024-06-24,12월,조한종,,서울특별시
148930,에이치와이티씨,KOSDAQ,중견기업부,기타 금속 가공제품 제조업,2차전지 장비 초정밀 부품,2022-08-09,12월,김욱현,http://www.hyseoul.com,경기도
044780,에이치케이,KOSDAQ,벤처기업부,특수 목적용 기계 제조업,레이저가공 절단기,2000-09-07,12월,계명재,http://www.hk-global.com,경기도
357230,에이치피오,KOSDAQ,우량기업부,기타 식품 제조업,"건강기능식품(유산균, 비타민 등)",2021-05-14,12월,최승호,http://denps.com/kor/,서울특별시
355690,에이텀,KOSDAQ,기술성장기업부,전자부품 제조업,평판형 트랜스,2023-12-01,12월,한택수,http://www.iatum.com/,서울특별시
071670,에이테크솔루션,KOSDAQ,중견기업부,특수 목적용 기계 제조업,"대형정밀금형(가전,자동차용 등)",2009-04-17,12월,유영목,http://www.atechsolution.co.kr,경기도
045660,에이텍,KOSDAQ,우량기업부,일반 목적용 기계 제조업,"PC,모니터",2001-05-24,12월,"신승영, 김형철(각자대표)",http://www.atec.kr,경기도
224110,에이텍모빌리티,KOSDAQ,벤처기업부,통신 및 방송 장비 제조업,교통카드단말기,2015-08-25,12월,"신승영, 최성용(각자대표이사)",http://www.atecmobility.com,경기도
021080,에이티넘인베스트,KOSDAQ,우량기업부,신탁업 및 집합투자업,벤처캐피탈,1991-07-12,12월,"신기천, 이승용, 맹두진(각자대표)",http://www.hanmivc.co.kr,서울특별시
200470,에이팩트,KOSDAQ,중견기업부,반도체 제조업,메모리 반도체 테스트,2014-12-26,12월,이성동,http://www.apact.co.kr,경기도
262260,에이프로,KOSDAQ,우량기업부,기타 전기장비 제조업,"2차전지 장비 등(일반충방전기, 고온가압 충방전기 등)",2020-07-16,12월,임종현,http://www.aproele.com,경기도
397030,에이프릴바이오,KOSDAQ,기술성장기업부,자연과학 및 공학 연구개발업,항체의약품 및 재조합 단백질 의약품,2022-07-28,12월,차상훈,http://www.aprilbio.com/,강원특별자치도
0009K0,에임드바이오,KOSDAQ,기술성장기업부,자연과학 및 공학 연구개발업,ADC 기반 항암제,2025-12-04,12월,허남구,http://www.aimedbio.com,서울특별시
230240,에치에프알,KOSDAQ,중견기업부,통신 및 방송 장비 제조업,유선 및 무선통신장비 제조 및 제조서비스,2015-12-16,12월,정종민,http://www.hfrnet.com,경기도
159910,에코글로우,KOSDAQ,중견기업부,기타 화학제품 제조업,"화장품제조,마스크",2012-12-27,12월,송호길,http://www.skinnskin.co.kr,경기도
097780,에코볼트,KOSDAQ,중견기업부,자동차 신품 부품 제조업,자동차 신품 부품,2008-01-23,12월,한재관,http://www.s-mac.co.kr,충청남도
038870,에코심플렉스,KOSDAQ,중견기업부,사업시설 유지·관리 서비스업,"판매시점정보시스템(POS), 금전등록기",2001-05-29,12월,송효순,http://www.ecoenergyholdings.com,서울특별시
448280,에코아이,KOSDAQ,중견기업부,기타 전문 서비스업,탄소배출권 및 탄소배출권 관련 컨설팅,2023-11-21,12월,현성완,http://www.ecoeye.com,서울특별시
101360,에코앤드림,KOSDAQ,벤처기업부,일차전지 및 이차전지 제조업,배출가스 저감용 촉매 및 이차전지 양극활물질 전구체,2020-07-30,12월,김민용,http://www.endss.com,충청북도
128540,에코캡,KOSDAQ,우량기업부,자동차 신품 부품 제조업,"자동차 부품(전선, 케이블, 벌브소켓, LED 등)",2018-12-05,12월,김창규,http://www.ecocab.co.kr,울산광역시
383310,에코프로에이치엔,KOSDAQ,우량기업부,기타 화학제품 제조업,환경오염 방지 관련 소재 및 설비,2021-05-28,12월,김종섭,http://www.ecoprohn.co.kr,충청북도
038110,에코플라스틱,KOSDAQ,우량기업부,자동차 신품 부품 제조업,BUMPER 및 자동차TRIM류,2000-03-23,12월,황학기,http://WWW.AP.CO.KR,경상북도
073540,에프알텍,KOSDAQ,벤처기업부,통신 및 방송 장비 제조업,이동통신용중계기,2007-05-18,12월,남재국,http://www.frtek.co.kr,경기도
064850,에프앤가이드,KOSDAQ,벤처기업부,기타 정보 서비스업,"금융정보서비스, INDEX, 펀드평가 등",2020-12-17,12월,전민석,http://www.fnguide.com,서울특별시
036810,에프에스티,KOSDAQ,중견기업부,전자부품 제조업,"펠리클(반도체부품), 칠러장비, 반도체유통",2000-01-18,12월,장경빈,http://www.fstc.co.kr,경기도
173940,에프엔씨엔터,KOSDAQ,중견기업부,창작 및 예술관련 서비스업,"콘서트, 음반/음원",2014-12-04,12월,"한성호, 김유식",http://www.fncent.com,서울특별시
083500,에프엔에스테크,KOSDAQ,우량기업부,특수 목적용 기계 제조업,"OLED, LCD 제조 공정 장비",2017-02-27,12월,"김팔곤, 양상재(공동대표)",http://www.fnstech.com,충청남도
317530,에피소드컴퍼니,KOSDAQ,기술성장기업부,"영화, 비디오물, 방송프로그램 제작 및 배급업","영상 콘텐츠(30.05%), 공연(29.76%), 키즈카페(17.38%), 커머스(12.77%), 라이선스 및 기타(10.04%)",2019-10-29,12월,김동하,http://www.carriesoft.com,서울특별시
054940,엑사이엔씨,KOSDAQ,중견기업부,실내건축 및 건축마무리 공사업,실내건축 공사업,2001-12-13,12월,김성후 (단독 대표이사),http://www.exaenc.com,서울특별시
950130,엑세스바이오,KOSDAQ,외국기업(소속부없음),의료용품 및 기타 의약 관련제품 제조업,"말라리아 진단키트(RDT), HIV 진단키트(RDT)",2013-05-30,12월,최영호,http://www.accessbio.net,미국
373110,엑셀세라퓨틱스,KOSDAQ,기술성장기업부,기초 의약물질 제조업,CellCor SFD/CD(세포배양배지),2024-07-15,12월,이의일,,서울특별시
205100,엑셈,KOSDAQ,벤처기업부,소프트웨어 개발 및 공급업,IT 시스템 성능관리 및 AI데이터 저장관리,2014-11-07,12월,"조종암, 고평석(각자대표)",http://www.ex-em.com,서울특별시
356680,엑스게이트,KOSDAQ,벤처기업부,소프트웨어 개발 및 공급업,통합 네트워크 보안 솔루션,2023-03-16,12월,주갑수,http://www.axgate.com,경기도
317770,엑스페릭스,KOSDAQ,벤처기업부,전자부품 제조업,"지문인식 등록, 인증 기기 및 솔루션",2019-08-01,12월,윤상철,http://www.xperix.com,경기도
373200,엑스플러스,KOSDAQ,벤처기업부,그외 기타 제품 제조업,모바일 IT응용제품 외,2021-02-26,12월,윤상철,http://xplusinc.com,서울특별시
069920,엑시온그룹,KOSDAQ,관리종목(소속부없음),무점포 소매업,"해외, 국내상품 소싱 및 판매대행 서비스",2007-12-05,12월,"정재영, 최수현(각자 대표이사)",http://www.isecommerce.co.kr,서울특별시
092870,엑시콘,KOSDAQ,우량기업부,특수 목적용 기계 제조업,반도체 검사장비,2015-10-22,12월,"최명배, 박영우 (각자대표이사)",http://www.exicon.co.kr,경기도
317870,엔바이오니아,KOSDAQ,기술성장기업부,그외 기타 제품 제조업,양전하필터(정수기),2019-10-24,12월,한정철,http://envioneer.com,충청북도
067570,엔브이에이치코리아,KOSDAQ,중견기업부,자동차 신품 부품 제조업,"헤드라이너, NVH부품",2013-12-03,12월,"구자겸, 천성식(각자대표이사)",http://www.nvhkorea.com,울산광역시
0004V0,엔비알모션,KOSDAQ,기술성장기업부,기타 금속 가공제품 제조업,강구 및 테이퍼롤러,2026-01-14,12월,문두성,,경상남도
236810,엔비티,KOSDAQ,기술성장기업부,광고업,모바일 포인트 광고 플랫폼,2021-01-21,12월,박수근,http://nbt.com/,서울특별시
333620,엔시스,KOSDAQ,벤처기업부,기타 전기장비 제조업,2차전지 머신비전 검사장비,2021-04-01,12월,진승언,http://www.n-sys.co.kr/,충청남도
101400,엔시트론,KOSDAQ,중견기업부,반도체 제조업,디지털오디오앰프칩,2009-03-31,12월,정인견,http://www.neofidelity.com,서울특별시
475230,엔알비,KOSDAQ,벤처기업부,기타 금속 가공제품 제조업,이동형 모듈러 임대 및 판매,2025-07-28,12월,강건우,http://www.and-rb.com/kor,전북특별자치도
481890,엔에이치스팩31호,KOSDAQ,SPAC(소속부없음),금융 지원 서비스업,금융지원서비스업,2024-07-26,12월,이시형,,서울특별시
0054V0,엔에이치스팩32호,KOSDAQ,SPAC(소속부없음),금융 지원 서비스업,합병,2025-12-05,12월,김수한,,서울특별시
0130H0,엔에이치스팩33호,KOSDAQ,SPAC(소속부없음),금융 지원 서비스업,기업인수,2026-03-27,12월,남강욱,,서울특별시
0197V0,엔에이치스팩34호,KOSDAQ,SPAC(소속부없음),금융 지원 서비스업,합병,2026-09-10,12월,유준수,,서울특별시
265740,엔에프씨,KOSDAQ,벤처기업부,기타 화학제품 제조업,화장품 원료 제조 및 판매,2020-12-02,12월,김학철,http://nfccosmetics.co.kr,인천광역시
354200,엔젠바이오,KOSDAQ,기술성장기업부,"그외 기타 전문, 과학 및 기술 서비스업","유전체 분야 진단시약 제조 및 유전체 분야 소프트웨어 연구,개발,판매",2020-12-10,12월,이경남,http://ngenebio.com,서울특별시
455900,엔젤로보틱스,KOSDAQ,기술성장기업부,특수 목적용 기계 제조업,"재활 전문 웨어러블 로봇, 근력 보조 무동력 웨어러블 슈트, 일상생활 보조 웨어러블 로봇 등",2024-03-26,12월,조남민 (단독대표),http://www.angel-robotics.com/ko/,서울특별시
419080,엔젯,KOSDAQ,기술성장기업부,특수 목적용 기계 제조업,"EHD 잉크젯 프린터, EHD 코터",2022-11-18,12월,변도영,http://enjet.co.kr,경기도
183490,엔지켐생명과학,KOSDAQ,관리종목(소속부없음),기초 의약물질 제조업,"EC-18(신약), 원료의약품",2018-02-21,12월,손기영,http://www.enzychem.co.kr,충청북도
182400,엔케이젠바이오텍코리아,KOSDAQ,관리종목(소속부없음),기초 의약물질 제조업,"연구용 시약, NK Vue® KIT, SuperNK",2015-10-23,12월,김용만,http://www.nkmax.com,경기도
348370,엔켐,KOSDAQ,중견기업부,기초 화학물질 제조업,2차전지 전해액,2021-11-01,12월,오정강,http://www.enchem.net,충청북도
069410,엔텔스,KOSDAQ,벤처기업부,소프트웨어 개발 및 공급업,운용지원솔루션,2007-06-20,12월,최일규,http://www.ntels.com,서울특별시
227950,엔투텍,KOSDAQ,벤처기업부,특수 목적용 기계 제조업,반도체장비 부품 제조업,2015-11-18,12월,"김재섭, 이욱재 (각자대표)",http://www.n2tech.kr,경기도
048830,엔피케이,KOSDAQ,중견기업부,합성고무 및 플라스틱 물질 제조업,합성고무 및 플라스틱물질 제조업,2000-10-12,12월,최윤혁,http://www.npk.co.kr,경상북도
096870,엘디티,KOSDAQ,벤처기업부,반도체 제조업,"OLED구동IC,LED구동IC,LCD구동IC",2008-05-02,12월,김정준,,충청남도
290650,엘앤씨바이오,KOSDAQ,우량기업부,의약품 제조업,"인체조직(피부, 뼈, 연골)",2018-11-01,12월,"이환철, 이재호 (각자 대표이사)",http://www.lncbio.co.kr,경기도
156100,엘앤케이바이오,KOSDAQ,벤처기업부,의료용 기기 제조업,척추 임플란트,2016-11-30,12월,강국진(단독대표),http://www.lnkbiomed.com,경기도
0041J0,엘에스스팩1호,KOSDAQ,SPAC(소속부없음),금융 지원 서비스업,기업인수합병,2025-07-22,12월,이정국,,서울특별시
073110,엘엠에스,KOSDAQ,벤처기업부,전자부품 제조업,프리즘시트,2007-10-12,12월,"나우주, 조성민(각자대표)",,경기도
083310,엘오티베큠,KOSDAQ,우량기업부,특수 목적용 기계 제조업,반도체제조용진공펌프,2005-10-05,12월,오흥식,http://www.lotvacuum.com,경기도
037950,엘컴텍,KOSDAQ,중견기업부,전자부품 제조업,"BLU(Back Light Unit), CCM(Compact Camera Module), Display용 EL",2000-08-24,12월,김충섭,http://www.elcomtec.co.kr,경기도
489500,엘케이켐,KOSDAQ,벤처기업부,기타 화학제품 제조업,"반도체 소재(CP, PCP, DIS) 등",2025-02-25,12월,이창엽,http://lkchem.co.kr,충청남도
170920,엘티씨,KOSDAQ,벤처기업부,기초 화학물질 제조업,FPD(LCD/OLED) 및 반도체용 박리액,2013-10-08,12월,최호성,http://www.l-tech.co.kr,경기도
058630,엠게임,KOSDAQ,우량기업부,소프트웨어 개발 및 공급업,"온라인 게임 개발 및 퍼블리싱(열혈강호온라인,홀릭2,영웅)",2008-12-19,12월,권이형,http://www.mgamecorp.com,서울특별시
226590,엠디바이스,KOSDAQ,기술성장기업부,전자부품 제조업,반도체기억장치,2025-03-07,12월,조호경,http://mdevice.co.kr,경기도
058970,엠로,KOSDAQ,기술성장기업부,소프트웨어 개발 및 공급업,"기업용 공급망관리 소프트웨어, AI 디지털혁신 소프트웨어, 공급망관리 클라우드 서비스",2021-08-13,12월,조상원,http://www.emro.co.kr,서울특별시
169330,엠브레인,KOSDAQ,중견기업부,시장조사 및 여론조사업,온라인 및 오프라인 리서치,2020-07-01,06월,최인수,http://embrain.com/,서울특별시
373170,엠아이큐브솔루션,KOSDAQ,벤처기업부,소프트웨어 개발 및 공급업,"스마트팩토리 솔루션, 제조지능화 솔루션",2023-08-04,12월,심효준,http://www.micube.co.kr,서울특별시
179290,엠아이텍,KOSDAQ,우량기업부,의료용 기기 제조업,비혈관 스텐트 및 체외충격파 쇄석기,2018-11-29,12월,곽재오,http://www.mitech.co.kr,경기도
009780,엠에스씨,KOSDAQ,우량기업부,기타 식품 제조업,식품첨가물,1993-10-12,12월,"정재열,김길제",http://www.msckorea.com,경상남도
123040,엠에스오토텍,KOSDAQ,중견기업부,자동차 신품 부품 제조업,자동차 차체 부품,2010-08-06,12월,"이태규,이강섭",http://ms-global.com,경상북도
432980,엠에프씨,KOSDAQ,기술성장기업부,기초 의약물질 제조업,원료의약품(API) 및 핵심소재,2024-12-26,12월,"황성관, 서기형(각자 대표이사)",http://www.mfcglobal.co.kr,경기도
007820,엠엑스로보틱스,KOSDAQ,중견기업부,일반 목적용 기계 제조업,"자동화물류서비스, 자동화공정설비",2011-11-08,12월,조재관,http://www.smck.com,서울특별시
347890,엠엑스온,KOSDAQ,벤처기업부,"측정, 시험, 항해, 제어 및 기타 정밀기기 제조업; 광학기기 제외","스마트HMI, 스마트SCADA, 스마트팩토리솔루션",2020-07-29,12월,강원희,http://www.m2i.co.kr,경기도
413390,엠오티,KOSDAQ,중견기업부,특수 목적용 기계 제조업,이차전지 제조 자동화 설비,2024-11-18,12월,마점래,http://www.motfa.com,경상남도
032790,엠젠솔루션,KOSDAQ,벤처기업부,기계장비 및 관련 물품 도매업,"프린터형상기, 광통신장비, Bio이종장기, AI솔루션",1997-06-26,12월,강용주,http://www.mgensolutions.kr,서울특별시
033160,엠케이전자,KOSDAQ,중견기업부,전자부품 제조업,반도체용세금선,1997-11-10,12월,현기진,http://www.mke.co.kr,경기도
033310,엠투엔,KOSDAQ,중견기업부,전자부품 제조업,산업용자동제어반기기,1997-11-10,12월,이승건,http://www.dkdni.co.kr,서울특별시
259630,엠플러스,KOSDAQ,우량기업부,특수 목적용 기계 제조업,이차전지 자동화 조립설비,2017-09-20,12월,김종성,http://www.mplusi.co.kr,충청북도
105550,엣지파운드리,KOSDAQ,중견기업부,전자부품 제조업,"자동차용 센서(APS, TPS, IAPS, SLS)",2014-07-11,12월,"남용현, 박찬영(각자 대표이사)",http://www.truwin.co.kr,대전광역시
060850,영림원소프트랩,KOSDAQ,벤처기업부,소프트웨어 개발 및 공급업,"ERP Package, 유지 관리 등",2020-08-12,12월,권영범,http://ksystem.co.kr,서울특별시
143540,영우디에스피,KOSDAQ,벤처기업부,특수 목적용 기계 제조업,OLED/LCD 디스플레이 검사장비,2014-10-29,12월,박금성,http://www.ywdsp.com,충청남도
265560,영화테크,KOSDAQ,우량기업부,자동차 신품 부품 제조업,자동차 정션박스 등,2017-10-26,12월,엄준형,http://www.yhtec.com,충청남도
036000,예림당,KOSDAQ,중견기업부,"서적, 잡지 및 기타 인쇄물 출판업",무선가입자망 단말기 및 차량용핸즈프리,1999-11-30,12월,나성훈,http://yearim.co.kr,서울특별시
250930,예선테크,KOSDAQ,관리종목(소속부없음),플라스틱제품 제조업,기업인수합병,2016-09-29,12월,전춘섭,,경기도
053280,예스24,KOSDAQ,중견기업부,무점포 소매업,"도서,음반/DVD,화장품",2008-05-07,12월,"김석환, 최세라 (각자대표이사)",,서울특별시
122640,예스티,KOSDAQ,벤처기업부,특수 목적용 기계 제조업,반도체 및 디스플레이 제조 장비,2015-12-16,12월,"장동복, 강임수 각자대표이사",http://www.yest.co.kr,경기도
476040,오가노이드사이언스,KOSDAQ,기술성장기업부,자연과학 및 공학 연구개발업,"오가노이드 기반 재생치료제, 오가노이드 기반 신소재평가 솔루션",2025-05-09,12월,"유종만, 오상훈 (각자대표이사)",http://organoidrx.com,충청북도
900300,오가닉티코스메틱,KOSDAQ,외국기업(소속부없음),기타 금융업,"유아용 화장품(클렌징, 여름용, 피부케어, 기능성 화장품)",2016-11-04,12월,채정망,,홍콩
045060,오공,KOSDAQ,우량기업부,기타 화학제품 제조업,"접착제,씰란트,광택제,연마제",2000-08-10,12월,"김윤정,김중화",http://www.okong.com,인천광역시
192410,오늘이엔엠,KOSDAQ,중견기업부,통신 및 방송 장비 제조업,"지능형서비스로봇, 기지국안테나, 여행",2014-08-14,12월,"이홍관, 허재 (각자 대표이사)",http://www.hyulimnetworks.com/,서울특별시
080520,오디텍,KOSDAQ,벤처기업부,반도체 제조업,"광반도체, 소자 및 모듈",2007-10-08,12월,박병근,http://www.od-tech.com,전북특별자치도
039830,오로라,KOSDAQ,우량기업부,전문디자인업,"캐릭터디자인,캐릭터완구 등",2001-01-03,12월,노재연,http://www.auroraworld.com,서울특별시
322310,오로스테크놀로지,KOSDAQ,벤처기업부,특수 목적용 기계 제조업,반도체 Overlay 계측 장비,2021-02-24,12월,"각자 대표이사 이준우, 최성원",http://www.aurostech.com,경기도
046120,오르비텍,KOSDAQ,중견기업부,기타 과학기술 서비스업,"방사선안전관리, 항공기 정밀부품 제조 등",2010-06-15,12월,도은성,http://orbitech.co.kr,서울특별시
475830,오름테라퓨틱,KOSDAQ,기술성장기업부,기초 의약물질 제조업,항체약물접합체(ADC) 단백질 분해제(TPD) 연구 개발,2025-02-14,12월,이승주,,대전광역시
014940,오리엔탈정공,KOSDAQ,우량기업부,일반 목적용 기계 제조업,선박용 기계제품(크레인 등),2001-12-26,12월,박세철,http://www.opco.co.kr,부산광역시
065500,오리엔트정공,KOSDAQ,중견기업부,자동차 신품 부품 제조업,"하우징, 리테이너베어링",2002-09-19,12월,"장재진, 박영동",http://www.orientpi.co.kr,경상북도
010470,오리콤,KOSDAQ,우량기업부,광고업,광고대행,2000-10-24,12월,"박병철, 정승우(각자 대표이사)",http://www.oricom.co.kr,서울특별시
417860,오브젠,KOSDAQ,벤처기업부,소프트웨어 개발 및 공급업,CRM 소프트웨어,2023-01-30,12월,"전배문, 유용희",http://obzen.com,서울특별시
352910,오비고,KOSDAQ,기술성장기업부,"컴퓨터 프로그래밍, 시스템 통합 및 관리업",스마트카 소프트웨어 플랫폼,2021-07-13,12월,황도연,http://obigo.com/,경기도
053980,오상자이엘,KOSDAQ,우량기업부,소프트웨어 개발 및 공급업,CATIA Solution,2002-04-09,12월,"이국래,김선기(각자 대표이사)",http://www.osangjaiel.co.kr,인천광역시
036220,오상헬스케어,KOSDAQ,우량기업부,의료용 기기 제조업,"생화학 측정기 및 센서, 면역진단기기 및 마커, 분자진단기기 및 시약 등",2024-03-13,12월,"강철훈, 유병열(각자대표이사)",http://www.osanghc.com,경기도
052420,오성첨단소재,KOSDAQ,우량기업부,플라스틱제품 제조업,"보호, 기능성 필름",2001-08-07,12월,김두인,http://www.osungam.com,전북특별자치도
052300,오션인더블유,KOSDAQ,중견기업부,상품 종합 도매업,운송,2001-08-02,12월,"최진욱, 이응길(공동대표이사)",http://www.oceaninw.co.kr,서울특별시
039200,오스코텍,KOSDAQ,벤처기업부,의약품 제조업,신약연구개발,2007-01-17,12월,"윤태영,이상현",http://www.oscotec.com,경기도
226400,오스테오닉,KOSDAQ,기술성장기업부,의료용 기기 제조업,골접합 및 재건용 금속소재 및 생체복합재료 기반 임플란트,2018-02-22,12월,이동원,http://www.osteonic.com,서울특별시
031510,오스템,KOSDAQ,중견기업부,자동차 신품 부품 제조업,휠,1997-02-12,12월,"김정우,김민석",http://www.yyauto.co.kr,충청남도
342870,오아,KOSDAQ,중견기업부,가전제품 및 정보통신장비 소매업,계절/생활/주방/건강가전 및 헬스/건강식품,2025-09-09,12월,김상무,http://www.oa-world.com,서울특별시
368970,오에스피,KOSDAQ,관리종목(소속부없음),동물용 사료 및 조제식품 제조업,프리미엄 반려동물 사료,2022-10-14,12월,"강재구, 김영관(각자 대표)",,충청남도
138080,오이솔루션,KOSDAQ,벤처기업부,통신 및 방송 장비 제조업,광트랜시버,2014-02-27,12월,박용관,http://www.oesolution.com,광주광역시
080580,오킨스전자,KOSDAQ,벤처기업부,전자부품 제조업,반도체 검사용 소켓,2014-12-24,12월,전진국,http://www.okins.co.kr,경기도
067170,오텍,KOSDAQ,중견기업부,자동차 재제조 부품 제조업,"냉동 및 내장탑차, 앰블란스",2003-11-14,12월,"강성희, 이규방(각자 대표이사)",http://www.autech.co.kr,충청남도
353590,오토앤,KOSDAQ,중견기업부,자동차 부품 및 내장품 판매업,자동차 지급품 및 애프터마켓 제품,2022-01-20,12월,최찬욱,http://www.auton.kr,경기도
173130,오파스넷,KOSDAQ,중견기업부,"컴퓨터 프로그래밍, 시스템 통합 및 관리업",네트워크 구축 및 유지보수,2018-08-24,12월,장수현,http://www.opasnet.co.kr,서울특별시
440320,오픈놀,KOSDAQ,기술성장기업부,소프트웨어 개발 및 공급업,미니인턴플랫폼(커리어 및 채용 플랫폼),2023-06-30,12월,권인택,http://openknowl.com,서울특별시
049480,오픈베이스,KOSDAQ,우량기업부,"컴퓨터 프로그래밍, 시스템 통합 및 관리업","트래픽솔루션(웹스위치,트래픽서버)",2001-01-09,12월,"황철이, 정진섭(각자 대표이사)",http://www.openbase.co.kr,서울특별시
394280,오픈엣지테크놀로지,KOSDAQ,기술성장기업부,소프트웨어 개발 및 공급업,시스템 반도체 IP,2022-09-26,12월,이성현,http://www.openedges.com,서울특별시
476060,온코닉테라퓨틱스,KOSDAQ,기술성장기업부,자연과학 및 공학 연구개발업,"자큐보정(Zastaprazan, 소화기질환 신약), Nesuparib(표적항암제 신약)",2024-12-19,12월,김존,http://onconic.co.kr,서울특별시
382150,온코크로스,KOSDAQ,기술성장기업부,자연과학 및 공학 연구개발업,AI플랫폼 기반 신약개발 용역서비스,2024-12-18,12월,"김이랑, 강지훈 (각자대표)",http://www.oncocross.com/,서울특별시
244460,올리패스,KOSDAQ,관리종목(소속부없음),기초 의약물질 제조업,인공유전자 플랫폼(OliPass PNA) 기술을 활용한 RNA치료제 신약개발,2019-09-20,12월,김태현,http://www.olipass.com,경기도
057540,옴니시스템,KOSDAQ,관리종목(소속부없음),"측정, 시험, 항해, 제어 및 기타 정밀기기 제조업; 광학기기 제외","전자식전력량계,설비미터,원격검침시스템",2007-09-19,12월,박혜린,http://www.omnisystem.co.kr,경기도
131030,옵투스제약,KOSDAQ,우량기업부,의약품 제조업,티어린프리점안액,2010-12-03,12월,심상호,http://www.optuspharm.com,충청북도
082210,옵트론텍,KOSDAQ,중견기업부,사진장비 및 광학기기 제조업,"IRFilter,Grating",2005-06-24,12월,최상호,http://www.optrontec.com,대전광역시
109080,옵티시스,KOSDAQ,벤처기업부,통신 및 방송 장비 제조업,광링크 모듈 등,2011-07-12,12월,신현국,http://www.opticis.com,경기도
380540,옵티코어,KOSDAQ,관리종목(소속부없음),마그네틱 및 광학 매체 제조업,"광트랜시버, 광다중화장치 등",2022-12-29,12월,문유석,http://www.opticore.co.kr/,경기도
153710,옵티팜,KOSDAQ,기술성장기업부,의료용품 및 기타 의약 관련제품 제조업,"옵티케어,메디피그 등",2018-10-26,12월,김현일,http://www.optipharm.co.kr,충청북도
432430,와이랩,KOSDAQ,기술성장기업부,"영화, 비디오물, 방송프로그램 제작 및 배급업",만화출판물의 제작 및 영상물 제작,2023-07-20,12월,강철구,http://ylabcomics.com,서울특별시
338840,와이바이오로직스,KOSDAQ,기술성장기업부,자연과학 및 공학 연구개발업,항체의약품 및 항체후보물질 연구개발,2023-12-05,12월,"박영우, 박범찬(각자대표)",http://ybiologics.com,대전광역시
122990,와이솔,KOSDAQ,중견기업부,전자부품 제조업,"SAW Filter, Wafer Chip, Duplexer",2010-09-10,12월,김지호,http://www.wisol.co.kr,경기도
232140,와이씨,KOSDAQ,우량기업부,특수 목적용 기계 제조업,메모리 웨이퍼 테스터,2015-12-24,12월,"최명배, 장성진 (각자대표)",http://yikcorp.com,경기도
112290,와이씨켐,KOSDAQ,기술성장기업부,기타 화학제품 제조업,반도체 및 디스플레이용 화학소재,2022-07-14,12월,"이성일, 이승훈",http://www.ycchem.co.kr/,경상북도
065530,와이어블,KOSDAQ,우량기업부,전기 통신업,공용기지국건설/관리,2002-06-04,12월,"장병권, 김문환(각자대표이사)",http://www.wiable.co.kr,서울특별시
067900,와이엔텍,KOSDAQ,우량기업부,폐기물 처리업,"사업장폐기물중간및최종처리,전문건설,골재제조",2005-12-23,12월,"박지영, 박용하(각자 대표이사)",http://www.y-entec.co.kr,전남광주통합특별시
007530,와이엠,KOSDAQ,중견기업부,기타 금속 가공제품 제조업,"볼트, 나사",1994-08-05,12월,선지영,http://www.ysmic.co.kr,경기도
155650,와이엠씨,KOSDAQ,우량기업부,전자부품 제조업,"FPD 패널용 Target, Backing Plate 등",2012-11-15,12월,이윤용,http://www.ymc-inc.com,충청남도
273640,와이엠텍,KOSDAQ,벤처기업부,"전동기, 발전기 및 전기 변환 · 공급 · 제어 장치 제조업",계전기(EV Relay),2021-09-10,12월,조현길,http://www.goodymt.com,충청북도
251370,와이엠티,KOSDAQ,벤처기업부,기초 화학물질 제조업,"PCB, 반도체 및 디스플레이 제조용 화학소재 등",2017-04-27,12월,"전성욱, 김균록 (각자대표)",http://www.ymtechnology.com,인천광역시
209640,와이제이링크,KOSDAQ,중견기업부,특수 목적용 기계 제조업,SMT(PCB 표면실장) 이송 및 추적장비 등 스마트 공정장비,2024-10-18,12월,박순일,http://www.yjlink.com,대구광역시
096250,와이즈넛,KOSDAQ,기술성장기업부,소프트웨어 개발 및 공급업,"검색엔진, 챗봇, 클라우드서비스",2025-01-24,12월,강용성,http://www.wisenut.com/,경기도
273060,와이즈버즈,KOSDAQ,중견기업부,광고업,광고대행,2017-08-07,12월,"김종원, 최호준(각자 대표이사)",http://www.wisebirds.co,경기도
019210,와이지-원,KOSDAQ,우량기업부,기타 금속 가공제품 제조업,"엔드밀, 탭, 드릴",1997-08-06,12월,"송호근, 송시한",http://www.yg1.solutions,인천광역시
079000,와토스코리아,KOSDAQ,중견기업부,플라스틱제품 제조업,위생도기용부속(양변기용),2005-11-15,12월,"송태양,송태광(각자대표)",http://www.watos.com,전남광주통합특별시
403490,우듬지팜,KOSDAQ,벤처기업부,"과실, 채소 가공 및 저장 처리업","스테비아 토마토, 대추방울 토마토, 완숙 토마토 등",2023-09-19,12월,김호연,http://www.wdgfarm.com,충청남도
032820,우리기술,KOSDAQ,벤처기업부,"전동기, 발전기 및 전기 변환 · 공급 · 제어 장치 제조업","시스템사업, 정보통신사업",2000-06-22,12월,노갑선,http://www.wooritg.com,서울특별시
041190,우리기술투자,KOSDAQ,우량기업부,기타 금융업,창업자에 대한 투자 및 융자,2000-06-09,12월,이정훈,http://www.wooricapital.co.kr,서울특별시
115440,우리넷,KOSDAQ,우량기업부,통신 및 방송 장비 제조업,"광전송장비(MSPP), 교환장비(AGW)",2010-01-27,12월,김광수(단독대표),http://www.woori-net.com,경기도
046970,우리로,KOSDAQ,벤처기업부,기타 전문 도매업,"광분배기(웨이퍼, 칩, 모듈), 광다이오드",2012-11-27,12월,박세철,http://www.wooriro.com,광주광역시
082850,우리바이오,KOSDAQ,중견기업부,기타 식품 제조업,건강기능식품 개발 제조 및 스마트팜 연구개발,2005-07-29,12월,"엄태욱, 윤지용",http://www.wooreebio.co.kr/,경기도
215360,우리산업,KOSDAQ,우량기업부,자동차 신품 부품 제조업,ACTUATOR 등,2015-05-06,12월,김정우,http://www.woory.com,경기도
072470,우리산업홀딩스,KOSDAQ,중견기업부,자동차 신품 부품 제조업,HVAC ACTUATOR (자동차 공조장치 부품 등),2003-10-28,12월,김명준,http://www.woory.com,경기도
073560,우리손에프앤지,KOSDAQ,우량기업부,"도축, 육류 가공 및 저장 처리업","양돈업, 도축업",2016-07-27,12월,"조창현, 조광식(각자대표)",http://www.woorisonfng.co.kr,전라남도
037400,우리엔터프라이즈,KOSDAQ,관리종목(소속부없음),상품 종합 도매업,"변환장치 제조업 백열전구, 형광등",1999-12-16,12월,"윤지용,엄태욱 각자대표이사",http://www.wooree.co.kr,경기도
153490,우리이앤엘하루틴,KOSDAQ,우량기업부,반도체 제조업,LED 패키지,2013-02-05,12월,"윤지용, 김재민",http://www.wooreeenl.co.kr,경기도
101170,우림피티에스,KOSDAQ,벤처기업부,일반 목적용 기계 제조업,"트랜스미션,감속기,기어전동축 제조",2009-04-28,12월,"한현석,한우진(각자 대표이사)",http://www.woorimgear.co.kr,경상남도
103840,우양,KOSDAQ,중견기업부,"과실, 채소 가공 및 저장 처리업","HMR, 음료 베이스, 퓨레 등",2019-11-20,12월,"이구열, 박경훈(공동대표이사)",http://foodkorea.com,충청남도
101970,우양에이치씨,KOSDAQ,중견기업부,"구조용 금속제품, 탱크 및 증기발생기 제조업","화공 플랜트, 에너지 플랜트",2025-03-28,12월,김진태,http://www.wooyang.co.kr,경기도
046940,우원개발,KOSDAQ,우량기업부,기반조성 및 시설물 축조관련 전문공사업,토공사,2002-06-18,12월,"김기영,김기현(각자대표)",http://www.woowonerd.com,서울특별시
065680,우주일렉트로,KOSDAQ,우량기업부,전자부품 제조업,정보통신용 초정밀커넥터,2004-01-02,12월,"노영백, 노중산(각자대표이사)",http://www.uju.com,경기도
018620,우진비앤지,KOSDAQ,벤처기업부,의약품 제조업,"슈퍼티아, 안티펜SM",2008-05-20,12월,강재구,http://www.woogenebng.com,경기도
457550,우진엔텍,KOSDAQ,중견기업부,"그외 기타 전문, 과학 및 기술 서비스업",발전소 계측제어설비 정비 서비스,2024-01-24,12월,신상연,http://www.woojinntec.com/,경기도
396470,워트,KOSDAQ,중견기업부,특수 목적용 기계 제조업,초정밀 온습도 제어장비,2023-10-26,12월,박승배,http://wot.co.kr,경기도
307280,원바이오젠,KOSDAQ,벤처기업부,의료용품 및 기타 의약 관련제품 제조업,"창상피복제, 습윤드레싱제",2018-12-05,12월,김원일,http://wonbiogen.co.kr,경상북도
032940,원익,KOSDAQ,우량기업부,기계장비 및 관련 물품 도매업,"Quartz, HIC, 의료기기",1997-07-18,12월,장홍식,http://wonikcorp.com,경기도
074600,원익QnC,KOSDAQ,우량기업부,유리 및 유리제품 제조업,반도체용 석영유리,2003-12-12,12월,백홍주,http://www.wonikqnc.com,경상북도
104830,원익머트리얼즈,KOSDAQ,우량기업부,기초 화학물질 제조업,"저메인가스,디실란,아산화질소,암모니아 등",2011-12-28,12월,한정욱,http://wimco.co.kr,충청북도
014190,원익큐브,KOSDAQ,우량기업부,기타 전문 도매업,"MMA,BAM,PC,PP,목재,실란트,디지털인쇄기",1996-04-26,12월,김응선,http://www.wonikcube.com,경기도
217820,원익피앤이,KOSDAQ,중견기업부,특수 목적용 기계 제조업,2차전지 자동화 설비,2015-12-07,12월,"이기채, 안희은 (각자대표이사)",http://www.wonikpne.com,경기도
030530,원익홀딩스,KOSDAQ,중견기업부,기초 화학물질 제조업,가스캐비닛,1996-09-24,12월,"조남성, 장성대 (각자대표이사)",http://www.wonikholdings.kr,경기도
012620,원일특강,KOSDAQ,우량기업부,1차 철강 제조업,특수강,1994-06-28,12월,최극태,http://www.wonilsteel.co.kr,경기도
136150,원일티엔아이,KOSDAQ,벤처기업부,일반 목적용 기계 제조업,"수소저장합금, 고압연소식기화기",2025-05-09,12월,"이정빈, 이승준(공동대표)",http://www.woniltni.co.kr/,경기도
382840,원준,KOSDAQ,중견기업부,특수 목적용 기계 제조업,2차전지용 열처리 장비,2021-10-07,12월,이성제,http://www.onejoon.co.kr/,경기도
336570,원텍,KOSDAQ,우량기업부,의료용 기기 제조업,기업 인수 및 합병,2019-12-19,12월,"김종원, 김정현",,대전광역시
376980,원티드랩,KOSDAQ,기술성장기업부,소프트웨어 개발 및 공급업,채용 플랫폼,2021-08-11,12월,이복기,http://www.wanted.co.kr,서울특별시
008370,원풍,KOSDAQ,우량기업부,플라스틱제품 제조업,플라스틱 필름,1992-12-18,12월,"서승민,이문희(공동대표)",http://www.wonpoong.co.kr,서울특별시
008290,원풍물산,KOSDAQ,관리종목(소속부없음),봉제의복 제조업,남성용신사복,1997-07-18,12월,이두식,http://www.wonpung.com,인천광역시
101160,월덱스,KOSDAQ,우량기업부,전자부품 제조업,반도체용링및전극,2008-06-19,12월,배종식,,경상북도
336060,웨이버스,KOSDAQ,벤처기업부,소프트웨어 개발 및 공급업,금융 지원 서비스,2019-11-28,12월,"김학성, 박창훈",,서울특별시
095270,웨이브일렉트로,KOSDAQ,벤처기업부,"측정, 시험, 항해, 제어 및 기타 정밀기기 제조업; 광학기기 제외",이동통신중계기용전력증폭기,2007-09-12,12월,"박천석,박병래(각자대표)",http://www.wavetc.com,경기도
289930,웨이비스,KOSDAQ,기술성장기업부,반도체 제조업,"GaN RF 칩, 패키지 트랜지스터, 모듈 등",2024-10-25,12월,한민석,http://www.wavice.com/,경기도
065950,웰크론,KOSDAQ,중견기업부,직물직조 및 직물제품 제조업,"기능성 침구용품, 크리너, 필터, 방탄·방검복",2003-07-29,12월,이영규,http://www.welcron.com,서울특별시
076080,웰크론한텍,KOSDAQ,중견기업부,건물 건설업,"에너지절감설비,자동화배합설비,환경설비",2008-07-18,12월,"이영규, 이기창, 강영길 (각자대표)",http://www.welcronhantec.co.kr,경기도
043590,웰킵스하이텍,KOSDAQ,중견기업부,반도체 제조업,"DRIVER-IC,DDI Package,트랜스포머,코일",2001-12-20,12월,박기태,http://www.welkeepshitech.com,서울특별시
196700,웹스,KOSDAQ,벤처기업부,합성고무 및 플라스틱 물질 제조업,"기능성 컴파운드, 건축외장자재",2015-08-24,12월,이재춘,http://www.waps.co.kr,부산광역시
053580,웹케시,KOSDAQ,우량기업부,소프트웨어 개발 및 공급업,"에스이알피, 브랜치, 인하우스",2019-01-25,12월,강원주,http://www.webcash.co.kr,서울특별시
479960,위너스일렉,KOSDAQ,중견기업부,기타 전기장비 제조업,"배선기구(스위치, 콘센트, 멀티탭), 전기차 충전기(급속, 완속)",2025-02-24,12월,김창성,http://www.wns21.co.kr/,
044340,위닉스,KOSDAQ,중견기업부,가정용 기기 제조업,일반목적용 기계제조업,2000-10-24,12월,윤철민,http://www.winix.com,경기도
330350,위더스제약,KOSDAQ,우량기업부,의약품 제조업,의약품 제조 및 도소매(순환기용제 등),2020-07-03,12월,성대영,http://withuspharm.com,서울특별시
348350,위드텍,KOSDAQ,벤처기업부,"측정, 시험, 항해, 제어 및 기타 정밀기기 제조업; 광학기기 제외","AMCs 모니터링 시스템, 공정 프로세스 모니터링 시스템, TMS",2020-10-30,12월,"유승교,박현열(각자 대표이사)",http://www.withtech.co.kr,대전광역시
112040,위메이드,KOSDAQ,중견기업부,소프트웨어 개발 및 공급업,"미르의전설2, 미르4",2009-12-18,12월,"Park, Kwan Ho",http://wemade.com,경기도
101730,위메이드맥스,KOSDAQ,중견기업부,소프트웨어 개발 및 공급업,실크로드 온라인,2009-06-03,12월,손면석,http://www.wemademax.com,경기도
123420,위메이드플레이,KOSDAQ,우량기업부,소프트웨어 개발 및 공급업,모바일게임,2010-11-10,12월,우상준,http://corp.wemadeplay.com,경기도
065370,위세아이텍,KOSDAQ,벤처기업부,소프트웨어 개발 및 공급업,"빅데이터분석, 인공지능, 데이터품질관리 솔루션",2020-02-10,12월,"김다산, 이제동 (각자 대표이사)",http://www.wise.co.kr,경기도
038620,위즈코프,KOSDAQ,벤처기업부,연료 소매업,인터넷 인프라 및 응용,2000-05-04,12월,정승환,http://www.wizit.com,서울특별시
036090,위지트,KOSDAQ,중견기업부,특수 목적용 기계 제조업,LCD 반도체,1999-12-10,12월,오흥식,http://www.wizit.co.kr,인천광역시
459100,위츠,KOSDAQ,중견기업부,전자부품 제조업,"무선충전소재, 부품 제조",2024-11-20,12월,김응태,http://www.ewits.co.kr/kr/,경기도
136540,윈스테크넷,KOSDAQ,우량기업부,"컴퓨터 프로그래밍, 시스템 통합 및 관리업","네크워크보안장비(IPS, 안티 DDoS)",2011-05-02,12월,김보연,http://www.wins21.co.kr,경기도
097800,윈팩,KOSDAQ,중견기업부,반도체 제조업,반도체 패키징 및 테스트,2013-03-07,12월,신동호(단독대표이사),http://www.winpac.co.kr,경기도
192390,윈하이텍,KOSDAQ,벤처기업부,"구조용 금속제품, 탱크 및 증기발생기 제조업",데크 플레이트(건설용거푸집),2014-07-25,12월,"송자은, 박성태(각자대표)",http://www.winhitech.co.kr,충청북도
335870,윙스풋,KOSDAQ,중견기업부,"섬유, 의복, 신발 및 가죽제품 소매업",신발 매입 및 공급,2019-12-09,12월,"임신영, 김동린(각자대표)",http://www.wingsfoot.co.kr,서울특별시
900340,윙입푸드,KOSDAQ,외국기업(소속부없음),기타 금융업,육가공 제품,2018-11-30,12월,왕현도,http://wingyip-food.com,홍콩
036200,유니셈,KOSDAQ,우량기업부,특수 목적용 기계 제조업,반도체장비(DryGasScrubber),1999-12-10,12월,"김형균,이양구(각자대표)",http://www.unisem.co.kr,경기도
018000,유니슨,KOSDAQ,중견기업부,일반 목적용 기계 제조업,"풍력발전기, 풍력타워",1996-01-10,12월,"김병주, 권정민(공동대표이사)",http://www.unison.co.kr,경상남도
203450,유니온바이오메트릭스,KOSDAQ,벤처기업부,통신 및 방송 장비 제조업,지문인식출입통제기,2016-12-07,12월,신요식,http://www.unioncomm.co.kr,서울특별시
011320,유니크,KOSDAQ,우량기업부,자동차 신품 부품 제조업,"EGR밸브, 유압솔레노이드밸브, 퓨얼벤트밸브, 퓨얼컷트밸브, 체크밸브, 케니스타 등",1993-12-29,12월,"안영구, 안재범",http://www.unick.co.kr,경상남도
086390,유니테스트,KOSDAQ,중견기업부,특수 목적용 기계 제조업,"반도체메모리주검사장비생산(메모리컴포넌트테스터,메모리모듈테스트)",2006-12-05,12월,"김종현, 안수홍",http://www.uni-test.com,경기도
241690,유니테크노,KOSDAQ,우량기업부,자동차 신품 부품 제조업,"자동차 부품, 전기차 부품, 배터리 셀케이스, ESS 배터리 모듈, SBW 및 EPB, EPS 전동화 부품",2016-09-20,12월,"이좌영, 이시은, 이민규(공동대표)",http://www.unitekno.co.kr,부산광역시
142210,유니트론텍,KOSDAQ,우량기업부,자동차 부품 및 내장품 판매업,"메모리/비메모리반도체, 디스플레이 모듈",2016-02-02,12월,남궁선,http://www.unitrontech.com,서울특별시
389680,유디엠텍,KOSDAQ,관리종목(소속부없음),소프트웨어 개발 및 공급업,"PLC eXpert, OPTRA Black-box, OPTRA Tracker",2024-11-20,12월,왕지남,http://www.udmtek.com,경기도
088340,유라클,KOSDAQ,벤처기업부,소프트웨어 개발 및 공급업,모바일 앱 개발 플랫폼,2024-08-16,12월,조준희,http://www.uracle.co.kr/,서울특별시
048430,유라테크,KOSDAQ,우량기업부,"전동기, 발전기 및 전기 변환 · 공급 · 제어 장치 제조업","점화코일, 스파크플러그",2001-01-11,12월,엄대열,http://www.yuratech.co.kr,세종특별자치시
206650,유바이오로직스,KOSDAQ,우량기업부,의약품 제조업,"경구용 콜레라 백신, 바이오의약품 수탁 연구 및 제조",2017-01-24,12월,"백영옥,허태영(공동대표이사)",http://www.eubiologics.com,서울특별시
089850,유비벨록스,KOSDAQ,우량기업부,소프트웨어 개발 및 공급업,"모바일플랫폼 및 모바일솔루션, 스마트카드 등",2010-06-18,12월,이흥복,http://www.veloxsoft.com,서울특별시
084440,유비온,KOSDAQ,기술성장기업부,소프트웨어 개발 및 공급업,학습관리시스템 등 에듀테크 플랫폼 (코스모스) 및 교육서비스,2022-11-18,09월,임재환,http://www.ubion.co.kr,서울특별시
264450,유비쿼스,KOSDAQ,우량기업부,통신 및 방송 장비 제조업,"스위치, FTTH",2017-03-31,12월,"이상근, 이정길(공동대표)",http://www.ubiquoss.com,경기도
078070,유비쿼스홀딩스,KOSDAQ,중견기업부,기타 금융업,"지주회사, 자회사관리, 부동산임대",2009-01-23,12월,이상근,http://www.ubiquoss.com,경기도
024800,유성티엔에스,KOSDAQ,우량기업부,육상 여객 운송업,"운송,C형강,차량정비",1999-12-10,12월,김원철,http://www.yoosungtns.co.kr,서울특별시
054930,유신,KOSDAQ,우량기업부,"건축기술, 엔지니어링 및 관련 기술 서비스업",토목설계 및 감리,2002-01-15,12월,"박석성, 전경수, 장학성",http://www.yooshin.co.kr,서울특별시
069330,유아이디,KOSDAQ,벤처기업부,전자부품 제조업,"ITO COATING, GLASS LAMINATION",2003-08-18,12월,박종수 (대표이사),http://www.uidkorea.co.kr,충청북도
049520,유아이엘,KOSDAQ,우량기업부,전자부품 제조업,"스마트폰 기구부품(키버튼,금속부품,부자재,악세서리 등)",2001-08-02,12월,김시균,http://www.e-uil.com,경기도
473050,유안타제15호스팩,KOSDAQ,관리종목(소속부없음),금융 지원 서비스업,금융 지원 서비스,2024-02-29,12월,구태훈,,서울특별시
474490,유안타제16호스팩,KOSDAQ,SPAC(소속부없음),금융 지원 서비스업,금융 지원 서비스(기업인수목적회사),2024-05-02,12월,박병권,,서울특별시
493790,유안타제17호스팩,KOSDAQ,SPAC(소속부없음),금융 지원 서비스업,금융 지원 서비스업,2025-01-23,12월,윤원도,,서울특별시
263770,유에스티,KOSDAQ,우량기업부,1차 철강 제조업,스테인레스강관,2017-04-06,12월,김종식,http://www.u-st.co.kr,경상북도
388720,유일로보틱스,KOSDAQ,벤처기업부,특수 목적용 기계 제조업,"취출로봇, 사출장비 및 자동화시스템",2022-03-18,12월,김동헌,http://www.yuilrobotics.com,인천광역시
023410,유진기업,KOSDAQ,중견기업부,"시멘트, 석회, 플라스터 및 그 제품 제조업",레미콘,1994-10-07,12월,최재호,http://www.eugenes.co.kr,경기도
056080,유진로봇,KOSDAQ,중견기업부,특수 목적용 기계 제조업,"청소로봇, 완구류외",2001-11-13,12월,박성주,http://www.yujinrobot.com,인천광역시
468760,유진스팩10호,KOSDAQ,SPAC(소속부없음),금융 지원 서비스업,기업인수합병,2024-02-29,12월,김동진,,서울특별시
488060,유진스팩11호,KOSDAQ,SPAC(소속부없음),금융 지원 서비스업,기업인수합병,2024-10-31,12월,박홍식,,서울특별시
0105P0,유진스팩12호,KOSDAQ,SPAC(소속부없음),금융 지원 서비스업,합병,2025-12-11,12월,안용아,,서울특별시
084370,유진테크,KOSDAQ,우량기업부,특수 목적용 기계 제조업,실리콘질화막증착용LP-CVD,2006-01-17,12월,"엄평용, 신승우 (각자 대표이사)",http://www.eugenetech.co.kr,경기도
240600,유진테크놀로지,KOSDAQ,관리종목(소속부없음),기타 금속 가공제품 제조업,이차전지 정밀금형 외,2023-11-02,12월,"여현국, 이미연",http://www.yujintechnology.com/,충청북도
179900,유티아이,KOSDAQ,투자주의환기종목(소속부없음),전자부품 제조업,카메라 윈도우,2017-09-27,12월,"박덕영, 박재기 (각자 대표)",http://www.utikorea.com,충청남도
263050,유틸렉스,KOSDAQ,관리종목(소속부없음),기초 의약물질 제조업,"면역항암 세포치료제, 면역항암 항체치료제",2018-12-24,12월,"권병세, 조상구 (각자대표이사)",http://www.eutilex.com,서울특별시
191410,육일씨엔에쓰,KOSDAQ,관리종목(소속부없음),전자부품 제조업,IT용 Cover Glass,2015-12-24,12월,"구자옥,김동훈(각자대표)",http://www.61cns.co.kr,서울특별시
372170,윤성에프앤씨,KOSDAQ,우량기업부,특수 목적용 기계 제조업,2차전지용 믹싱시스템,2022-11-14,12월,박치영,http://www.ysfc.co.kr,경기도
146060,율촌,KOSDAQ,중견기업부,1차 철강 제조업,냉간인발강관(파이프),2023-09-08,12월,"이흥해(각자대표이사), 이인호(각자대표이사), 이지현(각자대표이사)",http://www.ycpipe.com,경기도
039020,이건홀딩스,KOSDAQ,중견기업부,제재 및 목재 가공업,창호,2000-05-04,12월,"박승준, 이길수 각자대표이사",http://www.eagon.com,인천광역시
067920,이글루,KOSDAQ,우량기업부,기타 정보 서비스업,"통합보안관리솔루션, 보안관제서비스",2010-08-04,12월,이득춘,http://igloo.co.kr,서울특별시
044960,이글벳,KOSDAQ,중견기업부,기타 전문 도매업,"아바텍,아목사실린사 등",2000-11-16,12월,"강승조, 강태성(각자 대표이사)",http://www.eaglevet.com,충청남도
303530,이노뎁,KOSDAQ,벤처기업부,소프트웨어 개발 및 공급업,영상인식 및 데이터플랫폼 솔루션,2021-06-18,12월,이성진,http://innodep.co.kr,서울특별시
302430,이노메트리,KOSDAQ,벤처기업부,특수 목적용 기계 제조업,엑스레이검사 장비,2018-12-12,12월,이갑수,http://www.innometry.com,경기도
462350,이노스페이스,KOSDAQ,기술성장기업부,"항공기,우주선 및 부품 제조업","소형발사체, 로켓추진기관, 과학로켓, 시험평가용역",2024-07-02,12월,김수종,http://www.innospc.com/,세종특별자치시
274400,이노시뮬레이션,KOSDAQ,기술성장기업부,소프트웨어 개발 및 공급업,"스마트 모빌리티 시뮬레이터, XR 가상훈련 시스템 등",2023-07-06,12월,조준희,http://www.innosim.com,서울특별시
296640,이노에이엑스,KOSDAQ,벤처기업부,소프트웨어 개발 및 공급업,"InnoRules, InnoProduct",2022-10-07,12월,"심현섭, 장인수(공동대표이사)",http://inno-ax.com,서울특별시
215790,이노인스트루먼트,KOSDAQ,관리종목(소속부없음),통신 및 방송 장비 제조업,기업 인수 합병,2015-05-08,12월,GAO FEI,,인천광역시
344860,이노진,KOSDAQ,기술성장기업부,기타 화학제품 제조업,"탈모케어제품(볼빅), 피부케어제품(Dr.메디션)",2023-02-20,12월,"이광훈, 정기철",http://www.innogene.com/,서울특별시
333050,이노테나,KOSDAQ,벤처기업부,소프트웨어 개발 및 공급업,"연계솔루션, 보안솔루션, APM솔루션",2019-10-31,12월,"김인수, 윤영호 (각자 대표이사)",http://www.innotena.com,서울특별시
469610,이노테크,KOSDAQ,중견기업부,특수 목적용 기계 제조업,복합 신뢰성 환경시험 장비,2025-11-07,12월,장석준,http://www.innotech2013.com/,충청남도
088390,이녹스,KOSDAQ,중견기업부,그외 기타 운송장비 제조업,지주업,2006-10-20,12월,박정진,http://www.innoxcorp.com,충청남도
053350,이니텍,KOSDAQ,중견기업부,소프트웨어 개발 및 공급업,정보보안 및 인증솔루션,2001-11-15,12월,"김철균, 이응길(공동대표이사)",http://www.initech.com,서울특별시
452400,이닉스,KOSDAQ,우량기업부,자동차 신품 부품 제조업,2차전지용 배터리셀 패드 등,2024-02-01,12월,강동호.김정득(각자 대표이사),http://www.inics.kr,부산광역시
264850,이랜시스,KOSDAQ,중견기업부,전자부품 제조업,비데도어락부품,2017-06-01,12월,심재귀,http://www.elensys.co.kr,인천광역시
054210,이랜텍,KOSDAQ,우량기업부,전자부품 제조업,Battery Pack,2002-05-09,12월,"이세용,이해성(각자대표이사)",http://www.elentec.co.kr,경기도
009730,이렘,KOSDAQ,투자주의환기종목(소속부없음),1차 철강 제조업,"스테인리스파이프, 슈퍼데크",1990-07-27,12월,김우진,http://www.irem.co.kr,전북특별자치도
065440,이루온,KOSDAQ,벤처기업부,소프트웨어 개발 및 공급업,이동통신 핵심망 및 서비스망 솔루션 개발 공급,2003-01-28,12월,"이승구, 이영성 (각자 대표이사)",http://eluon.com,경기도
424870,이뮨온시아,KOSDAQ,기술성장기업부,자연과학 및 공학 연구개발업,면역항암제 신약개발,2025-05-19,12월,김흥태,http://www.immuneoncia.com/immun/,경기도
115610,이미지스,KOSDAQ,벤처기업부,반도체 제조업,"터치스크린칩, 햅틱칩",2010-02-26,12월,김정철,http://imagis.co.kr,경기도
478110,이베스트스팩6호,KOSDAQ,SPAC(소속부없음),금융 지원 서비스업,기업인수목적 주식회사,2024-07-12,12월,박용,,서울특별시
131400,이브이첨단소재,KOSDAQ,관리종목(소속부없음),전자부품 제조업,연성회로기판,2010-12-27,12월,최동락,http://www.evam.co.kr,대구광역시
351330,이삭엔지니어링,KOSDAQ,벤처기업부,"컴퓨터 프로그래밍, 시스템 통합 및 관리업",공장자동화 설비제어,2021-04-21,12월,"김창수, 김범수",http://isaac-eng.com,경기도
080010,이상네트웍스,KOSDAQ,중견기업부,상품 중개업,기업간전자상거래서비스,2005-09-30,12월,"조원표, 이상택(공동대표이사)",http://www.e-sang.net,서울특별시
086890,이수앱지스,KOSDAQ,중견기업부,의료용품 및 기타 의약 관련제품 제조업,"항체치료제,효소치료제",2009-02-03,12월,유준수,http://www.abxis.com,경기도
047560,이스트소프트,KOSDAQ,중견기업부,소프트웨어 개발 및 공급업,"온라인게임(카발온라인),알툴즈S/W,스토리지S/W",2008-07-01,12월,정상원,,서울특별시
239340,이스트에이드,KOSDAQ,관리종목(소속부없음),"자료처리, 호스팅, 포털 및 기타 인터넷 정보매개 서비스업","줌닷컴, 뉴썸 등",2016-06-09,12월,김남현,http://www.zuminternet.com,서울특별시
067010,이씨에스,KOSDAQ,벤처기업부,"컴퓨터 프로그래밍, 시스템 통합 및 관리업","컨택센터용교환시스템,업무용교환시스템",2007-12-18,03월,현해남,http://www.ecstel.co.kr,서울특별시
456070,이엔셀,KOSDAQ,기술성장기업부,기초 의약물질 제조업,"첨단바이오의약품 위탁개발생산(CDMO) 서비스 / 차세대 세포,유전자 치료제",2024-08-23,12월,장종욱,http://www.encellinc.com/,서울특별시
102710,이엔에프테크놀로지,KOSDAQ,우량기업부,기타 화학제품 제조업,LCD/반도체용 케미칼,2009-05-28,12월,"지용석, 김경미, 박기수(각자대표)",http://www.enftech.com/,경기도
041520,이엘씨,KOSDAQ,투자주의환기종목(소속부없음),"측정, 시험, 항해, 제어 및 기타 정밀기기 제조업; 광학기기 제외",반도체장비용 유량계와 유량 제어장치,2003-07-04,12월,김성익,http://www.elckor.com,충청남도
063760,이엘피,KOSDAQ,벤처기업부,"측정, 시험, 항해, 제어 및 기타 정밀기기 제조업; 광학기기 제외",OLED 패널검사기 등,2017-04-06,12월,이재혁,http://www.elp.co.kr,경기도
123570,이엠넷,KOSDAQ,중견기업부,광고업,온라인 검색광고 대행,2011-11-25,12월,김영원,http://www.emnet.co.kr,서울특별시
083470,이엠앤아이,KOSDAQ,벤처기업부,기초 화학물질 제조업,OLED 유무기 소재 개발 및 판매,2008-09-18,12월,대표이사 고창훈,http://emni.co.kr,경기도
091120,이엠텍,KOSDAQ,중견기업부,전자부품 제조업,"마이크로스피커,리시버",2007-05-02,12월,"정승규, 이석근 (각자대표)",http://www.em-tech.co.kr,경상남도
039030,이오테크닉스,KOSDAQ,우량기업부,특수 목적용 기계 제조업,레이저 마커 및 레이저 응용기기,2000-08-24,12월,"성규동,박종구(각자대표이사)",http://www.eotechnics.com,경기도
294090,이오플로우,KOSDAQ,관리종목(소속부없음),의료용 기기 제조업,웨어러블 인슐린펌프,2020-09-14,12월,김재진,http://www.eoflow.com,경기도
088290,이원컴포텍,KOSDAQ,관리종목(소속부없음),자동차 신품 부품 제조업,에어서스펜션 시트/일반고정형 시트/스프링서스펜션 시트,2009-12-01,12월,박주성,http://www.ewonseat.co.kr,전북특별자치도
353810,이지바이오,KOSDAQ,우량기업부,동물용 사료 및 조제식품 제조업,"자돈사료, 사료첨가제",2020-06-05,12월,"김재원, 조석현(각자대표)",http://www.easybio.co.kr/,서울특별시
261520,이지스,KOSDAQ,기술성장기업부,소프트웨어 개발 및 공급업,디지털트윈 플랫폼,2025-12-11,12월,박광목,http://www.egiskorea.com/,대구광역시
099750,이지케어텍,KOSDAQ,벤처기업부,소프트웨어 개발 및 공급업,의료정보시스템,2019-03-22,03월,홍우선,http://www.ezcaretech.com,서울특별시
377330,이지트로닉스,KOSDAQ,기술성장기업부,"전동기, 발전기 및 전기 변환 · 공급 · 제어 장치 제조업",전력변환장치,2022-02-04,12월,강민경,,경기도
035810,이지홀딩스,KOSDAQ,우량기업부,동물용 사료 및 조제식품 제조업,지주회사,1999-11-23,12월,"지현욱,김충석(각자대표)",http://www.easyholdings.co.kr,서울특별시
092130,이크레더블,KOSDAQ,중견기업부,기타 정보 서비스업,"전자신용인증서비스(정보),소프트웨어 개발",2008-10-24,12월,민영창,http://www.ecredible.co.kr,서울특별시
134060,이퓨쳐,KOSDAQ,벤처기업부,"서적, 잡지 및 기타 인쇄물 출판업",Smart Phonics 등(외국어 어학교재),2011-04-27,12월,이기현,,서울특별시
001840,이화공영,KOSDAQ,관리종목(소속부없음),건물 건설업,도급공사,1994-11-23,12월,한주희,http://www.ee-hwa.co.kr,서울특별시
041830,인바디,KOSDAQ,우량기업부,의료용 기기 제조업,정밀 체성분 분석기,2000-12-14,12월,차기철 (단독대표),http://www.inbody.com,서울특별시
352940,인바이오,KOSDAQ,벤처기업부,"비료, 농약 및 살균, 살충제 제조업","살균제, 살충제, 제초제 등",2020-12-11,12월,이혁재,http://enbio.co.kr,
079950,인베니아,KOSDAQ,관리종목(소속부없음),특수 목적용 기계 제조업,"Dry Etcher, 진공합착기, LCD Panel 검사장비, OLED용 진공합착기",2005-02-04,12월,구동범,http://www.inveniacorp.com,경기도
0007J0,인벤테라,KOSDAQ,기술성장기업부,자연과학 및 공학 연구개발업,철(Fe) 기반 질환 특이성 나노-MRI 조영제 신약,2026-04-02,12월,신태현,http://inventera.kr,서울특별시
389470,인벤티지랩,KOSDAQ,기술성장기업부,자연과학 및 공학 연구개발업,마이크로/나노 입자 기반 약물전달 플랫폼 및 관련 제품,2022-11-22,12월,김주희,http://www.inventagelab.com,경기도
277410,인산가,KOSDAQ,벤처기업부,기타 식품 제조업,죽염 및 죽염응용식품,2017-09-29,12월,김윤세,http://www.insanga.co.kr,경상남도
060150,인선이엔티,KOSDAQ,중견기업부,폐기물 처리업,건축폐기물처리,2002-06-14,12월,김성수,http://www.insun.co.kr,경기도
033230,인성정보,KOSDAQ,중견기업부,"컴퓨터 프로그래밍, 시스템 통합 및 관리업",넷트워크 관련 장비 및 솔루션,1999-07-30,12월,조승필,http://www.insunginfo.co.kr,서울특별시
450520,인스웨이브,KOSDAQ,벤처기업부,소프트웨어 개발 및 공급업,"UI/UX 개발 솔루션, 엔터프라이즈 DX 솔루션, 금융 단말 솔루션 등",2023-09-25,12월,어세룡,http://www.inswave.com,서울특별시
465480,인스피언,KOSDAQ,벤처기업부,소프트웨어 개발 및 공급업,"SAP 보안 솔루션, SAP PO/CPI 컨설팅, EDI SaaS 플랫폼",2024-10-18,12월,최정규,http://www.inspien.co.kr,서울특별시
950260,인제니아테라퓨틱스(Reg.S),KOSDAQ,기술성장기업부,자연과학 및 공학 연구개발업,"IGT-427(안구망막질환 치료제), IGT-302(녹내장 치료제), IGT-303(만성신장질환치료제)",2026-08-18,12월,한상열,http://www.ingeniatx.com,미국
037330,인지디스플레,KOSDAQ,관리종목(소속부없음),전자부품 제조업,"TFT-LCDCHASSIS,TFT-LCDLAMPREFLECTOR,ICLEADFRAME,TRLEADFRAME",1999-12-14,12월,"정혜승, 배학범",http://www.inzidisplay.co.kr,충청남도
100030,인지소프트,KOSDAQ,중견기업부,소프트웨어 개발 및 공급업,"금융솔루션,동기화솔루션",2010-05-25,12월,정정기,http://inzisoft.com,서울특별시
211050,인카금융서비스,KOSDAQ,우량기업부,보험 및 연금관련 서비스업,보험 판매,2022-02-16,12월,"최병채, 천대권(각자대표이사)",http://www.incar.co.kr,서울특별시
083640,인콘,KOSDAQ,벤처기업부,상품 종합 도매업,영상보안장비 및 영상보안솔루션,2005-12-27,12월,황엽,http://www.incon.kr,경기도
064090,인크레더블버즈,KOSDAQ,관리종목(소속부없음),상품 종합 도매업,"Jayjun, Nerdy 외",2002-12-17,12월,성효중,http://inkrediblebuzz.com,서울특별시
216050,인크로스,KOSDAQ,중견기업부,광고업,미디어렙서비스,2016-10-31,12월,손윤정,http://www.incross.com,서울특별시
049070,인탑스,KOSDAQ,우량기업부,통신 및 방송 장비 제조업,"휴대용단말기 부품, 가전 부품, 자동차 부품, 의료기기 제품, 로봇 관련 제품 제조 등",2002-02-21,12월,김현량,http://WWW.INTOPS.CO.KR,경기도
119610,인터로조,KOSDAQ,우량기업부,의료용 기기 제조업,"콘텍트렌즈(소프트렌즈, 원데이렌즈, 하드렌즈 등)",2010-07-28,12월,노시철,http://interojo.com,경기도
017250,인터엠,KOSDAQ,중견기업부,영상 및 음향기기 제조업,음향기기,1996-01-03,09월,조남용,http://www.inter-m.co.kr,경기도
051370,인터플렉스,KOSDAQ,우량기업부,전자부품 제조업,연성회로기판(Flexible PCB),2003-01-22,12월,신일운,http://www.interflex.co.kr,경기도
064290,인텍플러스,KOSDAQ,중견기업부,특수 목적용 기계 제조업,"LED 외관검사장비, 반도체 외관검사장비, 태양전지 외관검사장비등",2011-01-05,12월,이상윤,http://www.intekplus.com,대전광역시
189300,인텔리안테크,KOSDAQ,우량기업부,통신 및 방송 장비 제조업,"위성통신 안테나, 해상용 위성방송 수신안테나",2016-10-18,12월,성상엽,http://www.intelliantech.com,경기도
287840,인투셀,KOSDAQ,기술성장기업부,자연과학 및 공학 연구개발업,ADC 링커/톡신 플랫폼 기술,2025-05-23,12월,박태교,http://intocell.com,대전광역시
048530,인트론바이오,KOSDAQ,기술성장기업부,기초 의약물질 제조업,"바이오 신약, 분자진단제품, 동물용항생제대체재",2011-01-26,12월,"윤성준, 윤경원(각자대표)",http://www.intron.co.kr/,경기도
070590,인티큐브,KOSDAQ,중견기업부,"컴퓨터 프로그래밍, 시스템 통합 및 관리업",기업통신 및 무선인터넷,2004-01-08,12월,조형석,http://www.hansolinticube.com,서울특별시
115310,인포바인,KOSDAQ,벤처기업부,전기 통신업,휴대폰인증서보관서비스(UBIKey),2010-02-09,12월,권 성 준,http://www.infovine.co.kr,서울특별시
039290,인포뱅크,KOSDAQ,중견기업부,기타 정보 서비스업,"모바일메시징서비스,휴대폰단말기용S/W개발용역",2006-07-04,12월,박태형,http://www.infobank.net,경기도
071200,인피니트헬스케어,KOSDAQ,중견기업부,소프트웨어 개발 및 공급업,의료영상저장전송시스템(PACS),2010-05-26,12월,"홍기태, 이원용 (공동대표이사)",http://infinitt.com,서울특별시
101930,인화정공,KOSDAQ,우량기업부,선박 및 보트 건조업,선박엔진부품,2010-10-22,12월,이인,http://www.ihpre.co.kr,경상남도
333430,일승,KOSDAQ,중견기업부,선박 및 보트 건조업,환경장비,2019-11-06,12월,김성욱,http://ilseung.co.kr,부산광역시
068330,일신바이오,KOSDAQ,중견기업부,일반 목적용 기계 제조업,초저온냉동고및동결건조기,2007-12-26,12월,홍성대,,경기도
178780,일월지엠엘,KOSDAQ,벤처기업부,상품 종합 도매업,전기 및 온수매트,2015-06-30,12월,"김영동, 이광모(각자대표이사)",http://www.ilwoulgml.co.kr,서울특별시
019540,일지테크,KOSDAQ,우량기업부,자동차 신품 부품 제조업,"차체(라지에타, 팩케이지, 씨트 크로스, 대쉬 판넬)",1992-11-03,12월,"구본일,구준모(각자대표)",http://www.iljitech.co.kr,경상북도
094820,일진파워,KOSDAQ,우량기업부,전기 및 통신 공사업,"열교환기,압력용기",2007-11-06,12월,이광섭,http://ijeng.com,울산광역시
950140,잉글우드랩,KOSDAQ,외국기업(소속부없음),기타 화학제품 제조업,화장품OEM·ODM,2016-10-14,12월,조현철,http://www.englewoodlab.com,미국
049550,잉크테크,KOSDAQ,우량기업부,기타 화학제품 제조업,"잉크젯프린터용 잉크카트리지, 재충전 잉크",2002-02-28,12월,"김평수, 김정돈 (각자 대표이사)",http://kr.inktec.com,경기도
389020,자람테크놀로지,KOSDAQ,기술성장기업부,반도체 제조업,"XGSPON, 기가와이어, 광트랜시버 등",2023-03-07,12월,백준현,http://zaram.com,경기도
254120,자비스,KOSDAQ,기술성장기업부,특수 목적용 기계 제조업,자동엑스레이검사장비,2016-12-02,12월,김형철,http://www.xavis.co.kr,경기도
043910,자연과환경,KOSDAQ,벤처기업부,"시멘트, 석회, 플라스터 및 그 제품 제조업","스테인레스파이프, 다공성식생블록,조경원예자재",2005-11-18,12월,이병용,http://www.e-nne.co.kr,충청남도
234920,자이글,KOSDAQ,관리종목(소속부없음),가정용 기기 제조업,적외선 가열 조리기,2016-09-06,12월,이진희,http://www.zaigle.com,서울특별시
289220,자이언트스텝,KOSDAQ,기술성장기업부,"영화, 비디오물, 방송프로그램 제작 및 배급업","광고VFX, 영상VFX 및 리얼타임 콘텐츠 제작",2021-03-24,12월,"하승봉, 이지철",http://www.giantstep.co.kr,서울특별시
049630,재영솔루텍,KOSDAQ,우량기업부,사진장비 및 광학기기 제조업,플라스틱 사출금형,2003-01-24,12월,"김학권,김승재(각자 대표이사)",http://www.jysolutec.com,인천광역시
417840,저스템,KOSDAQ,벤처기업부,특수 목적용 기계 제조업,반도체 습도제어 System,2022-10-28,12월,임영진,http://www.justem.co.kr,경기도
110020,전진바이오팜,KOSDAQ,기술성장기업부,기타 화학제품 제조업,"방충방향제, 유해동물피해감소제, 기생충피해감소제",2018-12-14,12월,이태훈,http://www.jjbio.co.kr,대구광역시
208140,정다운,KOSDAQ,우량기업부,"도축, 육류 가공 및 저장 처리업","통오리,정육,오리털,훈연육",2014-12-17,12월,이지훈,http://jungdawn.co.kr,전라남도
040420,정상제이엘에스,KOSDAQ,우량기업부,일반 교습 학원,어학교육업,2000-08-01,12월,박정흠,http://www.gojls.com,서울특별시
045510,정원엔시스,KOSDAQ,중견기업부,기계장비 및 관련 물품 도매업,"SI(시스템통합) 관련 소프트웨어, 중.대형 고속 레이져 프린터",2000-09-07,12월,한덕희,http://www.zungwon.co.kr,서울특별시
217190,제너셈,KOSDAQ,벤처기업부,특수 목적용 기계 제조업,반도체 후공정 장비,2015-09-25,12월,"한복우, 한기현",http://www.genesem.com,인천광역시
095700,제넥신,KOSDAQ,기술성장기업부,자연과학 및 공학 연구개발업,항체융합단백질 치료제 및 유전자치료 백신개발,2009-09-15,12월,"홍성준, 최재현",http://genexine.com,서울특별시
122310,제노레이,KOSDAQ,우량기업부,의료용 기기 제조업,의료용 방사선 진단기기,2018-05-28,12월,박병욱,http://www.genoray.com,경기도
361390,제노코,KOSDAQ,벤처기업부,통신 및 방송 장비 제조업,"위성탑재체, 위성운용국, 항공전자 등",2021-03-24,12월,유태삼,http://www.genohco.com,경기도
225220,제놀루션,KOSDAQ,벤처기업부,기초 의약물질 제조업,"핵산추출기기 및 시약, RNAi 사업 등",2020-07-24,12월,"김기옥, 김민이(공동대표이사)",http://genolution.co.kr,서울특별시
123330,제닉,KOSDAQ,우량기업부,기타 화학제품 제조업,"하이드로겔 마스크 팩, 기타화장품",2011-08-03,12월,허남,http://genic21.com,경기도
381620,제닉스로보틱스,KOSDAQ,중견기업부,특수 목적용 기계 제조업,"Stocker, AGV/AMR",2024-09-30,12월,배성관,http://www.zenixkorea.co.kr/,충청남도
159580,제로투세븐,KOSDAQ,중견기업부,생활용품 도매업,유아동복 및 용품,2013-02-19,12월,박영욱,http://www.0to7.com,서울특별시
147830,제룡산업,KOSDAQ,벤처기업부,"구조용 금속제품, 탱크 및 증기발생기 제조업",송배전 금구류 및 합성수지 제품,2012-02-13,12월,박종태,http://www.cheryong.co.kr,서울특별시
079370,제우스,KOSDAQ,우량기업부,특수 목적용 기계 제조업,LCD제조용장비,2006-02-01,12월,"이종우, 황하섭",http://www.globalzeus.com,경기도
054950,제이브이엠,KOSDAQ,우량기업부,일반 목적용 기계 제조업,"전자동 정제,분류 및 포장시스템",2006-06-07,12월,김상욱,http://www.myjvm.com,대구광역시
090470,제이스로보틱스,KOSDAQ,벤처기업부,특수 목적용 기계 제조업,기계장비(디스플레이장비),2007-01-10,12월,정재송,http://www.jastech.co.kr,충청남도
023440,제이스코홀딩스,KOSDAQ,관리종목(소속부없음),1차 철강 제조업,"연강선재, 경강선재, CHQ외",1994-10-07,12월,한상민,http://www.jscoholdings.co.kr,경기도
137950,제이씨케미칼,KOSDAQ,우량기업부,기타 화학제품 제조업,"바이오디젤, 바이오중유 등",2011-08-08,12월,"김의윤, 김지용(공동대표이사)",http://www.jcchemical.co.kr,울산광역시
033320,제이씨현시스템,KOSDAQ,벤처기업부,기계장비 및 관련 물품 도매업,"메인보드, 그래픽카드",1997-11-10,12월,차정헌,http://www.jchyun.com,서울특별시
417500,제이아이테크,KOSDAQ,우량기업부,기타 화학제품 제조업,반도체 프리커서 및 쿼츠/블랭크/포토마스크용 케이스,2022-11-04,12월,함석헌,http://www.ji-tech.co.kr,전북특별자치도
204270,제이앤티씨,KOSDAQ,중견기업부,전자부품 제조업,"강화유리, 커넥터",2020-03-04,12월,"조남혁, 장윤정(각자 대표이사)",,경기도
127120,제이에스링크,KOSDAQ,벤처기업부,자연과학 및 공학 연구개발업,"유전체분석(EGIS), 개인유전체분석(DNAGPS)",2011-12-26,12월,박진수,http://www.dnalink.com,서울특별시
026040,제이에스티나,KOSDAQ,중견기업부,귀금속 및 장신용품 제조업,"주얼리,가죽제품,손목시계",1999-12-21,12월,김유미,http://www.jestina.co.kr,서울특별시
452160,제이엔비,KOSDAQ,중견기업부,특수 목적용 기계 제조업,"진공 펌프용 유틸리티 장치(Stacker 등), 정밀가공 부품",2023-11-24,12월,이정범,http://www.jnbeng.com/,경기도
126880,제이엔케이글로벌,KOSDAQ,우량기업부,일반 목적용 기계 제조업,"산업용가열로, 수소충전소",2011-01-31,12월,김방희,http://www.jnk-global.com,경기도
322510,제이엘케이,KOSDAQ,기술성장기업부,소프트웨어 개발 및 공급업,"인공지능 기반 의료영상 진단 플랫폼, 인공지능 기반 산업용 X-ray 판독시스템",2019-12-11,12월,김동민,http://jlkgroup.com,충청북도
033050,제이엠아이,KOSDAQ,관리종목(소속부없음),기타 화학제품 제조업,CD복제품,1997-08-18,12월,정광훈,http://www.jmikorea.co.kr,경기도
094970,제이엠티,KOSDAQ,벤처기업부,전자부품 제조업,LCD패널용PBA,2007-10-12,12월,"정수연, 정도연(각자대표)",,경기도
418550,제이오,KOSDAQ,기술성장기업부,"건축기술, 엔지니어링 및 관련 기술 서비스업","탄소나노튜브, 금속탱크 및 유사용기",2023-02-16,12월,강득주,http://www.jeio.co.kr/,인천광역시
060230,제이케이시냅스,KOSDAQ,중견기업부,기타 화학제품 제조업,화학제품 및 전자재료,2002-06-25,12월,황케빈인석,http://www.exax.co.kr,충청남도
420570,제이투케이바이오,KOSDAQ,벤처기업부,기타 화학제품 제조업,화장품 원료(천연소재 바이오소재 등),2024-03-25,12월,이재섭,http://www.j2kbio.com,충청북도
089790,제이티,KOSDAQ,벤처기업부,특수 목적용 기계 제조업,반도체장비(Burn-in Sorter 등),2006-10-27,12월,"유홍준, 유동완",http://www.jtcorp.co.kr,충청남도
0010V0,제이피아이헬스케어,KOSDAQ,벤처기업부,의료용 기기 제조업,"X-ray Grid, 의료영상기기 등",2025-08-21,12월,김진국,http://www.jpi-korea.com,서울특별시
412540,제일엠앤에스,KOSDAQ,관리종목(소속부없음),특수 목적용 기계 제조업,2차전지 믹싱시스템,2024-04-30,12월,이영진,http://www.jeilm.co.kr,경기도
199820,제일일렉트릭,KOSDAQ,우량기업부,"전동기, 발전기 및 전기 변환 · 공급 · 제어 장치 제조업","PCB Assay, 배선기구, 분전반 등",2020-11-26,12월,강동욱,http://www.cheilelec.com,부산광역시
038010,제일테크노스,KOSDAQ,우량기업부,"구조용 금속제품, 탱크 및 증기발생기 제조업",DECK PLATE,2000-01-11,12월,"나주영,최재우",http://www.jeil21c.co.kr,경상북도
080220,제주반도체,KOSDAQ,우량기업부,반도체 제조업,"모바일용 LP DDR SDRAM, CRAM, SRAM",2005-02-01,12월,"박성식, 조형섭(각자대표)",http://www.jeju-semi.com,제주특별자치도
216080,제테마,KOSDAQ,벤처기업부,의료용품 및 기타 의약 관련제품 제조업,"히알루론산 필러(조직수복용생체재료), 피부과용 레이저 의료기기, 리프팅실 등",2019-11-14,12월,남정선,http://www.jetema.com,강원특별자치도
337930,젝시믹스,KOSDAQ,우량기업부,기타 정보 서비스업,"애슬레저의류, 생활/청결 용품",2020-08-13,12월,이수연 (단독 대표이사),http://www.xexymixcorp.com,서울특별시
229000,젠큐릭스,KOSDAQ,기술성장기업부,의료용품 및 기타 의약 관련제품 제조업,유방암 예후진단 및 폐암/대장암 동반진단 제품/검사서비스,2020-06-25,12월,조상래,http://www.gencurix.com,서울특별시
082270,젬백스,KOSDAQ,벤처기업부,특수 목적용 기계 제조업,"ChemicalAirFilter,GasScrubber",2005-06-24,12월,"김기호, 이석준",http://www.kael.co.kr,경기도
153890,져스텍,KOSDAQ,기술성장기업부,"전동기, 발전기 및 전기 변환 · 공급 · 제어 장치 제조업",반도체 및 디스플레이 모션시스템,2026-06-29,12월,"김용일, 최동수",http://www.justek.com,경기도
034940,조아제약,KOSDAQ,중견기업부,의약품 제조업,"의약품,의약부외품,보건보조식품,위생용품의제조판매",1999-08-13,12월,"조성환, 조성배(각자대표)",http://www.choa.co.kr,서울특별시
067000,조이시티,KOSDAQ,중견기업부,소프트웨어 개발 및 공급업,온라인게임(프리스타일농구),2008-05-30,12월,조성원,http://www.joycity.com,경기도
309930,조이웍스앤코,KOSDAQ,중견기업부,기타 생활용품 소매업,기업인수합병,2018-12-20,12월,송윤섭 (단독대표이사),,서울특별시
018700,졸스,KOSDAQ,투자주의환기종목(소속부없음),생활용품 도매업,지제품,1994-03-18,12월,배정현,http://corp.jolse.co.kr/kr,경기도
033340,좋은사람들,KOSDAQ,관리종목(소속부없음),봉제의복 제조업,패션내의,1997-11-03,12월,"이성현, 김관승 (각자 대표이사)",http://www.goodpeople.co.kr,서울특별시
072020,중앙백신,KOSDAQ,벤처기업부,기초 의약물질 제조업,동물용백신,2003-10-31,12월,"윤인중, 윤석인 (각자대표이사)",http://www.cavac.co.kr,대전광역시
000440,중앙에너비스,KOSDAQ,중견기업부,기타 전문 도매업,석유류도소매,1993-03-24,12월,"한상열, 한상은 (각자 대표이사)",http://www.enervis.co.kr,서울특별시
051980,중앙첨단소재,KOSDAQ,중견기업부,통신 및 방송 장비 제조업,통신장비 등,2001-07-31,12월,김영신,http://joongangdnm.co.kr,경기도
221800,지구홀딩스,KOSDAQ,투자주의환기종목(소속부없음),기타 과학기술 서비스업,지주사업(자회사 지분관리 및 투자),2023-11-02,12월,이재웅,http://www.zgoo.xyz,서울특별시
228760,지노믹트리,KOSDAQ,기술성장기업부,자연과학 및 공학 연구개발업,암 조기진단 제품,2019-03-27,12월,안성환,http://genomictree.com/ko/,대전광역시
314130,지놈앤컴퍼니,KOSDAQ,기술성장기업부,기초 의약물질 제조업,"마이크로바이옴 기반 치료제, 화장품, 건강기능식품",2020-12-23,12월,"홍유석, 배지수, 박한수 (각자 대표이사)",http://genomecom.co.kr,경기도
389030,지니너스,KOSDAQ,기술성장기업부,자연과학 및 공학 연구개발업,"NGS기반 조직생검 암유전체 동반진단(CancerSCAN), 액체생검 암유전체 동반진단(LiquidSCAN), 단일세포분석(Celinus) 등",2021-11-08,12월,박웅양,http://kr-geninus.com,서울특별시
263860,지니언스,KOSDAQ,벤처기업부,소프트웨어 개발 및 공급업,"네트워크 접근 제어 솔루션(NAC), 단말기반 지능형 위협 탐지 대응 솔루션(EDR)",2017-08-02,12월,이동범,http://www.genians.co.kr/,경기도
303030,지니틱스,KOSDAQ,관리종목(소속부없음),반도체 제조업,반도체 IC,2018-08-30,12월,홍근의,http://www.zinitix.com,경기도
208350,지란지교시큐리티,KOSDAQ,벤처기업부,소프트웨어 개발 및 공급업,보안 소프트웨어,2014-12-24,12월,조원희(단독대표),http://www.jiransecurity.com,경기도
446840,지슨,KOSDAQ,기술성장기업부,"측정, 시험, 항해, 제어 및 기타 정밀기기 제조업; 광학기기 제외",무선도청탐지기,2023-05-17,12월,한동진,http://www.gitsn.com,서울특별시
144510,지씨셀,KOSDAQ,중견기업부,"그외 기타 전문, 과학 및 기술 서비스업","세포치료제, 검체검사서비스, 제대혈은행",2016-06-23,12월,"원성용, 김재왕",http://www.gclabcell.com,경기도
340450,지씨지놈,KOSDAQ,기술성장기업부,"그외 기타 전문, 과학 및 기술 서비스업","G-NIPT, 아이캔서치, 암패널, 희귀패널 등",2025-06-11,12월,기창석,http://www.gcgenome.com,경기도
306620,지아이에스,KOSDAQ,벤처기업부,특수 목적용 기계 제조업,기업인수합병,2018-10-31,12월,"허준영(각자 대표이사), 이광노(각자 대표이사)",,경기도
358570,지아이이노베이션,KOSDAQ,기술성장기업부,자연과학 및 공학 연구개발업,면역항암제 및 알레르기 치료제,2023-03-30,12월,"장명호, 홍준호(각자대표이사)",http://www.gi-innovation.com/kr/,서울특별시
382480,지아이텍,KOSDAQ,벤처기업부,특수 목적용 기계 제조업,"SLOT DIE, SLIT NOZZLE, REPAIR, 기타",2021-10-21,12월,"이인영,이상권(각자 대표이사)",http://gitec.kr,충청남도
382800,지앤비에스 에코,KOSDAQ,우량기업부,특수 목적용 기계 제조업,"스크러버, 트랩, 백연제거장치 등",2021-10-29,12월,박상순,http://www.gnbseng.com,경기도
051160,지어소프트,KOSDAQ,중견기업부,소프트웨어 개발 및 공급업,"Mobile Solution & Platform, Internet GIS, Mobile Service",2002-05-28,12월,김영준,http://gaeasoft.co.kr,서울특별시
053050,지에스이,KOSDAQ,우량기업부,연료용 가스 제조 및 배관공급업,도시가스,2001-10-11,12월,유석형,http://www.yesgse.com,경상남도
388610,지에프씨생명과학,KOSDAQ,기술성장기업부,기타 화학제품 제조업,"마이크로바이옴, 엑소좀 기반 바이오 소재",2025-06-30,12월,강희철,http://www.gfcos.co.kr/,경기도
493330,지에프아이,KOSDAQ,벤처기업부,일반 목적용 기계 제조업,"2차전지소화안전제품, 일반소화안전제품",2026-01-14,12월,이상섭,,경기도
119850,지엔씨에너지,KOSDAQ,우량기업부,"전동기, 발전기 및 전기 변환 · 공급 · 제어 장치 제조업","비상발전기, 소형열병합발전설비, 바이오가스발전설비",2013-10-02,12월,안병철,http://www.gncenergy.co.kr,서울특별시
065060,지엔코,KOSDAQ,중견기업부,봉제의복 제조업,"캐쥬얼의류(Thursday Island, TI FOR MEN)",2002-05-28,12월,김석주 (단독대표이사),"http://www.gnco.co.kr,www.thursdayisland.com",서울특별시
204840,지엘팜텍,KOSDAQ,기술성장기업부,생활용품 도매업,의약품 연구개발업,2014-11-20,12월,"김용일, 진성필",http://www.glpt.co.kr,경기도
311320,지오엘리먼트,KOSDAQ,기술성장기업부,전자부품 제조업,"센서, 캐니스터",2021-11-11,12월,신현국,http://www.goelement.co.kr,경기도
456160,지투지바이오,KOSDAQ,기술성장기업부,의약품 제조업,장기 약효지속성 주사제 개발,2025-08-14,12월,이희용,,충청북도
388050,지투파워,KOSDAQ,우량기업부,"전동기, 발전기 및 전기 변환 · 공급 · 제어 장치 제조업","수·배전반, 태양광발전시스템, 인버터(PCS)",2022-04-01,12월,"김동현, 장철수(각자대표)",http://www.g2p.co.kr,경기도
018120,진로발효,KOSDAQ,우량기업부,알코올음료 제조업,주정,1993-12-29,12월,김종식,http://www.jrdcl.com,경기도
109820,진매트릭스,KOSDAQ,기술성장기업부,자연과학 및 공학 연구개발업,"B형간염치료제 내성진단,C형간염바이러스 유전형진단, 자궁경부암유발바이러스 유전형진단",2009-11-06,12월,김수옥,http://www.genematrix.net,경기도
086060,진바이오텍,KOSDAQ,중견기업부,산업용 농·축산물 및 동·식물 도매업,"펩소이젠(식물성단백질),바이오스타치(가공전분),나투포멘(친환경생균제),락토케어(항생제대체형미생물제제)등",2006-04-28,12월,이찬호,http://www.genebiotech.co.kr,충청남도
036890,진성티이씨,KOSDAQ,우량기업부,특수 목적용 기계 제조업,트랙롤라. 플로팅 씰,2000-07-20,12월,"윤성수, 윤준수(공동대표이사)",http://www.jinsungtec.com,경기도
363250,진시스템,KOSDAQ,기술성장기업부,의료용 기기 제조업,분자진단기반 플랫폼 개발 및 제조·판매,2021-05-26,12월,"서유진, 박성영",http://www.genesystem.co.kr,대전광역시
007370,진양제약,KOSDAQ,우량기업부,의약품 제조업,"소부날, 옥티란",2000-07-27,12월,최재준,http://www.jinyangpharm.co.kr,서울특별시
285800,진영,KOSDAQ,벤처기업부,플라스틱제품 제조업,"가구용 ASA플라스틱 시트, 엣지밴드",2023-06-01,12월,심영수,http://www.jyp21.co.kr,인천광역시
085660,차바이오텍,KOSDAQ,중견기업부,기초 의약물질 제조업,"세포치료제 개발, 제대혈 보관 등",2005-12-27,12월,차원태,http://www.chabio.com,서울특별시
351870,차이커뮤니케이션,KOSDAQ,중견기업부,광고업,"광고대행, 광고물 작성",2024-09-27,12월,최영섭,http://www.artistchai.co.kr,서울특별시
094850,참좋은여행,KOSDAQ,우량기업부,여행사 및 기타 여행보조 서비스업,여행상품,2007-04-30,12월,이종혁(대표이사),http://www.verygoodtourcompany.com,서울특별시
004650,창해에탄올,KOSDAQ,우량기업부,알코올음료 제조업,"주정(발효주정, 정제주정) 등",2014-07-30,12월,"이연희, 임우석 (각자대표이사)",http://www.chethanol.com,전북특별자치도
0011T0,채비,KOSDAQ,기술성장기업부,"전동기, 발전기 및 전기 변환 · 공급 · 제어 장치 제조업","전기차 충전 서비스, 전기차 충전기",2026-04-29,12월,"정민교, 최영훈",http://chaevi.com/,대구광역시
278280,천보,KOSDAQ,중견기업부,기초 화학물질 제조업,"디스플레이 소재, 반도체 공정 소재, 2차전지 소재, 의약품 소재, 정밀화학 소재",2019-02-11,12월,이상율,http://www.chunbochem.com/,충청북도
362320,청담글로벌,KOSDAQ,중견기업부,생활용품 도매업,글로벌 화장품 유통,2022-06-03,12월,최석주,http://www.chungdamgroup.com/,서울특별시
013720,청보,KOSDAQ,중견기업부,자동차 신품 부품 제조업,엔진부품,1993-12-29,12월,오경원,http://www.cheongbo.co.kr,인천광역시
066360,체리부로,KOSDAQ,우량기업부,"도축, 육류 가공 및 저장 처리업","육계, 사료",2017-12-04,12월,김강흥,http://www.cherrybro.com,충청북도
047820,초록뱀미디어,KOSDAQ,중견기업부,"영화, 비디오물, 방송프로그램 제작 및 배급업",방송프로그램 제작 및 공급,2002-12-24,12월,"김동준,윤동현 (각자대표이사)",http://www.chorokbaem.com,서울특별시
291650,츌립앤사이언스,KOSDAQ,기술성장기업부,자연과학 및 공학 연구개발업,압타머기반 신약개발 및 진단제품 개발,2020-09-16,12월,정집훈,http://www.aptsci.com,경기도
094360,칩스앤미디어,KOSDAQ,벤처기업부,반도체 제조업,비디오 IP,2015-08-05,12월,김상현,http://www.chipsnmedia.com,서울특별시
0082N0,카나프테라퓨틱스,KOSDAQ,기술성장기업부,자연과학 및 공학 연구개발업,항암제 및 안과 질환 치료제 개발,2026-03-16,12월,이병철,http://www.kanaphtx.com,서울특별시
016920,카스,KOSDAQ,중견기업부,기계장비 및 관련 물품 도매업,"전자저울,로드셀",1990-01-04,12월,김태인,http://www.cas.co.kr,경기도
284620,카이노스메드,KOSDAQ,투자주의환기종목(소속부없음),자연과학 및 공학 연구개발업,기업인수합병,2018-06-08,12월,이기섭,http://www.kainosmedicine.com,경기도
140430,카티스,KOSDAQ,중견기업부,"컴퓨터 프로그래밍, 시스템 통합 및 관리업",산업인프라 보안플랫폼,2024-05-03,12월,김승수,http://CATIS.CO.KR,경기도
042000,카페24,KOSDAQ,우량기업부,"자료처리, 호스팅, 포털 및 기타 인터넷 정보매개 서비스업","쇼핑몰솔루션, 광고솔루션, 호스팅솔루션",2018-02-08,12월,이재석,http://www.cafe24.com,서울특별시
313760,캐리,KOSDAQ,관리종목(소속부없음),"전동기, 발전기 및 전기 변환 · 공급 · 제어 장치 제조업",태양광 인버터 등,2019-07-25,12월,김용선,http://www.willings.co.kr,경기도
071850,캐스텍코리아,KOSDAQ,투자주의환기종목(소속부없음),자동차 신품 부품 제조업,자동차용 터보차저 부품,2014-05-27,12월,윤호성,http://www.castec.co.kr,부산광역시
198080,캐프,KOSDAQ,우량기업부,전자부품 제조업,"스마트폰 OLED용 FPCA, 차량용 와이퍼",2020-03-16,12월,"강명구, 정용의(각자대표)",http://www.capco.co.kr/,경기도
210120,캔버스엔,KOSDAQ,중견기업부,"영화, 비디오물, 방송프로그램 제작 및 배급업","방송영상 제작, 공급",2023-08-17,12월,김상진,http://victents.com,서울특별시
050110,캠시스,KOSDAQ,중견기업부,전자부품 제조업,휴대폰용 카메라모듈,2001-05-17,12월,권현진,http://www.cammsys.net,인천광역시
452300,캡스톤파트너스,KOSDAQ,중견기업부,기타 금융업,벤처투자조합 등 조합 결성 및 운영,2023-11-15,12월,송은강,http://cspartners.co.kr,서울특별시
451760,컨텍,KOSDAQ,기술성장기업부,"컴퓨터 프로그래밍, 시스템 통합 및 관리업","지상국 시스템 엔지니어링 솔루션, 위성영상 생성을 위한 데이터처리 솔루션",2023-11-09,12월,이성희,http://kr.contec.kr/,대전광역시
900310,컬러레이,KOSDAQ,외국기업(소속부없음),기타 금융업,화장품용 진주광택안료,2017-08-10,12월,줘중비아오,http://www.coloray.co.kr,홍콩
291230,컴투스엔,KOSDAQ,중견기업부,기타 사업지원 서비스업,"브랜드 익스피어리언스, XR 콘텐츠, 메타버스",2018-09-13,12월,조재덕,http://www.npinc.co.kr/,서울특별시
063080,컴투스홀딩스,KOSDAQ,중견기업부,소프트웨어 개발 및 공급업,모바일게임,2009-07-30,12월,정철호,http://holdings.com2us.com/,서울특별시
307930,컴퍼니케이,KOSDAQ,중견기업부,기타 금융업,중소 벤처기업 투자,2019-05-23,12월,김학범,http://www.kpartners.co.kr,서울특별시
079190,케스피온,KOSDAQ,관리종목(소속부없음),통신 및 방송 장비 제조업,휴대폰안테나,2005-11-29,12월,LLOYD YEONSU LEE,http://www.kespion.co.kr,인천광역시
263700,케어랩스,KOSDAQ,중견기업부,광고업,"헬스케어 미디어플랫폼, 헬스케어 디지털마케팅, 헬스케어 솔루션",2018-03-28,12월,이민경,http://carelabs.co.kr,서울특별시
214370,케어젠,KOSDAQ,벤처기업부,기초 의약물질 제조업,"성장인자, 바이오미메틱펩타이드 기반 안면, 두피, 바디 코스메슈티컬 제품",2015-11-17,12월,정용지,http://caregen.co.kr,서울특별시
221980,케이디켐,KOSDAQ,우량기업부,기타 화학제품 제조업,PVC 안정제,2015-11-19,12월,"민남규, 민소원 (각자 대표이사)",http://www.kdchem.kr,충청북도
038530,케이바이오랩스,KOSDAQ,중견기업부,생활용품 도매업,"실험용 시약, 과학기자재 등",2000-06-09,12월,"조안협, 이영철",http://www.kbiocompany.com,서울특별시
192250,케이사인,KOSDAQ,벤처기업부,소프트웨어 개발 및 공급업,,2014-04-28,12월,"구자동, 최현철(각자 대표이사)",,경기도
431190,케이쓰리아이,KOSDAQ,기술성장기업부,소프트웨어 개발 및 공급업,XR 실감형콘텐츠,2024-08-20,12월,이재영,http://www.k3i.co.kr,대전광역시
115500,케이씨에스,KOSDAQ,중견기업부,"컴퓨터 프로그래밍, 시스템 통합 및 관리업",컴퓨터시스템 통합 구축 및 철도 도로 교통인프라,2010-04-14,12월,김광묵,http://www.kcins.co.kr,경상북도
089150,케이씨티,KOSDAQ,벤처기업부,"컴퓨터 프로그래밍, 시스템 통합 및 관리업","금융단말시스템,복표발매기,마권발매기",2006-12-13,12월,"강창귀, 김선종 각자대표",http://www.kctinc.co.kr,경기도
025880,케이씨피드,KOSDAQ,우량기업부,동물용 사료 및 조제식품 제조업,사료,1995-07-07,12월,김희철(단독대표이사),http://www.kcfeed.co.kr,경상북도
093320,케이아이엔엑스,KOSDAQ,우량기업부,"자료처리, 호스팅, 포털 및 기타 인터넷 정보매개 서비스업",인터넷연동서비스 등,2011-02-08,12월,김지욱,http://www.kinx.net,경기도
093640,케이알엠,KOSDAQ,벤처기업부,반도체 제조업,멀티미디어반도체,2007-10-19,12월,박광식,http://www.tamulm.com,서울특별시
487400,케이앤에스아이앤씨,KOSDAQ,기술성장기업부,통신 및 방송 장비 제조업,"군용 위성통신안테나(잠수함용, 수상함용, 무인항공기용 등), 해상용 위성통신안테나(VSAT, TVRO), ESA 평판안테나",2026-08-13,12월,진병욱,http://www.kns-kr.com,대전광역시
073010,케이에스피,KOSDAQ,우량기업부,일반 목적용 기계 제조업,"선박용엔진밸브,형단조품",2004-12-17,12월,"이범호, 김효철(각자 대표이사)",http://www.kspvalve.com,부산광역시
105330,케이엔더블유,KOSDAQ,중견기업부,자동차 신품 부품 제조업,"Blanket, DOF, 보호필름",2009-09-29,12월,양재석,http://www.knwkorea.com,경기도
053080,케이엔솔,KOSDAQ,중견기업부,일반 목적용 기계 제조업,클린룸 설비,2020-09-24,12월,"구자겸, 우희구 (각자 대표이사)",http://www.k-ensol.com,충청북도
199430,케이엔알시스템,KOSDAQ,기술성장기업부,"측정, 시험, 항해, 제어 및 기타 정밀기기 제조업; 광학기기 제외","특수목적 시험장비, 산업용로봇",2024-03-07,12월,김명한,http://www.knrsys.com,경기도
432470,케이엔에스,KOSDAQ,벤처기업부,특수 목적용 기계 제조업,이차전지 자동화 설비,2023-12-06,12월,정봉진,http://knssystem.com,경기도
272110,케이엔제이,KOSDAQ,우량기업부,반도체 제조업,"Edge Grinder, CVD-SiC Ring",2019-10-25,12월,심호섭,http://www.knj.kr,충청남도
039420,케이엘넷,KOSDAQ,중견기업부,전기 통신업,EC/EDI,2002-03-12,12월,"정지원, 전기정",http://www.klnet.co.kr,서울특별시
083550,케이엠,KOSDAQ,중견기업부,기타 섬유제품 제조업,클린룸용Wiper,2005-12-20,12월,신병순,http://kmbiz.com,경기도
032500,케이엠더블유,KOSDAQ,중견기업부,통신 및 방송 장비 제조업,RF 부품 및 중계기,2000-03-21,12월,김덕용,http://www.kmw.co.kr,경기도
225430,케이엠제약,KOSDAQ,관리종목(소속부없음),기타 화학제품 제조업,"구강제품, 화장품,기타 생활용품",2015-10-08,12월,백승원(BAIK BRIAN SEUNG WON),http://kmkmp.com,경기도
102370,케이옥션,KOSDAQ,기술성장기업부,상품 중개업,미술품 경매 및 판매,2022-01-24,12월,도현순,http://www.k-auction.com/,서울특별시
068100,케이웨더,KOSDAQ,기술성장기업부,일반 목적용 기계 제조업,"공기개선솔루션, 기상데이터, 공기측정솔루션 등",2024-02-22,12월,김동식,http://www.kweather.co.kr,서울특별시
106080,케이이엠텍,KOSDAQ,관리종목(소속부없음),전자부품 제조업,"IR필터 및 이차전지 부품(Can, Cap Ass'y)",2010-02-09,12월,유성준,http://www.kem-tech.co.kr,경기도
455180,케이지에이,KOSDAQ,벤처기업부,특수 목적용 기계 제조업,"2차전지 전극장비 (코터, 프레스, 슬리터), 덕트자동화 장비",2025-06-17,12월,김옥태,http://www.kga-i.com,경기도
036030,케이티알파,KOSDAQ,우량기업부,상품 중개업,"커머스, 콘텐츠, ICT",1999-12-24,12월,박정민,http://www.ktalpha.com,서울특별시
064820,케이프,KOSDAQ,우량기업부,선박 및 보트 건조업,선박엔진용실린더라이너,2007-05-29,12월,최철은,http://www.cape.co.kr,경상남도
024880,케이피에프,KOSDAQ,우량기업부,기타 금속 가공제품 제조업,볼트류,1994-12-29,12월,김형노,http://www.kpf.co.kr,경기도
042040,케이피엠테크,KOSDAQ,중견기업부,기타 전문 도매업,"표면처리약품, 전자동 도금설비",2003-01-07,12월,김지훈,http://www.kpmtech.co.kr,경기도
054410,케이피티유,KOSDAQ,중견기업부,기타 전문 도매업,"Vacuum Treatment, Plasma Surface Treatment",2002-04-25,12월,박준영,http://www.kpt4u.com,경기도
288180,케이피항공산업,KOSDAQ,중견기업부,"항공기,우주선 및 부품 제조업",항공기 및 우주 방산 구조물 제작,2026-05-19,12월,"김종판, 윤승욱",http://www.airkpc.com,경상남도
258610,케일럼,KOSDAQ,중견기업부,"구조용 금속제품, 탱크 및 증기발생기 제조업","지열발전설비, 항공기MRO, 항공부품제조",2017-08-22,12월,최연지,http://www.ewkinc.co.kr,부산광역시
274090,켄코아에어로스페이스,KOSDAQ,기술성장기업부,"항공기,우주선 및 부품 제조업",항공가공품 및 조립품,2020-03-03,12월,케네스민규리,http://www.kencoa.com,경상남도
089010,켐트로닉스,KOSDAQ,우량기업부,기타 화학제품 제조업,"Touch IC 및 PBA, TG, EMC",2007-01-17,12월,김응수,http://www.chemtronics.co.kr,세종특별자치시
220260,켐트로스,KOSDAQ,벤처기업부,기타 화학제품 제조업,기타화학제품 제조업,2015-07-27,12월,이동훈,http://chemtros.com,경기도
402030,코난테크놀로지,KOSDAQ,기술성장기업부,소프트웨어 개발 및 공급업,"소프트웨어(인공지능,빅데이터,자연어처리,검색엔진,대화형챗봇,음성합성,음성인식) 연구개발 및 공급, 정보통신서비스",2022-07-07,12월,김영섬,http://konantech.com,서울특별시
391710,코닉오토메이션,KOSDAQ,벤처기업부,특수 목적용 기계 제조업,금융 지원 서비스(SPAC),2021-10-15,12월,서종휘 김호정,,경기도
046070,코다코,KOSDAQ,관리종목(소속부없음),자동차 신품 부품 제조업,"Oil Pump, Throttle Body",2000-12-26,12월,인귀승,http://www.kodaco.co.kr,충청남도
047770,코데즈컴바인,KOSDAQ,중견기업부,봉제의복 제조업,패션의류,2001-09-18,12월,"김보선, 김호덕(각자대표)",http://www.codes-combine.co.kr,서울특별시
080530,코디,KOSDAQ,중견기업부,기타 화학제품 제조업,화장품 및 용기 제조,2010-01-05,12월,유승욱,http://www.kodi-s.com,경기도
104540,코렌텍,KOSDAQ,기술성장기업부,의료용 기기 제조업,"인공고관절, 인공슬관절 등",2013-03-05,12월,현동욱,http://www.corentec.com,충청남도
027050,코리아나,KOSDAQ,중견기업부,기타 화학제품 제조업,화장품,1999-12-10,12월,유학수,http://www.coreana.co.kr,충청남도
190650,코리아에셋투자증권,KOSDAQ,우량기업부,금융 지원 서비스업,"IB금융자문, 채권인수 및 매매, 투자중개, 펀드운용 등",2019-11-20,03월,"김홍관, 도태호, 추영재",http://www.kasset.co.kr,서울특별시
123410,코리아에프티,KOSDAQ,우량기업부,자동차 신품 부품 제조업,"캐니스터,플라스틱필러넥,의장부품",2010-08-27,12월,"오원석, 김재산(각자 대표이사)",http://www.kftec.com,경기도
036690,코맥스,KOSDAQ,관리종목(소속부없음),통신 및 방송 장비 제조업,"홈네트워크시스템,CCTV 방송설비",2000-01-18,12월,김종욱,http://www.commax.com,경기도
049430,코메론,KOSDAQ,우량기업부,"측정, 시험, 항해, 제어 및 기타 정밀기기 제조업; 광학기기 제외","줄자, 냉간압연",2001-01-16,12월,강동헌,http://www.komelon.co.kr,부산광역시
183300,코미코,KOSDAQ,우량기업부,특수 목적용 기계 제조업,반도체 부품 세정 및 코팅,2017-03-23,12월,최용하,http://www.komico.com,경기도
041960,코미팜,KOSDAQ,벤처기업부,의약품 제조업,동물약품,2001-10-30,12월,"양경훈, 문성철(각자 대표이사)",http://www.komipharm.com,경기도
089890,코세스,KOSDAQ,우량기업부,특수 목적용 기계 제조업,반도체SolderBall부착장비등,2006-11-08,12월,박명순,http://www.koses.co.kr,경기도
360350,코셈,KOSDAQ,기술성장기업부,"측정, 시험, 항해, 제어 및 기타 정밀기기 제조업; 광학기기 제외",주사전자현미경(SEM),2024-02-23,12월,이준희,http://www.coxem.com,대전광역시
082660,코스나인,KOSDAQ,관리종목(소속부없음),기타 화학제품 제조업,화장품,2005-10-05,12월,우정민,http://cosnine.com,경기도
043710,코스리거글로벌,KOSDAQ,중견기업부,기타 전문 도매업,의약품 도매 및 화장품 도소매,2002-07-11,12월,이재규,http://www.seouleaguer.net,서울특별시
222040,코스맥스엔비티,KOSDAQ,중견기업부,기타 식품 제조업,건강기능식품,2015-12-16,12월,김남중,http://www.cosmaxnbt.com,경기도
439960,코스모로보틱스,KOSDAQ,기술성장기업부,의료용 기기 제조업,웨어러블 로봇,2026-05-11,12월,오주영,http://www.cosmo-robotics.com,서울특별시
355150,코스텍시스,KOSDAQ,벤처기업부,반도체 제조업,RF PKG. Spacer,2020-09-18,12월,한규진,http://www.kostec.net,인천광역시
166480,코아스템켐온,KOSDAQ,벤처기업부,의약품 제조업,줄기세포 치료제,2015-06-26,12월,양길안,http://www.corestemchemon.com,경기도
045970,코아시아,KOSDAQ,중견기업부,전자부품 제조업,LED패키지,2000-08-03,12월,이희준 (단독대표),http://www.coasiacorp.co.kr,인천광역시
196450,코아시아씨엠,KOSDAQ,중견기업부,사진장비 및 광학기기 제조업,휴대폰용카메라렌즈모듈제조,2014-06-02,12월,"조병찬, 김창완 각자대표",http://www.coasiaoptics.com,경기도
384470,코어라인소프트,KOSDAQ,기술성장기업부,소프트웨어 개발 및 공급업,의료영상 진단보조 솔루션,2023-09-18,12월,김진국,http://www.corelinesoft.com,서울특별시
102940,코오롱생명과학,KOSDAQ,중견기업부,기초 의약물질 제조업,"항균제, 수처리제, 원료의약 등",2009-04-07,12월,이한국,,서울특별시
950160,코오롱티슈진,KOSDAQ,외국기업(소속부없음),기초 의약물질 제조업,골관절염 치료제,2017-11-06,12월,"노문종, 전승호",http://tissuegene.com,미국
056360,코위버,KOSDAQ,벤처기업부,통신 및 방송 장비 제조업,"가입가계 가입자계 광단국장치,SONs-51,OMS-155M,OCSU,E2 가입자 전송장비,SDS-2500 등",2001-12-04,12월,황인환,http://www.coweaver.co.kr,서울특별시
282880,코윈로보틱스,KOSDAQ,우량기업부,특수 목적용 기계 제조업,"공정자동화설비(2차전지,석유화학,반도체,디스플레이)",2019-08-05,12월,"이재환, 최현순 각자 대표이사",http://www.cowintech.com,충청남도
448710,코츠테크놀로지,KOSDAQ,벤처기업부,컴퓨터 및 주변장치 제조업,"싱글보드컴퓨터(SBC), 군용 전시기 등",2023-08-10,12월,조지원,http://www.cotstech.com/,경기도
126730,코칩,KOSDAQ,벤처기업부,전자부품 제조업,소형 및 초소형 슈퍼커패시터,2024-05-07,12월,손진형,http://www.korchip.com,경기도
015710,코콤,KOSDAQ,우량기업부,통신 및 방송 장비 제조업,비디오도어폰,1997-09-30,12월,고진호,http://www.kocom.com,서울특별시
052330,코텍,KOSDAQ,우량기업부,영상 및 음향기기 제조업,산업용 모니터,2001-07-10,12월,김영달,http://www.kortek.co.kr,인천광역시
322780,코퍼스코리아,KOSDAQ,중견기업부,"영화, 비디오물, 방송프로그램 제작 및 배급업",콘텐츠 배급 및 제작,2019-05-31,12월,"안형조, 이태성",,서울특별시
215380,콜마바이오텍,KOSDAQ,중견기업부,자연과학 및 공학 연구개발업,"동물실험,CRO서비스,사육장비,세척장비등",2015-05-18,12월,문병석,http://kolmarbiotech.com,경기도
294570,쿠콘,KOSDAQ,우량기업부,기타 정보 서비스업,"페이먼트서비스(65.2%), 데이터서비스(29.1%) 등",2021-04-28,12월,김종현,http://www.coocon.net,서울특별시
464490,쿼드메디슨,KOSDAQ,기술성장기업부,기초 의약물질 제조업,마이크로니들 의약품,2025-12-12,12월,백승기,http://www.quadmedicine.com/,경기도
317690,퀀타매트릭스,KOSDAQ,기술성장기업부,의료용 기기 제조업,신속항균제검사 장비 및 키트,2020-12-09,12월,"권성훈, 홍영석 (공동대표이사)",http://www.quantamatrix.com,서울특별시
070300,퀀텀레일,KOSDAQ,벤처기업부,소프트웨어 개발 및 공급업,"USIM카드, 금융카드",2010-06-09,12월,"안은철, 김지원(각자 대표이사)",http://www.xcure.co.kr,경기도
432720,퀄리타스반도체,KOSDAQ,기술성장기업부,반도체 제조업,초고속 통신용 반도체 IP,2023-10-27,12월,김두호,http://q-semi.com,경기도
365270,큐라클,KOSDAQ,기술성장기업부,자연과학 및 공학 연구개발업,혈관질환치료제 등,2021-07-22,12월,유재현,http://www.curacle.com,서울특별시
348080,큐라티스,KOSDAQ,중견기업부,자연과학 및 공학 연구개발업,"백신 및 면역증강제 개발제조업, CMO/CDMO",2023-06-15,12월,김성준,http://quratis.com,충청북도
060280,큐렉소,KOSDAQ,중견기업부,기타 상품 전문 소매업,"만화단행본, 정기간행물",2002-07-03,12월,이재준,http://www.curexo.com,서울특별시
372320,큐로셀,KOSDAQ,기술성장기업부,자연과학 및 공학 연구개발업,CAR-T 세포치료제,2023-11-09,12월,김건수,http://curocellbtx.com,대전광역시
051780,큐로홀딩스,KOSDAQ,중견기업부,음·식료품 및 담배 소매업,"DTIS, Probe Card, H.F PCB",2001-06-26,12월,조중기,http://www.curoholdings.com,서울특별시
115180,큐리언트,KOSDAQ,벤처기업부,자연과학 및 공학 연구개발업,저분자 혁신신약,2016-02-29,12월,남기연,http://www.qurient.com,경기도
494120,큐리오시스,KOSDAQ,기술성장기업부,사진장비 및 광학기기 제조업,라이브셀 이미징 기기 등,2025-11-13,12월,윤호영,http://www.curiosis.com,서울특별시
445680,큐리옥스바이오시스템즈,KOSDAQ,기술성장기업부,의료용 기기 제조업,세포 전처리 자동화기기 등,2023-08-10,12월,김남용,http://curiox.co.kr/,서울특별시
182360,큐브엔터,KOSDAQ,우량기업부,오디오물 출판 및 원판 녹음업,"음반음원, 콘서트, 아티스트매니지먼트",2013-11-21,12월,"강승곤, 정철(공동대표이사)",http://www.cubeent.co.kr,서울특별시
405100,큐알티,KOSDAQ,중견기업부,"그외 기타 전문, 과학 및 기술 서비스업",반도체 신뢰성 검사 및 종합분석,2022-11-02,12월,이규복,http://qrtkr.com,경기도
066310,큐에스아이,KOSDAQ,벤처기업부,반도체 제조업,레이저다이오드(LaserDiode),2006-11-24,12월,이청대,http://www.qsilaser.com,충청남도
377460,큐에이드,KOSDAQ,관리종목(소속부없음),개인 및 가정용품 수리업,"전자제품 소매, 물류주선, 서비스대행",2022-06-23,12월,김희웅,http://www.winiaaid.com,전남광주통합특별시
016600,큐캐피탈,KOSDAQ,중견기업부,기타 금융업,"사모투자(PEF),벤처투자",1993-06-21,12월,황희연,http://www.qcapital.co.kr,서울특별시
355390,크라우드웍스,KOSDAQ,기술성장기업부,소프트웨어 개발 및 공급업,인공지능 데이터 구축 서비스,2023-08-31,12월,김광일,http://www.crowdworks.kr,서울특별시
096240,크레버스,KOSDAQ,우량기업부,일반 교습 학원,청담어학원,2008-06-27,12월,"이동훈, 김형준 (각자대표)",http://creverse.com,서울특별시
040350,크레오에스지,KOSDAQ,벤처기업부,"컴퓨터 프로그래밍, 시스템 통합 및 관리업","시스템통합, 지능형교통시스템",2002-01-10,12월,이상균,http://www.curocom.com,서울특별시
110790,크리스에프앤씨,KOSDAQ,우량기업부,봉제의복 제조업,골프웨어,2018-10-01,12월,우진석 (단독대표),http://www.creas.co.kr,서울특별시
900250,크리스탈신소재,KOSDAQ,외국기업(소속부없음),기타 금융업,"합성운모 플레이크, 파우더, 테이프",2016-01-28,12월,다이중치우 (DAI ZHONG QIU),http://www.crystalnewmaterial.com,케이맨 제도
045520,크린앤사이언스,KOSDAQ,관리종목(소속부없음),일반 목적용 기계 제조업,자동차용 여과지,2000-12-05,12월,곽규범,http://www.cands.co.kr,서울특별시
466100,클로봇,KOSDAQ,기술성장기업부,소프트웨어 개발 및 공급업,"로봇 소프트웨어(카멜레온, 크롬스)",2024-10-28,12월,김창구,http://clobot.co.kr,경기도
237880,클리오,KOSDAQ,우량기업부,기타 화학제품 제조업,"색조화장품, 기초화장품",2016-11-09,12월,한현옥,http://www.clio.co.kr,서울특별시
139670,키네마스터,KOSDAQ,중견기업부,소프트웨어 개발 및 공급업,"NexMFW, NexPlayer EMB",2011-12-02,12월,"홍기태, 송광은(공동대표)",http://www.kinemastercorp.com,서울특별시
475430,키스트론,KOSDAQ,중견기업부,절연선 및 케이블 제조업,"전자부품용 와이어, 케이블용 와이어 등",2025-06-02,12월,"신재명, 권대희 (각자 대표이사)",http://www.kistron.com/,경기도
487720,키움제10호스팩,KOSDAQ,SPAC(소속부없음),금융 지원 서비스업,기업 인수합병,2024-12-20,12월,김대식,,서울특별시
489480,키움제11호스팩,KOSDAQ,SPAC(소속부없음),금융 지원 서비스업,기업 인수합병,2024-12-11,12월,조선희,,서울특별시
466690,키움히어로제1호스팩,KOSDAQ,SPAC(소속부없음),금융 지원 서비스업,다른 회사와 인수합병,2025-12-12,12월,고명진,,서울특별시
0131D0,키움히어로제2호스팩,KOSDAQ,SPAC(소속부없음),금융 지원 서비스업,기업 인수 합병,2026-04-23,12월,박정근,,서울특별시
054780,키이스트,KOSDAQ,중견기업부,"영화, 비디오물, 방송프로그램 제작 및 배급업",멀티미디어 SI,2003-11-14,12월,조지훈,http://www.keyeast.co.kr,서울특별시
256940,킵스파마,KOSDAQ,벤처기업부,의약품 제조업,OLED 마스크 인장기,2017-09-06,12월,김하용,http://www.kpscorp.co.kr,서울특별시
219130,타이거일렉,KOSDAQ,벤처기업부,전자부품 제조업,인쇄회로기판 제조업,2015-09-25,12월,허재정,http://www.tigerelec.com,인천광역시
336680,탑런토탈솔루션,KOSDAQ,중견기업부,전자부품 제조업,전장디스플레이 및 pOLED 부품,2024-11-01,12월,박영근,http://toprun.co.kr/,경상북도
360070,탑머티리얼,KOSDAQ,중견기업부,일차전지 및 이차전지 제조업,"이차전지 시스템 엔지니어링, 전극소재, 양극소재",2022-10-18,12월,노환진,http://www.topmaterial.co.kr,경기도
065130,탑엔지니어링,KOSDAQ,중견기업부,특수 목적용 기계 제조업,LCD Cell Line 자동화 장치,2003-01-29,12월,안만호,http://www.topengnet.com,경상북도
134580,탑코미디어,KOSDAQ,중견기업부,"자료처리, 호스팅, 포털 및 기타 인터넷 정보매개 서비스업","웹툰, 만화",2013-11-26,12월,유정석,http://www.topcomedia.co.kr,서울특별시
323280,태성,KOSDAQ,중견기업부,특수 목적용 기계 제조업,PCB 자동화 설비,2019-06-24,12월,김종학,http://www.taesung2000.com,충청남도
053620,태양,KOSDAQ,우량기업부,기타 금속 가공제품 제조업,"휴대용 부탄가스, 에어졸캔, 외주수탁품",2001-08-07,12월,현창수,http://sungroup.kr/taeyangsun/,충청남도
044490,태웅,KOSDAQ,우량기업부,기타 금속 가공제품 제조업,자유형단조품,2001-11-08,12월,장희상,http://www.taewoong.com,부산광역시
124560,태웅로직스,KOSDAQ,우량기업부,기타 운송관련 서비스업,"3자물류주선 (복합운송, 프로젝트운송, CIS운송 등)",2019-12-10,12월,Han Jae dong and Cho Yong jun (individual representative directors),http://www.e-tgl.com,서울특별시
191420,테고사이언스,KOSDAQ,벤처기업부,기초 의약물질 제조업,피부세포치료제,2014-11-06,12월,전세화,http://www.tegoscience.com,서울특별시
950250,테라뷰,KOSDAQ,기술성장기업부,기타 금융업,테라헤르츠 전자기파 발생 및 응용 검사장비,2025-12-09,04월,도널드 도미닉 아르논,http://teraview.com/,영국
073640,테라사이언스,KOSDAQ,관리종목(소속부없음),기타 금속 가공제품 제조업,유압용 관이음쇠,2004-01-06,12월,지서현,http://www.samwon-tech.com,경상남도
066700,테라젠이텍스,KOSDAQ,중견기업부,의약품 제조업,"Loading/Unloading System, PCB Bonding System",2004-05-27,12월,"고진업, 박시홍",http://www.thera-gen.com,경기도
064520,테크엘,KOSDAQ,중견기업부,반도체 제조업,"메모리 카드, 스마트 카드 등",2002-12-04,12월,김재창,http://www.bec.co.kr,경기도
089030,테크윙,KOSDAQ,중견기업부,특수 목적용 기계 제조업,"반도체테스트핸들러,C.O.K(Change Over Kit)",2011-11-10,12월,"나윤성, 장 남 각자대표",http://techwing.co.kr,경기도
054450,텔레칩스,KOSDAQ,중견기업부,반도체 제조업,"디지털미디어프로세서,발신자정보표시칩",2004-12-10,12월,이장규,http://www.telechips.com,경기도
200230,텔콘RF제약,KOSDAQ,중견기업부,의약품 제조업,"RF 통신부품(케이블 어셈블리, 커넥터 등)",2014-11-24,12월,김지훈,http://www.telcon.co.kr,경기도
393210,토마토시스템,KOSDAQ,기술성장기업부,소프트웨어 개발 및 공급업,"UI/UX솔루션, 대학정보화사업 SW",2023-04-27,12월,"조길주, 이강찬(각자 대표이사)",http://tomatosystem.co.kr/,서울특별시
475960,토모큐브,KOSDAQ,기술성장기업부,사진장비 및 광학기기 제조업,"홀로토모그래피 HT-X1, HT-2H",2024-11-07,12월,박용근,http://www.tomocube.com,대전광역시
215480,토박스코리아,KOSDAQ,중견기업부,"섬유, 의복, 신발 및 가죽제품 소매업",유아동 신발,2015-05-13,12월,최진희,http://toebox.com,서울특별시
051360,토비스,KOSDAQ,우량기업부,영상 및 음향기기 제조업,Gaming모니터,2004-11-19,12월,김용범,http://www.tovism.com,인천광역시
045340,토탈소프트,KOSDAQ,벤처기업부,소프트웨어 개발 및 공급업,해운물류소프트웨어 (CATOS 등),2002-07-19,12월,최장수,http://www.tsb.co.kr,부산광역시
108230,톱텍,KOSDAQ,우량기업부,특수 목적용 기계 제조업,디스플레이 자동화설비,2009-09-15,12월,정지용,http://toptec.co.kr,경상북도
079970,투비소프트,KOSDAQ,관리종목(소속부없음),소프트웨어 개발 및 공급업,"MiPlatform, X Platform",2010-06-01,12월,김모란희 단독대표,http://www.tobesoft.com,서울특별시
199800,툴젠,KOSDAQ,기술성장기업부,자연과학 및 공학 연구개발업,유전자교정 플랫폼 관련 제품,2021-12-10,12월,유종상,http://toolgen.com,서울특별시
417790,트루엔,KOSDAQ,벤처기업부,영상 및 음향기기 제조업,"IP 카메라, 영상스트리밍솔루션, IoT기기 및 서비스",2023-05-17,12월,안재천,http://truen.co.kr,서울특별시
290090,트윔,KOSDAQ,벤처기업부,소프트웨어 개발 및 공급업,AI 기반 스마트팩토리 검사 소프트웨어 및 설비,2021-11-17,12월,정한섭(단독대표),http://www.twim21.com,경기도
026150,특수건설,KOSDAQ,중견기업부,토목 건설업,보링,1997-08-06,12월,"김중헌, 김도헌 (각자 대표이사)",http://www.tuksu.co.kr,서울특별시
464280,티디에스팜,KOSDAQ,중견기업부,의약품 제조업,"경피약물전달시스템(습포제, 첩부제)",2024-08-21,12월,김철준,http://www.tdspharm.com,경기도
117730,티로보틱스,KOSDAQ,벤처기업부,특수 목적용 기계 제조업,"중대형 시스템, 중대형 로봇",2018-11-29,12월,안승욱,http://www.t-robotics.net/,경기도
033830,티비씨,KOSDAQ,중견기업부,텔레비전 방송업,"텔레비젼 방송,문화서비스,광고/출판,음반 제작,도매",2010-11-29,12월,김한덕,http://www.tbc.co.kr,대구광역시
057680,티사이언티픽,KOSDAQ,벤처기업부,소프트웨어 개발 및 공급업,모바일쿠폰,2002-06-18,12월,"김상우,유승재(각자대표)",http://www.tscientific.co.kr,서울특별시
204610,티쓰리,KOSDAQ,벤처기업부,소프트웨어 개발 및 공급업,온라인 및 모바일 게임 등,2022-11-17,12월,홍민균,http://www.t3.co.kr,서울특별시
125020,티씨머티리얼즈,KOSDAQ,중견기업부,절연선 및 케이블 제조업,"에나멜동선, 초고압케이블, 각동선, CTC 등",2025-05-15,12월,박혜린,,울산광역시
246710,티앤알바이오팹,KOSDAQ,기술성장기업부,기초 의약물질 제조업,"생분해성 의료기기, 3D 바이오프린팅 시스템, 바이오잉크, 3D 오가노이드, 3D 세포치료제",2018-11-28,12월,윤원수,http://www.tnrbiofab.com,경기도
340570,티앤엘,KOSDAQ,우량기업부,의료용품 및 기타 의약 관련제품 제조업,"창상치료재, 정형외과용 고정재",2020-11-20,12월,최윤소,http://www.tnl.co.kr/,경기도
043220,티에스넥스젠,KOSDAQ,관리종목(소속부없음),특수 목적용 기계 제조업,"발전설비 Damper, 전력설비 Busway",2001-07-03,12월,김한국,http://www.hlbpower.com,서울특별시
277880,티에스아이,KOSDAQ,우량기업부,특수 목적용 기계 제조업,"2차전지 장비(믹싱시스템, 믹싱제작품, 믹싱 공사, 코터건조시스템)",2020-07-22,12월,표인식,http://taesungind.co.kr/,경기도
131290,티에스이,KOSDAQ,우량기업부,"측정, 시험, 항해, 제어 및 기타 정밀기기 제조업; 광학기기 제외","Probe Card, Test Interface Board, OLED Test Equipment, Test Socket",2011-01-05,12월,"김철호, 김명진(각자 대표)",http://www.tse21.com,충청남도
425420,티에프이,KOSDAQ,우량기업부,전자부품 제조업,"COK, Board, Test Socket",2022-11-17,12월,문성주,http://www.tfe.co.kr,경기도
484810,티엑스알로보틱스,KOSDAQ,벤처기업부,일반 목적용 기계 제조업,"물류자동화, 로봇자동화, AMR/AGV",2025-03-20,12월,엄인섭,http://www.txr.kr,경기도
131100,티엔엔터테인먼트,KOSDAQ,중견기업부,"영화, 비디오물, 방송프로그램 제작 및 배급업","연예인 매니지먼트, 계육, 식음료",2011-06-14,12월,김동준,http://chorokbaemenm.com,서울특별시
356860,티엘비,KOSDAQ,우량기업부,전자부품 제조업,SSD Module / DRAM Module PCB,2020-12-14,12월,백성현,http://www.tlbpcb.com,경기도
321550,티움바이오,KOSDAQ,기술성장기업부,자연과학 및 공학 연구개발업,"특발성폐섬유증 치료제, 면역항암제, 자궁내막증치료제, 혈우병치료제",2019-11-22,12월,김훈택,http://www.tiumbio.com,경기도
425040,티이엠씨,KOSDAQ,우량기업부,기초 화학물질 제조업,반도체용 특수가스,2023-01-19,12월,유원양,http://temc.co.kr/,충청북도
241790,티이엠씨씨엔에스,KOSDAQ,우량기업부,특수 목적용 기계 제조업,"반도체 케미칼 및 특수가스, 반도체 장비",2016-12-01,12월,이동준,http://	http://www.oceanbridge.co.kr,충청북도
022220,티케이지애강,KOSDAQ,관리종목(소속부없음),플라스틱제품 제조업,"PB/CPVC 파이프, 연결구",2006-04-11,12월,임홍석,http://aikang.taekwang.com,충청북도
104480,티케이케미칼,KOSDAQ,중견기업부,화학섬유 제조업,"수지, 폴리에스터, 스판덱스",2011-04-26,12월,박근숙,http://www.tkchemi.co.kr,대구광역시
081150,티플랙스,KOSDAQ,중견기업부,1차 비철금속 제조업,"스텐레스봉,판(열간제품) 제조,도매",2009-04-23,12월,"김영국, 김태섭 각자대표이사",http://www.tplex.co.kr,경기도
130740,티피씨글로벌,KOSDAQ,중견기업부,자동차 신품 부품 제조업,"정밀인발강관, 정밀강관, Water pipe, Filler Neck 등",2011-02-08,12월,이정훈,,경상북도
084730,팅크웨어,KOSDAQ,중견기업부,통신 및 방송 장비 제조업,"내비게이션,블랙박스,태블릿 및 위치정보서비스",2006-05-19,12월,이흥복,http://www.thinkware.co.kr,경기도
440110,파두,KOSDAQ,기술성장기업부,반도체 제조업,SSD 컨트롤러,2023-08-07,12월,남이현,http://www.fadu.io/,서울특별시
290560,파라택시스이더리움,KOSDAQ,벤처기업부,소프트웨어 개발 및 공급업,DB보안솔루션 등,2023-11-03,12월,Myunghoon Lee,,서울특별시
288330,파라택시스코리아,KOSDAQ,관리종목(소속부없음),"그외 기타 전문, 과학 및 기술 서비스업","펠리노-1 단백질 저해제, 오토택신 저해제",2019-12-20,12월,Andrew Kim,http://www.bridgebiorx.com,경기도
033540,파라텍,KOSDAQ,중견기업부,특수 목적용 기계 제조업,소방기기,1997-12-26,12월,박선기,http://www.paratech.co.kr,충청남도
388870,파로스아이바이오,KOSDAQ,기술성장기업부,자연과학 및 공학 연구개발업,PHI-101 급성골수성백혈병 치료제 및 재발성난소암 치료제,2023-07-27,12월,윤정혁,http://www.pharosibio.com/,서울특별시
043200,파루,KOSDAQ,벤처기업부,"전동기, 발전기 및 전기 변환 · 공급 · 제어 장치 제조업","온습도 조절기(에어쿨), 무인방제기(야호)",2000-07-19,12월,강문식,http://www.paru.co.kr,전라남도
177830,파버나인,KOSDAQ,벤처기업부,전자부품 제조업,"알루미늄 소재 TV 외관재(프레임, 스탠드)",2014-08-04,12월,이제훈,http://www.pavonine.net,인천광역시
037070,파세코,KOSDAQ,중견기업부,가정용 기기 제조업,"창문형에어컨,석유스토브",2000-01-04,12월,유일한,http://www.paseco.co.kr,경기도
150900,파수AI,KOSDAQ,벤처기업부,소프트웨어 개발 및 공급업,기업용 문서보안 솔루션,2013-10-18,12월,조규곤,http://www.fasoo.com,서울특별시
037030,파워넷,KOSDAQ,우량기업부,"전동기, 발전기 및 전기 변환 · 공급 · 제어 장치 제조업",전력변환장치,2018-06-07,12월,"김상우, 이돈주(각자대표)",http://www.gopowernet.com,서울특별시
047310,파워로직스,KOSDAQ,우량기업부,"전동기, 발전기 및 전기 변환 · 공급 · 제어 장치 제조업","2차전지 보호회로 및 배터리팩, 카메라모듈",2003-07-25,12월,장동훈,http://www.powerlogics.co.kr,충청북도
368770,파이버프로,KOSDAQ,벤처기업부,"측정, 시험, 항해, 제어 및 기타 정밀기기 제조업; 광학기기 제외",광섬유 관성센서 및 관성 측정장치,2021-01-21,12월,고연완,http://www.fiberpro.com,대전광역시
170790,파이오링크,KOSDAQ,우량기업부,통신 및 방송 장비 제조업,"ADC(서버부하 분산장치), 보안스위치, 웹방화벽",2013-08-01,12월,조영철,http://www.piolink.com,서울특별시
900100,파이온엑스,KOSDAQ,관리종목(소속부없음),자동차 부품 및 내장품 판매업,의류판매,2010-04-21,12월,이지훈,http://www.phionx.com,미국
049120,파인디앤씨,KOSDAQ,벤처기업부,전자부품 제조업,"CHASSIS , 금형",2001-07-26,12월,"홍성천,김종찬(각자대표)",http://www.finednc.co.kr,충청남도
038950,파인디지털,KOSDAQ,중견기업부,통신 및 방송 장비 제조업,"원격 RF 감시장치, 디지털 광 중계기, 노드분배기",2000-05-04,12월,김용훈,http://www.finedigital.com,경기도
387570,파인메딕스,KOSDAQ,기술성장기업부,의료용 기기 제조업,"인젝터, 스네어, 나이프, 포셉 등 내시경용 시술기구",2024-12-26,12월,전성우,,대구광역시
441270,파인엠텍,KOSDAQ,벤처기업부,전자부품 제조업,IT부품,2022-10-07,12월,이재규,http://www.finemtec.com,경기도
106240,파인테크닉스,KOSDAQ,벤처기업부,전구 및 조명장치 제조업,LED조명기기,2009-03-16,12월,심철구,http://www.finetechnix.com,경기도
131760,파인텍,KOSDAQ,관리종목(소속부없음),특수 목적용 기계 제조업,OLED 제조장비,2015-08-17,12월,강원일,,경기도
065690,파커스,KOSDAQ,투자주의환기종목(소속부없음),고무제품 제조업,"프린터 부품, LED 조명기기,및 헬스케어 제품 제조업체",2002-07-16,12월,박창식,http://www.xleds.co.kr,충청남도
091700,파트론,KOSDAQ,우량기업부,전자부품 제조업,"카메라모듈, 안테나, 센서류 등",2006-12-13,12월,"Kim Jong-koo, Kim Won-keun",http://www.partron.co.kr,경기도
032800,판타지오,KOSDAQ,중견기업부,창작 및 예술관련 서비스업,서비스,1997-06-26,06월,신영진,http://www.fantagio.kr,서울특별시
318010,팜스빌,KOSDAQ,벤처기업부,기타 식품 제조업,다이어트 제품 및 건강기능 관련 제품,2019-10-22,12월,이병욱,http://www.pharmsville.com,서울특별시
027710,팜스토리,KOSDAQ,우량기업부,동물용 사료 및 조제식품 제조업,사료,1996-07-06,12월,"편명식, 배수한(각자대표)",http://www.dodrambnf.co.kr,서울특별시
225590,패션플랫폼,KOSDAQ,관리종목(소속부없음),봉제의복 제조업,여성복,2015-10-05,12월,박원희,http://fashion-platform.co.kr,서울특별시
054300,팬스타엔터프라이즈,KOSDAQ,벤처기업부,일반 목적용 기계 제조업,자동차 정비용 리프트,2002-01-10,12월,"김현겸, 권재근",http://www.heshbon.com,부산광역시
068050,팬엔터테인먼트,KOSDAQ,중견기업부,"영화, 비디오물, 방송프로그램 제작 및 배급업","방송영상물,음반",2006-07-07,12월,박영석,http://www.thepan.co.kr,서울특별시
222110,팬젠,KOSDAQ,기술성장기업부,의약품 제조업,"바이오시밀러 의약품 개발, 바이오의약품 개발 기술이전 서비스 등",2016-03-11,12월,윤재승,http://www.pangen.com,경기도
271830,팸텍,KOSDAQ,벤처기업부,특수 목적용 기계 제조업,"카메라모듈 검사장비, 반도체 검사장비",2023-05-23,12월,김재웅,http://www.pamtek.com/,경기도
263750,펄어비스,KOSDAQ,우량기업부,소프트웨어 개발 및 공급업,게임 개발 서비스(검은사막 및 붉은사막),2017-09-14,12월,허진영,http://www.pearlabyss.com,경기도
187660,페니트리움바이오,KOSDAQ,중견기업부,자연과학 및 공학 연구개발업,임상 CRO 서비스,2021-06-03,12월,"조원동, 진근우(공동 대표이사)",http://hdadmbio.com,서울특별시
0015S0,페스카로,KOSDAQ,기술성장기업부,"그외 기타 전문, 과학 및 기술 서비스업","임베디드 보안 솔루션, 차량전장 소프트웨어",2025-12-10,12월,홍석민,http://www.fescaro.com,경기도
168360,펨트론,KOSDAQ,벤처기업부,특수 목적용 기계 제조업,3D 정밀측정 검사장비,2022-11-24,12월,유영웅,http://www.pemtron.com,서울특별시
087010,펩트론,KOSDAQ,기술성장기업부,기초 의약물질 제조업,약효지속성 의약품 및 펩타이드 소재,2015-07-22,12월,최호일,http://www.peptron.co.kr,대전광역시
064800,포니링크,KOSDAQ,중견기업부,"섬유, 의복, 신발 및 가죽제품 소매업",의류제품,2002-08-22,12월,황정일,http://www.gemvaxlink.com,서울특별시
119500,포메탈,KOSDAQ,중견기업부,기타 금속 가공제품 제조업,"자동차,풍력,방위산업,산업기계,농기계등의 단조부품",2010-09-17,12월,오호석,http://www.formetal.co.kr,충청남도
389140,포바이포,KOSDAQ,벤처기업부,"영화, 비디오물, 방송프로그램 제작 및 배급업",광고영화 및 비디오물 제작업,2022-04-28,12월,윤준호,http://4by4inc.com,서울특별시
105760,포스뱅크,KOSDAQ,우량기업부,일반 목적용 기계 제조업,"POS 단말기, KIOSK 단말기",2024-01-29,12월,은동욱,http://www.posbank.com/,서울특별시
189690,포시에스,KOSDAQ,벤처기업부,소프트웨어 개발 및 공급업,기업용 리포팅 소프트웨어 솔루션(OZ-Report 등),2015-02-11,06월,"박미경, 조종민",http://www.forcs.com,서울특별시
318020,포인트모바일,KOSDAQ,벤처기업부,컴퓨터 및 주변장치 제조업,산업용 PDA,2020-12-03,12월,이철환,http://pointmobile.com,서울특별시
256630,포인트엔지니어링,KOSDAQ,벤처기업부,기타 금속 가공제품 제조업,디스플레이 및 반도체 장비 부품,2017-05-02,12월,"안범모, 강대현",http://www.pointeng.co.kr,충청남도
331380,포커스에이아이,KOSDAQ,투자주의환기종목(소속부없음),영상 및 음향기기 제조업,영상저장장치 및 카메라,2019-10-02,12월,구형모,http://www.focusai.co.kr,경기도
208710,포톤,KOSDAQ,중견기업부,전자부품 제조업,모바일용 카메라모듈 부품외,2014-12-24,12월,김정욱,http://www.biologdevice.com,경기도
472850,폰드그룹,KOSDAQ,중견기업부,"섬유, 의복, 신발 및 가죽제품 소매업","의류(언더웨어, 의복, 잡화, 코스메틱 등)",2024-02-02,12월,임종민 / 김유진,http://www.pond-group.co.kr,서울특별시
039980,폴라리스AI,KOSDAQ,중견기업부,"컴퓨터 프로그래밍, 시스템 통합 및 관리업","TRS통신, Kipling Bag외",2002-08-13,12월,윤정희,http://www.polarisai.co.kr/,서울특별시
041910,폴라리스AI파마,KOSDAQ,우량기업부,의약품 제조업,원료의약품,2004-02-06,12월,"조원경, 이성엽",http://www.polarisaipharma.com,경기도
220180,폴라리스AI핸디,KOSDAQ,벤처기업부,소프트웨어 개발 및 공급업,"그룹웨어, 협업솔루션",2016-11-24,12월,이해석,http://www.polaris-ai-handy.com,경기도
234100,폴라리스세원,KOSDAQ,우량기업부,자동차 신품 부품 제조업,자동차 공조장치 부품,2017-10-20,12월,이용준,http://www.polaris-sewon.com,경기도
041020,폴라리스오피스,KOSDAQ,벤처기업부,소프트웨어 개발 및 공급업,시스템 소프트웨어,2005-10-28,12월,지준경,http://www.polarisofficecorp.com,서울특별시
114630,폴라리스우노,KOSDAQ,우량기업부,화학섬유 제조업,"PVC가발사, 난연고열사",2010-01-15,12월,최용성,http://www.unon.co.kr,전북특별자치도
487580,폴레드,KOSDAQ,벤처기업부,가정용 기기 제조업,"유아용품(카시트 및 관련 악세서리, 유아가전 등)",2026-05-14,12월,이형무,http://poled.kr,충청남도
290720,푸드나무,KOSDAQ,중견기업부,무점포 소매업,,2018-10-04,12월,김우주,http://www.foodnamoo.com,서울특별시
005670,푸드웰,KOSDAQ,우량기업부,"과실, 채소 가공 및 저장 처리업","깐밤, 통조림류, 딸기시럽류, 음료제품 등",1993-12-07,12월,"성민겸, 최영길(각자대표)",http://www.foodwell.com,대구광역시
094940,푸른로보틱스,KOSDAQ,벤처기업부,컴퓨터 및 주변장치 제조업,"금융자동화기기모듈,역무자동화기기모듈,특수단말시스템",2007-09-14,12월,함현철,http://www.puloon.co.kr,서울특별시
007330,푸른저축은행,KOSDAQ,투자주의환기종목(소속부없음),은행 및 저축기관,대출이자,1993-12-07,12월,송명구 (단독대표),http://www.prsb.co.kr,서울특별시
093380,풍강,KOSDAQ,중견기업부,기타 금속 가공제품 제조업,자동차용너트류,2007-06-01,08월,김진용,http://www.pungkang.co.kr,경기도
023900,풍국주정,KOSDAQ,우량기업부,알코올음료 제조업,발효주정,1994-11-23,12월,성춘태,http://www.pungguk.com,대구광역시
371950,풍원정밀,KOSDAQ,기술성장기업부,전자부품 제조업,OLED 증착용 Metal Mask,2022-02-28,12월,유명훈,http://poongwon.com,경기도
298060,풍전약품,KOSDAQ,관리종목(소속부없음),의약품 제조업,세포치료제,2020-06-17,12월,김유정,http://www.scmlifescience.com,인천광역시
370090,퓨런티어,KOSDAQ,기술성장기업부,"측정, 시험, 항해, 제어 및 기타 정밀기기 제조업; 광학기기 제외","전장카메라모듈장비, 모바일카메라모듈장비, PC및 광원",2022-02-23,12월,오상근,http://www.furonteer.com,경기도
445180,퓨릿,KOSDAQ,우량기업부,기초 화학물질 제조업,"반도체용 케미컬, 디스플레이용 케미컬, 산업용 케미컬",2023-10-18,12월,김정수,http://purit.co.kr,경상북도
220100,퓨쳐켐,KOSDAQ,기술성장기업부,의약품 제조업,"PET 방사성의약품, 자동합성장치, 합성시약 및 전구체",2016-12-01,12월,지대윤,,서울특별시
035200,프럼파스트,KOSDAQ,벤처기업부,플라스틱제품 제조업,주택건설용 플라스틱 배관,2002-01-15,12월,원재희,http://www.plumbfast.co.kr,세종특별자치시
334970,프레스티지바이오로직스,KOSDAQ,기술성장기업부,의약품 제조업,바이오시밀러 제조,2021-03-11,06월,김진우,http://www.prestigebiologics.com,충청북도
321260,프로이천,KOSDAQ,벤처기업부,반도체 제조업,반도체검사장치 Probe Card,2019-05-31,12월,"김영선, 임이빈",http://pro-2000.co.kr,경기도
053610,프로텍,KOSDAQ,우량기업부,특수 목적용 기계 제조업,"Dispenser, Tray Feeder, 공압실린더",2001-08-17,12월,최승환,http://www.protec21.co.kr,경기도
468530,프로티나,KOSDAQ,기술성장기업부,자연과학 및 공학 연구개발업,단백질간 상호작용 바이오마커 개발 및 분석서비스,2025-07-29,12월,윤태영,http:///www.proteina.co.kr,서울특별시
303360,프로티아,KOSDAQ,기술성장기업부,의료용 기기 제조업,알레르기 진단 제품,2023-06-16,12월,임국진,http://www.protia.co.kr,서울특별시
377220,프롬바이오,KOSDAQ,기술성장기업부,기타 식품 제조업,개별인정형 건강기능식품,2021-09-28,12월,심태진,http://frombio-company.co.kr,경기도
335810,프리시젼바이오,KOSDAQ,기술성장기업부,의료용 기기 제조업,체외진단 기기 및 시약,2020-12-22,12월,김한신,http://precision-bio.com/,대전광역시
053160,프리엠스,KOSDAQ,중견기업부,"전동기, 발전기 및 전기 변환 · 공급 · 제어 장치 제조업","건설장비용 전장품,제어기",2001-10-30,12월,"박흥식,주흥식",http://www.freems.co.kr,경기도
405000,플라즈맵,KOSDAQ,벤처기업부,의료용 기기 제조업,플라즈마 멸균기 및 표면처리기기,2022-10-21,12월,이윤철(단독 대표이사),http://plasmapp.com/,경기도
041590,플래스크,KOSDAQ,관리종목(소속부없음),실내건축 및 건축마무리 공사업,실내건축 등,2002-11-01,12월,"윤수아, 장성환 (각자대표)",http://www.flask.global,서울특별시
367000,플래티어,KOSDAQ,벤처기업부,소프트웨어 개발 및 공급업,E-Commerce Platform 구축,2021-08-12,12월,이상훈,http://www.plateer.com/,서울특별시
075130,플랜티넷,KOSDAQ,벤처기업부,"컴퓨터 프로그래밍, 시스템 통합 및 관리업",유해사이트차단서비스,2005-06-10,12월,김태주 (단독 대표이사),http://www.plantynet.com,경기도
237820,플레이디,KOSDAQ,중견기업부,광고업,온라인 광고 대행,2020-03-12,12월,조명진,http://www.playd.com,경기도
023770,플레이위드,KOSDAQ,중견기업부,소프트웨어 개발 및 공급업,게임소프트웨어,1994-11-07,12월,김학준,http://www.playwith.co.kr,서울특별시
300080,플리토,KOSDAQ,기술성장기업부,"자료처리, 호스팅, 포털 및 기타 인터넷 정보매개 서비스업",언어 데이터 구축 및 판매,2019-07-17,12월,이정수,http://www.flitto.com,서울특별시
033790,피노,KOSDAQ,중견기업부,일차전지 및 이차전지 제조업,"전구체, 관련 소재",2001-06-26,12월,주종완,http://www.finoes.co.kr,경기도
032580,피델릭스,KOSDAQ,중견기업부,반도체 제조업,PSRAM 및 LPSDRAM,1997-04-22,12월,"김학수, 리메이링(Li Meiling)",http://www.fidelix.co.kr,경기도
0117P0,피스피스스튜디오,KOSDAQ,중견기업부,"섬유, 의복, 신발 및 가죽제품 소매업","의류, 모자, 신발, 액세서리, 기타, 여자용 겉옷",2026-06-08,12월,"박화목, 서승완",,서울특별시
051380,피씨디렉트,KOSDAQ,중견기업부,기계장비 및 관련 물품 도매업,"스토리지(HDD), 프로세서(CPU), Memory, Monitor등",2002-02-15,12월,이성수,http://www.pcdirect.co.kr,서울특별시
241820,피씨엘,KOSDAQ,관리종목(소속부없음),의료용품 및 기타 의약 관련제품 제조업,"다중 체외진단 제품, 플랫폼서비스",2017-02-23,12월,김소연,http://www.pclchip.com,서울특별시
452450,피아이이,KOSDAQ,벤처기업부,특수 목적용 기계 제조업,AI 비전 솔루션 및 스마트팩토리 솔루션,2025-02-04,12월,최정일,http://piegroup.co.kr,경기도
237750,피앤씨테크,KOSDAQ,벤처기업부,"전동기, 발전기 및 전기 변환 · 공급 · 제어 장치 제조업",배전자동화단말장치,2016-07-04,12월,윤남선,http://www.pnctech.co.kr,경기도
460940,피앤에스로보틱스,KOSDAQ,기술성장기업부,의료용 기기 제조업,보행재활로봇 시스템,2024-07-31,12월,"박광훈, 이재용 (각자대표)",http://walkbot.co.kr,서울특별시
319660,피에스케이,KOSDAQ,우량기업부,특수 목적용 기계 제조업,"드라이스트립, 드라이클리닝",2019-05-10,12월,"이경일, 하형찬 각자대표",http://www.pskinc.com,경기도
031980,피에스케이홀딩스,KOSDAQ,우량기업부,특수 목적용 기계 제조업,"Descum, Reflow",1997-01-07,12월,박경수,http://www.pskholding.com,경기도
002230,피에스텍,KOSDAQ,우량기업부,"측정, 시험, 항해, 제어 및 기타 정밀기기 제조업; 광학기기 제외","적산계기, 전기차충전기, 신재생에너지 발전소 설치",1991-01-04,12월,황재용,http://www.pstec.co.kr,서울특별시
043370,피에이치에이,KOSDAQ,우량기업부,자동차 신품 부품 제조업,"자동차용 도어랫치, 도어힌지",2001-12-13,12월,허승현,http://www.phauto.co.kr,대구광역시
239890,피엔에이치테크,KOSDAQ,기술성장기업부,기초 화학물질 제조업,OLED 소재,2021-02-16,12월,현서용,http://www.phtech.co.kr,경기도
347740,피엔케이피부임상연구센타,KOSDAQ,벤처기업부,"그외 기타 전문, 과학 및 기술 서비스업",피부인체적용시험,2020-09-09,12월,"박진오, 이해광(각자대표)",http://www.pnkskin.com,서울특별시
257370,피엔티엠에스,KOSDAQ,벤처기업부,특수 목적용 기계 제조업,"2차전지 분리막 제조설비, 디스플레이용 생산설비",2018-09-13,12월,"이규호, 오영현 (각자 대표)",http://www.ms-mc.co.kr,대구광역시
147760,피엠티,KOSDAQ,벤처기업부,"측정, 시험, 항해, 제어 및 기타 정밀기기 제조업; 광학기기 제외",반도체 검사용 프로브카드,2016-12-12,12월,오태엽,http://pmt23.com,충청남도
128660,피제이메탈,KOSDAQ,우량기업부,1차 비철금속 제조업,"탈산제, 조재제",2010-12-13,12월,고이석,,서울특별시
006140,피제이전자,KOSDAQ,우량기업부,의료용 기기 제조업,EMS Business(의료용기기제조외),1993-12-07,12월,이응구,http://www.pjems.co.kr,경기도
376180,피코그램,KOSDAQ,벤처기업부,그외 기타 제품 제조업,"정수기, 정수기 필터",2021-11-03,12월,최석림,http://www.picogram.com,인천광역시
304840,피플바이오,KOSDAQ,벤처기업부,의료용품 및 기타 의약 관련제품 제조업,올리고머화 베타-아밀로이드 검사제품(알츠하이머병 진단),2020-10-19,12월,"강성민, 전용범",http://www.peoplebio.net/kr/index.php,경기도
087600,픽셀플러스,KOSDAQ,벤처기업부,전자부품 제조업,CMOS 이미지센서 및 칩셋,2015-06-12,12월,이서규,http://www.pixelplus.com,경기도
291810,핀텔,KOSDAQ,관리종목(소속부없음),소프트웨어 개발 및 공급업,AI 영상 분석 솔루션 및 소프트웨어,2022-10-20,12월,김동기,,경기도
378340,필에너지,KOSDAQ,중견기업부,특수 목적용 기계 제조업,2차전지 제조장비,2023-07-14,12월,김광일,http://philenergy.co.kr,경기도
161580,필옵틱스,KOSDAQ,중견기업부,특수 목적용 기계 제조업,디스플레이 및 반도체 제조공정용 제작,2017-06-01,12월,한기수,http://www.philoptics.com/,경기도
347770,핌스,KOSDAQ,중견기업부,전자부품 제조업,OLED Metal Mask,2020-09-18,12월,김민용,http://pimskorea.com,인천광역시
163730,핑거,KOSDAQ,벤처기업부,소프트웨어 개발 및 공급업,"스마트 금융 플랫폼, 핀테크 금융 솔루션",2021-01-29,12월,안인주,http://www.finger.co.kr,서울특별시
417180,핑거스토리,KOSDAQ,중견기업부,기타 정보 서비스업,"웹툰, 디지털 만화, 웹소설",2022-12-08,12월,라현성,http://www.mootoon.co.kr,서울특별시
469900,하나31호스팩,KOSDAQ,관리종목(소속부없음),금융 지원 서비스업,기업인수합병,2024-03-05,12월,한규정,,서울특별시
475240,하나32호스팩,KOSDAQ,SPAC(소속부없음),금융 지원 서비스업,기업인수합병,2024-03-27,12월,박종찬,,서울특별시
475250,하나33호스팩,KOSDAQ,SPAC(소속부없음),금융 지원 서비스업,기업인수합병,2024-04-24,12월,박태한,,서울특별시
484130,하나34호스팩,KOSDAQ,SPAC(소속부없음),금융 지원 서비스업,기업인수목적,2024-11-19,12월,송하용,,서울특별시
0041L0,하나35호스팩,KOSDAQ,SPAC(소속부없음),금융 지원 서비스업,기업인수합병,2025-08-06,12월,박정수,,서울특별시
0101C0,하나36호스팩,KOSDAQ,SPAC(소속부없음),금융 지원 서비스업,기업인수합병,2025-12-22,12월,박병기,,서울특별시
299030,하나기술,KOSDAQ,벤처기업부,특수 목적용 기계 제조업,이차전지 양산 자동화 설비 제조,2020-11-25,12월,오태봉,http://www.hn-tech.co.kr,경기도
067310,하나마이크론,KOSDAQ,중견기업부,반도체 제조업,"반도체패키징,IOT",2005-10-11,12월,이동철,http://www.hanamicron.co.kr,충청남도
166090,하나머티리얼즈,KOSDAQ,우량기업부,반도체 제조업,"실리콘부품, 세라믹부품, 특수가스",2017-04-28,12월,김현주,http://hanamts.com,충청남도
136480,하림,KOSDAQ,우량기업부,"도축, 육류 가공 및 저장 처리업","육계, 육계가공식품",2011-05-02,12월,"김홍국, 정호석(각자대표)",,전북특별자치도
450330,하스,KOSDAQ,기술성장기업부,의료용품 및 기타 의약 관련제품 제조업,"리튬디실리케이트 수복소재(Amber block, Amber Ingot 등), 지르코니아 유치관",2024-07-03,12월,김용수,http://www.hassbio.com,강원특별자치도
101670,하이드로리튬,KOSDAQ,관리종목(소속부없음),"구조용 금속제품, 탱크 및 증기발생기 제조업","영구앵커,교량용케이블,타이케이블",2008-07-15,12월,전 웅,,경기도
365590,하이딥,KOSDAQ,기술성장기업부,반도체 제조업,UIUX Solution,2020-12-21,12월,고범규,http://www.hideep.com,경기도
149980,하이로닉,KOSDAQ,중견기업부,의료용 기기 제조업,피부미용 의료기기,2014-12-17,12월,이진우,http://www.hironic.com,경기도
013030,하이록코리아,KOSDAQ,우량기업부,1차 철강 제조업,관이음쇠,1989-12-15,12월,"문휴건, 문창환 각자대표이사",http://www.hy-lok.com,부산광역시
126700,하이비젼시스템,KOSDAQ,우량기업부,사진장비 및 광학기기 제조업,카메라모듈 제조검사용 장비,2010-09-10,12월,최 두 원,http://www.hyvision.co.kr,경기도
160190,하이젠알앤엠,KOSDAQ,중견기업부,"전동기, 발전기 및 전기 변환 · 공급 · 제어 장치 제조업","전동기 및 발전기 (범용모터, 서보모터)",2024-06-27,12월,김재학,http://higenrnm.com,경상남도
221840,하이즈항공,KOSDAQ,중견기업부,"항공기,우주선 및 부품 제조업",B787 날개구조물 등,2015-11-25,12월,하상헌,http://www.hizeaero.com,경상남도
106190,하이텍팜,KOSDAQ,우량기업부,기초 의약물질 제조업,주사제용 무균 원료의약품(Sterile Imipenem 외),2010-07-28,12월,차현준,http://www.htpharm.com,충청북도
065650,하이퍼코퍼레이션,KOSDAQ,중견기업부,기계장비 및 관련 물품 도매업,음반재킷 제작,2003-01-21,12월,"이상석, 안은철(공동대표이사)",http://medifon.com,서울특별시
066130,하츠,KOSDAQ,우량기업부,가정용 기기 제조업,"레인지후드, 빌트인 기기 등",2003-02-11,12월,김성식,http://www.haatz.com,경기도
004590,한국가구,KOSDAQ,중견기업부,기타 상품 전문 소매업,소파,1993-06-03,12월,최훈학,http://www.koreafurniture.co.kr,서울특별시
039340,한국경제TV,KOSDAQ,우량기업부,텔레비전 방송업,"광고수입, 협찬수입",2004-07-30,12월,정종태,http://www.wownet.co.kr,서울특별시
034950,한국기업평가,KOSDAQ,우량기업부,기타 사업지원 서비스업,"신용평가, 컨설팅, 위험관리솔루션",2002-02-07,12월,김기범,http://www.korearatings.com,서울특별시
222980,한국맥널티,KOSDAQ,벤처기업부,기타 식품 제조업,커피 및 의약품,2015-12-23,12월,이은정,http://www.mcnultykorea.co.kr,충청남도
256840,한국비엔씨,KOSDAQ,우량기업부,기초 의약물질 제조업,필러 등 생체재료의료물질 개발,2016-12-28,12월,최완규,http://www.bnckorea.co.kr,대구광역시
219750,한국비티비,KOSDAQ,중견기업부,의료용 기기 제조업,의료기기 및 미용기기,2018-09-21,12월,최완규,http://btbkorea.kr,경기도
025550,한국선재,KOSDAQ,중견기업부,1차 철강 제조업,철강선재류,1995-06-19,12월,이정훈,http://www.ehansun.co.kr,부산광역시
017890,한국알콜,KOSDAQ,우량기업부,기타 화학제품 제조업,주정,1992-08-04,12월,"지용석, 김정수, 배재범 (각자대표)",http://www.ka.co.kr,경기도
080720,한국유니온제약,KOSDAQ,관리종목(소속부없음),의약품 제조업,"항생제, 순환기계, 근골격계, 소화기계류 완제의약품",2018-07-26,12월,성광현,http://www.ukp.co.kr/,강원특별자치도
041460,한국전자인증,KOSDAQ,중견기업부,소프트웨어 개발 및 공급업,"개인용이메일 보안,인증업무,전자상거래관련 인증서비스/기업용 인증솔루션 제공",2010-11-19,12월,"신홍식, 안군식(각자 대표이사)",http://www.crosscert.com,서울특별시
101680,한국정밀기계,KOSDAQ,중견기업부,특수 목적용 기계 제조업,"금속절삭가공기계(수치제어식 수평보링머신,오면가공기,수직선반,플로우보링머신),산업기계(전용기,공작기계부품) 제조,판매",2009-05-19,12월,하종식,http://www.hnkkorea.com,경상남도
039740,한국정보공학,KOSDAQ,벤처기업부,기타 전문 도매업,"그룹웨어, 자료관리시스템",2000-07-06,12월,"유용석, 황봉남(각자 대표이사)",http://www.kies.co.kr,경기도
053300,한국정보인증,KOSDAQ,우량기업부,소프트웨어 개발 및 공급업,"공인인증서, PKI솔루션 등",2014-02-04,12월,조태묵,http://www.kica.co.kr,경기도
025770,한국정보통신,KOSDAQ,우량기업부,전기 통신업,"신용카드부가통신업(VAN),전자지급결제대행업(PG)",1998-01-20,12월,임명수,http://www.kicc.co.kr,서울특별시
479880,한국제15호스팩,KOSDAQ,SPAC(소속부없음),금융 지원 서비스업,기업인수합병,2024-06-26,12월,유한,,서울특별시
0164H0,한국제16호스팩,KOSDAQ,SPAC(소속부없음),금융 지원 서비스업,기업인수합병,2026-06-30,12월,민명기,,서울특별시
062970,한국첨단소재,KOSDAQ,중견기업부,통신 및 방송 장비 제조업,"데이터센터용 AWG, 통신용 AWG, 스플리터, 계측기 등",2019-12-26,12월,조헌정,http://www.ppitek.com,광주광역시
023760,한국캐피탈,KOSDAQ,우량기업부,기타 금융업,리스수수료,1994-11-07,12월,정상철,http://www.hkcapital.co.kr,대전광역시
054040,한국컴퓨터,KOSDAQ,우량기업부,전자부품 제조업,PCB Assembly (PBA),2002-01-15,12월,강창귀,http://www.kci.co.kr,경상북도
021650,한국큐빅,KOSDAQ,중견기업부,플라스틱제품 제조업,Curl Fit(표면처리사업),2003-01-24,12월,오봉균,http://www.cubic.co.kr,경기도
032300,한국파마,KOSDAQ,중견기업부,의약품 제조업,"완제의약품(정신신경계, 소화기계, 순환기계, 항생항균, 기타)",2020-08-10,12월,박은희,http://koreapharma.co.kr,경기도
037230,한국팩키지,KOSDAQ,우량기업부,"골판지, 종이 상자 및 종이용기 제조업","카톤팩, 골판지 상자",1999-12-21,12월,최경석,http://www.hkpak.co.kr,경상남도
448900,한국피아이엠,KOSDAQ,기술성장기업부,자동차 신품 부품 제조업,"내연기관 부품(터보차저, DCT변속기), IT 부품(스마트워치/스마트링), 자율주행 부품(카메라 모듈 케이스)",2025-04-04,12월,송준호,http://www.pimkorea.com,대구광역시
052600,한네트,KOSDAQ,중견기업부,전기 통신업,"현금서비스, 예금인출",2001-07-10,12월,김선종,http://www.hannet.net,서울특별시
256150,한독크린텍,KOSDAQ,벤처기업부,일반 목적용 기계 제조업,정수기 필터,2019-09-05,12월,"고인선, 이광규",http://hdctech.co.kr,대전광역시
092460,한라IMS,KOSDAQ,우량기업부,선박 및 보트 건조업,"선용원격자동측정시스템,선용원격자동경보시스템",2007-05-22,12월,"지석준(공동대표), 김영구(공동대표), 차민수(각자대표)",http://www.hanlalevel.co.kr,부산광역시
125490,한라캐스트,KOSDAQ,벤처기업부,자동차 신품 부품 제조업,"마그네슘 및 알루미늄 다이캐스팅 제품(차량, 가전용 경량화 소재 부품)",2025-08-20,12월,오종두,http://hlcast.co.kr/kor/,인천광역시
452190,한빛레이저,KOSDAQ,벤처기업부,특수 목적용 기계 제조업,산업용 레이저 가공장비,2024-01-04,12월,김정묵,http://www.hblaser.co.kr,대전광역시
047080,한빛소프트,KOSDAQ,중견기업부,소프트웨어 개발 및 공급업,"게임(스타크래프트 등), 교육, 솔루션",2002-01-10,12월,원지훈,http://www.hanbitsoft.co.kr,서울특별시
452280,한선엔지니어링,KOSDAQ,우량기업부,기타 금속 가공제품 제조업,"계장용 피팅 및 밸브, 모듈",2023-11-24,12월,이제훈,http://www.slok.co.kr,부산광역시
066980,한성크린텍,KOSDAQ,벤처기업부,"건축기술, 엔지니어링 및 관련 기술 서비스업",수처리설비EPC,2003-01-17,12월,"정윤석, 양승환(각자 대표이사)",http://www.hscleantech.com,서울특별시
114810,한솔아이원스,KOSDAQ,우량기업부,특수 목적용 기계 제조업,"반도체 장비 부품 제조 및 세정, LCD 장비 부품 제조",2013-02-07,12월,박인래,http://www.hansoliones.com,경기도
042520,한스바이오메드,KOSDAQ,벤처기업부,의료용품 및 기타 의약 관련제품 제조업,"인체이식용조직(인조피부,인조뼈),의료용시술재료(가슴보형물)",2009-10-09,09월,김근영,http://hansbiomed.com,서울특별시
430690,한싹,KOSDAQ,벤처기업부,소프트웨어 개발 및 공급업,망간자료전송,2023-10-04,12월,이주도,http://www.hanssak.co.kr,서울특별시
078350,한양디지텍,KOSDAQ,우량기업부,반도체 제조업,메모리 모듈,2004-05-14,12월,김윤상,http://www.hanyangdgt.com,경기도
045100,한양이엔지,KOSDAQ,우량기업부,"건축기술, 엔지니어링 및 관련 기술 서비스업",반도체배관설비,2000-08-31,12월,"김윤상, 이종근(공동 대표이사)",http://www.hanyangkorea.com,경기도
320000,한울반도체,KOSDAQ,중견기업부,특수 목적용 기계 제조업,비전검사장비,2019-09-18,12월,김백산,http://www.wintec.co.kr,경기도
091440,한울소재과학,KOSDAQ,투자주의환기종목(소속부없음),통신 및 방송 장비 제조업,광전송장비,2008-02-01,12월,"신규철, 임세혁(각자 대표이사)",http://www.hanwoolms.com,경기도
276730,한울앤제주,KOSDAQ,투자주의환기종목(소속부없음),알코올음료 제조업,맥주,2021-05-26,12월,"김백산, 김명호",http://www.jejubeer.co.kr,제주특별자치도
024740,한일단조,KOSDAQ,우량기업부,자동차 신품 부품 제조업,단조품,1996-11-29,12월,박정영,http://www.hifg.co.kr,충청북도
005860,한일사료,KOSDAQ,우량기업부,동물용 사료 및 조제식품 제조업,배합사료,1994-11-07,12월,차상협,http://www.hanilfeed.com,경기도
007770,한일화학,KOSDAQ,중견기업부,기초 화학물질 제조업,산화아연,1992-09-07,12월,대표이사 사장 윤성진,http://www.hanzinc.com,충청남도
198940,한주라이트메탈,KOSDAQ,중견기업부,1차 비철금속 제조업,알루미늄 기반 경량화 자동차 부품,2023-01-19,12월,이용진,http://www.hanjoolightmetal.com,울산광역시
058450,한주에이알티,KOSDAQ,관리종목(소속부없음),"영화, 비디오물, 방송프로그램 제작 및 배급업","컴퓨터, 복사기 등의 부품",2002-01-17,12월,한정수,http://hanjooart.com/,경기도
107640,한중엔시에스,KOSDAQ,기술성장기업부,"전동기, 발전기 및 전기 변환 · 공급 · 제어 장치 제조업","수냉식 냉각시스템 ESS Parts, 공랭식 ESS Module Parts, EV Module 및 내연기관 Parts",2024-06-24,12월,"김환식, 김상균(각자대표)",http://www.hjncs.com,경상북도
079170,한창산업,KOSDAQ,우량기업부,1차 비철금속 제조업,"아연말,리튬브로마이드,산화망간,인산아연",2005-02-01,12월,"강호익, 강상균(각자대표)",http://www.hanchem.com,경기도
030520,한컴,KOSDAQ,우량기업부,소프트웨어 개발 및 공급업,오피스소프트웨어,1996-09-24,12월,"변성준, 김연수 (각자대표)",http://www.hancom.com,경기도
054920,한컴위드,KOSDAQ,중견기업부,소프트웨어 개발 및 공급업,전자상거래 보안 솔루션,2001-11-01,12월,송상엽,http://www.hsecure.co.kr,경기도
457370,한켐,KOSDAQ,중견기업부,기초 화학물질 제조업,OLED 발광층 소재 등,2024-10-22,12월,이상조,http://www.hanchem.net,대전광역시
002680,한탑,KOSDAQ,관리종목(소속부없음),"곡물가공품, 전분 및 전분제품 제조업","소맥분(밀가루),배합사료",1995-07-07,12월,하상경,http://www.hantop.com,부산광역시
098070,한텍,KOSDAQ,중견기업부,"구조용 금속제품, 탱크 및 증기발생기 제조업","열교환기 등 화공기기, 저장용 탱크",2025-03-20,12월,김강식,http://hantechltd.com,울산광역시
408470,한패스,KOSDAQ,중견기업부,기타 금융업,"디지털 송금 서비스, 전자지갑 서비스, 선불카드 서비스",2026-03-25,12월,이근주,http://hanpass.com,서울특별시
498390,한화플러스제5호스팩,KOSDAQ,SPAC(소속부없음),금융 지원 서비스업,-,2025-03-20,12월,김광후,,서울특별시
034810,해성산업,KOSDAQ,중견기업부,기타 금융업,시설관리 용역 및 부동산 임대,1999-04-16,12월,조성래,http://www.haesungind.co.kr,서울특별시
03481K,해성산업1우,KOSDAQ,중견기업부,,,,,,,
059270,해성에어로보틱스,KOSDAQ,기술성장기업부,기타 금속 가공제품 제조업,기어 및 동력전달장치,2021-04-21,12월,구형모,http://www.haisung.co.kr,인천광역시
076610,해성옵틱스,KOSDAQ,벤처기업부,사진장비 및 광학기기 제조업,휴대폰용 렌즈모듈 및 카메라모듈,2013-11-06,12월,조 철,http://www.hso.co.kr,경기도
0155E0,해치텍,KOSDAQ,기술성장기업부,반도체 제조업,"지자기센서, 디지털 자기센서, 아날로그 자기센서, 온/습도센서, 기타",2026-08-25,12월,최성민,http://www.haechitech.com,충청북도
900270,헝셩그룹,KOSDAQ,외국기업(소속부없음),기타 금융업,자회사 제품 : 아동용 완구 및 아동복 등,2016-08-18,12월,후이만킷,http://www.hengsheng.co.kr/,홍콩
214180,헥토이노베이션,KOSDAQ,우량기업부,기타 정보 서비스업,휴대폰부가서비스,2015-06-30,12월,이현철,http://www.hectoinnovation.co.kr,서울특별시
234340,헥토파이낸셜,KOSDAQ,우량기업부,금융 지원 서비스업,"가상계좌중계, 간편현금결제",2019-07-12,12월,최종원,http://hectofinancial.co.kr,서울특별시
084990,헬릭스미스,KOSDAQ,기술성장기업부,자연과학 및 공학 연구개발업,"바이오신약, 천연물신약 연구개발",2005-12-29,12월,장송선,http://helixmith.com,서울특별시
170030,현대공업,KOSDAQ,우량기업부,자동차 신품 부품 제조업,"시트패드, 암레스트, 헤드레스트",2013-12-04,12월,"강현석, 백상열",http://www.hdi21.co.kr,울산광역시
319400,현대무벡스,KOSDAQ,우량기업부,일반 목적용 기계 제조업,"물류자동화, IT서비스",2019-05-08,12월,도익한,http://www.hyundaimovex.com/,서울특별시
048410,현대바이오,KOSDAQ,중견기업부,기타 화학제품 제조업,화장품 및 화장품원료,2002-08-08,12월,진근우,http://www.hyundaibioscience.com,경상북도
052260,현대바이오랜드,KOSDAQ,우량기업부,기타 화학제품 제조업,"천연물질 추출물, 미생물 배양제품",2001-05-17,12월,이희준,http://www.hyundaibioland.co.kr,충청북도
016790,현대사료,KOSDAQ,관리종목(소속부없음),동물용 사료 및 조제식품 제조업,"양계, 양돈 배합사료",2018-06-01,12월,한도,http://www.hdfeed.co.kr,충청남도
041440,현대에버다임,KOSDAQ,우량기업부,특수 목적용 기계 제조업,"콘크리트펌프트럭, 중장비개량사업",2003-11-14,12월,유재기,http://www.hyundaieverdigm.com,충청북도
039010,현대에이치티,KOSDAQ,우량기업부,통신 및 방송 장비 제조업,스마트홈 제조,2000-07-20,12월,이건구,http://www.hyundaiht.co.kr,서울특별시
090850,현대이지웰,KOSDAQ,우량기업부,소프트웨어 개발 및 공급업,선택적복리후생서비스,2013-12-27,12월,박종선,http://www.hyundaiezwel.com,서울특별시
460930,현대힘스,KOSDAQ,우량기업부,선박 및 보트 건조업,"선박기자재 (선박 블록, 보강재, 도장 등)",2024-01-26,12월,최지용,http://www.hyms.kr,울산광역시
092300,현우산업,KOSDAQ,우량기업부,전자부품 제조업,인쇄회로판(PCB),2007-10-24,12월,"문병선, 문인식 (각자대표)",,인천광역시
011080,형지I&C,KOSDAQ,관리종목(소속부없음),봉제의복 제조업,"의복, 악세사리",2004-07-02,12월,최혜원,http://www.hyungjiinc.com,인천광역시
308100,형지글로벌,KOSDAQ,관리종목(소속부없음),"섬유, 의복, 신발 및 가죽제품 소매업",골프의류 및 골프잡화,2019-06-10,12월,최준호,http://www.castelbajac.com,인천광역시
064240,홈캐스트,KOSDAQ,벤처기업부,기타 전문 도매업,디지털 셋톱박스,2003-06-11,12월,권영철,http://www.homecast.net,서울특별시
039610,화성밸브,KOSDAQ,우량기업부,일반 목적용 기계 제조업,"가스밸브, 매몰용접용 볼밸브, 온수분배기",2000-03-16,12월,"장원규, 장성필(각자대표)",http://www.hsvalve.co.kr,대구광역시
126640,화신정공,KOSDAQ,우량기업부,자동차 신품 부품 제조업,자동차부품,2010-08-31,12월,정 서 진,http://hsp.hwashin.co.kr,경상북도
127980,화인써키트,KOSDAQ,중견기업부,전자부품 제조업,인쇄회로기판(PCB),2023-02-17,12월,유수권,http://finecircuit.co.kr/,인천광역시
061250,화일약품,KOSDAQ,우량기업부,의약품 제조업,의약품 원료,2002-04-18,12월,"김유정, 서생규 (각자 대표이사)",http://www.hwail.com,경기도
097870,효성오앤비,KOSDAQ,중견기업부,"비료, 농약 및 살균, 살충제 제조업","혼합유박비료,유기복합비료,혼합유기질비료",2008-04-08,06월,"박태헌,김방식,박문현",,충청남도
290270,휴네시온,KOSDAQ,벤처기업부,소프트웨어 개발 및 공급업,망간자료전송(i-oneNet),2018-08-02,12월,정동섭,http://www.hunesion.com,서울특별시
353190,휴럼,KOSDAQ,중견기업부,기타 식품 제조업,금융지원 서비스,2020-06-17,12월,김진석,,서울특별시
090710,휴림로봇,KOSDAQ,중견기업부,특수 목적용 기계 제조업,제조업용로봇및서비스로봇,2006-12-05,12월,김봉관,http://www.dstrobot.com,충청남도
078590,휴림에이텍,KOSDAQ,중견기업부,자동차 신품 부품 제조업,자동차내장카페트,2005-10-27,12월,설정호,http://www.hyulimatech.co.kr,경상남도
205470,휴마시스,KOSDAQ,중견기업부,의료용품 및 기타 의약 관련제품 제조업,체외진단키트,2014-12-01,12월,박우람,http://www.humasis.com,경기도
115160,휴맥스,KOSDAQ,중견기업부,기계장비 및 관련 물품 도매업,셋톱박스,2009-11-16,12월,정창수,http://kr.humaxdigital.com,경기도
028080,휴맥스홀딩스,KOSDAQ,관리종목(소속부없음),"컴퓨터 프로그래밍, 시스템 통합 및 관리업","지주사업, IT서비스사업",1997-04-16,12월,변대규,http://holdings.humaxdigital.com/,경기도
200670,휴메딕스,KOSDAQ,우량기업부,의약품 제조업,"히알루론산 관절염치료제, 히알루론산 더말필러",2014-12-26,12월,강민종,http://www.humedix.com,경기도
065510,휴비츠,KOSDAQ,우량기업부,의료용 기기 제조업,"자동검안기, 자동렌즈미터",2003-10-31,12월,김현수,http://www.huvitz.com,경기도
263920,휴엠앤씨,KOSDAQ,중견기업부,그외 기타 제품 제조업,"유리용기, 화장용 스펀지, 퍼프",2017-09-28,12월,이충모,http://humnc.com,인천광역시
243070,휴온스,KOSDAQ,우량기업부,의약품 제조업,"전문의약품, 일반의약품",2016-06-03,12월,Song Soo-young,http://www.huons.com,경기도
084110,휴온스글로벌,KOSDAQ,우량기업부,의약품 제조업,의약품제조업,2006-12-19,12월,"Song Soo-young, Yoon Sung-Tae (Independent representation)",http://www.huonsglobal.com,경기도
145020,휴젤,KOSDAQ,우량기업부,기초 의약물질 제조업,"보툴리눔톡신, 필러",2015-12-24,12월,Doohyun Chang,http://www.hugel.co.kr,강원특별자치도
024060,흥구석유,KOSDAQ,중견기업부,기타 전문 도매업,휘발유등,1994-12-07,12월,김상우,,대구광역시
010240,흥국,KOSDAQ,우량기업부,특수 목적용 기계 제조업,굴삭기 Roller 및 형단조품,2009-05-12,12월,류명준,http://www.heungkuk.co.kr,충청남도
189980,흥국에프엔비,KOSDAQ,우량기업부,비알코올음료 및 얼음 제조업,"과일음료(에이드베이스, 스무디, 착즙쥬스 등)",2015-08-07,12월,박철범,http://www.hyungkuk.com,서울특별시
037440,희림,KOSDAQ,우량기업부,"건축기술, 엔지니어링 및 관련 기술 서비스업",설계 및 감리용역,2000-02-03,12월,"정영균, 권기재 (각자대표)",http://www.heerim.com,서울특별시
238490,힘스,KOSDAQ,벤처기업부,특수 목적용 기계 제조업,"OLED Mask 인장기, OLED Mask 검사기 등",2017-07-20,12월,김주환,http://www.hims.co.kr,인천광역시
