Code,ISU_CD,Name,Market,Dept,Close,ChangeCode,Changes,ChagesRatio,Open,High,Low,Volume,Amount,Marcap,Stocks,MarketId,lateInfoMsgCd
060310,KR7060310000,3S,KOSDAQ,벤처기업부,-,0,,,,,,,,,53059040,KSQ,ME005
054620,KR7054620000,APS,KOSDAQ,중견기업부,-,0,,,,,,,,,18394221,KSQ,ME005
079810,KR7079810008,APS이노베이션,KOSDAQ,우량기업부,-,0,,,,,,,,,21528094,KSQ,ME005
265520,KR7265520007,AP시스템,KOSDAQ,우량기업부,-,0,,,,,,,,,15050821,KSQ,ME005
211270,KR7211270004,AP위성,KOSDAQ,우량기업부,-,0,,,,,,,,,15082304,KSQ,ME005
126600,KR7126600006,BGF에코머티리얼즈,KOSDAQ,우량기업부,-,0,,,,,,,,,62766899,KSQ,ME005
083790,KR7083790006,CG인바이츠,KOSDAQ,벤처기업부,-,0,,,,,,,,,76894182,KSQ,ME005
035760,KR7035760008,CJ ENM,KOSDAQ GLOBAL,중견기업부,-,0,,,,,,,,,21929154,KSQ,ME005
311690,KR7311690002,CJ 바이오사이언스,KOSDAQ,기술성장기업부,-,0,,,,,,,,,13065462,KSQ,ME005
051500,KR7051500007,CJ프레시웨이,KOSDAQ,우량기업부,-,0,,,,,,,,,11871586,KSQ,ME005
058820,KR7058820002,CMG제약,KOSDAQ,관리종목(소속부없음),-,0,,,,,,,,,148123556,KSQ,ME005
056730,KR7056730005,CNT85,KOSDAQ,중견기업부,-,0,,,,,,,,,14822237,KSQ,ME005
065770,KR7065770000,CS,KOSDAQ,관리종목(소속부없음),-,0,,,,,,,,,10515064,KSQ,ME005
083660,KR7083660001,CSA 코스믹,KOSDAQ,중견기업부,-,0,,,,,,,,,17424159,KSQ,ME005
477760,KR7477760003,DB금융스팩12호,KOSDAQ,SPAC(소속부없음),-,0,,,,,,,,,5840000,KSQ,ME005
099520,KR7099520009,DGI,KOSDAQ,관리종목(소속부없음),-,0,,,,,,,,,45281824,KSQ,ME005
290120,KR7290120005,DH오토리드,KOSDAQ,중견기업부,-,0,,,,,,,,,15825177,KSQ,ME005
025440,KR7025440009,DH오토웨어,KOSDAQ,투자주의환기종목(소속부없음),-,0,,,,,,,,,9756244,KSQ,ME005
068790,KR7068790005,DMS,KOSDAQ,우량기업부,-,0,,,,,,,,,22184124,KSQ,ME005
241520,KR7241520006,DSC인베스트먼트,KOSDAQ,중견기업부,-,0,,,,,,,,,26600000,KSQ,ME005
180400,KR7180400004,DXVX,KOSDAQ,관리종목(소속부없음),-,0,,,,,,,,,98429432,KSQ,ME005
418620,KR7418620001,E8,KOSDAQ,관리종목(소속부없음),-,0,,,,,,,,,19850477,KSQ,ME005
245620,KR7245620000,EDGC,KOSDAQ,관리종목(소속부없음),-,0,,,,,,,,,225531114,KSQ,ME005
037370,KR7037370004,EG,KOSDAQ,벤처기업부,-,0,,,,,,,,,8624972,KSQ,ME005
050120,KR7050120005,ES큐브,KOSDAQ,중견기업부,-,0,,,,,,,,,13564086,KSQ,ME005
214270,KR7214270001,FSN,KOSDAQ,중견기업부,-,0,,,,,,,,,45251636,KSQ,ME005
032620,KR7032620007,GC메디아이,KOSDAQ,우량기업부,-,0,,,,,,,,,52197139,KSQ,ME005
130500,KR7130500002,GH신소재,KOSDAQ,중견기업부,-,0,,,,,,,,,14545052,KSQ,ME005
019570,KR7019570001,GMI벤처,KOSDAQ,중견기업부,-,0,,,,,,,,,9545004,KSQ,ME005
900290,HK0000307485,GRT,KOSDAQ,외국기업(소속부없음),-,0,,,,,,,,,92751685,KSQ,ME005
083450,KR7083450007,GST,KOSDAQ,우량기업부,-,0,,,,,,,,,18430000,KSQ,ME005
297890,KR7297890006,HB솔루션,KOSDAQ,우량기업부,-,0,,,,,,,,,73140914,KSQ,ME005
440290,KR7440290005,HB인베스트먼트,KOSDAQ,중견기업부,-,0,,,,,,,,,27506430,KSQ,ME005
078150,KR7078150000,HB테크놀러지,KOSDAQ,우량기업부,-,0,,,,,,,,,94921798,KSQ,ME005
225530,KR7225530005,HC보광산업,KOSDAQ,우량기업부,-,0,,,,,,,,,36338727,KSQ,ME005
060560,KR7060560000,HC홈센타,KOSDAQ,중견기업부,-,0,,,,,,,,,25388001,KSQ,ME005
376270,KR7376270005,HEM파마,KOSDAQ,기술성장기업부,-,0,,,,,,,,,7219147,KSQ,ME005
195940,KR7195940002,HK이노엔,KOSDAQ GLOBAL,우량기업부,-,0,,,,,,,,,28329891,KSQ,ME005
028300,KR7028300002,HLB,KOSDAQ,중견기업부,-,0,,,,,,,,,133198223,KSQ,ME005
278650,KR7278650007,HLB바이오스텝,KOSDAQ,중견기업부,-,0,,,,,,,,,17432396,KSQ,ME005
067630,KR7067630004,HLB생명과학,KOSDAQ,투자주의환기종목(소속부없음),-,0,,,,,,,,,121917058,KSQ,ME005
024850,KR7024850000,HLB이노베이션,KOSDAQ,중견기업부,-,0,,,,,,,,,31753544,KSQ,ME005
187420,KR7187420005,HLB제넥스,KOSDAQ,기술성장기업부,-,0,,,,,,,,,32644947,KSQ,ME005
047920,KR7047920004,HLB제약,KOSDAQ,기술성장기업부,-,0,,,,,,,,,32799356,KSQ,ME005
115450,KR7115450009,HLB테라퓨틱스,KOSDAQ,중견기업부,-,0,,,,,,,,,94683294,KSQ,ME005
046210,KR7046210001,HLB파나진,KOSDAQ,벤처기업부,-,0,,,,,,,,,45527960,KSQ,ME005
196300,KR7196300008,HLB펩,KOSDAQ,관리종목(소속부없음),-,0,,,,,,,,,9493947,KSQ,ME005
403870,KR7403870009,HPSP,KOSDAQ GLOBAL,우량기업부,-,0,,,,,,,,,82300000,KSQ,ME005
036640,KR7036640001,HRS,KOSDAQ,우량기업부,-,0,,,,,,,,,16354800,KSQ,ME005
396300,KR7396300006,HT로보틱스,KOSDAQ,우량기업부,-,0,,,,,,,,,26489500,KSQ,ME005
469480,KR7469480008,IBKS제24호스팩,KOSDAQ,SPAC(소속부없음),-,0,,,,,,,,,4230000,KSQ,ME005
0099X0,KR70099X0007,IBKS제25호스팩,KOSDAQ,SPAC(소속부없음),-,0,,,,,,,,,5980000,KSQ,ME005
095340,KR7095340006,ISC,KOSDAQ,우량기업부,-,0,,,,,,,,,21197058,KSQ,ME005
950170,KR8392080006,JTC,KOSDAQ,외국기업(소속부없음),-,0,,,,,,,,,48773115,KSQ,ME005
067290,KR7067290007,JW신약,KOSDAQ,중견기업부,-,0,,,,,,,,,56037103,KSQ,ME005
035900,KR7035900000,JYP Ent.,KOSDAQ GLOBAL,우량기업부,-,0,,,,,,,,,35532492,KSQ,ME005
318000,KR7318000007,KBG,KOSDAQ,벤처기업부,-,0,,,,,,,,,8740223,KSQ,ME005
024840,KR7024840001,KBI메탈,KOSDAQ,중견기업부,-,0,,,,,,,,,43466367,KSQ,ME005
024120,KR7024120008,KB오토시스,KOSDAQ,중견기업부,-,0,,,,,,,,,11500000,KSQ,ME005
478390,KR7478390008,KB제29호스팩,KOSDAQ,SPAC(소속부없음),-,0,,,,,,,,,6220000,KSQ,ME005
486630,KR7486630007,KB제30호스팩,KOSDAQ,SPAC(소속부없음),-,0,,,,,,,,,5310000,KSQ,ME005
492220,KR7492220009,KB제31호스팩,KOSDAQ,SPAC(소속부없음),-,0,,,,,,,,,6210000,KSQ,ME005
0037T0,KR70037T0008,KB제32호스팩,KOSDAQ,SPAC(소속부없음),-,0,,,,,,,,,6330000,KSQ,ME005
0072Z0,KR70072Z0006,KB제33호스팩,KOSDAQ,SPAC(소속부없음),-,0,,,,,,,,,7885000,KSQ,ME005
0209J0,KR70209J0002,KB제34호스팩,KOSDAQ,SPAC(소속부없음),-,0,,,,,,,,,7210000,KSQ,ME005
021320,KR7021320007,KCC건설,KOSDAQ,우량기업부,-,0,,,,,,,,,21400000,KSQ,ME005
044180,KR7044180008,KD,KOSDAQ,관리종목(소속부없음),-,0,,,,,,,,,26717799,KSQ,ME005
151860,KR7151860004,KG에코솔루션,KOSDAQ,우량기업부,-,0,,,,,,,,,47603002,KSQ,ME005
035600,KR7035600006,KG이니시스,KOSDAQ,우량기업부,-,0,,,,,,,,,27554434,KSQ,ME005
046440,KR7046440004,KG파이낸셜,KOSDAQ,우량기업부,-,0,,,,,,,,,36250386,KSQ,ME005
060720,KR7060720000,KH바텍,KOSDAQ,중견기업부,-,0,,,,,,,,,23677442,KSQ,ME005
058400,KR7058400003,KNN,KOSDAQ,우량기업부,-,0,,,,,,,,,13242972,KSQ,ME005
101000,KR7101000008,KS인더스트리,KOSDAQ,관리종목(소속부없음),-,0,,,,,,,,,9910487,KSQ,ME005
089600,KR7089600001,KT나스미디어,KOSDAQ,우량기업부,-,0,,,,,,,,,11406560,KSQ,ME005
418470,KR7418470001,KT밀리의서재,KOSDAQ,우량기업부,-,0,,,,,,,,,8565789,KSQ,ME005
043610,KR7043610005,KT지니뮤직,KOSDAQ,중견기업부,-,0,,,,,,,,,58115438,KSQ,ME005
122450,KR7122450000,KX,KOSDAQ,중견기업부,-,0,,,,,,,,,44819834,KSQ,ME005
052900,KR7052900008,KX하이텍,KOSDAQ,우량기업부,-,0,,,,,,,,,76668090,KSQ,ME005
036560,KR7036560001,KZ정밀,KOSDAQ,우량기업부,-,0,,,,,,,,,15750000,KSQ,ME005
061970,KR7061970000,LB세미콘,KOSDAQ,중견기업부,-,0,,,,,,,,,70083006,KSQ,ME005
309960,KR7309960003,LB인베스트먼트,KOSDAQ,중견기업부,-,0,,,,,,,,,23217239,KSQ,ME005
073490,KR7073490005,LIG아큐버,KOSDAQ,우량기업부,-,0,,,,,,,,,7603846,KSQ,ME005
225190,KR7225190008,LK삼양,KOSDAQ,중견기업부,-,0,,,,,,,,,70468440,KSQ,ME005
091970,KR7091970004,LSK아이로봇,KOSDAQ,중견기업부,-,0,,,,,,,,,7534780,KSQ,ME005
060370,KR7060370004,LS마린솔루션,KOSDAQ,우량기업부,-,0,,,,,,,,,52238854,KSQ,ME005
417200,KR7417200003,LS머트리얼즈,KOSDAQ,중견기업부,-,0,,,,,,,,,67652659,KSQ,ME005
078020,KR7078020005,LS증권,KOSDAQ,우량기업부,-,0,,,,,,,,,55481190,KSQ,ME005
322180,KR7322180001,LS티라유텍,KOSDAQ,벤처기업부,-,0,,,,,,,,,21496106,KSQ,ME005
476080,KR7476080007,M83,KOSDAQ,중견기업부,-,0,,,,,,,,,8077000,KSQ,ME005
086960,KR7086960002,MDS테크,KOSDAQ,우량기업부,-,0,,,,,,,,,42528670,KSQ,ME005
123010,KR7123010001,MSDI,KOSDAQ,기술성장기업부,-,0,,,,,,,,,20215767,KSQ,ME005
160550,KR7160550000,NEW,KOSDAQ,중견기업부,-,0,,,,,,,,,27906106,KSQ,ME005
053290,KR7053290003,NE능률,KOSDAQ,중견기업부,-,0,,,,,,,,,16526307,KSQ,ME005
060250,KR7060250008,NHN KCP,KOSDAQ,우량기업부,-,0,,,,,,,,,40160611,KSQ,ME005
104200,KR7104200001,NHN벅스,KOSDAQ,중견기업부,-,0,,,,,,,,,14827550,KSQ,ME005
054050,KR7054050000,NH농우바이오,KOSDAQ,우량기업부,-,0,,,,,,,,,16030561,KSQ,ME005
063570,KR7063570006,NICE인프라,KOSDAQ,우량기업부,-,0,,,,,,,,,34147728,KSQ,ME005
024940,KR7024940009,PN풍년,KOSDAQ,벤처기업부,-,0,,,,,,,,,10000000,KSQ,ME005
332570,KR7332570001,PS일렉트로닉스,KOSDAQ,우량기업부,-,0,,,,,,,,,45940603,KSQ,ME005
218410,KR7218410009,RFHIC,KOSDAQ,우량기업부,-,0,,,,,,,,,26575442,KSQ,ME005
327260,KR7327260006,RF머트리얼즈,KOSDAQ,벤처기업부,-,0,,,,,,,,,17988839,KSQ,ME005
474610,KR7474610003,RF시스템즈,KOSDAQ,벤처기업부,-,0,,,,,,,,,14415220,KSQ,ME005
091340,KR7091340000,S&K폴리텍,KOSDAQ,중견기업부,-,0,,,,,,,,,11703721,KSQ,ME005
419530,KR7419530001,SAMG엔터,KOSDAQ,기술성장기업부,-,0,,,,,,,,,10207337,KSQ,ME005
019550,KR7019550003,SBI인베스트먼트,KOSDAQ,중견기업부,-,0,,,,,,,,,80562974,KSQ,ME005
246960,KR7246960009,SCL사이언스,KOSDAQ,기술성장기업부,-,0,,,,,,,,,34017047,KSQ,ME005
099220,KR7099220006,SDN,KOSDAQ,관리종목(소속부없음),-,0,,,,,,,,,6294435,KSQ,ME005
056190,KR7056190002,SFA,KOSDAQ GLOBAL,우량기업부,-,0,,,,,,,,,35908760,KSQ,ME005
222080,KR7222080004,SFA넥셀,KOSDAQ GLOBAL,우량기업부,-,0,,,,,,,,,77780144,KSQ,ME005
036540,KR7036540003,SFA반도체,KOSDAQ,중견기업부,-,0,,,,,,,,,164460303,KSQ,ME005
255220,KR7255220006,SG,KOSDAQ,중견기업부,-,0,,,,,,,,,109563302,KSQ,ME005
040610,KR7040610008,SG&G,KOSDAQ,중견기업부,-,0,,,,,,,,,17043598,KSQ,ME005
184230,KR7184230001,SGA솔루션즈,KOSDAQ,벤처기업부,-,0,,,,,,,,,18833952,KSQ,ME005
016250,KR7016250003,SGC E&C,KOSDAQ,중견기업부,-,0,,,,,,,,,5036986,KSQ,ME005
357880,KR7357880004,SKAI,KOSDAQ,기술성장기업부,-,0,,,,,,,,,54205823,KSQ,ME005
048550,KR7048550008,SM C&C,KOSDAQ,중견기업부,-,0,,,,,,,,,96714620,KSQ,ME005
063440,KR7063440002,SM Life Design,KOSDAQ,중견기업부,-,0,,,,,,,,,45319364,KSQ,ME005
067160,KR7067160002,SOOP,KOSDAQ GLOBAL,우량기업부,-,0,,,,,,,,,11494767,KSQ,ME005
289080,KR7289080004,SV인베스트먼트,KOSDAQ,중견기업부,-,0,,,,,,,,,60138233,KSQ,ME005
041930,KR7041930009,SY동아,KOSDAQ,우량기업부,-,0,,,,,,,,,15200000,KSQ,ME005
089230,KR7089230007,THE E&M,KOSDAQ,중견기업부,-,0,,,,,,,,,39421354,KSQ,ME005
032540,KR7032540007,TJ미디어,KOSDAQ,우량기업부,-,0,,,,,,,,,20897413,KSQ,ME005
048770,KR7048770002,TPC로보틱스,KOSDAQ,벤처기업부,-,0,,,,,,,,,15697991,KSQ,ME005
246690,KR7246690002,TS인베스트먼트,KOSDAQ,중견기업부,-,0,,,,,,,,,23778174,KSQ,ME005
317240,KR7317240000,TS트릴리온,KOSDAQ,벤처기업부,-,0,,,,,,,,,29176711,KSQ,ME005
057030,KR7057030009,YBM넷,KOSDAQ,중견기업부,-,0,,,,,,,,,16312697,KSQ,ME005
040300,KR7040300006,YTN,KOSDAQ,중견기업부,-,0,,,,,,,,,47676980,KSQ,ME005
051390,KR7051390003,YW,KOSDAQ,중견기업부,-,0,,,,,,,,,11355368,KSQ,ME005
052220,KR7052220001,iMBC,KOSDAQ,중견기업부,-,0,,,,,,,,,23000000,KSQ,ME005
079940,KR7079940003,가비아,KOSDAQ,우량기업부,-,0,,,,,,,,,13420684,KSQ,ME005
078890,KR7078890001,가온그룹,KOSDAQ,중견기업부,-,0,,,,,,,,,18424943,KSQ,ME005
399720,KR7399720002,가온칩스,KOSDAQ,벤처기업부,-,0,,,,,,,,,11858844,KSQ,ME005
036620,KR7036620003,감성코퍼레이션,KOSDAQ,우량기업부,-,0,,,,,,,,,89862944,KSQ,ME005
198440,KR7198440000,강동씨앤엘,KOSDAQ,중견기업부,-,0,,,,,,,,,60931896,KSQ,ME005
217730,KR7217730001,강스템바이오텍,KOSDAQ,기술성장기업부,-,0,,,,,,,,,94054149,KSQ,ME005
114190,KR7114190002,강원에너지,KOSDAQ,중견기업부,-,0,,,,,,,,,26123038,KSQ,ME005
094480,KR7094480001,갤럭시아머니트리,KOSDAQ,우량기업부,-,0,,,,,,,,,39229838,KSQ,ME005
039240,KR7039240007,경남스틸,KOSDAQ,우량기업부,-,0,,,,,,,,,26979604,KSQ,ME005
053950,KR7053950002,경남제약,KOSDAQ,중견기업부,-,0,,,,,,,,,19619649,KSQ,ME005
011040,KR7011040003,경동제약,KOSDAQ,중견기업부,-,0,,,,,,,,,30768766,KSQ,ME005
024910,KR7024910002,경창산업,KOSDAQ,중견기업부,-,0,,,,,,,,,35819005,KSQ,ME005
049720,KR7049720006,고려신용정보,KOSDAQ,우량기업부,-,0,,,,,,,,,14300000,KSQ,ME005
014570,KR7014570006,고려제약,KOSDAQ,중견기업부,-,0,,,,,,,,,11000000,KSQ,ME005
348150,KR7348150004,고바이오랩,KOSDAQ,기술성장기업부,-,0,,,,,,,,,19418889,KSQ,ME005
950190,KR8344390008,고스트스튜디오,KOSDAQ,외국기업(소속부없음),-,0,,,,,,,,,13017059,KSQ,ME005
098460,KR7098460009,고영,KOSDAQ,우량기업부,-,0,,,,,,,,,68204213,KSQ,ME005
035290,KR7035290006,골드앤에스,KOSDAQ,관리종목(소속부없음),-,0,,,,,,,,,4767648,KSQ,ME005
215000,KR7215000001,골프존,KOSDAQ,우량기업부,-,0,,,,,,,,,6275415,KSQ,ME005
121440,KR7121440002,골프존홀딩스,KOSDAQ,우량기업부,-,0,,,,,,,,,42836818,KSQ,ME005
029480,KR7029480001,광무,KOSDAQ,중견기업부,-,0,,,,,,,,,59719132,KSQ,ME005
026910,KR7026910000,광진실업,KOSDAQ,중견기업부,-,0,,,,,,,,,7928326,KSQ,ME005
482520,KR7482520004,교보16호스팩,KOSDAQ,SPAC(소속부없음),-,0,,,,,,,,,6100000,KSQ,ME005
489210,KR7489210005,교보17호스팩,KOSDAQ,SPAC(소속부없음),-,0,,,,,,,,,5180000,KSQ,ME005
0041B0,KR70041B0002,교보18호스팩,KOSDAQ,SPAC(소속부없음),-,0,,,,,,,,,5040000,KSQ,ME005
0098T0,KR70098T0004,교보19호스팩,KOSDAQ,SPAC(소속부없음),-,0,,,,,,,,,5400000,KSQ,ME005
0132G0,KR70132G0007,교보20호스팩,KOSDAQ,SPAC(소속부없음),-,0,,,,,,,,,5970000,KSQ,ME005
053270,KR7053270005,구영테크,KOSDAQ,우량기업부,-,0,,,,,,,,,27410405,KSQ,ME005
066620,KR7066620006,국보디자인,KOSDAQ,우량기업부,-,0,,,,,,,,,7500000,KSQ,ME005
043650,KR7043650001,국순당,KOSDAQ,중견기업부,-,0,,,,,,,,,17858304,KSQ,ME005
006050,KR7006050009,국영지앤엠,KOSDAQ,중견기업부,-,0,,,,,,,,,3489524,KSQ,ME005
060480,KR7060480001,국일신동,KOSDAQ,관리종목(소속부없음),-,0,,,,,,,,,11090000,KSQ,ME005
078130,KR7078130002,국일제지,KOSDAQ,중견기업부,-,0,,,,,,,,,112740587,KSQ,ME005
307750,KR7307750000,국전,KOSDAQ,중견기업부,-,0,,,,,,,,,53986288,KSQ,ME005
035080,KR7035080001,그래디언트,KOSDAQ,중견기업부,-,0,,,,,,,,,11174129,KSQ,ME005
318060,KR7318060001,그래피,KOSDAQ,기술성장기업부,-,0,,,,,,,,,11187177,KSQ,ME005
453450,KR7453450009,그리드위즈,KOSDAQ,중견기업부,-,0,,,,,,,,,7942750,KSQ,ME005
204020,KR7204020002,그리티,KOSDAQ,우량기업부,-,0,,,,,,,,,19450832,KSQ,ME005
0015G0,KR70015G0009,그린광학,KOSDAQ,기술성장기업부,-,0,,,,,,,,,11702541,KSQ,ME005
402490,KR7402490007,그린리소스,KOSDAQ,기술성장기업부,-,0,,,,,,,,,16935217,KSQ,ME005
114450,KR7114450000,그린생명과학,KOSDAQ,벤처기업부,-,0,,,,,,,,,20000000,KSQ,ME005
186230,KR7186230009,그린플러스,KOSDAQ,벤처기업부,-,0,,,,,,,,,10920188,KSQ,ME005
900070,KYG3931T1076,글로벌에스엠,KOSDAQ,외국기업(소속부없음),-,0,,,,,,,,,26871984,KSQ,ME005
204620,KR7204620009,글로벌텍스프리,KOSDAQ,우량기업부,-,0,,,,,,,,,70283330,KSQ,ME005
019660,KR7019660000,글로본,KOSDAQ,중견기업부,-,0,,,,,,,,,13944333,KSQ,ME005
053260,KR7053260006,금강철강,KOSDAQ,우량기업부,-,0,,,,,,,,,18720000,KSQ,ME005
282720,KR7282720002,금양그린파워,KOSDAQ,중견기업부,-,0,,,,,,,,,12119500,KSQ,ME005
036190,KR7036190007,금화피에스시,KOSDAQ,우량기업부,-,0,,,,,,,,,6000000,KSQ,ME005
049080,KR7049080005,기가레인,KOSDAQ,벤처기업부,-,0,,,,,,,,,8488334,KSQ,ME005
420770,KR7420770000,기가비스,KOSDAQ,우량기업부,-,0,,,,,,,,,12675758,KSQ,ME005
282620,KR7282620004,기도산업,KOSDAQ,중견기업부,-,0,,,,,,,,,5860707,KSQ,ME005
035460,KR7035460005,기산텔레콤,KOSDAQ,벤처기업부,-,0,,,,,,,,,14920340,KSQ,ME005
407400,KR7407400001,꿈비,KOSDAQ,벤처기업부,-,0,,,,,,,,,14634534,KSQ,ME005
187790,KR7187790001,나노,KOSDAQ,벤처기업부,-,0,,,,,,,,,30840830,KSQ,ME005
121600,KR7121600001,나노신소재,KOSDAQ,우량기업부,-,0,,,,,,,,,12262191,KSQ,ME005
286750,KR7286750005,나노실리칸첨단소재,KOSDAQ,투자주의환기종목(소속부없음),-,0,,,,,,,,,16014428,KSQ,ME005
247660,KR7247660004,나노씨엠에스,KOSDAQ,관리종목(소속부없음),-,0,,,,,,,,,5230920,KSQ,ME005
039860,KR7039860002,나노엔텍,KOSDAQ,중견기업부,-,0,,,,,,,,,38093053,KSQ,ME005
417010,KR7417010006,나노팀,KOSDAQ,벤처기업부,-,0,,,,,,,,,20172728,KSQ,ME005
405920,KR7405920000,나라셀라,KOSDAQ,중견기업부,-,0,,,,,,,,,12878076,KSQ,ME005
478340,KR7478340003,나라스페이스테크놀로지,KOSDAQ,기술성장기업부,-,0,,,,,,,,,11610415,KSQ,ME005
051490,KR7051490001,나라엠앤디,KOSDAQ,우량기업부,-,0,,,,,,,,,14200000,KSQ,ME005
137080,KR7137080008,나래나노텍,KOSDAQ,중견기업부,-,0,,,,,,,,,10709949,KSQ,ME005
242040,KR7242040004,나무AX,KOSDAQ,기술성장기업부,-,0,,,,,,,,,34606264,KSQ,ME005
190510,KR7190510008,나무가,KOSDAQ,우량기업부,-,0,,,,,,,,,14085317,KSQ,ME005
293580,KR7293580007,나우IB,KOSDAQ,중견기업부,-,0,,,,,,,,,94929950,KSQ,ME005
459510,KR7459510004,나우로보틱스,KOSDAQ,기술성장기업부,-,0,,,,,,,,,12978382,KSQ,ME005
138610,KR7138610001,나이벡,KOSDAQ,기술성장기업부,-,0,,,,,,,,,11367793,KSQ,ME005
130580,KR7130580004,나이스디앤비,KOSDAQ,우량기업부,-,0,,,,,,,,,15400000,KSQ,ME005
036800,KR7036800001,나이스정보통신,KOSDAQ,우량기업부,-,0,,,,,,,,,45500000,KSQ,ME005
366030,KR7366030005,나인앤컴퍼니,KOSDAQ,중견기업부,-,0,,,,,,,,,22653850,KSQ,ME005
267320,KR7267320000,나인테크,KOSDAQ,벤처기업부,-,0,,,,,,,,,57415295,KSQ,ME005
111710,KR7111710000,남화산업,KOSDAQ,중견기업부,-,0,,,,,,,,,20588000,KSQ,ME005
091590,KR7091590000,남화토건,KOSDAQ,중견기업부,-,0,,,,,,,,,11740000,KSQ,ME005
168330,KR7168330009,내츄럴엔도텍,KOSDAQ,투자주의환기종목(소속부없음),-,0,,,,,,,,,31754900,KSQ,ME005
094860,KR7094860004,네오리진,KOSDAQ,중견기업부,-,0,,,,,,,,,53110014,KSQ,ME005
0218L0,KR70218L0007,네오뷰,KOSDAQ,중견기업부,-,0,,,,,,,,,5276175,KSQ,ME005
0161M0,KR70161M0003,네오사피엔스,KOSDAQ,기술성장기업부,-,0,,,,,,,,,12215845,KSQ,ME005
253590,KR7253590004,네오셈,KOSDAQ,우량기업부,-,0,,,,,,,,,43869164,KSQ,ME005
212560,KR7212560007,네오오토,KOSDAQ,우량기업부,-,0,,,,,,,,,13486348,KSQ,ME005
095660,KR7095660007,네오위즈,KOSDAQ,우량기업부,-,0,,,,,,,,,21636459,KSQ,ME005
042420,KR7042420000,네오위즈홀딩스,KOSDAQ,우량기업부,-,0,,,,,,,,,8142283,KSQ,ME005
950220,KR8840140006,네오이뮨텍,KOSDAQ,기술성장기업부,-,0,,,,,,,,,34211840,KSQ,ME005
311390,KR7311390009,네오크레마,KOSDAQ,벤처기업부,-,0,,,,,,,,,12653789,KSQ,ME005
085910,KR7085910008,네오티스,KOSDAQ,중견기업부,-,0,,,,,,,,,13794818,KSQ,ME005
092730,KR7092730001,네오팜,KOSDAQ,우량기업부,-,0,,,,,,,,,16027989,KSQ,ME005
153460,KR7153460001,네이블,KOSDAQ,중견기업부,-,0,,,,,,,,,6530014,KSQ,ME005
007390,KR7007390008,네이처셀,KOSDAQ,중견기업부,-,0,,,,,,,,,64435056,KSQ,ME005
033640,KR7033640004,네패스,KOSDAQ,중견기업부,-,0,,,,,,,,,23059202,KSQ,ME005
330860,KR7330860008,네패스아크,KOSDAQ,중견기업부,-,0,,,,,,,,,12184045,KSQ,ME005
351320,KR7351320007,넥사다이내믹스,KOSDAQ,중견기업부,-,0,,,,,,,,,29698642,KSQ,ME005
089140,KR7089140008,넥스턴앤롤코리아,KOSDAQ,벤처기업부,-,0,,,,,,,,,15316234,KSQ,ME005
389650,KR7389650003,넥스트바이오메디컬,KOSDAQ,기술성장기업부,-,0,,,,,,,,,8277286,KSQ,ME005
137940,KR7137940003,넥스트아이,KOSDAQ,중견기업부,-,0,,,,,,,,,9812067,KSQ,ME005
396270,KR7396270001,넥스트칩,KOSDAQ,벤처기업부,-,0,,,,,,,,,32887431,KSQ,ME005
348210,KR7348210006,넥스틴,KOSDAQ,우량기업부,-,0,,,,,,,,,10477005,KSQ,ME005
225570,KR7225570001,넥슨게임즈,KOSDAQ,중견기업부,-,0,,,,,,,,,65860174,KSQ,ME005
205500,KR7205500002,넥써쓰,KOSDAQ,중견기업부,-,0,,,,,,,,,83561797,KSQ,ME005
217270,KR7217270008,넵튠,KOSDAQ,중견기업부,-,0,,,,,,,,,45654357,KSQ,ME005
104620,KR7104620000,노랑풍선,KOSDAQ,중견기업부,-,0,,,,,,,,,16810552,KSQ,ME005
473980,KR7473980001,노머스,KOSDAQ,기술성장기업부,-,0,,,,,,,,,10882752,KSQ,ME005
194700,KR7194700001,노바렉스,KOSDAQ,우량기업부,-,0,,,,,,,,,18254848,KSQ,ME005
285490,KR7285490009,노바텍,KOSDAQ,벤처기업부,-,0,,,,,,,,,10575831,KSQ,ME005
145170,KR7145170007,노브랜드,KOSDAQ,중견기업부,-,0,,,,,,,,,16908405,KSQ,ME005
376930,KR7376930004,노을,KOSDAQ,관리종목(소속부없음),-,0,,,,,,,,,10258264,KSQ,ME005
486990,KR7486990005,노타,KOSDAQ,기술성장기업부,-,0,,,,,,,,,21392430,KSQ,ME005
142280,KR7142280007,녹십자엠에스,KOSDAQ,중견기업부,-,0,,,,,,,,,23963031,KSQ,ME005
234690,KR7234690006,녹십자웰빙,KOSDAQ,우량기업부,-,0,,,,,,,,,17963290,KSQ,ME005
069140,KR7069140002,누리플랜,KOSDAQ,벤처기업부,-,0,,,,,,,,,15095804,KSQ,ME005
040160,KR7040160004,누리플렉스,KOSDAQ,중견기업부,-,0,,,,,,,,,11883351,KSQ,ME005
332290,KR7332290006,누보,KOSDAQ,벤처기업부,-,0,,,,,,,,,7939249,KSQ,ME005
348340,KR7348340001,뉴로메카,KOSDAQ,기술성장기업부,-,0,,,,,,,,,23408424,KSQ,ME005
380550,KR7380550004,뉴로핏,KOSDAQ,기술성장기업부,-,0,,,,,,,,,12198866,KSQ,ME005
060260,KR7060260007,뉴보텍,KOSDAQ,관리종목(소속부없음),-,0,,,,,,,,,13342356,KSQ,ME005
463020,KR7463020008,뉴엔AI,KOSDAQ,기술성장기업부,-,0,,,,,,,,,8987200,KSQ,ME005
123840,KR7123840001,뉴온,KOSDAQ,투자주의환기종목(소속부없음),-,0,,,,,,,,,15553050,KSQ,ME005
012340,KR7012340006,뉴인텍,KOSDAQ,관리종목(소속부없음),-,0,,,,,,,,,22044793,KSQ,ME005
462310,KR7462310004,뉴키즈온,KOSDAQ,중견기업부,-,0,,,,,,,,,7898605,KSQ,ME005
270870,KR7270870009,뉴트리,KOSDAQ,중견기업부,-,0,,,,,,,,,8994846,KSQ,ME005
144960,KR7144960002,뉴파워프라즈마,KOSDAQ,우량기업부,-,0,,,,,,,,,43692624,KSQ,ME005
085670,KR7085670008,뉴프렉스,KOSDAQ,우량기업부,-,0,,,,,,,,,24500761,KSQ,ME005
417030,KR7417030004,니어스랩,KOSDAQ,기술성장기업부,-,0,,,,,,,,,5777556,KSQ,ME005
064260,KR7064260003,다날,KOSDAQ,중견기업부,-,0,,,,,,,,,75645457,KSQ,ME005
340360,KR7340360007,다보링크,KOSDAQ,투자주의환기종목(소속부없음),-,0,,,,,,,,,53007472,KSQ,ME005
039560,KR7039560008,다산네트웍스,KOSDAQ,중견기업부,-,0,,,,,,,,,42888468,KSQ,ME005
208860,KR7208860007,다산디엠씨,KOSDAQ,벤처기업부,-,0,,,,,,,,,33949973,KSQ,ME005
154040,KR7154040000,다산솔루에타,KOSDAQ,중견기업부,-,0,,,,,,,,,21615614,KSQ,ME005
032190,KR7032190001,다우데이타,KOSDAQ,우량기업부,-,0,,,,,,,,,38300000,KSQ,ME005
323350,KR7323350009,다원넥스뷰,KOSDAQ,기술성장기업부,-,0,,,,,,,,,8010772,KSQ,ME005
068240,KR7068240001,다원시스,KOSDAQ,관리종목(소속부없음),-,0,,,,,,,,,38163437,KSQ,ME005
290660,KR7290660000,다이나믹솔루션,KOSDAQ,기술성장기업부,-,0,,,,,,,,,42837888,KSQ,ME005
464580,KR7464580000,닷밀,KOSDAQ,기술성장기업부,-,0,,,,,,,,,18406089,KSQ,ME005
020400,KR7020400008,대동금속,KOSDAQ,중견기업부,-,0,,,,,,,,,9073532,KSQ,ME005
008830,KR7008830002,대동기어,KOSDAQ,중견기업부,-,0,,,,,,,,,19181916,KSQ,ME005
048470,KR7048470009,대동스틸,KOSDAQ,중견기업부,-,0,,,,,,,,,9650000,KSQ,ME005
004780,KR7004780003,대륙제관,KOSDAQ,우량기업부,-,0,,,,,,,,,15903199,KSQ,ME005
017650,KR7017650003,대림제지,KOSDAQ,우량기업부,-,0,,,,,,,,,8785000,KSQ,ME005
389260,KR7389260001,대명에너지,KOSDAQ,우량기업부,-,0,,,,,,,,,17916325,KSQ,ME005
317850,KR7317850006,대모,KOSDAQ,벤처기업부,-,0,,,,,,,,,8324420,KSQ,ME005
290670,KR7290670009,대보마그네틱,KOSDAQ,중견기업부,-,0,,,,,,,,,7857660,KSQ,ME005
078140,KR7078140001,대봉엘에스,KOSDAQ,우량기업부,-,0,,,,,,,,,11086579,KSQ,ME005
065150,KR7065150005,대산F&B,KOSDAQ,중견기업부,-,0,,,,,,,,,15938240,KSQ,ME005
036480,KR7036480002,대성미생물,KOSDAQ,중견기업부,-,0,,,,,,,,,3800000,KSQ,ME005
027830,KR7027830009,대성창투,KOSDAQ,중견기업부,-,0,,,,,,,,,54000000,KSQ,ME005
129920,KR7129920005,대성하이텍,KOSDAQ,벤처기업부,-,0,,,,,,,,,16248696,KSQ,ME005
482690,KR7482690005,대신밸런스제19호스팩,KOSDAQ,SPAC(소속부없음),-,0,,,,,,,,,5615000,KSQ,ME005
0134X0,KR70134X0004,대신밸런스제20호스팩,KOSDAQ,SPAC(소속부없음),-,0,,,,,,,,,6740000,KSQ,ME005
020180,KR7020180006,대신정보통신,KOSDAQ,중견기업부,-,0,,,,,,,,,7685783,KSQ,ME005
045390,KR7045390002,대아티아이,KOSDAQ,우량기업부,-,0,,,,,,,,,70473377,KSQ,ME005
108380,KR7108380007,대양전기공업,KOSDAQ,우량기업부,-,0,,,,,,,,,9567333,KSQ,ME005
007680,KR7007680002,대원,KOSDAQ,중견기업부,-,0,,,,,,,,,13222738,KSQ,ME005
048910,KR7048910004,대원미디어,KOSDAQ,우량기업부,-,0,,,,,,,,,12578946,KSQ,ME005
005710,KR7005710009,대원산업,KOSDAQ,우량기업부,-,0,,,,,,,,,20037600,KSQ,ME005
120240,KR7120240007,대정화금,KOSDAQ,우량기업부,-,0,,,,,,,,,7190391,KSQ,ME005
003310,KR7003310000,대주산업,KOSDAQ,우량기업부,-,0,,,,,,,,,35392350,KSQ,ME005
078600,KR7078600004,대주전자재료,KOSDAQ,우량기업부,-,0,,,,,,,,,15704138,KSQ,ME005
393970,KR7393970009,대진첨단소재,KOSDAQ,관리종목(소속부없음),-,0,,,,,,,,,17850820,KSQ,ME005
096350,KR7096350004,대창솔루션,KOSDAQ,벤처기업부,-,0,,,,,,,,,36854762,KSQ,ME005
140520,KR7140520008,대창스틸,KOSDAQ,중견기업부,-,0,,,,,,,,,21109243,KSQ,ME005
131220,KR7131220006,대한과학,KOSDAQ,벤처기업부,-,0,,,,,,,,,7454490,KSQ,ME005
010170,KR7010170009,대한광통신,KOSDAQ,중견기업부,-,0,,,,,,,,,155485660,KSQ,ME005
054670,KR7054670005,대한뉴팜,KOSDAQ,우량기업부,-,0,,,,,,,,,14354920,KSQ,ME005
023910,KR7023910003,대한약품,KOSDAQ,우량기업부,-,0,,,,,,,,,6000000,KSQ,ME005
021040,KR7021040001,대호특수강,KOSDAQ,중견기업부,-,0,,,,,,,,,21704774,KSQ,ME005
021045,KR7021041009,대호특수강우,KOSDAQ,중견기업부,-,0,,,,,,,,,848492,KSQ,ME005
067080,KR7067080002,대화제약,KOSDAQ,중견기업부,-,0,,,,,,,,,18616650,KSQ,ME005
298540,KR7298540006,더네이쳐홀딩스,KOSDAQ,우량기업부,-,0,,,,,,,,,14486386,KSQ,ME005
032860,KR7032860009,더라미,KOSDAQ,중견기업부,-,0,,,,,,,,,8079172,KSQ,ME005
393890,KR7393890009,더블유씨피,KOSDAQ,기술성장기업부,-,0,,,,,,,,,33843144,KSQ,ME005
299170,KR7299170001,더블유에스아이,KOSDAQ,중견기업부,-,0,,,,,,,,,41511288,KSQ,ME005
462860,KR7462860008,더즌,KOSDAQ,벤처기업부,-,0,,,,,,,,,71768103,KSQ,ME005
224060,KR7224060004,더코디,KOSDAQ,투자주의환기종목(소속부없음),-,0,,,,,,,,,5160722,KSQ,ME005
403850,KR7403850001,더핑크퐁컴퍼니,KOSDAQ,중견기업부,-,0,,,,,,,,,14351010,KSQ,ME005
213420,KR7213420003,덕산네오룩스,KOSDAQ,우량기업부,-,0,,,,,,,,,24831179,KSQ,ME005
317330,KR7317330009,덕산테코피아,KOSDAQ,중견기업부,-,0,,,,,,,,,20476584,KSQ,ME005
077360,KR7077360006,덕산하이메탈,KOSDAQ,벤처기업부,-,0,,,,,,,,,45437002,KSQ,ME005
090410,KR7090410002,덕신이피씨,KOSDAQ,우량기업부,-,0,,,,,,,,,9216819,KSQ,ME005
0001A0,KR70001A0001,덕양에너젠,KOSDAQ,중견기업부,-,0,,,,,,,,,25468962,KSQ,ME005
263600,KR7263600009,덕우전자,KOSDAQ,중견기업부,-,0,,,,,,,,,15930310,KSQ,ME005
194480,KR7194480000,데브시스터즈,KOSDAQ,중견기업부,-,0,,,,,,,,,12169150,KSQ,ME005
373160,KR7373160001,데이원컴퍼니,KOSDAQ,기술성장기업부,-,0,,,,,,,,,13582470,KSQ,ME005
263800,KR7263800005,데이타솔루션,KOSDAQ,중견기업부,-,0,,,,,,,,,16225380,KSQ,ME005
206560,KR7206560005,덱스터,KOSDAQ,기술성장기업부,-,0,,,,,,,,,25411736,KSQ,ME005
261200,KR7261200000,덴티스,KOSDAQ,중견기업부,-,0,,,,,,,,,15809700,KSQ,ME005
484120,KR7484120001,도우인시스,KOSDAQ,중견기업부,-,0,,,,,,,,,10957422,KSQ,ME005
067990,KR7067990002,도이치모터스,KOSDAQ,우량기업부,-,0,,,,,,,,,29181550,KSQ,ME005
006620,KR7006620009,동구바이오제약,KOSDAQ,우량기업부,-,0,,,,,,,,,28464992,KSQ,ME005
100130,KR7100130004,동국S&C,KOSDAQ,중견기업부,-,0,,,,,,,,,57143000,KSQ,ME005
005160,KR7005160007,동국산업,KOSDAQ,중견기업부,-,0,,,,,,,,,54244482,KSQ,ME005
303810,KR7303810006,동국생명과학,KOSDAQ,중견기업부,-,0,,,,,,,,,31984140,KSQ,ME005
075970,KR7075970004,동국알앤에스,KOSDAQ,중견기업부,-,0,,,,,,,,,18400000,KSQ,ME005
086450,KR7086450004,동국제약,KOSDAQ GLOBAL,우량기업부,-,0,,,,,,,,,45230420,KSQ,ME005
240550,KR7240550004,동방메디컬,KOSDAQ,중견기업부,-,0,,,,,,,,,20933940,KSQ,ME005
099410,KR7099410003,동방선기,KOSDAQ,벤처기업부,-,0,,,,,,,,,14000000,KSQ,ME005
033500,KR7033500000,동성화인텍,KOSDAQ,우량기업부,-,0,,,,,,,,,29989494,KSQ,ME005
025950,KR7025950007,동신건설,KOSDAQ,우량기업부,-,0,,,,,,,,,8400000,KSQ,ME005
088130,KR7088130000,동아엘텍,KOSDAQ,우량기업부,-,0,,,,,,,,,17485314,KSQ,ME005
060380,KR7060380003,동양에스텍,KOSDAQ,중견기업부,-,0,,,,,,,,,19700000,KSQ,ME005
079960,KR7079960001,동양이엔피,KOSDAQ,우량기업부,-,0,,,,,,,,,7551658,KSQ,ME005
228340,KR7228340006,동양파일,KOSDAQ,중견기업부,-,0,,,,,,,,,20000000,KSQ,ME005
088910,KR7088910005,동우팜투테이블,KOSDAQ,우량기업부,-,0,,,,,,,,,25721764,KSQ,ME005
094170,KR7094170008,동운아나텍,KOSDAQ,우량기업부,-,0,,,,,,,,,20909936,KSQ,ME005
013120,KR7013120001,동원개발,KOSDAQ,우량기업부,-,0,,,,,,,,,90808100,KSQ,ME005
109860,KR7109860007,동일금속,KOSDAQ,우량기업부,-,0,,,,,,,,,9100000,KSQ,ME005
032960,KR7032960007,동일기연,KOSDAQ,중견기업부,-,0,,,,,,,,,17592975,KSQ,ME005
023790,KR7023790009,동일스틸럭스,KOSDAQ,중견기업부,-,0,,,,,,,,,13069808,KSQ,ME005
005290,KR7005290002,동진쎄미켐,KOSDAQ,우량기업부,-,0,,,,,,,,,50970126,KSQ,ME005
025900,KR7025900002,동화기업,KOSDAQ,중견기업부,-,0,,,,,,,,,50557285,KSQ,ME005
131970,KR7131970006,두산테스나,KOSDAQ GLOBAL,우량기업부,-,0,,,,,,,,,19327238,KSQ,ME005
073190,KR7073190001,듀오백,KOSDAQ,관리종목(소속부없음),-,0,,,,,,,,,11968040,KSQ,ME005
176750,KR7176750008,듀켐바이오,KOSDAQ,기술성장기업부,-,0,,,,,,,,,28488720,KSQ,ME005
030350,KR7030350003,드래곤플라이,KOSDAQ,관리종목(소속부없음),-,0,,,,,,,,,15592079,KSQ,ME005
203650,KR7203650007,드림시큐리티,KOSDAQ,중견기업부,-,0,,,,,,,,,101704484,KSQ,ME005
223250,KR7223250002,드림씨아이에스,KOSDAQ,벤처기업부,-,0,,,,,,,,,24600444,KSQ,ME005
060570,KR7060570009,드림어스컴퍼니,KOSDAQ,중견기업부,-,0,,,,,,,,,14820314,KSQ,ME005
362990,KR7362990004,드림인사이트,KOSDAQ,벤처기업부,-,0,,,,,,,,,16800574,KSQ,ME005
016670,KR7016670002,디모아,KOSDAQ,중견기업부,-,0,,,,,,,,,10194234,KSQ,ME005
187870,KR7187870001,디바이스,KOSDAQ,우량기업부,-,0,,,,,,,,,13862772,KSQ,ME005
489730,KR7489730002,디비금융제13호스팩,KOSDAQ,SPAC(소속부없음),-,0,,,,,,,,,6332000,KSQ,ME005
0004Y0,KR70004Y0000,디비금융제14호스팩,KOSDAQ,SPAC(소속부없음),-,0,,,,,,,,,5315000,KSQ,ME005
110990,KR7110990009,디아이티,KOSDAQ,우량기업부,-,0,,,,,,,,,18900000,KSQ,ME005
263690,KR7263690000,디알젬,KOSDAQ,우량기업부,-,0,,,,,,,,,11325610,KSQ,ME005
214680,KR7214680001,디알텍,KOSDAQ,벤처기업부,-,0,,,,,,,,,16695411,KSQ,ME005
347850,KR7347850000,디앤디파마텍,KOSDAQ,기술성장기업부,-,0,,,,,,,,,45996189,KSQ,ME005
263720,KR7263720005,디앤씨미디어,KOSDAQ,우량기업부,-,0,,,,,,,,,12245561,KSQ,ME005
376300,KR7376300000,디어유,KOSDAQ,우량기업부,-,0,,,,,,,,,23738406,KSQ,ME005
104040,KR7104040001,디에스엠,KOSDAQ,벤처기업부,-,0,,,,,,,,,26813565,KSQ,ME005
109740,KR7109740001,디에스케이,KOSDAQ,벤처기업부,-,0,,,,,,,,,25710390,KSQ,ME005
031860,KR7031860000,디에이치엑스컴퍼니,KOSDAQ,관리종목(소속부없음),-,0,,,,,,,,,2700542,KSQ,ME005
196490,KR7196490007,디에이테크놀로지,KOSDAQ,투자주의환기종목(소속부없음),-,0,,,,,,,,,11351645,KSQ,ME005
066900,KR7066900002,디에이피,KOSDAQ,관리종목(소속부없음),-,0,,,,,,,,,22744503,KSQ,ME005
092070,KR7092070002,디엔에프,KOSDAQ,중견기업부,-,0,,,,,,,,,11571858,KSQ,ME005
039840,KR7039840004,디오,KOSDAQ,중견기업부,-,0,,,,,,,,,13415828,KSQ,ME005
219550,KR7219550001,디와이디,KOSDAQ,관리종목(소속부없음),-,0,,,,,,,,,41379210,KSQ,ME005
310870,KR7310870001,디와이씨,KOSDAQ,벤처기업부,-,0,,,,,,,,,21922602,KSQ,ME005
104460,KR7104460001,디와이피엔에프,KOSDAQ,우량기업부,-,0,,,,,,,,,10518101,KSQ,ME005
113810,KR7113810006,디젠스,KOSDAQ,중견기업부,-,0,,,,,,,,,6525610,KSQ,ME005
043360,KR7043360007,디지아이,KOSDAQ,벤처기업부,-,0,,,,,,,,,9000000,KSQ,ME005
197140,KR7197140007,디지캡,KOSDAQ,벤처기업부,-,0,,,,,,,,,13013154,KSQ,ME005
068930,KR7068930007,디지털대성,KOSDAQ,우량기업부,-,0,,,,,,,,,27675342,KSQ,ME005
033130,KR7033130006,디지틀조선,KOSDAQ,중견기업부,-,0,,,,,,,,,37115267,KSQ,ME005
105740,KR7105740005,디케이락,KOSDAQ,우량기업부,-,0,,,,,,,,,10168513,KSQ,ME005
263020,KR7263020000,디케이앤디,KOSDAQ,벤처기업부,-,0,,,,,,,,,13836146,KSQ,ME005
290550,KR7290550003,디케이티,KOSDAQ,우량기업부,-,0,,,,,,,,,20001230,KSQ,ME005
066670,KR7066670001,디티씨,KOSDAQ,중견기업부,-,0,,,,,,,,,18691918,KSQ,ME005
187220,KR7187220009,디티앤씨,KOSDAQ,중견기업부,-,0,,,,,,,,,11524933,KSQ,ME005
383930,KR7383930005,디티앤씨알오,KOSDAQ,중견기업부,-,0,,,,,,,,,12784128,KSQ,ME005
131180,KR7131180002,딜리,KOSDAQ,벤처기업부,-,0,,,,,,,,,5870000,KSQ,ME005
483350,KR7483350005,딜리셔스,KOSDAQ,기술성장기업부,-,0,,,,,,,,,22153460,KSQ,ME005
315640,KR7315640003,딥노이드,KOSDAQ,기술성장기업부,-,0,,,,,,,,,29372232,KSQ,ME005
900110,HK0000057197,딥커머스,KOSDAQ,외국기업(소속부없음),-,0,,,,,,,,,3687426,KSQ,ME005
317120,KR7317120004,라닉스,KOSDAQ,기술성장기업부,-,0,,,,,,,,,15260000,KSQ,ME005
462510,KR7462510009,라메디텍,KOSDAQ,기술성장기업부,-,0,,,,,,,,,8802965,KSQ,ME005
232680,KR7232680009,라온로보틱스,KOSDAQ,기술성장기업부,-,0,,,,,,,,,13257500,KSQ,ME005
042510,KR7042510008,라온시큐어,KOSDAQ,벤처기업부,-,0,,,,,,,,,11105828,KSQ,ME005
418420,KR7418420006,라온텍,KOSDAQ,기술성장기업부,-,0,,,,,,,,,30774558,KSQ,ME005
300120,KR7300120003,라온피플,KOSDAQ,벤처기업부,-,0,,,,,,,,,9900803,KSQ,ME005
171120,KR7171120009,라이온켐텍,KOSDAQ,우량기업부,-,0,,,,,,,,,35901760,KSQ,ME005
388790,KR7388790008,라이콤,KOSDAQ,벤처기업부,-,0,,,,,,,,,30614160,KSQ,ME005
214260,KR7214260002,라파스,KOSDAQ,기술성장기업부,-,0,,,,,,,,,8922463,KSQ,ME005
171010,KR7171010002,램테크놀러지,KOSDAQ,벤처기업부,-,0,,,,,,,,,14298752,KSQ,ME005
084650,KR7084650001,랩지노믹스,KOSDAQ,관리종목(소속부없음),-,0,,,,,,,,,74239990,KSQ,ME005
217500,KR7217500008,러셀,KOSDAQ,벤처기업부,-,0,,,,,,,,,31812000,KSQ,ME005
038390,KR7038390001,레드캡투어,KOSDAQ,우량기업부,-,0,,,,,,,,,16720822,KSQ,ME005
387690,KR7387690001,레메디,KOSDAQ,기술성장기업부,-,0,,,,,,,,,7625791,KSQ,ME005
294140,KR7294140009,레몬,KOSDAQ,관리종목(소속부없음),-,0,,,,,,,,,24914818,KSQ,ME005
365660,KR7365660000,레몬헬스케어,KOSDAQ,기술성장기업부,-,0,,,,,,,,,13455559,KSQ,ME005
443250,KR7443250006,레뷰코퍼레이션,KOSDAQ,벤처기업부,-,0,,,,,,,,,10809817,KSQ,ME005
228670,KR7228670006,레이,KOSDAQ,벤처기업부,-,0,,,,,,,,,15640021,KSQ,ME005
228850,KR7228850004,레이언스,KOSDAQ,우량기업부,-,0,,,,,,,,,16591014,KSQ,ME005
412350,KR7412350001,레이저쎌,KOSDAQ,기술성장기업부,-,0,,,,,,,,,14603043,KSQ,ME005
199550,KR7199550005,레이저옵텍,KOSDAQ,벤처기업부,-,0,,,,,,,,,14845791,KSQ,ME005
281740,KR7281740001,레이크머티리얼즈,KOSDAQ,우량기업부,-,0,,,,,,,,,65730548,KSQ,ME005
277810,KR7277810008,레인보우로보틱스,KOSDAQ,기술성장기업부,-,0,,,,,,,,,19399858,KSQ,ME005
215100,KR7215100009,로보로보,KOSDAQ,벤처기업부,-,0,,,,,,,,,20348454,KSQ,ME005
090360,KR7090360009,로보스타,KOSDAQ,중견기업부,-,0,,,,,,,,,9750000,KSQ,ME005
108490,KR7108490004,로보티즈,KOSDAQ,기술성장기업부,-,0,,,,,,,,,14667028,KSQ,ME005
900260,HK0000295359,로스웰,KOSDAQ,외국기업(소속부없음),-,0,,,,,,,,,46029706,KSQ,ME005
033290,KR7033290008,로젠,KOSDAQ,우량기업부,-,0,,,,,,,,,56156301,KSQ,ME005
067730,KR7067730002,로지시스,KOSDAQ,중견기업부,-,0,,,,,,,,,9673922,KSQ,ME005
071280,KR7071280002,로체시스템즈,KOSDAQ,우량기업부,-,0,,,,,,,,,15296603,KSQ,ME005
376900,KR7376900007,로킷헬스케어,KOSDAQ,기술성장기업부,-,0,,,,,,,,,17445290,KSQ,ME005
214610,KR7214610008,롤링스톤,KOSDAQ,관리종목(소속부없음),-,0,,,,,,,,,8383322,KSQ,ME005
328130,KR7328130000,루닛,KOSDAQ,기술성장기업부,-,0,,,,,,,,,74458180,KSQ,ME005
038060,KR7038060000,루멘스바이오스,KOSDAQ,중견기업부,-,0,,,,,,,,,48103069,KSQ,ME005
474170,KR7474170008,루미르,KOSDAQ,기술성장기업부,-,0,,,,,,,,,17817696,KSQ,ME005
195990,KR7195990007,루트K,KOSDAQ,관리종목(소속부없음),-,0,,,,,,,,,16287874,KSQ,ME005
141080,KR7141080002,리가켐바이오,KOSDAQ GLOBAL,기술성장기업부,-,0,,,,,,,,,37019418,KSQ,ME005
058470,KR7058470006,리노공업,KOSDAQ GLOBAL,우량기업부,-,0,,,,,,,,,76211850,KSQ,ME005
016100,KR7016100000,리더스코스메틱,KOSDAQ,중견기업부,-,0,,,,,,,,,19100894,KSQ,ME005
012700,KR7012700001,리드코프,KOSDAQ,우량기업부,-,0,,,,,,,,,25994852,KSQ,ME005
302550,KR7302550009,리메드,KOSDAQ,기술성장기업부,-,0,,,,,,,,,30275013,KSQ,ME005
491000,KR7491000006,리브스메드,KOSDAQ,기술성장기업부,-,0,,,,,,,,,25255271,KSQ,ME005
394420,KR7394420004,리센스메디컬,KOSDAQ,기술성장기업부,-,0,,,,,,,,,10999701,KSQ,ME005
073570,KR7073570004,리튬포어스,KOSDAQ,관리종목(소속부없음),-,0,,,,,,,,,12037328,KSQ,ME005
377450,KR7377450002,리파인,KOSDAQ,우량기업부,-,0,,,,,,,,,17330000,KSQ,ME005
277070,KR7277070009,린드먼아시아,KOSDAQ,중견기업부,-,0,,,,,,,,,13692000,KSQ,ME005
042500,KR7042500009,링네트,KOSDAQ,우량기업부,-,0,,,,,,,,,22291144,KSQ,ME005
193250,KR7193250008,링크드,KOSDAQ,중견기업부,-,0,,,,,,,,,13368933,KSQ,ME005
474650,KR7474650009,링크솔루션,KOSDAQ,기술성장기업부,-,0,,,,,,,,,5753282,KSQ,ME005
219420,KR7219420007,링크제니시스,KOSDAQ,기술성장기업부,-,0,,,,,,,,,11469507,KSQ,ME005
439090,KR7439090002,마녀공장,KOSDAQ,우량기업부,-,0,,,,,,,,,16393260,KSQ,ME005
195500,KR7195500004,마니커에프앤지,KOSDAQ,중견기업부,-,0,,,,,,,,,15978000,KSQ,ME005
377480,KR7377480009,마음AI,KOSDAQ,기술성장기업부,-,0,,,,,,,,,7110275,KSQ,ME005
305090,KR7305090003,마이크로디지탈,KOSDAQ,투자주의환기종목(소속부없음),-,0,,,,,,,,,18749834,KSQ,ME005
098120,KR7098120009,마이크로컨텍솔,KOSDAQ,우량기업부,-,0,,,,,,,,,8312766,KSQ,ME005
424980,KR7424980001,마이크로투나노,KOSDAQ,기술성장기업부,-,0,,,,,,,,,5918890,KSQ,ME005
038290,KR7038290003,마크로젠,KOSDAQ,중견기업부,-,0,,,,,,,,,10841400,KSQ,ME005
477850,KR7477850002,마키나락스,KOSDAQ,기술성장기업부,-,0,,,,,,,,,17754736,KSQ,ME005
0039P0,KR70039P0000,매드업,KOSDAQ,기술성장기업부,-,0,,,,,,,,,18807400,KSQ,ME005
267980,KR7267980001,매일유업,KOSDAQ,우량기업부,-,0,,,,,,,,,7663638,KSQ,ME005
005990,KR7005990007,매일홀딩스,KOSDAQ,우량기업부,-,0,,,,,,,,,13298304,KSQ,ME005
093520,KR7093520005,매커스,KOSDAQ,우량기업부,-,0,,,,,,,,,11901837,KSQ,ME005
100590,KR7100590009,머큐리,KOSDAQ,중견기업부,-,0,,,,,,,,,17139545,KSQ,ME005
067280,KR7067280008,멀티캠퍼스,KOSDAQ,우량기업부,-,0,,,,,,,,,5926779,KSQ,ME005
072870,KR7072870009,메가스터디,KOSDAQ,우량기업부,-,0,,,,,,,,,11920959,KSQ,ME005
215200,KR7215200007,메가스터디교육,KOSDAQ,우량기업부,-,0,,,,,,,,,10365216,KSQ,ME005
133750,KR7133750000,메가엠디,KOSDAQ,중견기업부,-,0,,,,,,,,,23407077,KSQ,ME005
446540,KR7446540007,메가터치,KOSDAQ,중견기업부,-,0,,,,,,,,,29079111,KSQ,ME005
235980,KR7235980000,메드팩토,KOSDAQ,기술성장기업부,-,0,,,,,,,,,34275121,KSQ,ME005
041920,KR7041920000,메디아나,KOSDAQ,우량기업부,-,0,,,,,,,,,18598223,KSQ,ME005
014100,KR7014100002,메디앙스,KOSDAQ,중견기업부,-,0,,,,,,,,,11800000,KSQ,ME005
054180,KR7054180005,메디콕스,KOSDAQ,관리종목(소속부없음),-,0,,,,,,,,,5527981,KSQ,ME005
086900,KR7086900008,메디톡스,KOSDAQ,우량기업부,-,0,,,,,,,,,7298497,KSQ,ME005
078160,KR7078160009,메디포스트,KOSDAQ,벤처기업부,-,0,,,,,,,,,39204603,KSQ,ME005
0088D0,KR70088D0004,메리츠제1호스팩,KOSDAQ,SPAC(소속부없음),-,0,,,,,,,,,5795000,KSQ,ME005
0165X0,KR70165X0006,메리츠제2호스팩,KOSDAQ,SPAC(소속부없음),-,0,,,,,,,,,7240000,KSQ,ME005
408920,KR7408920007,메쎄이상,KOSDAQ,우량기업부,-,0,,,,,,,,,43232455,KSQ,ME005
021880,KR7021880000,메이슨캐피탈,KOSDAQ,중견기업부,-,0,,,,,,,,,21218440,KSQ,ME005
0088M0,KR70088M0003,메쥬,KOSDAQ,기술성장기업부,-,0,,,,,,,,,9881750,KSQ,ME005
140410,KR7140410002,메지온,KOSDAQ,투자주의환기종목(소속부없음),-,0,,,,,,,,,30621674,KSQ,ME005
241770,KR7241770007,메카로,KOSDAQ,우량기업부,-,0,,,,,,,,,10192640,KSQ,ME005
059210,KR7059210005,메타바이오메드,KOSDAQ,우량기업부,-,0,,,,,,,,,27171445,KSQ,ME005
058110,KR7058110008,멕아이씨에스,KOSDAQ,기술성장기업부,-,0,,,,,,,,,16050530,KSQ,ME005
072770,KR7072770001,멤레이비티,KOSDAQ,중견기업부,-,0,,,,,,,,,41512098,KSQ,ME005
434480,KR7434480000,모니터랩,KOSDAQ,기술성장기업부,-,0,,,,,,,,,12310300,KSQ,ME005
080420,KR7080420003,모다이노칩,KOSDAQ,중견기업부,-,0,,,,,,,,,79721622,KSQ,ME005
417970,KR7417970001,모델솔루션,KOSDAQ,우량기업부,-,0,,,,,,,,,6396700,KSQ,ME005
080160,KR7080160005,모두투어,KOSDAQ,우량기업부,-,0,,,,,,,,,18900000,KSQ,ME005
087260,KR7087260006,모바일어플라이언스,KOSDAQ,관리종목(소속부없음),-,0,,,,,,,,,32552861,KSQ,ME005
101330,KR7101330009,모베이스,KOSDAQ,중견기업부,-,0,,,,,,,,,23147029,KSQ,ME005
012860,KR7012860003,모베이스전자,KOSDAQ,우량기업부,-,0,,,,,,,,,73233457,KSQ,ME005
363260,KR7363260001,모비데이즈,KOSDAQ,벤처기업부,-,0,,,,,,,,,6432753,KSQ,ME005
348030,KR7348030008,모비릭스,KOSDAQ,중견기업부,-,0,,,,,,,,,9603800,KSQ,ME005
250060,KR7250060001,모비스,KOSDAQ,기술성장기업부,-,0,,,,,,,,,32171314,KSQ,ME005
288980,KR7288980006,모아데이타,KOSDAQ,관리종목(소속부없음),-,0,,,,,,,,,36381379,KSQ,ME005
142760,KR7142760008,모아라이프플러스,KOSDAQ,관리종목(소속부없음),-,0,,,,,,,,,21083490,KSQ,ME005
033200,KR7033200007,모아텍,KOSDAQ,투자주의환기종목(소속부없음),-,0,,,,,,,,,9204529,KSQ,ME005
118990,KR7118990001,모트렉스,KOSDAQ,우량기업부,-,0,,,,,,,,,24537371,KSQ,ME005
463480,KR7463480004,모티브링크,KOSDAQ,중견기업부,-,0,,,,,,,,,12390358,KSQ,ME005
006920,KR7006920003,모헨즈,KOSDAQ,중견기업부,-,0,,,,,,,,,10920000,KSQ,ME005
001810,KR7001810001,무림SP,KOSDAQ,중견기업부,-,0,,,,,,,,,22137500,KSQ,ME005
279600,KR7279600001,미디어젠,KOSDAQ,벤처기업부,-,0,,,,,,,,,4684781,KSQ,ME005
095500,KR7095500005,미래나노텍,KOSDAQ,우량기업부,-,0,,,,,,,,,31009999,KSQ,ME005
254490,KR7254490006,미래반도체,KOSDAQ,우량기업부,-,0,,,,,,,,,14438000,KSQ,ME005
218150,KR7218150001,미래생명자원,KOSDAQ,벤처기업부,-,0,,,,,,,,,20415802,KSQ,ME005
100790,KR7100790005,미래에셋벤처투자,KOSDAQ,우량기업부,-,0,,,,,,,,,53120578,KSQ,ME005
0097F0,KR70097F0001,미래에셋비전스팩10호,KOSDAQ,SPAC(소속부없음),-,0,,,,,,,,,6500000,KSQ,ME005
0099W0,KR70099W0008,미래에셋비전스팩11호,KOSDAQ,SPAC(소속부없음),-,0,,,,,,,,,7000000,KSQ,ME005
477380,KR7477380000,미래에셋비전스팩4호,KOSDAQ,SPAC(소속부없음),-,0,,,,,,,,,8100000,KSQ,ME005
477470,KR7477470009,미래에셋비전스팩5호,KOSDAQ,SPAC(소속부없음),-,0,,,,,,,,,5480000,KSQ,ME005
478440,KR7478440001,미래에셋비전스팩6호,KOSDAQ,SPAC(소속부없음),-,0,,,,,,,,,6930000,KSQ,ME005
482680,KR7482680006,미래에셋비전스팩7호,KOSDAQ,SPAC(소속부없음),-,0,,,,,,,,,8215000,KSQ,ME005
0093G0,KR70093G0004,미래에셋비전스팩8호,KOSDAQ,SPAC(소속부없음),-,0,,,,,,,,,6400000,KSQ,ME005
0096D0,KR70096D0004,미래에셋비전스팩9호,KOSDAQ,SPAC(소속부없음),-,0,,,,,,,,,5500000,KSQ,ME005
049950,KR7049950009,미래컴퍼니,KOSDAQ,중견기업부,-,0,,,,,,,,,8817884,KSQ,ME005
207760,KR7207760000,미스터블루,KOSDAQ,중견기업부,-,0,,,,,,,,,16615956,KSQ,ME005
059090,KR7059090001,미코,KOSDAQ,벤처기업부,-,0,,,,,,,,,33416778,KSQ,ME005
201490,KR7201490000,미투온,KOSDAQ,중견기업부,-,0,,,,,,,,,32723726,KSQ,ME005
475460,KR7475460002,미트박스,KOSDAQ,벤처기업부,-,0,,,,,,,,,5646525,KSQ,ME005
452200,KR7452200009,민테크,KOSDAQ,기술성장기업부,-,0,,,,,,,,,24332800,KSQ,ME005
206640,KR7206640005,바디텍메드,KOSDAQ,우량기업부,-,0,,,,,,,,,21907921,KSQ,ME005
035620,KR7035620004,바른손이앤에이,KOSDAQ,관리종목(소속부없음),-,0,,,,,,,,,18609918,KSQ,ME005
053030,KR7053030003,바이넥스,KOSDAQ,중견기업부,-,0,,,,,,,,,32684188,KSQ,ME005
301300,KR7301300000,바이브컴퍼니,KOSDAQ,기술성장기업부,-,0,,,,,,,,,13154712,KSQ,ME005
064550,KR7064550007,바이오니아,KOSDAQ,중견기업부,-,0,,,,,,,,,25810291,KSQ,ME005
314930,KR7314930009,바이오다인,KOSDAQ,기술성장기업부,-,0,,,,,,,,,29764103,KSQ,ME005
489460,KR7489460006,바이오비쥬,KOSDAQ,벤처기업부,-,0,,,,,,,,,14753287,KSQ,ME005
086820,KR7086820008,바이오솔루션,KOSDAQ,기술성장기업부,-,0,,,,,,,,,25924085,KSQ,ME005
038460,KR7038460002,바이오스마트,KOSDAQ,우량기업부,-,0,,,,,,,,,25274542,KSQ,ME005
251120,KR7251120002,바이오에프디엔씨,KOSDAQ,기술성장기업부,-,0,,,,,,,,,8695700,KSQ,ME005
199730,KR7199730003,바이오인프라,KOSDAQ,관리종목(소속부없음),-,0,,,,,,,,,4864367,KSQ,ME005
086040,KR7086040003,바이오톡스텍,KOSDAQ,벤처기업부,-,0,,,,,,,,,15958247,KSQ,ME005
188040,KR7188040000,바이오포트,KOSDAQ,벤처기업부,-,0,,,,,,,,,4679308,KSQ,ME005
099430,KR7099430001,바이오플러스,KOSDAQ,우량기업부,-,0,,,,,,,,,61640722,KSQ,ME005
308080,KR7308080001,바이젠셀,KOSDAQ,기술성장기업부,-,0,,,,,,,,,20499260,KSQ,ME005
043150,KR7043150002,바텍,KOSDAQ,우량기업부,-,0,,,,,,,,,14854256,KSQ,ME005
323990,KR7323990002,박셀바이오,KOSDAQ,기술성장기업부,-,0,,,,,,,,,23257345,KSQ,ME005
267790,KR7267790004,배럴,KOSDAQ,중견기업부,-,0,,,,,,,,,7689309,KSQ,ME005
046310,KR7046310009,백금T&A,KOSDAQ,우량기업부,-,0,,,,,,,,,16418641,KSQ,ME005
331520,KR7331520007,밸로프,KOSDAQ,중견기업부,-,0,,,,,,,,,9801186,KSQ,ME005
199480,KR7199480005,뱅크웨어글로벌,KOSDAQ,기술성장기업부,-,0,,,,,,,,,10196588,KSQ,ME005
438700,KR7438700007,버넥트,KOSDAQ,기술성장기업부,-,0,,,,,,,,,11144890,KSQ,ME005
066410,KR7066410002,버킷스튜디오,KOSDAQ,투자주의환기종목(소속부없음),-,0,,,,,,,,,138453818,KSQ,ME005
382900,KR7382900009,범한퓨얼셀,KOSDAQ,벤처기업부,-,0,,,,,,,,,8761000,KSQ,ME005
206400,KR7206400004,베노티앤알,KOSDAQ,중견기업부,-,0,,,,,,,,,37510158,KSQ,ME005
019010,KR7019010008,베뉴지,KOSDAQ,중견기업부,-,0,,,,,,,,,48200000,KSQ,ME005
177350,KR7177350006,베셀,KOSDAQ,투자주의환기종목(소속부없음),-,0,,,,,,,,,9915851,KSQ,ME005
457600,KR7457600005,벡트,KOSDAQ,벤처기업부,-,0,,,,,,,,,13707500,KSQ,ME005
424760,KR7424760007,벨로크,KOSDAQ,벤처기업부,-,0,,,,,,,,,10054368,KSQ,ME005
250000,KR7250000007,보라티알,KOSDAQ,우량기업부,-,0,,,,,,,,,6750733,KSQ,ME005
310210,KR7310210000,보로노이,KOSDAQ,기술성장기업부,-,0,,,,,,,,,18536108,KSQ,ME005
006910,KR7006910004,보성파워텍,KOSDAQ,우량기업부,-,0,,,,,,,,,49129824,KSQ,ME005
0010F0,KR70010F0005,보원케미칼,KOSDAQ,벤처기업부,-,0,,,,,,,,,11143601,KSQ,ME005
226340,KR7226340008,본느,KOSDAQ,관리종목(소속부없음),-,0,,,,,,,,,8390484,KSQ,ME005
014470,KR7014470009,부방,KOSDAQ,벤처기업부,-,0,,,,,,,,,57049640,KSQ,ME005
008470,KR7008470007,부스타,KOSDAQ,벤처기업부,-,0,,,,,,,,,16809600,KSQ,ME005
338220,KR7338220007,뷰노,KOSDAQ,기술성장기업부,-,0,,,,,,,,,14001823,KSQ,ME005
100120,KR7100120005,뷰웍스,KOSDAQ,우량기업부,-,0,,,,,,,,,8971411,KSQ,ME005
406820,KR7406820001,뷰티스킨,KOSDAQ,벤처기업부,-,0,,,,,,,,,14136157,KSQ,ME005
099390,KR7099390007,브레인즈컴퍼니,KOSDAQ,벤처기업부,-,0,,,,,,,,,8208283,KSQ,ME005
064480,KR7064480007,브리지텍,KOSDAQ,벤처기업부,-,0,,,,,,,,,11952500,KSQ,ME005
365900,KR7365900000,브이씨,KOSDAQ,벤처기업부,-,0,,,,,,,,,7310300,KSQ,ME005
089970,KR7089970008,브이엠,KOSDAQ,우량기업부,-,0,,,,,,,,,26326765,KSQ,ME005
251630,KR7251630000,브이원텍,KOSDAQ,벤처기업부,-,0,,,,,,,,,15942886,KSQ,ME005
018290,KR7018290007,브이티,KOSDAQ,우량기업부,-,0,,,,,,,,,34941838,KSQ,ME005
478560,KR7478560006,블랙야크아이앤씨,KOSDAQ,벤처기업부,-,0,,,,,,,,,25830298,KSQ,ME005
439580,KR7439580002,블루엠텍,KOSDAQ,기술성장기업부,-,0,,,,,,,,,33846547,KSQ,ME005
033560,KR7033560004,블루콤,KOSDAQ,중견기업부,-,0,,,,,,,,,17100000,KSQ,ME005
369370,KR7369370002,블리츠웨이엔터테인먼트,KOSDAQ,벤처기업부,-,0,,,,,,,,,9974382,KSQ,ME005
126340,KR7126340009,비나텍,KOSDAQ,벤처기업부,-,0,,,,,,,,,7180414,KSQ,ME005
121800,KR7121800007,비덴트,KOSDAQ,관리종목(소속부없음),-,0,,,,,,,,,77201611,KSQ,ME005
082800,KR7082800004,비보존 제약,KOSDAQ,중견기업부,-,0,,,,,,,,,60719666,KSQ,ME005
318410,KR7318410008,비비씨,KOSDAQ,중견기업부,-,0,,,,,,,,,5555243,KSQ,ME005
419540,KR7419540000,비스토스,KOSDAQ,벤처기업부,-,0,,,,,,,,,5958253,KSQ,ME005
146320,KR7146320007,비씨엔씨,KOSDAQ,벤처기업부,-,0,,,,,,,,,12797923,KSQ,ME005
200780,KR7200780005,비씨월드제약,KOSDAQ,중견기업부,-,0,,,,,,,,,10665661,KSQ,ME005
413640,KR7413640004,비아이매트릭스,KOSDAQ,벤처기업부,-,0,,,,,,,,,7206940,KSQ,ME005
141000,KR7141000000,비아트론,KOSDAQ,벤처기업부,-,0,,,,,,,,,12114710,KSQ,ME005
083650,KR7083650002,비에이치아이,KOSDAQ,우량기업부,-,0,,,,,,,,,30944375,KSQ,ME005
0068Y0,KR70068Y0003,비엔케이제3호스팩,KOSDAQ,SPAC(소속부없음),-,0,,,,,,,,,4310000,KSQ,ME005
065170,KR7065170003,비엘팜텍,KOSDAQ,투자주의환기종목(소속부없음),-,0,,,,,,,,,27913793,KSQ,ME005
086670,KR7086670007,비엠티,KOSDAQ,우량기업부,-,0,,,,,,,,,9925885,KSQ,ME005
488900,KR7488900002,비츠로넥스텍,KOSDAQ,기술성장기업부,-,0,,,,,,,,,28976443,KSQ,ME005
082920,KR7082920000,비츠로셀,KOSDAQ GLOBAL,우량기업부,-,0,,,,,,,,,45139477,KSQ,ME005
054220,KR7054220009,비츠로시스,KOSDAQ,벤처기업부,-,0,,,,,,,,,12590616,KSQ,ME005
042370,KR7042370007,비츠로테크,KOSDAQ,우량기업부,-,0,,,,,,,,,26200025,KSQ,ME005
050090,KR7050090000,비케이홀딩스,KOSDAQ,관리종목(소속부없음),-,0,,,,,,,,,23534735,KSQ,ME005
148780,KR7148780000,비큐AI,KOSDAQ,기술성장기업부,-,0,,,,,,,,,6289145,KSQ,ME005
307870,KR7307870006,비투엔,KOSDAQ,벤처기업부,-,0,,,,,,,,,74299285,KSQ,ME005
377030,KR7377030002,비트맥스,KOSDAQ,관리종목(소속부없음),-,0,,,,,,,,,14291702,KSQ,ME005
032850,KR7032850000,비트컴퓨터,KOSDAQ,벤처기업부,-,0,,,,,,,,,16623293,KSQ,ME005
049470,KR7049470008,비트플래닛,KOSDAQ,중견기업부,-,0,,,,,,,,,23544899,KSQ,ME005
238200,KR7238200000,비피도,KOSDAQ,벤처기업부,-,0,,,,,,,,,8180000,KSQ,ME005
093190,KR7093190007,빅솔론,KOSDAQ,우량기업부,-,0,,,,,,,,,19238905,KSQ,ME005
065450,KR7065450009,빅텍,KOSDAQ,벤처기업부,-,0,,,,,,,,,29495803,KSQ,ME005
044480,KR7044480002,빌리언스,KOSDAQ,중견기업부,-,0,,,,,,,,,6650183,KSQ,ME005
069540,KR7069540003,빛과전자,KOSDAQ,벤처기업부,-,0,,,,,,,,,112691897,KSQ,ME005
072950,KR7072950009,빛샘전자,KOSDAQ,벤처기업부,-,0,,,,,,,,,8052610,KSQ,ME005
451250,KR7451250005,삐아,KOSDAQ,벤처기업부,-,0,,,,,,,,,10225877,KSQ,ME005
143240,KR7143240000,사람인,KOSDAQ,우량기업부,-,0,,,,,,,,,10732731,KSQ,ME005
466410,KR7466410008,사이냅소프트,KOSDAQ,벤처기업부,-,0,,,,,,,,,5037023,KSQ,ME005
223310,KR7223310004,사토시홀딩스,KOSDAQ,투자주의환기종목(소속부없음),-,0,,,,,,,,,5204642,KSQ,ME005
452430,KR7452430002,사피엔반도체,KOSDAQ,기술성장기업부,-,0,,,,,,,,,8255421,KSQ,ME005
419120,KR7419120001,산돌,KOSDAQ,중견기업부,-,0,,,,,,,,,14223089,KSQ,ME005
122350,KR7122350002,삼기,KOSDAQ,중견기업부,-,0,,,,,,,,,38339428,KSQ,ME005
419050,KR7419050000,삼기에너지솔루션즈,KOSDAQ,중견기업부,-,0,,,,,,,,,57196240,KSQ,ME005
014970,KR7014970008,삼륭물산,KOSDAQ,중견기업부,-,0,,,,,,,,,14825000,KSQ,ME005
018310,KR7018310003,삼목에스폼,KOSDAQ,우량기업부,-,0,,,,,,,,,14700000,KSQ,ME005
012210,KR7012210001,삼미금속,KOSDAQ,중견기업부,-,0,,,,,,,,,23051579,KSQ,ME005
053700,KR7053700001,삼보모터스,KOSDAQ,우량기업부,-,0,,,,,,,,,26715757,KSQ,ME005
009620,KR7009620006,삼보산업,KOSDAQ,투자주의환기종목(소속부없음),-,0,,,,,,,,,3494609,KSQ,ME005
023600,KR7023600000,삼보판지,KOSDAQ,우량기업부,-,0,,,,,,,,,16008300,KSQ,ME005
0044K0,KR70044K0008,삼성스팩10호,KOSDAQ,SPAC(소속부없음),-,0,,,,,,,,,7520000,KSQ,ME005
0071M0,KR70071M0002,삼성스팩11호,KOSDAQ,SPAC(소속부없음),-,0,,,,,,,,,5760000,KSQ,ME005
0096B0,KR70096B0006,삼성스팩12호,KOSDAQ,SPAC(소속부없음),-,0,,,,,,,,,6580000,KSQ,ME005
0115H0,KR70115H0007,삼성스팩13호,KOSDAQ,SPAC(소속부없음),-,0,,,,,,,,,7350000,KSQ,ME005
009300,KR7009300005,삼아제약,KOSDAQ,우량기업부,-,0,,,,,,,,,6370000,KSQ,ME005
482630,KR7482630001,삼양엔씨켐,KOSDAQ,중견기업부,-,0,,,,,,,,,21888280,KSQ,ME005
484590,KR7484590005,삼양컴텍,KOSDAQ,벤처기업부,-,0,,,,,,,,,41210450,KSQ,ME005
036670,KR7036670008,삼양케이씨아이,KOSDAQ,우량기업부,-,0,,,,,,,,,10760200,KSQ,ME005
361670,KR7361670003,삼영에스앤씨,KOSDAQ,기술성장기업부,-,0,,,,,,,,,5667658,KSQ,ME005
054540,KR7054540000,삼영엠텍,KOSDAQ,우량기업부,-,0,,,,,,,,,13000000,KSQ,ME005
065570,KR7065570004,삼영이엔씨,KOSDAQ,관리종목(소속부없음),-,0,,,,,,,,,16093838,KSQ,ME005
014950,KR7014950000,삼익제약,KOSDAQ,벤처기업부,-,0,,,,,,,,,10067588,KSQ,ME005
032280,KR7032280000,삼일,KOSDAQ,중견기업부,-,0,,,,,,,,,16213590,KSQ,ME005
002290,KR7002290005,삼일기업공사,KOSDAQ,우량기업부,-,0,,,,,,,,,12400000,KSQ,ME005
037460,KR7037460003,삼지전자,KOSDAQ,우량기업부,-,0,,,,,,,,,16318522,KSQ,ME005
032750,KR7032750002,삼진,KOSDAQ,우량기업부,-,0,,,,,,,,,9031122,KSQ,ME005
0013V0,KR70013V0002,삼진식품,KOSDAQ,중견기업부,-,0,,,,,,,,,9918656,KSQ,ME005
054090,KR7054090006,삼진엘앤디,KOSDAQ,중견기업부,-,0,,,,,,,,,24959232,KSQ,ME005
000250,KR7000250001,삼천당제약,KOSDAQ,중견기업부,-,0,,,,,,,,,23457472,KSQ,ME005
024950,KR7024950008,삼천리자전거,KOSDAQ,중견기업부,-,0,,,,,,,,,12400000,KSQ,ME005
038500,KR7038500005,삼표시멘트,KOSDAQ GLOBAL,우량기업부,-,0,,,,,,,,,107916306,KSQ,ME005
437730,KR7437730005,삼현,KOSDAQ,기술성장기업부,-,0,,,,,,,,,31707567,KSQ,ME005
017480,KR7017480005,삼현철강,KOSDAQ,우량기업부,-,0,,,,,,,,,15442890,KSQ,ME005
046390,KR7046390001,삼화네트웍스,KOSDAQ,중견기업부,-,0,,,,,,,,,17269173,KSQ,ME005
027580,KR7027580000,상보,KOSDAQ,중견기업부,-,0,,,,,,,,,11836255,KSQ,ME005
038540,KR7038540001,상상인,KOSDAQ,중견기업부,-,0,,,,,,,,,55328313,KSQ,ME005
091580,KR7091580001,상신이디피,KOSDAQ,우량기업부,-,0,,,,,,,,,13328219,KSQ,ME005
263810,KR7263810004,상신전자,KOSDAQ,중견기업부,-,0,,,,,,,,,15924825,KSQ,ME005
089980,KR7089980007,상아프론테크,KOSDAQ,우량기업부,-,0,,,,,,,,,15989037,KSQ,ME005
042940,KR7042940007,상지건설,KOSDAQ,중견기업부,-,0,,,,,,,,,6828712,KSQ,ME005
042600,KR7042600007,새로닉스,KOSDAQ,중견기업부,-,0,,,,,,,,,12423574,KSQ,ME005
107600,KR7107600009,새빗켐,KOSDAQ,벤처기업부,-,0,,,,,,,,,5650054,KSQ,ME005
411080,KR7411080005,샌즈랩,KOSDAQ,기술성장기업부,-,0,,,,,,,,,15267638,KSQ,ME005
252990,KR7252990007,샘씨엔에스,KOSDAQ,우량기업부,-,0,,,,,,,,,60217889,KSQ,ME005
378800,KR7378800007,샤페론,KOSDAQ,관리종목(소속부없음),-,0,,,,,,,,,46243031,KSQ,ME005
294630,KR7294630009,서남,KOSDAQ,기술성장기업부,-,0,,,,,,,,,26499179,KSQ,ME005
038070,KR7038070009,서린바이오,KOSDAQ,중견기업부,-,0,,,,,,,,,9300676,KSQ,ME005
006730,KR7006730006,서부T&D,KOSDAQ GLOBAL,우량기업부,-,0,,,,,,,,,64276923,KSQ,ME005
079650,KR7079650008,서산,KOSDAQ,중견기업부,-,0,,,,,,,,,20000000,KSQ,ME005
100660,KR7100660000,서암기계공업,KOSDAQ,중견기업부,-,0,,,,,,,,,12600000,KSQ,ME005
019770,KR7019770007,서연탑메탈,KOSDAQ,우량기업부,-,0,,,,,,,,,11650000,KSQ,ME005
092190,KR7092190008,서울바이오시스,KOSDAQ,투자주의환기종목(소속부없음),-,0,,,,,,,,,45868383,KSQ,ME005
046890,KR7046890000,서울반도체,KOSDAQ GLOBAL,중견기업부,-,0,,,,,,,,,58305400,KSQ,ME005
063170,KR7063170005,서울옥션,KOSDAQ,중견기업부,-,0,,,,,,,,,17774267,KSQ,ME005
027040,KR7027040005,서울전자통신,KOSDAQ,중견기업부,-,0,,,,,,,,,13917769,KSQ,ME005
018680,KR7018680009,서울제약,KOSDAQ,벤처기업부,-,0,,,,,,,,,11659319,KSQ,ME005
036120,KR7036120004,서울평가정보,KOSDAQ,중견기업부,-,0,,,,,,,,,35145000,KSQ,ME005
093920,KR7093920007,서원인텍,KOSDAQ,우량기업부,-,0,,,,,,,,,18600000,KSQ,ME005
189860,KR7189860000,서전기전,KOSDAQ,벤처기업부,-,0,,,,,,,,,9698780,KSQ,ME005
178320,KR7178320008,서진시스템,KOSDAQ,중견기업부,-,0,,,,,,,,,63723489,KSQ,ME005
122690,KR7122690001,서진오토모티브,KOSDAQ,중견기업부,-,0,,,,,,,,,23079166,KSQ,ME005
140070,KR7140070004,서플러스글로벌,KOSDAQ,벤처기업부,-,0,,,,,,,,,36988000,KSQ,ME005
011370,KR7011370004,서한,KOSDAQ,우량기업부,-,0,,,,,,,,,20178973,KSQ,ME005
065710,KR7065710006,서호전기,KOSDAQ,우량기업부,-,0,,,,,,,,,5150000,KSQ,ME005
035890,KR7035890003,서희건설,KOSDAQ,중견기업부,-,0,,,,,,,,,207588536,KSQ,ME005
357550,KR7357550003,석경에이티,KOSDAQ,기술성장기업부,-,0,,,,,,,,,5455000,KSQ,ME005
003100,KR7003100005,선광,KOSDAQ,우량기업부,-,0,,,,,,,,,6600000,KSQ,ME005
067370,KR7067370007,선바이오,KOSDAQ,기술성장기업부,-,0,,,,,,,,,12213841,KSQ,ME005
171090,KR7171090004,선익시스템,KOSDAQ,우량기업부,-,0,,,,,,,,,10127626,KSQ,ME005
086710,KR7086710001,선진뷰티사이언스,KOSDAQ,우량기업부,-,0,,,,,,,,,12203280,KSQ,ME005
014620,KR7014620009,성광벤드,KOSDAQ GLOBAL,우량기업부,-,0,,,,,,,,,26557364,KSQ,ME005
037350,KR7037350006,성도이엔지,KOSDAQ,우량기업부,-,0,,,,,,,,,15210000,KSQ,ME005
458650,KR7458650009,성우,KOSDAQ,벤처기업부,-,0,,,,,,,,,15045670,KSQ,ME005
081580,KR7081580003,성우전자,KOSDAQ,중견기업부,-,0,,,,,,,,,15508143,KSQ,ME005
045300,KR7045300001,성우테크론,KOSDAQ,중견기업부,-,0,,,,,,,,,10547012,KSQ,ME005
015750,KR7015750003,성우하이텍,KOSDAQ,우량기업부,-,0,,,,,,,,,80000000,KSQ,ME005
340930,KR7340930007,성원에너텍,KOSDAQ,관리종목(소속부없음),-,0,,,,,,,,,68875785,KSQ,ME005
365340,KR7365340009,성일하이텍,KOSDAQ,기술성장기업부,-,0,,,,,,,,,12921115,KSQ,ME005
080470,KR7080470008,성창오토텍,KOSDAQ,벤처기업부,-,0,,,,,,,,,7300000,KSQ,ME005
043260,KR7043260009,성호전자,KOSDAQ,우량기업부,-,0,,,,,,,,,75451848,KSQ,ME005
148150,KR7148150006,세경하이테크,KOSDAQ,우량기업부,-,0,,,,,,,,,35542818,KSQ,ME005
061090,KR7061090007,세나테크놀로지,KOSDAQ,벤처기업부,-,0,,,,,,,,,5467550,KSQ,ME005
188260,KR7188260004,세니젠,KOSDAQ,투자주의환기종목(소속부없음),-,0,,,,,,,,,13901318,KSQ,ME005
053060,KR7053060000,세동,KOSDAQ,중견기업부,-,0,,,,,,,,,17657419,KSQ,ME005
340440,KR7340440007,세림B&G,KOSDAQ,관리종목(소속부없음),-,0,,,,,,,,,28378364,KSQ,ME005
017510,KR7017510009,세명전기,KOSDAQ,벤처기업부,-,0,,,,,,,,,15246000,KSQ,ME005
0017J0,KR70017J0004,세미티에스,KOSDAQ,벤처기업부,-,0,,,,,,,,,30151041,KSQ,ME005
490470,KR7490470002,세미파이브,KOSDAQ,기술성장기업부,-,0,,,,,,,,,34025440,KSQ,ME005
011560,KR7011560000,세보엠이씨,KOSDAQ,우량기업부,-,0,,,,,,,,,10084872,KSQ,ME005
100700,KR7100700004,세운메디칼,KOSDAQ,우량기업부,-,0,,,,,,,,,43800000,KSQ,ME005
024830,KR7024830002,세원물산,KOSDAQ,중견기업부,-,0,,,,,,,,,8350000,KSQ,ME005
258830,KR7258830009,세종메디칼,KOSDAQ,관리종목(소속부없음),-,0,,,,,,,,,75786351,KSQ,ME005
036630,KR7036630002,세종텔레콤,KOSDAQ,우량기업부,-,0,,,,,,,,,14000000,KSQ,ME005
039310,KR7039310008,세중,KOSDAQ,중견기업부,-,0,,,,,,,,,18121667,KSQ,ME005
067770,KR7067770008,세진티에스,KOSDAQ,관리종목(소속부없음),-,0,,,,,,,,,8396593,KSQ,ME005
053450,KR7053450003,세코닉스,KOSDAQ,우량기업부,-,0,,,,,,,,,14792803,KSQ,ME005
252500,KR7252500004,세화피앤씨,KOSDAQ,중견기업부,-,0,,,,,,,,,8297278,KSQ,ME005
321370,KR7321370009,센서뷰,KOSDAQ,기술성장기업부,-,0,,,,,,,,,70622251,KSQ,ME005
347000,KR7347000002,센코,KOSDAQ,기술성장기업부,-,0,,,,,,,,,37810846,KSQ,ME005
331920,KR7331920009,셀레믹스,KOSDAQ,기술성장기업부,-,0,,,,,,,,,11181555,KSQ,ME005
352770,KR7352770002,셀레스트라,KOSDAQ,관리종목(소속부없음),-,0,,,,,,,,,2592407,KSQ,ME005
471820,KR7471820001,셀로맥스사이언스,KOSDAQ,벤처기업부,-,0,,,,,,,,,11302879,KSQ,ME005
049180,KR7049180003,셀루메드,KOSDAQ,투자주의환기종목(소속부없음),-,0,,,,,,,,,83226192,KSQ,ME005
299660,KR7299660001,셀리드,KOSDAQ,기술성장기업부,-,0,,,,,,,,,29502977,KSQ,ME005
108860,KR7108860008,셀바스AI,KOSDAQ,벤처기업부,-,0,,,,,,,,,26914790,KSQ,ME005
208370,KR7208370007,셀바스헬스케어,KOSDAQ,벤처기업부,-,0,,,,,,,,,25740564,KSQ,ME005
318160,KR7318160009,셀바이오휴먼텍,KOSDAQ,벤처기업부,-,0,,,,,,,,,9337513,KSQ,ME005
308430,KR7308430008,셀비온,KOSDAQ,기술성장기업부,-,0,,,,,,,,,12905251,KSQ,ME005
068760,KR7068760008,셀트리온제약,KOSDAQ,우량기업부,-,0,,,,,,,,,44402332,KSQ,ME005
068940,KR7068940006,셀피글로벌,KOSDAQ,관리종목(소속부없음),-,0,,,,,,,,,45912716,KSQ,ME005
007720,KR7007720006,소노스퀘어,KOSDAQ,중견기업부,-,0,,,,,,,,,20160090,KSQ,ME005
950200,KR8840150005,소마젠,KOSDAQ,외국기업(소속부없음),-,0,,,,,,,,,19236053,KSQ,ME005
032680,KR7032680001,소프트센,KOSDAQ,중견기업부,-,0,,,,,,,,,23055881,KSQ,ME005
032685,KR7032681009,소프트센우,KOSDAQ,중견기업부,-,0,,,,,,,,,71362,KSQ,ME005
258790,KR7258790005,소프트캠프,KOSDAQ,벤처기업부,-,0,,,,,,,,,4998256,KSQ,ME005
066910,KR7066910001,손오공,KOSDAQ,중견기업부,-,0,,,,,,,,,15386632,KSQ,ME005
215090,KR7215090002,솔디펜스,KOSDAQ,벤처기업부,-,0,,,,,,,,,23155661,KSQ,ME005
035610,KR7035610005,솔본,KOSDAQ,투자주의환기종목(소속부없음),-,0,,,,,,,,,27345997,KSQ,ME005
357780,KR7357780006,솔브레인,KOSDAQ GLOBAL,우량기업부,-,0,,,,,,,,,7778566,KSQ,ME005
036830,KR7036830008,솔브레인홀딩스,KOSDAQ GLOBAL,우량기업부,-,0,,,,,,,,,20503981,KSQ,ME005
304100,KR7304100001,솔트룩스,KOSDAQ,기술성장기업부,-,0,,,,,,,,,12593855,KSQ,ME005
328380,KR7328380001,솔트웨어,KOSDAQ,벤처기업부,-,0,,,,,,,,,6852555,KSQ,ME005
086980,KR7086980000,쇼박스,KOSDAQ,중견기업부,-,0,,,,,,,,,62438000,KSQ,ME005
050960,KR7050960004,수산아이앤티,KOSDAQ,벤처기업부,-,0,,,,,,,,,6751000,KSQ,ME005
084180,KR7084180009,수성웹툰,KOSDAQ,관리종목(소속부없음),-,0,,,,,,,,,18074283,KSQ,ME005
253840,KR7253840003,수젠텍,KOSDAQ,중견기업부,-,0,,,,,,,,,16743200,KSQ,ME005
298830,KR7298830001,슈어소프트테크,KOSDAQ,우량기업부,-,0,,,,,,,,,53458499,KSQ,ME005
236200,KR7236200002,슈프리마,KOSDAQ,우량기업부,-,0,,,,,,,,,6974311,KSQ,ME005
094840,KR7094840006,슈프리마에이치큐,KOSDAQ,벤처기업부,-,0,,,,,,,,,9806109,KSQ,ME005
192440,KR7192440006,슈피겐코리아,KOSDAQ,우량기업부,-,0,,,,,,,,,6216363,KSQ,ME005
424960,KR7424960003,스마트레이더시스템,KOSDAQ,기술성장기업부,-,0,,,,,,,,,16485110,KSQ,ME005
099440,KR7099440000,스맥,KOSDAQ,중견기업부,-,0,,,,,,,,,68243394,KSQ,ME005
066590,KR7066590001,스모트로닉,KOSDAQ,중견기업부,-,0,,,,,,,,,38677937,KSQ,ME005
386380,KR7386380000,스카이랩스,KOSDAQ,기술성장기업부,-,0,,,,,,,,,18761977,KSQ,ME005
276040,KR7276040003,스코넥,KOSDAQ,관리종목(소속부없음),-,0,,,,,,,,,21630335,KSQ,ME005
115570,KR7115570004,스타플렉스,KOSDAQ,중견기업부,-,0,,,,,,,,,7984508,KSQ,ME005
330730,KR7330730003,스톤브릿지벤처스,KOSDAQ,벤처기업부,-,0,,,,,,,,,18217830,KSQ,ME005
352090,KR7352090005,스톰테크,KOSDAQ,우량기업부,-,0,,,,,,,,,26872998,KSQ,ME005
253450,KR7253450001,스튜디오드래곤,KOSDAQ GLOBAL,우량기업부,-,0,,,,,,,,,30058498,KSQ,ME005
408900,KR7408900009,스튜디오미르,KOSDAQ,중견기업부,-,0,,,,,,,,,32752929,KSQ,ME005
415380,KR7415380005,스튜디오삼익,KOSDAQ,중견기업부,-,0,,,,,,,,,11442975,KSQ,ME005
475040,KR7475040002,스트라드비젼,KOSDAQ,기술성장기업부,-,0,,,,,,,,,53825322,KSQ,ME005
013810,KR7013810007,스페코,KOSDAQ,중견기업부,-,0,,,,,,,,,14655470,KSQ,ME005
347700,KR7347700007,스피어,KOSDAQ,기술성장기업부,-,0,,,,,,,,,51551362,KSQ,ME005
049830,KR7049830003,승일,KOSDAQ,중견기업부,-,0,,,,,,,,,6132112,KSQ,ME005
020710,KR7020710000,시공테크,KOSDAQ,우량기업부,-,0,,,,,,,,,20047970,KSQ,ME005
033170,KR7033170002,시그네틱스,KOSDAQ,중견기업부,-,0,,,,,,,,,17145663,KSQ,ME005
048870,KR7048870000,시너지이노베이션,KOSDAQ,중견기업부,-,0,,,,,,,,,88106963,KSQ,ME005
025320,KR7025320003,시노펙스,KOSDAQ,우량기업부,-,0,,,,,,,,,92220753,KSQ,ME005
340810,KR7340810001,시선AI,KOSDAQ,기술성장기업부,-,0,,,,,,,,,13949482,KSQ,ME005
056090,KR7056090004,시지메드텍,KOSDAQ,벤처기업부,-,0,,,,,,,,,103259036,KSQ,ME005
429270,KR7429270002,시지트로닉스,KOSDAQ,기술성장기업부,-,0,,,,,,,,,6449231,KSQ,ME005
418250,KR7418250007,시큐레터,KOSDAQ,관리종목(소속부없음),-,0,,,,,,,,,7271605,KSQ,ME005
131090,KR7131090003,시큐브,KOSDAQ,벤처기업부,-,0,,,,,,,,,7658221,KSQ,ME005
290520,KR7290520006,신도기연,KOSDAQ,벤처기업부,-,0,,,,,,,,,15736164,KSQ,ME005
001000,KR7001000009,신라섬유,KOSDAQ,관리종목(소속부없음),-,0,,,,,,,,,4855508,KSQ,ME005
025870,KR7025870007,신라에스지,KOSDAQ,관리종목(소속부없음),-,0,,,,,,,,,4000000,KSQ,ME005
215600,KR7215600008,신라젠,KOSDAQ,중견기업부,-,0,,,,,,,,,138553564,KSQ,ME005
065350,KR7065350001,신성델타테크,KOSDAQ,우량기업부,-,0,,,,,,,,,27483948,KSQ,ME005
416180,KR7416180008,신성에스티,KOSDAQ,벤처기업부,-,0,,,,,,,,,9039778,KSQ,ME005
162300,KR7162300008,신스틸,KOSDAQ,우량기업부,-,0,,,,,,,,,41471382,KSQ,ME005
002800,KR7002800001,신신제약,KOSDAQ,우량기업부,-,0,,,,,,,,,15170500,KSQ,ME005
0091W0,KR70091W0006,신영스팩11호,KOSDAQ,SPAC(소속부없음),-,0,,,,,,,,,6068000,KSQ,ME005
017000,KR7017000001,신원종합개발,KOSDAQ,우량기업부,-,0,,,,,,,,,11668027,KSQ,ME005
012790,KR7012790002,신일제약,KOSDAQ,우량기업부,-,0,,,,,,,,,11986415,KSQ,ME005
138070,KR7138070008,신진에스엠,KOSDAQ,중견기업부,-,0,,,,,,,,,17503204,KSQ,ME005
226330,KR7226330009,신테카바이오,KOSDAQ,투자주의환기종목(소속부없음),-,0,,,,,,,,,24258475,KSQ,ME005
474660,KR7474660008,신한제12호스팩,KOSDAQ,SPAC(소속부없음),-,0,,,,,,,,,5520000,KSQ,ME005
474930,KR7474930005,신한제13호스팩,KOSDAQ,SPAC(소속부없음),-,0,,,,,,,,,3620000,KSQ,ME005
487360,KR7487360000,신한제14호스팩,KOSDAQ,SPAC(소속부없음),-,0,,,,,,,,,5640000,KSQ,ME005
487830,KR7487830002,신한제15호스팩,KOSDAQ,SPAC(소속부없음),-,0,,,,,,,,,4350000,KSQ,ME005
496070,KR7496070004,신한제16호스팩,KOSDAQ,SPAC(소속부없음),-,0,,,,,,,,,5620000,KSQ,ME005
0130D0,KR70130D0002,신한제17호스팩,KOSDAQ,SPAC(소속부없음),-,0,,,,,,,,,5340000,KSQ,ME005
0129K0,KR70129K0006,신한제18호스팩,KOSDAQ,SPAC(소속부없음),-,0,,,,,,,,,5620000,KSQ,ME005
056700,KR7056700008,신화인터텍,KOSDAQ,중견기업부,-,0,,,,,,,,,29135091,KSQ,ME005
187270,KR7187270004,신화콘텍,KOSDAQ,벤처기업부,-,0,,,,,,,,,10143845,KSQ,ME005
095190,KR7095190005,신화프리텍,KOSDAQ,중견기업부,-,0,,,,,,,,,65260462,KSQ,ME005
243840,KR7243840006,신흥에스이씨,KOSDAQ,우량기업부,-,0,,,,,,,,,38558235,KSQ,ME005
257720,KR7257720003,실리콘투,KOSDAQ,우량기업부,-,0,,,,,,,,,65576252,KSQ,ME005
222800,KR7222800005,심텍,KOSDAQ GLOBAL,중견기업부,-,0,,,,,,,,,38484526,KSQ,ME005
036710,KR7036710002,심텍홀딩스,KOSDAQ,중견기업부,-,0,,,,,,,,,52827754,KSQ,ME005
444530,KR7444530000,심플랫폼,KOSDAQ,기술성장기업부,-,0,,,,,,,,,6431786,KSQ,ME005
234030,KR7234030005,싸이닉솔루션,KOSDAQ,중견기업부,-,0,,,,,,,,,23605000,KSQ,ME005
160980,KR7160980009,싸이맥스,KOSDAQ,우량기업부,-,0,,,,,,,,,10924243,KSQ,ME005
356890,KR7356890004,싸이버원,KOSDAQ,벤처기업부,-,0,,,,,,,,,11953825,KSQ,ME005
217330,KR7217330000,싸이토젠,KOSDAQ,기술성장기업부,-,0,,,,,,,,,23129547,KSQ,ME005
208640,KR7208640003,썸에이지,KOSDAQ,관리종목(소속부없음),-,0,,,,,,,,,13924025,KSQ,ME005
222420,KR7222420002,쎄노텍,KOSDAQ,벤처기업부,-,0,,,,,,,,,48418523,KSQ,ME005
037760,KR7037760006,쎄니트,KOSDAQ,중견기업부,-,0,,,,,,,,,33832921,KSQ,ME005
081180,KR7081180002,쎄크,KOSDAQ,기술성장기업부,-,0,,,,,,,,,8825535,KSQ,ME005
099320,KR7099320004,쎄트렉아이,KOSDAQ,우량기업부,-,0,,,,,,,,,10951278,KSQ,ME005
049960,KR7049960008,쎌바이오텍,KOSDAQ,벤처기업부,-,0,,,,,,,,,9400000,KSQ,ME005
088280,KR7088280003,쏘닉스,KOSDAQ,기술성장기업부,-,0,,,,,,,,,17306490,KSQ,ME005
050890,KR7050890003,쏠리드,KOSDAQ,우량기업부,-,0,,,,,,,,,60756534,KSQ,ME005
394800,KR7394800007,쓰리빌리언,KOSDAQ,기술성장기업부,-,0,,,,,,,,,31822553,KSQ,ME005
177900,KR7177900008,쓰리에이로직스,KOSDAQ,기술성장기업부,-,0,,,,,,,,,9627600,KSQ,ME005
475400,KR7475400008,씨메스로보틱스,KOSDAQ,기술성장기업부,-,0,,,,,,,,,11806894,KSQ,ME005
109670,KR7109670000,씨싸이트,KOSDAQ,중견기업부,-,0,,,,,,,,,5836602,KSQ,ME005
066790,KR7066790007,씨씨에스,KOSDAQ,관리종목(소속부없음),-,0,,,,,,,,,44152039,KSQ,ME005
352480,KR7352480008,씨앤씨인터내셔널,KOSDAQ,우량기업부,-,0,,,,,,,,,13629901,KSQ,ME005
264660,KR7264660002,씨앤지하이테크,KOSDAQ,우량기업부,-,0,,,,,,,,,9721172,KSQ,ME005
352700,KR7352700009,씨앤투스,KOSDAQ,벤처기업부,-,0,,,,,,,,,26276899,KSQ,ME005
458870,KR7458870003,씨어스,KOSDAQ,기술성장기업부,-,0,,,,,,,,,38345362,KSQ,ME005
297090,KR7297090003,씨에스베어링,KOSDAQ,투자주의환기종목(소속부없음),-,0,,,,,,,,,27270000,KSQ,ME005
900120,KYG2114A1094,씨엑스아이,KOSDAQ,관리종목(소속부없음),-,0,,,,,,,,,16669660,KSQ,ME005
359090,KR7359090008,씨엔알리서치,KOSDAQ,중견기업부,-,0,,,,,,,,,11494143,KSQ,ME005
115530,KR7115530008,씨엔플러스,KOSDAQ,중견기업부,-,0,,,,,,,,,8582055,KSQ,ME005
388210,KR7388210007,씨엠티엑스,KOSDAQ,벤처기업부,-,0,,,,,,,,,9654438,KSQ,ME005
115480,KR7115480006,씨유메디칼,KOSDAQ,중견기업부,-,0,,,,,,,,,12124911,KSQ,ME005
376290,KR7376290003,씨유테크,KOSDAQ,벤처기업부,-,0,,,,,,,,,17657500,KSQ,ME005
189330,KR7189330004,씨이랩,KOSDAQ,기술성장기업부,-,0,,,,,,,,,9382284,KSQ,ME005
096530,KR7096530001,씨젠,KOSDAQ GLOBAL,우량기업부,-,0,,,,,,,,,46734402,KSQ,ME005
101240,KR7101240000,씨큐브,KOSDAQ,우량기업부,-,0,,,,,,,,,11357052,KSQ,ME005
060590,KR7060590007,씨티씨바이오,KOSDAQ,중견기업부,-,0,,,,,,,,,24181020,KSQ,ME005
260930,KR7260930003,씨티케이,KOSDAQ,중견기업부,-,0,,,,,,,,,19341591,KSQ,ME005
413630,KR7413630005,씨피시스템,KOSDAQ,벤처기업부,-,0,,,,,,,,,36436605,KSQ,ME005
013990,KR7013990007,아가방컴퍼니,KOSDAQ,우량기업부,-,0,,,,,,,,,32887536,KSQ,ME005
175140,KR7175140003,아고스,KOSDAQ,투자주의환기종목(소속부없음),-,0,,,,,,,,,24944253,KSQ,ME005
123860,KR7123860009,아나패스,KOSDAQ,우량기업부,-,0,,,,,,,,,12123415,KSQ,ME005
025980,KR7025980004,아난티,KOSDAQ,우량기업부,-,0,,,,,,,,,97300990,KSQ,ME005
0015N0,KR70015N0000,아로마티카,KOSDAQ,벤처기업부,-,0,,,,,,,,,12576922,KSQ,ME005
261780,KR7261780001,아리바이오랩,KOSDAQ,기술성장기업부,-,0,,,,,,,,,28955976,KSQ,ME005
290690,KR7290690007,아리바이오홀딩스,KOSDAQ,중견기업부,-,0,,,,,,,,,53072805,KSQ,ME005
125210,KR7125210005,아모그린텍,KOSDAQ,우량기업부,-,0,,,,,,,,,16496790,KSQ,ME005
357580,KR7357580000,아모센스,KOSDAQ,기술성장기업부,-,0,,,,,,,,,11789762,KSQ,ME005
052710,KR7052710001,아모텍,KOSDAQ,중견기업부,-,0,,,,,,,,,18680800,KSQ,ME005
074430,KR7074430000,아미노로직스,KOSDAQ,중견기업부,-,0,,,,,,,,,89341992,KSQ,ME005
092040,KR7092040005,아미코젠,KOSDAQ,기술성장기업부,-,0,,,,,,,,,70655387,KSQ,ME005
083930,KR7083930008,아바코,KOSDAQ,우량기업부,-,0,,,,,,,,,14677249,KSQ,ME005
149950,KR7149950008,아바텍,KOSDAQ,우량기업부,-,0,,,,,,,,,13667703,KSQ,ME005
036010,KR7036010007,아비코전자,KOSDAQ,중견기업부,-,0,,,,,,,,,13292934,KSQ,ME005
050860,KR7050860006,아세아텍,KOSDAQ,우량기업부,-,0,,,,,,,,,22500000,KSQ,ME005
136410,KR7136410008,아셈스,KOSDAQ,벤처기업부,-,0,,,,,,,,,11019106,KSQ,ME005
246720,KR7246720007,아스타,KOSDAQ,관리종목(소속부없음),-,0,,,,,,,,,16381300,KSQ,ME005
450950,KR7450950001,아스테라시스,KOSDAQ,벤처기업부,-,0,,,,,,,,,37627592,KSQ,ME005
067390,KR7067390005,아스트,KOSDAQ,중견기업부,-,0,,,,,,,,,42115757,KSQ,ME005
159010,KR7159010008,아스플로,KOSDAQ,벤처기업부,-,0,,,,,,,,,13334739,KSQ,ME005
127710,KR7127710002,아시아경제,KOSDAQ,중견기업부,-,0,,,,,,,,,44049210,KSQ,ME005
154030,KR7154030001,아시아종묘,KOSDAQ,벤처기업부,-,0,,,,,,,,,12061867,KSQ,ME005
227610,KR7227610003,아우딘퓨쳐스,KOSDAQ,벤처기업부,-,0,,,,,,,,,19374571,KSQ,ME005
331740,KR7331740001,아우토크립트,KOSDAQ,기술성장기업부,-,0,,,,,,,,,9750991,KSQ,ME005
143160,KR7143160000,아이디스,KOSDAQ,우량기업부,-,0,,,,,,,,,10716390,KSQ,ME005
054800,KR7054800008,아이디스홀딩스,KOSDAQ,중견기업부,-,0,,,,,,,,,10347756,KSQ,ME005
332370,KR7332370006,아이디피,KOSDAQ,벤처기업부,-,0,,,,,,,,,13273726,KSQ,ME005
066430,KR7066430000,아이로보틱스,KOSDAQ,중견기업부,-,0,,,,,,,,,39153476,KSQ,ME005
339950,KR7339950008,아이비김영,KOSDAQ,우량기업부,-,0,,,,,,,,,44946655,KSQ,ME005
469750,KR7469750004,아이비젼웍스,KOSDAQ,벤처기업부,-,0,,,,,,,,,34456481,KSQ,ME005
460470,KR7460470008,아이빔테크놀로지,KOSDAQ,기술성장기업부,-,0,,,,,,,,,15119370,KSQ,ME005
099190,KR7099190001,아이센스,KOSDAQ,중견기업부,-,0,,,,,,,,,29573613,KSQ,ME005
461300,KR7461300006,아이스크림미디어,KOSDAQ,벤처기업부,-,0,,,,,,,,,13333933,KSQ,ME005
289010,KR7289010001,아이스크림에듀,KOSDAQ,관리종목(소속부없음),-,0,,,,,,,,,13945256,KSQ,ME005
214430,KR7214430001,아이쓰리시스템,KOSDAQ,우량기업부,-,0,,,,,,,,,7307215,KSQ,ME005
040910,KR7040910002,아이씨디,KOSDAQ,중견기업부,-,0,,,,,,,,,18174275,KSQ,ME005
368600,KR7368600003,아이씨에이치,KOSDAQ,기술성장기업부,-,0,,,,,,,,,25795415,KSQ,ME005
456010,KR7456010008,아이씨티케이,KOSDAQ,기술성장기업부,-,0,,,,,,,,,14502350,KSQ,ME005
052860,KR7052860004,아이앤씨,KOSDAQ,벤처기업부,-,0,,,,,,,,,17866854,KSQ,ME005
464500,KR7464500008,아이언디바이스,KOSDAQ,기술성장기업부,-,0,,,,,,,,,13993263,KSQ,ME005
212710,KR7212710008,아이에스티이,KOSDAQ,기술성장기업부,-,0,,,,,,,,,9714978,KSQ,ME005
038880,KR7038880001,아이에이,KOSDAQ,중견기업부,-,0,,,,,,,,,7514423,KSQ,ME005
307180,KR7307180000,아이엘,KOSDAQ,벤처기업부,-,0,,,,,,,,,36915676,KSQ,ME005
493280,KR7493280002,아이엠바이오로직스,KOSDAQ,기술성장기업부,-,0,,,,,,,,,14836549,KSQ,ME005
461030,KR7461030009,아이엠비디엑스,KOSDAQ,기술성장기업부,-,0,,,,,,,,,14334517,KSQ,ME005
451220,KR7451220008,아이엠티,KOSDAQ,기술성장기업부,-,0,,,,,,,,,7874611,KSQ,ME005
078860,KR7078860004,아이오케이이엔엠,KOSDAQ,투자주의환기종목(소속부없음),-,0,,,,,,,,,6177188,KSQ,ME005
090150,KR7090150004,아이윈,KOSDAQ,중견기업부,-,0,,,,,,,,,4187529,KSQ,ME005
031310,KR7031310006,아이즈비전,KOSDAQ,중견기업부,-,0,,,,,,,,,29746651,KSQ,ME005
462980,KR7462980004,아이지넷,KOSDAQ,기술성장기업부,-,0,,,,,,,,,18234437,KSQ,ME005
185490,KR7185490000,아이진,KOSDAQ,벤처기업부,-,0,,,,,,,,,43229784,KSQ,ME005
059100,KR7059100008,아이컴포넌트,KOSDAQ,벤처기업부,-,0,,,,,,,,,7070860,KSQ,ME005
262840,KR7262840002,아이퀘스트,KOSDAQ,벤처기업부,-,0,,,,,,,,,10566952,KSQ,ME005
175250,KR7175250000,아이큐어,KOSDAQ,관리종목(소속부없음),-,0,,,,,,,,,61736317,KSQ,ME005
052460,KR7052460003,아이크래프트,KOSDAQ,벤처기업부,-,0,,,,,,,,,14607936,KSQ,ME005
119830,KR7119830008,아이텍,KOSDAQ,중견기업부,-,0,,,,,,,,,26538536,KSQ,ME005
052770,KR7052770005,아이톡시,KOSDAQ,관리종목(소속부없음),-,0,,,,,,,,,14568774,KSQ,ME005
124500,KR7124500000,아이티센글로벌,KOSDAQ,우량기업부,-,0,,,,,,,,,23204527,KSQ,ME005
010280,KR7010280006,아이티센엔텍,KOSDAQ,우량기업부,-,0,,,,,,,,,13024757,KSQ,ME005
232830,KR7232830000,아이티센피엔에스,KOSDAQ,벤처기업부,-,0,,,,,,,,,16533726,KSQ,ME005
372800,KR7372800003,아이티아이즈,KOSDAQ,벤처기업부,-,0,,,,,,,,,7037189,KSQ,ME005
084850,KR7084850007,아이티엠반도체,KOSDAQ,중견기업부,-,0,,,,,,,,,22682934,KSQ,ME005
309710,KR7309710002,아이티켐,KOSDAQ,관리종목(소속부없음),-,0,,,,,,,,,12783001,KSQ,ME005
114840,KR7114840002,아이패밀리에스씨,KOSDAQ,우량기업부,-,0,,,,,,,,,16681385,KSQ,ME005
027360,KR7027360007,아주IB투자,KOSDAQ,중견기업부,-,0,,,,,,,,,121145406,KSQ,ME005
032080,KR7032080004,아즈텍WB,KOSDAQ,중견기업부,-,0,,,,,,,,,21491029,KSQ,ME005
013310,KR7013310008,아진산업,KOSDAQ,우량기업부,-,0,,,,,,,,,38806582,KSQ,ME005
059120,KR7059120006,아진엑스텍,KOSDAQ,벤처기업부,-,0,,,,,,,,,18310066,KSQ,ME005
0007C0,KR70007C0003,아크릴,KOSDAQ,기술성장기업부,-,0,,,,,,,,,8030324,KSQ,ME005
158430,KR7158430009,아톤,KOSDAQ,벤처기업부,-,0,,,,,,,,,24482092,KSQ,ME005
297570,KR7297570004,아틀라스링크,KOSDAQ,벤처기업부,-,0,,,,,,,,,6924243,KSQ,ME005
200350,KR7200350007,아티스트스튜디오,KOSDAQ,기술성장기업부,-,0,,,,,,,,,9996025,KSQ,ME005
321820,KR7321820003,아티스트컴퍼니,KOSDAQ,기술성장기업부,-,0,,,,,,,,,15591376,KSQ,ME005
001540,KR7001540004,안국약품,KOSDAQ,우량기업부,-,0,,,,,,,,,13042420,KSQ,ME005
053800,KR7053800009,안랩,KOSDAQ,우량기업부,-,0,,,,,,,,,11126506,KSQ,ME005
065660,KR7065660003,안트로젠,KOSDAQ,기술성장기업부,-,0,,,,,,,,,10006100,KSQ,ME005
260660,KR7260660006,알리코제약,KOSDAQ,중견기업부,-,0,,,,,,,,,15327021,KSQ,ME005
354320,KR7354320004,알멕,KOSDAQ,기술성장기업부,-,0,,,,,,,,,6391381,KSQ,ME005
361570,KR7361570005,알비더블유,KOSDAQ,중견기업부,-,0,,,,,,,,,28743291,KSQ,ME005
131370,KR7131370009,알서포트,KOSDAQ,벤처기업부,-,0,,,,,,,,,53267083,KSQ,ME005
140670,KR7140670001,알에스오토메이션,KOSDAQ,중견기업부,-,0,,,,,,,,,12839840,KSQ,ME005
061040,KR7061040002,알에프텍,KOSDAQ,중견기업부,-,0,,,,,,,,,9048223,KSQ,ME005
148250,KR7148250004,알엔투테크놀로지,KOSDAQ,벤처기업부,-,0,,,,,,,,,13610704,KSQ,ME005
476830,KR7476830005,알지노믹스,KOSDAQ,기술성장기업부,-,0,,,,,,,,,28055436,KSQ,ME005
347860,KR7347860009,알체라,KOSDAQ,중견기업부,-,0,,,,,,,,,42153647,KSQ,ME005
196170,KR7196170005,알테오젠,KOSDAQ GLOBAL,우량기업부,-,0,,,,,,,,,69655133,KSQ,ME005
123750,KR7123750002,알톤,KOSDAQ,중견기업부,-,0,,,,,,,,,13819259,KSQ,ME005
459550,KR7459550000,알트,KOSDAQ,중견기업부,-,0,,,,,,,,,25220761,KSQ,ME005
085810,KR7085810000,알티캐스트,KOSDAQ,중견기업부,-,0,,,,,,,,,14136953,KSQ,ME005
043100,KR7043100007,알파AI,KOSDAQ,관리종목(소속부없음),-,0,,,,,,,,,20110080,KSQ,ME005
117670,KR7117670000,알파칩스,KOSDAQ,벤처기업부,-,0,,,,,,,,,6661742,KSQ,ME005
314140,KR7314140005,알피바이오,KOSDAQ,우량기업부,-,0,,,,,,,,,8666361,KSQ,ME005
293780,KR7293780003,압타바이오,KOSDAQ,기술성장기업부,-,0,,,,,,,,,28093405,KSQ,ME005
310200,KR7310200001,애니플러스,KOSDAQ,중견기업부,-,0,,,,,,,,,52162836,KSQ,ME005
179530,KR7179530001,애드바이오텍,KOSDAQ,기술성장기업부,-,0,,,,,,,,,29454471,KSQ,ME005
397810,KR7397810003,애드포러스,KOSDAQ,벤처기업부,-,0,,,,,,,,,5160770,KSQ,ME005
0011A0,KR70011A0009,액스비스,KOSDAQ,벤처기업부,-,0,,,,,,,,,9333740,KSQ,ME005
052790,KR7052790003,액토즈소프트,KOSDAQ,중견기업부,-,0,,,,,,,,,10924547,KSQ,ME005
290740,KR7290740000,액트로,KOSDAQ,벤처기업부,-,0,,,,,,,,,10065011,KSQ,ME005
238090,KR7238090005,앤디포스,KOSDAQ,벤처기업부,-,0,,,,,,,,,30490440,KSQ,ME005
138360,KR7138360003,앤로보틱스,KOSDAQ,벤처기업부,-,0,,,,,,,,,87973934,KSQ,ME005
092600,KR7092600006,앤씨앤,KOSDAQ,관리종목(소속부없음),-,0,,,,,,,,,5016703,KSQ,ME005
129890,KR7129890000,앱코,KOSDAQ,벤처기업부,-,0,,,,,,,,,45545602,KSQ,ME005
174900,KR7174900001,앱클론,KOSDAQ,벤처기업부,-,0,,,,,,,,,19952129,KSQ,ME005
109960,KR7109960005,앱토크롬,KOSDAQ,투자주의환기종목(소속부없음),-,0,,,,,,,,,15132233,KSQ,ME005
270520,KR7270520000,앱튼,KOSDAQ,투자주의환기종목(소속부없음),-,0,,,,,,,,,23158914,KSQ,ME005
255440,KR7255440000,야스,KOSDAQ,벤처기업부,-,0,,,,,,,,,13058000,KSQ,ME005
030960,KR7030960009,양지사,KOSDAQ,중견기업부,-,0,,,,,,,,,15980000,KSQ,ME005
102120,KR7102120003,어보브반도체,KOSDAQ,벤처기업부,-,0,,,,,,,,,17780753,KSQ,ME005
238120,KR7238120000,얼라인드,KOSDAQ,기술성장기업부,-,0,,,,,,,,,14218274,KSQ,ME005
019990,KR7019990001,에너토크,KOSDAQ,중견기업부,-,0,,,,,,,,,9756088,KSQ,ME005
435570,KR7435570007,에르코스,KOSDAQ,벤처기업부,-,0,,,,,,,,,7616983,KSQ,ME005
270660,KR7270660004,에브리봇,KOSDAQ,벤처기업부,-,0,,,,,,,,,12690583,KSQ,ME005
038680,KR7038680005,에스넷,KOSDAQ,우량기업부,-,0,,,,,,,,,19912642,KSQ,ME005
217480,KR7217480003,에스디생명공학,KOSDAQ,투자주의환기종목(소속부없음),-,0,,,,,,,,,109733141,KSQ,ME005
121890,KR7121890008,에스디시스템,KOSDAQ,중견기업부,-,0,,,,,,,,,13291446,KSQ,ME005
304360,KR7304360001,에스바이오메딕스,KOSDAQ,벤처기업부,-,0,,,,,,,,,12481128,KSQ,ME005
389500,KR7389500000,에스비비테크,KOSDAQ,기술성장기업부,-,0,,,,,,,,,6663472,KSQ,ME005
042110,KR7042110007,에스씨디,KOSDAQ,우량기업부,-,0,,,,,,,,,48329564,KSQ,ME005
065420,KR7065420002,에스아이리소스,KOSDAQ,중견기업부,-,0,,,,,,,,,7748281,KSQ,ME005
103230,KR7103230009,에스앤더블류,KOSDAQ,관리종목(소속부없음),-,0,,,,,,,,,7200000,KSQ,ME005
260970,KR7260970009,에스앤디,KOSDAQ,우량기업부,-,0,,,,,,,,,2892754,KSQ,ME005
101490,KR7101490001,에스앤에스텍,KOSDAQ GLOBAL,우량기업부,-,0,,,,,,,,,21334879,KSQ,ME005
095910,KR7095910006,에스에너지,KOSDAQ,관리종목(소속부없음),-,0,,,,,,,,,36436634,KSQ,ME005
275630,KR7275630002,에스에스알,KOSDAQ,벤처기업부,-,0,,,,,,,,,5253808,KSQ,ME005
031330,KR7031330004,에스에이엠티,KOSDAQ,우량기업부,-,0,,,,,,,,,99995067,KSQ,ME005
060540,KR7060540002,에스에이티,KOSDAQ,중견기업부,-,0,,,,,,,,,26132934,KSQ,ME005
0008Z0,KR70008Z0005,에스엔시스,KOSDAQ,벤처기업부,-,0,,,,,,,,,9436564,KSQ,ME005
246250,KR7246250005,에스엘에스바이오,KOSDAQ,관리종목(소속부없음),-,0,,,,,,,,,15348206,KSQ,ME005
041510,KR7041510009,에스엠,KOSDAQ GLOBAL,우량기업부,-,0,,,,,,,,,22894690,KSQ,ME005
460870,KR7460870009,에스엠씨지,KOSDAQ,벤처기업부,-,0,,,,,,,,,20073304,KSQ,ME005
464080,KR7464080001,에스오에스랩,KOSDAQ,기술성장기업부,-,0,,,,,,,,,18013569,KSQ,ME005
109610,KR7109610006,에스와이,KOSDAQ,중견기업부,-,0,,,,,,,,,48907400,KSQ,ME005
365330,KR7365330000,에스와이스틸텍,KOSDAQ,우량기업부,-,0,,,,,,,,,50171000,KSQ,ME005
306040,KR7306040007,에스제이그룹,KOSDAQ,관리종목(소속부없음),-,0,,,,,,,,,9287044,KSQ,ME005
398120,KR7398120006,에스지헬스케어,KOSDAQ,벤처기업부,-,0,,,,,,,,,11841511,KSQ,ME005
472230,KR7472230002,에스케이증권제11호스팩,KOSDAQ,관리종목(소속부없음),-,0,,,,,,,,,4155000,KSQ,ME005
473000,KR7473000008,에스케이증권제12호스팩,KOSDAQ,SPAC(소속부없음),-,0,,,,,,,,,3310000,KSQ,ME005
473950,KR7473950004,에스케이증권제13호스팩,KOSDAQ,SPAC(소속부없음),-,0,,,,,,,,,4420000,KSQ,ME005
475660,KR7475660007,에스켐,KOSDAQ,기술성장기업부,-,0,,,,,,,,,7929835,KSQ,ME005
096630,KR7096630009,에스코넥,KOSDAQ,우량기업부,-,0,,,,,,,,,15876323,KSQ,ME005
069510,KR7069510006,에스텍,KOSDAQ,우량기업부,-,0,,,,,,,,,10910000,KSQ,ME005
488280,KR7488280009,에스투더블유,KOSDAQ,기술성장기업부,-,0,,,,,,,,,10825486,KSQ,ME005
234300,KR7234300002,에스트래픽,KOSDAQ,우량기업부,-,0,,,,,,,,,27207780,KSQ,ME005
039440,KR7039440003,에스티아이,KOSDAQ,우량기업부,-,0,,,,,,,,,15507047,KSQ,ME005
098660,KR7098660004,에스티오,KOSDAQ,중견기업부,-,0,,,,,,,,,12500976,KSQ,ME005
052020,KR7052020005,에스티큐브,KOSDAQ,투자주의환기종목(소속부없음),-,0,,,,,,,,,67983291,KSQ,ME005
237690,KR7237690003,에스티팜,KOSDAQ GLOBAL,우량기업부,-,0,,,,,,,,,20876638,KSQ,ME005
458350,KR7458350006,에스팀,KOSDAQ,중견기업부,-,0,,,,,,,,,8683200,KSQ,ME005
050760,KR7050760008,에스폴리텍,KOSDAQ,중견기업부,-,0,,,,,,,,,16334678,KSQ,ME005
288620,KR7288620008,에스프리즘,KOSDAQ,벤처기업부,-,0,,,,,,,,,6979316,KSQ,ME005
443670,KR7443670005,에스피소프트,KOSDAQ,중견기업부,-,0,,,,,,,,,24010564,KSQ,ME005
317830,KR7317830008,에스피시스템스,KOSDAQ,벤처기업부,-,0,,,,,,,,,10773818,KSQ,ME005
058610,KR7058610007,에스피지,KOSDAQ,우량기업부,-,0,,,,,,,,,22177360,KSQ,ME005
043340,KR7043340009,에쎈테크,KOSDAQ,관리종목(소속부없음),-,0,,,,,,,,,47500000,KSQ,ME005
163280,KR7163280001,에어레인,KOSDAQ,기술성장기업부,-,0,,,,,,,,,13603078,KSQ,ME005
200710,KR7200710002,에이디테크놀로지,KOSDAQ,중견기업부,-,0,,,,,,,,,13462007,KSQ,ME005
475580,KR7475580007,에이럭스,KOSDAQ,벤처기업부,-,0,,,,,,,,,13624900,KSQ,ME005
096690,KR7096690003,에이루트,KOSDAQ,중견기업부,-,0,,,,,,,,,4022842,KSQ,ME005
298380,KR7298380007,에이비엘바이오,KOSDAQ GLOBAL,기술성장기업부,-,0,,,,,,,,,55987463,KSQ,ME005
203400,KR7203400007,에이비온,KOSDAQ,관리종목(소속부없음),-,0,,,,,,,,,90101304,KSQ,ME005
003800,KR7003800000,에이스침대,KOSDAQ,우량기업부,-,0,,,,,,,,,11090000,KSQ,ME005
088800,KR7088800008,에이스테크,KOSDAQ,중견기업부,-,0,,,,,,,,,75506434,KSQ,ME005
241840,KR7241840008,에이스토리,KOSDAQ,중견기업부,-,0,,,,,,,,,9539994,KSQ,ME005
364950,KR7364950006,에이아이코리아,KOSDAQ,벤처기업부,-,0,,,,,,,,,8296445,KSQ,ME005
453860,KR7453860009,에이에스텍,KOSDAQ,벤처기업부,-,0,,,,,,,,,6444423,KSQ,ME005
312610,KR7312610009,에이에프더블류,KOSDAQ,관리종목(소속부없음),-,0,,,,,,,,,20256888,KSQ,ME005
172670,KR7172670002,에이엘티,KOSDAQ,벤처기업부,-,0,,,,,,,,,8960259,KSQ,ME005
481070,KR7481070001,에이유브랜즈,KOSDAQ,중견기업부,-,0,,,,,,,,,14330250,KSQ,ME005
060900,KR7060900008,에이전트AI,KOSDAQ,중견기업부,-,0,,,,,,,,,6543786,KSQ,ME005
445090,KR7445090004,에이직랜드,KOSDAQ,벤처기업부,-,0,,,,,,,,,10925658,KSQ,ME005
295310,KR7295310007,에이치브이엠,KOSDAQ,기술성장기업부,-,0,,,,,,,,,12404558,KSQ,ME005
072990,KR7072990005,에이치시티,KOSDAQ,우량기업부,-,0,,,,,,,,,14498206,KSQ,ME005
044990,KR7044990000,에이치엔에스하이텍,KOSDAQ,기술성장기업부,-,0,,,,,,,,,7685425,KSQ,ME005
239610,KR7239610009,에이치엘사이언스,KOSDAQ,벤처기업부,-,0,,,,,,,,,5392115,KSQ,ME005
0156T0,KR70156T0003,에이치엘지노믹스,KOSDAQ,중견기업부,-,0,,,,,,,,,7782161,KSQ,ME005
036170,KR7036170009,에이치엠넥스,KOSDAQ,중견기업부,-,0,,,,,,,,,61365626,KSQ,ME005
477340,KR7477340004,에이치엠씨제7호스팩,KOSDAQ,SPAC(소속부없음),-,0,,,,,,,,,7510000,KSQ,ME005
148930,KR7148930001,에이치와이티씨,KOSDAQ,중견기업부,-,0,,,,,,,,,10175213,KSQ,ME005
044780,KR7044780005,에이치케이,KOSDAQ,벤처기업부,-,0,,,,,,,,,18505787,KSQ,ME005
357230,KR7357230002,에이치피오,KOSDAQ,우량기업부,-,0,,,,,,,,,41293476,KSQ,ME005
355690,KR7355690009,에이텀,KOSDAQ,기술성장기업부,-,0,,,,,,,,,9570389,KSQ,ME005
071670,KR7071670004,에이테크솔루션,KOSDAQ,중견기업부,-,0,,,,,,,,,10000000,KSQ,ME005
045660,KR7045660008,에이텍,KOSDAQ,우량기업부,-,0,,,,,,,,,8260000,KSQ,ME005
224110,KR7224110007,에이텍모빌리티,KOSDAQ,벤처기업부,-,0,,,,,,,,,5080386,KSQ,ME005
021080,KR7021080007,에이티넘인베스트,KOSDAQ,우량기업부,-,0,,,,,,,,,48000000,KSQ,ME005
200470,KR7200470003,에이팩트,KOSDAQ,중견기업부,-,0,,,,,,,,,43823556,KSQ,ME005
262260,KR7262260003,에이프로,KOSDAQ,우량기업부,-,0,,,,,,,,,15077660,KSQ,ME005
397030,KR7397030008,에이프릴바이오,KOSDAQ,기술성장기업부,-,0,,,,,,,,,27558782,KSQ,ME005
0009K0,KR70009K0001,에임드바이오,KOSDAQ,기술성장기업부,-,0,,,,,,,,,64992661,KSQ,ME005
230240,KR7230240004,에치에프알,KOSDAQ,중견기업부,-,0,,,,,,,,,13309000,KSQ,ME005
159910,KR7159910009,에코글로우,KOSDAQ,중견기업부,-,0,,,,,,,,,10467097,KSQ,ME005
097780,KR7097780001,에코볼트,KOSDAQ,중견기업부,-,0,,,,,,,,,20293089,KSQ,ME005
038870,KR7038870002,에코심플렉스,KOSDAQ,중견기업부,-,0,,,,,,,,,14014949,KSQ,ME005
448280,KR7448280008,에코아이,KOSDAQ,중견기업부,-,0,,,,,,,,,29631129,KSQ,ME005
101360,KR7101360006,에코앤드림,KOSDAQ,벤처기업부,-,0,,,,,,,,,17786114,KSQ,ME005
128540,KR7128540002,에코캡,KOSDAQ,우량기업부,-,0,,,,,,,,,26690460,KSQ,ME005
086520,KR7086520004,에코프로,KOSDAQ GLOBAL,중견기업부,-,0,,,,,,,,,135776152,KSQ,ME005
247540,KR7247540008,에코프로비엠,KOSDAQ GLOBAL,중견기업부,-,0,,,,,,,,,97830434,KSQ,ME005
383310,KR7383310000,에코프로에이치엔,KOSDAQ,우량기업부,-,0,,,,,,,,,20974932,KSQ,ME005
038110,KR7038110003,에코플라스틱,KOSDAQ,우량기업부,-,0,,,,,,,,,41169370,KSQ,ME005
073540,KR7073540007,에프알텍,KOSDAQ,벤처기업부,-,0,,,,,,,,,11400000,KSQ,ME005
064850,KR7064850001,에프앤가이드,KOSDAQ,벤처기업부,-,0,,,,,,,,,11410332,KSQ,ME005
036810,KR7036810000,에프에스티,KOSDAQ,중견기업부,-,0,,,,,,,,,21649789,KSQ,ME005
173940,KR7173940008,에프엔씨엔터,KOSDAQ,중견기업부,-,0,,,,,,,,,15392808,KSQ,ME005
083500,KR7083500009,에프엔에스테크,KOSDAQ,우량기업부,-,0,,,,,,,,,8306377,KSQ,ME005
317530,KR7317530004,에피소드컴퍼니,KOSDAQ,기술성장기업부,-,0,,,,,,,,,17494882,KSQ,ME005
054940,KR7054940002,엑사이엔씨,KOSDAQ,중견기업부,-,0,,,,,,,,,6634709,KSQ,ME005
950130,KR8840090003,엑세스바이오,KOSDAQ,외국기업(소속부없음),-,0,,,,,,,,,35173834,KSQ,ME005
373110,KR7373110006,엑셀세라퓨틱스,KOSDAQ,기술성장기업부,-,0,,,,,,,,,17294394,KSQ,ME005
205100,KR7205100001,엑셈,KOSDAQ,벤처기업부,-,0,,,,,,,,,67539374,KSQ,ME005
356680,KR7356680009,엑스게이트,KOSDAQ,벤처기업부,-,0,,,,,,,,,28543492,KSQ,ME005
317770,KR7317770006,엑스페릭스,KOSDAQ,벤처기업부,-,0,,,,,,,,,36997002,KSQ,ME005
373200,KR7373200005,엑스플러스,KOSDAQ,벤처기업부,-,0,,,,,,,,,25043237,KSQ,ME005
069920,KR7069920007,엑시온그룹,KOSDAQ,관리종목(소속부없음),-,0,,,,,,,,,22694418,KSQ,ME005
092870,KR7092870005,엑시콘,KOSDAQ,우량기업부,-,0,,,,,,,,,13050797,KSQ,ME005
317870,KR7317870004,엔바이오니아,KOSDAQ,기술성장기업부,-,0,,,,,,,,,8841895,KSQ,ME005
067570,KR7067570002,엔브이에이치코리아,KOSDAQ,중견기업부,-,0,,,,,,,,,42170000,KSQ,ME005
0004V0,KR70004V0003,엔비알모션,KOSDAQ,기술성장기업부,-,0,,,,,,,,,11010384,KSQ,ME005
236810,KR7236810008,엔비티,KOSDAQ,기술성장기업부,-,0,,,,,,,,,16975426,KSQ,ME005
333620,KR7333620003,엔시스,KOSDAQ,벤처기업부,-,0,,,,,,,,,10997910,KSQ,ME005
101400,KR7101400000,엔시트론,KOSDAQ,중견기업부,-,0,,,,,,,,,15158644,KSQ,ME005
475230,KR7475230009,엔알비,KOSDAQ,벤처기업부,-,0,,,,,,,,,10898683,KSQ,ME005
481890,KR7481890002,엔에이치스팩31호,KOSDAQ,SPAC(소속부없음),-,0,,,,,,,,,6345000,KSQ,ME005
0054V0,KR70054V0002,엔에이치스팩32호,KOSDAQ,SPAC(소속부없음),-,0,,,,,,,,,6216500,KSQ,ME005
0130H0,KR70130H0008,엔에이치스팩33호,KOSDAQ,SPAC(소속부없음),-,0,,,,,,,,,7700000,KSQ,ME005
0197V0,KR70197V0000,엔에이치스팩34호,KOSDAQ,SPAC(소속부없음),-,0,,,,,,,,,9050000,KSQ,ME005
265740,KR7265740001,엔에프씨,KOSDAQ,벤처기업부,-,0,,,,,,,,,17863600,KSQ,ME005
354200,KR7354200008,엔젠바이오,KOSDAQ,기술성장기업부,-,0,,,,,,,,,8936583,KSQ,ME005
455900,KR7455900001,엔젤로보틱스,KOSDAQ,기술성장기업부,-,0,,,,,,,,,15392981,KSQ,ME005
419080,KR7419080007,엔젯,KOSDAQ,기술성장기업부,-,0,,,,,,,,,10871817,KSQ,ME005
183490,KR7183490002,엔지켐생명과학,KOSDAQ,관리종목(소속부없음),-,0,,,,,,,,,84640235,KSQ,ME005
182400,KR7182400002,엔케이젠바이오텍코리아,KOSDAQ,관리종목(소속부없음),-,0,,,,,,,,,72342431,KSQ,ME005
348370,KR7348370008,엔켐,KOSDAQ,중견기업부,-,0,,,,,,,,,21910994,KSQ,ME005
069410,KR7069410009,엔텔스,KOSDAQ,벤처기업부,-,0,,,,,,,,,10244824,KSQ,ME005
227950,KR7227950003,엔투텍,KOSDAQ,벤처기업부,-,0,,,,,,,,,34508209,KSQ,ME005
048830,KR7048830004,엔피케이,KOSDAQ,중견기업부,-,0,,,,,,,,,18723923,KSQ,ME005
096870,KR7096870001,엘디티,KOSDAQ,벤처기업부,-,0,,,,,,,,,8347999,KSQ,ME005
290650,KR7290650001,엘앤씨바이오,KOSDAQ,우량기업부,-,0,,,,,,,,,26969704,KSQ,ME005
156100,KR7156100000,엘앤케이바이오,KOSDAQ,벤처기업부,-,0,,,,,,,,,22351153,KSQ,ME005
0041J0,KR70041J0004,엘에스스팩1호,KOSDAQ,SPAC(소속부없음),-,0,,,,,,,,,4110000,KSQ,ME005
073110,KR7073110009,엘엠에스,KOSDAQ,벤처기업부,-,0,,,,,,,,,8895755,KSQ,ME005
083310,KR7083310003,엘오티베큠,KOSDAQ,우량기업부,-,0,,,,,,,,,17810033,KSQ,ME005
037950,KR7037950003,엘컴텍,KOSDAQ,중견기업부,-,0,,,,,,,,,16889503,KSQ,ME005
489500,KR7489500009,엘케이켐,KOSDAQ,벤처기업부,-,0,,,,,,,,,6391238,KSQ,ME005
170920,KR7170920003,엘티씨,KOSDAQ,벤처기업부,-,0,,,,,,,,,10564126,KSQ,ME005
058630,KR7058630005,엠게임,KOSDAQ,우량기업부,-,0,,,,,,,,,18772574,KSQ,ME005
226590,KR7226590008,엠디바이스,KOSDAQ,기술성장기업부,-,0,,,,,,,,,10716784,KSQ,ME005
058970,KR7058970005,엠로,KOSDAQ,기술성장기업부,-,0,,,,,,,,,12362794,KSQ,ME005
169330,KR7169330008,엠브레인,KOSDAQ,중견기업부,-,0,,,,,,,,,18316918,KSQ,ME005
373170,KR7373170000,엠아이큐브솔루션,KOSDAQ,벤처기업부,-,0,,,,,,,,,15113790,KSQ,ME005
179290,KR7179290002,엠아이텍,KOSDAQ,우량기업부,-,0,,,,,,,,,32365678,KSQ,ME005
009780,KR7009780008,엠에스씨,KOSDAQ,우량기업부,-,0,,,,,,,,,17600000,KSQ,ME005
123040,KR7123040008,엠에스오토텍,KOSDAQ,중견기업부,-,0,,,,,,,,,62628299,KSQ,ME005
432980,KR7432980001,엠에프씨,KOSDAQ,기술성장기업부,-,0,,,,,,,,,8591742,KSQ,ME005
007820,KR7007820004,엠엑스로보틱스,KOSDAQ,중견기업부,-,0,,,,,,,,,23323419,KSQ,ME005
347890,KR7347890006,엠엑스온,KOSDAQ,벤처기업부,-,0,,,,,,,,,17013204,KSQ,ME005
413390,KR7413390006,엠오티,KOSDAQ,중견기업부,-,0,,,,,,,,,11285520,KSQ,ME005
032790,KR7032790008,엠젠솔루션,KOSDAQ,벤처기업부,-,0,,,,,,,,,25680106,KSQ,ME005
033160,KR7033160003,엠케이전자,KOSDAQ,중견기업부,-,0,,,,,,,,,24564058,KSQ,ME005
033310,KR7033310004,엠투엔,KOSDAQ,중견기업부,-,0,,,,,,,,,39972456,KSQ,ME005
259630,KR7259630002,엠플러스,KOSDAQ,우량기업부,-,0,,,,,,,,,12222396,KSQ,ME005
105550,KR7105550008,엣지파운드리,KOSDAQ,중견기업부,-,0,,,,,,,,,15661410,KSQ,ME005
060850,KR7060850005,영림원소프트랩,KOSDAQ,벤처기업부,-,0,,,,,,,,,8131000,KSQ,ME005
143540,KR7143540003,영우디에스피,KOSDAQ,벤처기업부,-,0,,,,,,,,,44599895,KSQ,ME005
265560,KR7265560003,영화테크,KOSDAQ,우량기업부,-,0,,,,,,,,,10690180,KSQ,ME005
036000,KR7036000008,예림당,KOSDAQ,중견기업부,-,0,,,,,,,,,23034277,KSQ,ME005
250930,KR7250930005,예선테크,KOSDAQ,관리종목(소속부없음),-,0,,,,,,,,,6600088,KSQ,ME005
053280,KR7053280004,예스24,KOSDAQ,중견기업부,-,0,,,,,,,,,25000000,KSQ,ME005
122640,KR7122640006,예스티,KOSDAQ,벤처기업부,-,0,,,,,,,,,21651325,KSQ,ME005
476040,KR7476040001,오가노이드사이언스,KOSDAQ,기술성장기업부,-,0,,,,,,,,,6585760,KSQ,ME005
900300,HK0000312568,오가닉티코스메틱,KOSDAQ,외국기업(소속부없음),-,0,,,,,,,,,20580097,KSQ,ME005
045060,KR7045060001,오공,KOSDAQ,우량기업부,-,0,,,,,,,,,16941974,KSQ,ME005
192410,KR7192410009,오늘이엔엠,KOSDAQ,중견기업부,-,0,,,,,,,,,25185909,KSQ,ME005
080520,KR7080520000,오디텍,KOSDAQ,벤처기업부,-,0,,,,,,,,,11322417,KSQ,ME005
039830,KR7039830005,오로라,KOSDAQ,우량기업부,-,0,,,,,,,,,10762890,KSQ,ME005
322310,KR7322310004,오로스테크놀로지,KOSDAQ,벤처기업부,-,0,,,,,,,,,9366542,KSQ,ME005
046120,KR7046120002,오르비텍,KOSDAQ,중견기업부,-,0,,,,,,,,,33855433,KSQ,ME005
475830,KR7475830006,오름테라퓨틱,KOSDAQ,기술성장기업부,-,0,,,,,,,,,21752916,KSQ,ME005
014940,KR7014940001,오리엔탈정공,KOSDAQ,우량기업부,-,0,,,,,,,,,45573661,KSQ,ME005
065500,KR7065500001,오리엔트정공,KOSDAQ,중견기업부,-,0,,,,,,,,,35742912,KSQ,ME005
010470,KR7010470003,오리콤,KOSDAQ,우량기업부,-,0,,,,,,,,,11975050,KSQ,ME005
417860,KR7417860004,오브젠,KOSDAQ,벤처기업부,-,0,,,,,,,,,4706906,KSQ,ME005
352910,KR7352910004,오비고,KOSDAQ,기술성장기업부,-,0,,,,,,,,,12637802,KSQ,ME005
053980,KR7053980009,오상자이엘,KOSDAQ,우량기업부,-,0,,,,,,,,,18982783,KSQ,ME005
036220,KR7036220002,오상헬스케어,KOSDAQ,우량기업부,-,0,,,,,,,,,14309416,KSQ,ME005
052420,KR7052420007,오성첨단소재,KOSDAQ,우량기업부,-,0,,,,,,,,,9742009,KSQ,ME005
052300,KR7052300001,오션인더블유,KOSDAQ,중견기업부,-,0,,,,,,,,,16244128,KSQ,ME005
039200,KR7039200001,오스코텍,KOSDAQ,벤처기업부,-,0,,,,,,,,,38258176,KSQ,ME005
226400,KR7226400000,오스테오닉,KOSDAQ,기술성장기업부,-,0,,,,,,,,,20661601,KSQ,ME005
031510,KR7031510001,오스템,KOSDAQ,중견기업부,-,0,,,,,,,,,28000000,KSQ,ME005
342870,KR7342870003,오아,KOSDAQ,중견기업부,-,0,,,,,,,,,5450197,KSQ,ME005
368970,KR7368970000,오에스피,KOSDAQ,관리종목(소속부없음),-,0,,,,,,,,,11239718,KSQ,ME005
138080,KR7138080007,오이솔루션,KOSDAQ,벤처기업부,-,0,,,,,,,,,12377758,KSQ,ME005
080580,KR7080580004,오킨스전자,KOSDAQ,벤처기업부,-,0,,,,,,,,,21090955,KSQ,ME005
067170,KR7067170001,오텍,KOSDAQ,중견기업부,-,0,,,,,,,,,27467087,KSQ,ME005
353590,KR7353590003,오토앤,KOSDAQ,중견기업부,-,0,,,,,,,,,12875570,KSQ,ME005
173130,KR7173130006,오파스넷,KOSDAQ,중견기업부,-,0,,,,,,,,,13046473,KSQ,ME005
440320,KR7440320000,오픈놀,KOSDAQ,기술성장기업부,-,0,,,,,,,,,9980000,KSQ,ME005
049480,KR7049480007,오픈베이스,KOSDAQ,우량기업부,-,0,,,,,,,,,31422383,KSQ,ME005
394280,KR7394280002,오픈엣지테크놀로지,KOSDAQ,기술성장기업부,-,0,,,,,,,,,26346530,KSQ,ME005
476060,KR7476060009,온코닉테라퓨틱스,KOSDAQ,기술성장기업부,-,0,,,,,,,,,45407840,KSQ,ME005
382150,KR7382150001,온코크로스,KOSDAQ,기술성장기업부,-,0,,,,,,,,,13046354,KSQ,ME005
244460,KR7244460002,올리패스,KOSDAQ,관리종목(소속부없음),-,0,,,,,,,,,8125511,KSQ,ME005
226950,KR7226950004,올릭스,KOSDAQ GLOBAL,기술성장기업부,-,0,,,,,,,,,22750539,KSQ,ME005
057540,KR7057540007,옴니시스템,KOSDAQ,관리종목(소속부없음),-,0,,,,,,,,,59394268,KSQ,ME005
131030,KR7131030009,옵투스제약,KOSDAQ,우량기업부,-,0,,,,,,,,,17646590,KSQ,ME005
082210,KR7082210006,옵트론텍,KOSDAQ,중견기업부,-,0,,,,,,,,,34963330,KSQ,ME005
109080,KR7109080002,옵티시스,KOSDAQ,벤처기업부,-,0,,,,,,,,,5636000,KSQ,ME005
380540,KR7380540005,옵티코어,KOSDAQ,관리종목(소속부없음),-,0,,,,,,,,,24456583,KSQ,ME005
153710,KR7153710009,옵티팜,KOSDAQ,기술성장기업부,-,0,,,,,,,,,14669958,KSQ,ME005
432430,KR7432430007,와이랩,KOSDAQ,기술성장기업부,-,0,,,,,,,,,16508320,KSQ,ME005
338840,KR7338840002,와이바이오로직스,KOSDAQ,기술성장기업부,-,0,,,,,,,,,15403863,KSQ,ME005
122990,KR7122990005,와이솔,KOSDAQ,중견기업부,-,0,,,,,,,,,25648079,KSQ,ME005
232140,KR7232140004,와이씨,KOSDAQ,우량기업부,-,0,,,,,,,,,82045350,KSQ,ME005
112290,KR7112290002,와이씨켐,KOSDAQ,기술성장기업부,-,0,,,,,,,,,20221090,KSQ,ME005
065530,KR7065530008,와이어블,KOSDAQ,우량기업부,-,0,,,,,,,,,47838759,KSQ,ME005
067900,KR7067900001,와이엔텍,KOSDAQ,우량기업부,-,0,,,,,,,,,18199659,KSQ,ME005
007530,KR7007530009,와이엠,KOSDAQ,중견기업부,-,0,,,,,,,,,22254231,KSQ,ME005
155650,KR7155650005,와이엠씨,KOSDAQ,우량기업부,-,0,,,,,,,,,18974358,KSQ,ME005
273640,KR7273640003,와이엠텍,KOSDAQ,벤처기업부,-,0,,,,,,,,,10966000,KSQ,ME005
251370,KR7251370003,와이엠티,KOSDAQ,벤처기업부,-,0,,,,,,,,,18013213,KSQ,ME005
209640,KR7209640002,와이제이링크,KOSDAQ,중견기업부,-,0,,,,,,,,,28443146,KSQ,ME005
096250,KR7096250006,와이즈넛,KOSDAQ,기술성장기업부,-,0,,,,,,,,,11814881,KSQ,ME005
273060,KR7273060004,와이즈버즈,KOSDAQ,중견기업부,-,0,,,,,,,,,9828856,KSQ,ME005
019210,KR7019210004,와이지-원,KOSDAQ,우량기업부,-,0,,,,,,,,,37193728,KSQ,ME005
122870,KR7122870009,와이지엔터테인먼트,KOSDAQ GLOBAL,우량기업부,-,0,,,,,,,,,18691049,KSQ,ME005
079000,KR7079000006,와토스코리아,KOSDAQ,중견기업부,-,0,,,,,,,,,7200000,KSQ,ME005
403490,KR7403490006,우듬지팜,KOSDAQ,벤처기업부,-,0,,,,,,,,,9186492,KSQ,ME005
032820,KR7032820003,우리기술,KOSDAQ,벤처기업부,-,0,,,,,,,,,172784612,KSQ,ME005
041190,KR7041190000,우리기술투자,KOSDAQ,우량기업부,-,0,,,,,,,,,79800000,KSQ,ME005
115440,KR7115440000,우리넷,KOSDAQ,우량기업부,-,0,,,,,,,,,10794292,KSQ,ME005
046970,KR7046970000,우리로,KOSDAQ,벤처기업부,-,0,,,,,,,,,43824999,KSQ,ME005
082850,KR7082850009,우리바이오,KOSDAQ,중견기업부,-,0,,,,,,,,,9691315,KSQ,ME005
215360,KR7215360009,우리산업,KOSDAQ,우량기업부,-,0,,,,,,,,,9132163,KSQ,ME005
072470,KR7072470008,우리산업홀딩스,KOSDAQ,중견기업부,-,0,,,,,,,,,18887341,KSQ,ME005
073560,KR7073560005,우리손에프앤지,KOSDAQ,우량기업부,-,0,,,,,,,,,69237643,KSQ,ME005
037400,KR7037400009,우리엔터프라이즈,KOSDAQ,관리종목(소속부없음),-,0,,,,,,,,,5244669,KSQ,ME005
153490,KR7153490008,우리이앤엘하루틴,KOSDAQ,우량기업부,-,0,,,,,,,,,10296000,KSQ,ME005
101170,KR7101170009,우림피티에스,KOSDAQ,벤처기업부,-,0,,,,,,,,,13500000,KSQ,ME005
103840,KR7103840005,우양,KOSDAQ,중견기업부,-,0,,,,,,,,,16366428,KSQ,ME005
101970,KR7101970002,우양에이치씨,KOSDAQ,중견기업부,-,0,,,,,,,,,14790009,KSQ,ME005
046940,KR7046940003,우원개발,KOSDAQ,우량기업부,-,0,,,,,,,,,18074350,KSQ,ME005
065680,KR7065680001,우주일렉트로,KOSDAQ,우량기업부,-,0,,,,,,,,,9240471,KSQ,ME005
018620,KR7018620005,우진비앤지,KOSDAQ,벤처기업부,-,0,,,,,,,,,6932982,KSQ,ME005
457550,KR7457550002,우진엔텍,KOSDAQ,중견기업부,-,0,,,,,,,,,9318958,KSQ,ME005
396470,KR7396470007,워트,KOSDAQ,중견기업부,-,0,,,,,,,,,16120000,KSQ,ME005
307280,KR7307280008,원바이오젠,KOSDAQ,벤처기업부,-,0,,,,,,,,,7094627,KSQ,ME005
032940,KR7032940009,원익,KOSDAQ,우량기업부,-,0,,,,,,,,,18193181,KSQ,ME005
240810,KR7240810002,원익IPS,KOSDAQ GLOBAL,우량기업부,-,0,,,,,,,,,49083901,KSQ,ME005
074600,KR7074600008,원익QnC,KOSDAQ,우량기업부,-,0,,,,,,,,,26288000,KSQ,ME005
104830,KR7104830005,원익머트리얼즈,KOSDAQ,우량기업부,-,0,,,,,,,,,12608000,KSQ,ME005
014190,KR7014190003,원익큐브,KOSDAQ,우량기업부,-,0,,,,,,,,,35395071,KSQ,ME005
217820,KR7217820000,원익피앤이,KOSDAQ,중견기업부,-,0,,,,,,,,,47454559,KSQ,ME005
030530,KR7030530000,원익홀딩스,KOSDAQ,중견기업부,-,0,,,,,,,,,77237981,KSQ,ME005
012620,KR7012620001,원일특강,KOSDAQ,우량기업부,-,0,,,,,,,,,4400000,KSQ,ME005
136150,KR7136150000,원일티엔아이,KOSDAQ,벤처기업부,-,0,,,,,,,,,8381030,KSQ,ME005
382840,KR7382840007,원준,KOSDAQ,중견기업부,-,0,,,,,,,,,15271581,KSQ,ME005
336570,KR7336570007,원텍,KOSDAQ,우량기업부,-,0,,,,,,,,,89280646,KSQ,ME005
376980,KR7376980009,원티드랩,KOSDAQ,기술성장기업부,-,0,,,,,,,,,9766394,KSQ,ME005
008370,KR7008370009,원풍,KOSDAQ,우량기업부,-,0,,,,,,,,,12000000,KSQ,ME005
101160,KR7101160000,월덱스,KOSDAQ,우량기업부,-,0,,,,,,,,,16510993,KSQ,ME005
336060,KR7336060009,웨이버스,KOSDAQ,벤처기업부,-,0,,,,,,,,,9631040,KSQ,ME005
095270,KR7095270005,웨이브일렉트로,KOSDAQ,벤처기업부,-,0,,,,,,,,,14372406,KSQ,ME005
289930,KR7289930000,웨이비스,KOSDAQ,기술성장기업부,-,0,,,,,,,,,13149010,KSQ,ME005
065950,KR7065950008,웰크론,KOSDAQ,중견기업부,-,0,,,,,,,,,28231302,KSQ,ME005
076080,KR7076080001,웰크론한텍,KOSDAQ,중견기업부,-,0,,,,,,,,,22594156,KSQ,ME005
043590,KR7043590009,웰킵스하이텍,KOSDAQ,중견기업부,-,0,,,,,,,,,13568381,KSQ,ME005
196700,KR7196700009,웹스,KOSDAQ,벤처기업부,-,0,,,,,,,,,14364144,KSQ,ME005
069080,KR7069080000,웹젠,KOSDAQ GLOBAL,우량기업부,-,0,,,,,,,,,30966575,KSQ,ME005
053580,KR7053580007,웹케시,KOSDAQ,우량기업부,-,0,,,,,,,,,12954436,KSQ,ME005
479960,KR7479960007,위너스일렉,KOSDAQ,중견기업부,-,0,,,,,,,,,7126000,KSQ,ME005
044340,KR7044340008,위닉스,KOSDAQ,중견기업부,-,0,,,,,,,,,17873425,KSQ,ME005
330350,KR7330350000,위더스제약,KOSDAQ,우량기업부,-,0,,,,,,,,,13199680,KSQ,ME005
348350,KR7348350000,위드텍,KOSDAQ,벤처기업부,-,0,,,,,,,,,9773600,KSQ,ME005
112040,KR7112040001,위메이드,KOSDAQ,중견기업부,-,0,,,,,,,,,33948483,KSQ,ME005
101730,KR7101730000,위메이드맥스,KOSDAQ,중견기업부,-,0,,,,,,,,,83803286,KSQ,ME005
123420,KR7123420002,위메이드플레이,KOSDAQ,우량기업부,-,0,,,,,,,,,10401041,KSQ,ME005
065370,KR7065370009,위세아이텍,KOSDAQ,벤처기업부,-,0,,,,,,,,,7383954,KSQ,ME005
038620,KR7038620001,위즈코프,KOSDAQ,벤처기업부,-,0,,,,,,,,,15145893,KSQ,ME005
036090,KR7036090009,위지트,KOSDAQ,중견기업부,-,0,,,,,,,,,42550514,KSQ,ME005
459100,KR7459100004,위츠,KOSDAQ,중견기업부,-,0,,,,,,,,,13466100,KSQ,ME005
136540,KR7136540002,윈스테크넷,KOSDAQ,우량기업부,-,0,,,,,,,,,12279746,KSQ,ME005
097800,KR7097800007,윈팩,KOSDAQ,중견기업부,-,0,,,,,,,,,27290045,KSQ,ME005
192390,KR7192390003,윈하이텍,KOSDAQ,벤처기업부,-,0,,,,,,,,,11967246,KSQ,ME005
335870,KR7335870002,윙스풋,KOSDAQ,중견기업부,-,0,,,,,,,,,3350094,KSQ,ME005
900340,HK0000449303,윙입푸드,KOSDAQ,외국기업(소속부없음),-,0,,,,,,,,,35582732,KSQ,ME005
036200,KR7036200004,유니셈,KOSDAQ,우량기업부,-,0,,,,,,,,,30664223,KSQ,ME005
018000,KR7018000000,유니슨,KOSDAQ,중견기업부,-,0,,,,,,,,,291912077,KSQ,ME005
203450,KR7203450002,유니온바이오메트릭스,KOSDAQ,벤처기업부,-,0,,,,,,,,,14079007,KSQ,ME005
011320,KR7011320009,유니크,KOSDAQ,우량기업부,-,0,,,,,,,,,19320695,KSQ,ME005
086390,KR7086390002,유니테스트,KOSDAQ,중견기업부,-,0,,,,,,,,,21134126,KSQ,ME005
241690,KR7241690007,유니테크노,KOSDAQ,우량기업부,-,0,,,,,,,,,24470706,KSQ,ME005
142210,KR7142210004,유니트론텍,KOSDAQ,우량기업부,-,0,,,,,,,,,20751403,KSQ,ME005
389680,KR7389680000,유디엠텍,KOSDAQ,관리종목(소속부없음),-,0,,,,,,,,,8320693,KSQ,ME005
088340,KR7088340005,유라클,KOSDAQ,벤처기업부,-,0,,,,,,,,,4364368,KSQ,ME005
048430,KR7048430003,유라테크,KOSDAQ,우량기업부,-,0,,,,,,,,,11520000,KSQ,ME005
206650,KR7206650004,유바이오로직스,KOSDAQ,우량기업부,-,0,,,,,,,,,36752307,KSQ,ME005
089850,KR7089850002,유비벨록스,KOSDAQ,우량기업부,-,0,,,,,,,,,14730199,KSQ,ME005
084440,KR7084440007,유비온,KOSDAQ,기술성장기업부,-,0,,,,,,,,,3826484,KSQ,ME005
264450,KR7264450008,유비쿼스,KOSDAQ,우량기업부,-,0,,,,,,,,,14665493,KSQ,ME005
078070,KR7078070000,유비쿼스홀딩스,KOSDAQ,중견기업부,-,0,,,,,,,,,17058843,KSQ,ME005
024800,KR7024800005,유성티엔에스,KOSDAQ,우량기업부,-,0,,,,,,,,,35225370,KSQ,ME005
054930,KR7054930003,유신,KOSDAQ,우량기업부,-,0,,,,,,,,,3000000,KSQ,ME005
069330,KR7069330009,유아이디,KOSDAQ,벤처기업부,-,0,,,,,,,,,16952574,KSQ,ME005
049520,KR7049520000,유아이엘,KOSDAQ,우량기업부,-,0,,,,,,,,,30842625,KSQ,ME005
473050,KR7473050003,유안타제15호스팩,KOSDAQ,관리종목(소속부없음),-,0,,,,,,,,,7010000,KSQ,ME005
474490,KR7474490000,유안타제16호스팩,KOSDAQ,SPAC(소속부없음),-,0,,,,,,,,,5510000,KSQ,ME005
493790,KR7493790000,유안타제17호스팩,KOSDAQ,SPAC(소속부없음),-,0,,,,,,,,,5310000,KSQ,ME005
263770,KR7263770000,유에스티,KOSDAQ,우량기업부,-,0,,,,,,,,,23700172,KSQ,ME005
388720,KR7388720005,유일로보틱스,KOSDAQ,벤처기업부,-,0,,,,,,,,,11781345,KSQ,ME005
023410,KR7023410004,유진기업,KOSDAQ,중견기업부,-,0,,,,,,,,,77310863,KSQ,ME005
056080,KR7056080005,유진로봇,KOSDAQ,중견기업부,-,0,,,,,,,,,38235486,KSQ,ME005
468760,KR7468760004,유진스팩10호,KOSDAQ,SPAC(소속부없음),-,0,,,,,,,,,4240000,KSQ,ME005
488060,KR7488060005,유진스팩11호,KOSDAQ,SPAC(소속부없음),-,0,,,,,,,,,4720000,KSQ,ME005
0105P0,KR70105P0009,유진스팩12호,KOSDAQ,SPAC(소속부없음),-,0,,,,,,,,,5660000,KSQ,ME005
084370,KR7084370006,유진테크,KOSDAQ,우량기업부,-,0,,,,,,,,,22916042,KSQ,ME005
240600,KR7240600007,유진테크놀로지,KOSDAQ,관리종목(소속부없음),-,0,,,,,,,,,8299410,KSQ,ME005
179900,KR7179900006,유티아이,KOSDAQ,투자주의환기종목(소속부없음),-,0,,,,,,,,,21569319,KSQ,ME005
263050,KR7263050007,유틸렉스,KOSDAQ,관리종목(소속부없음),-,0,,,,,,,,,36834856,KSQ,ME005
191410,KR7191410000,육일씨엔에쓰,KOSDAQ,관리종목(소속부없음),-,0,,,,,,,,,15510172,KSQ,ME005
372170,KR7372170001,윤성에프앤씨,KOSDAQ,우량기업부,-,0,,,,,,,,,7979048,KSQ,ME005
146060,KR7146060009,율촌,KOSDAQ,중견기업부,-,0,,,,,,,,,24015595,KSQ,ME005
039020,KR7039020003,이건홀딩스,KOSDAQ,중견기업부,-,0,,,,,,,,,22584709,KSQ,ME005
067920,KR7067920009,이글루,KOSDAQ,우량기업부,-,0,,,,,,,,,10996119,KSQ,ME005
044960,KR7044960003,이글벳,KOSDAQ,중견기업부,-,0,,,,,,,,,12641883,KSQ,ME005
303530,KR7303530000,이노뎁,KOSDAQ,벤처기업부,-,0,,,,,,,,,7339299,KSQ,ME005
302430,KR7302430004,이노메트리,KOSDAQ,벤처기업부,-,0,,,,,,,,,9803208,KSQ,ME005
462350,KR7462350000,이노스페이스,KOSDAQ,기술성장기업부,-,0,,,,,,,,,33881572,KSQ,ME005
274400,KR7274400001,이노시뮬레이션,KOSDAQ,기술성장기업부,-,0,,,,,,,,,9086493,KSQ,ME005
296640,KR7296640006,이노에이엑스,KOSDAQ,벤처기업부,-,0,,,,,,,,,5178252,KSQ,ME005
215790,KR7215790007,이노인스트루먼트,KOSDAQ,관리종목(소속부없음),-,0,,,,,,,,,40283149,KSQ,ME005
344860,KR7344860002,이노진,KOSDAQ,기술성장기업부,-,0,,,,,,,,,15030000,KSQ,ME005
333050,KR7333050003,이노테나,KOSDAQ,벤처기업부,-,0,,,,,,,,,4924420,KSQ,ME005
469610,KR7469610000,이노테크,KOSDAQ,중견기업부,-,0,,,,,,,,,8942900,KSQ,ME005
088390,KR7088390000,이녹스,KOSDAQ,중견기업부,-,0,,,,,,,,,9385844,KSQ,ME005
272290,KR7272290008,이녹스첨단소재,KOSDAQ GLOBAL,우량기업부,-,0,,,,,,,,,19937509,KSQ,ME005
053350,KR7053350005,이니텍,KOSDAQ,중견기업부,-,0,,,,,,,,,22021065,KSQ,ME005
452400,KR7452400005,이닉스,KOSDAQ,우량기업부,-,0,,,,,,,,,9071428,KSQ,ME005
264850,KR7264850009,이랜시스,KOSDAQ,중견기업부,-,0,,,,,,,,,30294612,KSQ,ME005
054210,KR7054210000,이랜텍,KOSDAQ,우량기업부,-,0,,,,,,,,,25291210,KSQ,ME005
009730,KR7009730003,이렘,KOSDAQ,투자주의환기종목(소속부없음),-,0,,,,,,,,,7975503,KSQ,ME005
065440,KR7065440000,이루온,KOSDAQ,벤처기업부,-,0,,,,,,,,,27275020,KSQ,ME005
424870,KR7424870004,이뮨온시아,KOSDAQ,기술성장기업부,-,0,,,,,,,,,91402269,KSQ,ME005
115610,KR7115610008,이미지스,KOSDAQ,벤처기업부,-,0,,,,,,,,,11818769,KSQ,ME005
478110,KR7478110000,이베스트스팩6호,KOSDAQ,SPAC(소속부없음),-,0,,,,,,,,,5020000,KSQ,ME005
131400,KR7131400004,이브이첨단소재,KOSDAQ,관리종목(소속부없음),-,0,,,,,,,,,59591882,KSQ,ME005
351330,KR7351330006,이삭엔지니어링,KOSDAQ,벤처기업부,-,0,,,,,,,,,8288520,KSQ,ME005
080010,KR7080010002,이상네트웍스,KOSDAQ,중견기업부,-,0,,,,,,,,,9835071,KSQ,ME005
086890,KR7086890001,이수앱지스,KOSDAQ,중견기업부,-,0,,,,,,,,,40774990,KSQ,ME005
047560,KR7047560008,이스트소프트,KOSDAQ,중견기업부,-,0,,,,,,,,,11753082,KSQ,ME005
239340,KR7239340003,이스트에이드,KOSDAQ,관리종목(소속부없음),-,0,,,,,,,,,5395926,KSQ,ME005
067010,KR7067010009,이씨에스,KOSDAQ,벤처기업부,-,0,,,,,,,,,10888500,KSQ,ME005
456070,KR7456070002,이엔셀,KOSDAQ,기술성장기업부,-,0,,,,,,,,,11029517,KSQ,ME005
102710,KR7102710001,이엔에프테크놀로지,KOSDAQ,우량기업부,-,0,,,,,,,,,14287836,KSQ,ME005
041520,KR7041520008,이엘씨,KOSDAQ,투자주의환기종목(소속부없음),-,0,,,,,,,,,12188730,KSQ,ME005
063760,KR7063760003,이엘피,KOSDAQ,벤처기업부,-,0,,,,,,,,,9325130,KSQ,ME005
123570,KR7123570004,이엠넷,KOSDAQ,중견기업부,-,0,,,,,,,,,22276078,KSQ,ME005
083470,KR7083470005,이엠앤아이,KOSDAQ,벤처기업부,-,0,,,,,,,,,21340329,KSQ,ME005
091120,KR7091120006,이엠텍,KOSDAQ,중견기업부,-,0,,,,,,,,,17132936,KSQ,ME005
039030,KR7039030002,이오테크닉스,KOSDAQ,우량기업부,-,0,,,,,,,,,12319550,KSQ,ME005
294090,KR7294090006,이오플로우,KOSDAQ,관리종목(소속부없음),-,0,,,,,,,,,41809105,KSQ,ME005
088290,KR7088290002,이원컴포텍,KOSDAQ,관리종목(소속부없음),-,0,,,,,,,,,7976072,KSQ,ME005
353810,KR7353810005,이지바이오,KOSDAQ,우량기업부,-,0,,,,,,,,,33081920,KSQ,ME005
261520,KR7261520001,이지스,KOSDAQ,기술성장기업부,-,0,,,,,,,,,10277800,KSQ,ME005
099750,KR7099750002,이지케어텍,KOSDAQ,벤처기업부,-,0,,,,,,,,,13659173,KSQ,ME005
377330,KR7377330006,이지트로닉스,KOSDAQ,기술성장기업부,-,0,,,,,,,,,8139954,KSQ,ME005
035810,KR7035810001,이지홀딩스,KOSDAQ,우량기업부,-,0,,,,,,,,,64516185,KSQ,ME005
092130,KR7092130004,이크레더블,KOSDAQ,중견기업부,-,0,,,,,,,,,12043600,KSQ,ME005
134060,KR7134060003,이퓨쳐,KOSDAQ,벤처기업부,-,0,,,,,,,,,4769250,KSQ,ME005
001840,KR7001840008,이화공영,KOSDAQ,관리종목(소속부없음),-,0,,,,,,,,,28256809,KSQ,ME005
041830,KR7041830001,인바디,KOSDAQ,우량기업부,-,0,,,,,,,,,13480882,KSQ,ME005
352940,KR7352940001,인바이오,KOSDAQ,벤처기업부,-,0,,,,,,,,,10867730,KSQ,ME005
079950,KR7079950002,인베니아,KOSDAQ,관리종목(소속부없음),-,0,,,,,,,,,13799100,KSQ,ME005
0007J0,KR70007J0006,인벤테라,KOSDAQ,기술성장기업부,-,0,,,,,,,,,7865714,KSQ,ME005
389470,KR7389470006,인벤티지랩,KOSDAQ,기술성장기업부,-,0,,,,,,,,,13307708,KSQ,ME005
277410,KR7277410007,인산가,KOSDAQ,벤처기업부,-,0,,,,,,,,,3841150,KSQ,ME005
060150,KR7060150000,인선이엔티,KOSDAQ,중견기업부,-,0,,,,,,,,,45563612,KSQ,ME005
033230,KR7033230004,인성정보,KOSDAQ,중견기업부,-,0,,,,,,,,,50515380,KSQ,ME005
450520,KR7450520002,인스웨이브,KOSDAQ,벤처기업부,-,0,,,,,,,,,14704578,KSQ,ME005
465480,KR7465480002,인스피언,KOSDAQ,벤처기업부,-,0,,,,,,,,,10137772,KSQ,ME005
950260,KR8840280000,인제니아테라퓨틱스(Reg.S),KOSDAQ,기술성장기업부,-,0,,,,,,,,,49444607,KSQ,ME005
037330,KR7037330008,인지디스플레,KOSDAQ,관리종목(소속부없음),-,0,,,,,,,,,43885224,KSQ,ME005
100030,KR7100030006,인지소프트,KOSDAQ,중견기업부,-,0,,,,,,,,,3283714,KSQ,ME005
211050,KR7211050000,인카금융서비스,KOSDAQ,우량기업부,-,0,,,,,,,,,49263657,KSQ,ME005
083640,KR7083640003,인콘,KOSDAQ,벤처기업부,-,0,,,,,,,,,4591668,KSQ,ME005
064090,KR7064090004,인크레더블버즈,KOSDAQ,관리종목(소속부없음),-,0,,,,,,,,,49742745,KSQ,ME005
216050,KR7216050005,인크로스,KOSDAQ,중견기업부,-,0,,,,,,,,,12198622,KSQ,ME005
049070,KR7049070006,인탑스,KOSDAQ,우량기업부,-,0,,,,,,,,,15742300,KSQ,ME005
119610,KR7119610004,인터로조,KOSDAQ,우량기업부,-,0,,,,,,,,,11413747,KSQ,ME005
017250,KR7017250002,인터엠,KOSDAQ,중견기업부,-,0,,,,,,,,,21045467,KSQ,ME005
051370,KR7051370005,인터플렉스,KOSDAQ,우량기업부,-,0,,,,,,,,,23327472,KSQ,ME005
064290,KR7064290000,인텍플러스,KOSDAQ,중견기업부,-,0,,,,,,,,,12957578,KSQ,ME005
189300,KR7189300007,인텔리안테크,KOSDAQ,우량기업부,-,0,,,,,,,,,10737497,KSQ,ME005
287840,KR7287840003,인투셀,KOSDAQ,기술성장기업부,-,0,,,,,,,,,15021960,KSQ,ME005
048530,KR7048530000,인트론바이오,KOSDAQ,기술성장기업부,-,0,,,,,,,,,30891758,KSQ,ME005
070590,KR7070590005,인티큐브,KOSDAQ,중견기업부,-,0,,,,,,,,,13879521,KSQ,ME005
115310,KR7115310005,인포바인,KOSDAQ,벤처기업부,-,0,,,,,,,,,14831549,KSQ,ME005
039290,KR7039290002,인포뱅크,KOSDAQ,중견기업부,-,0,,,,,,,,,8693978,KSQ,ME005
071200,KR7071200000,인피니트헬스케어,KOSDAQ,중견기업부,-,0,,,,,,,,,24396458,KSQ,ME005
101930,KR7101930006,인화정공,KOSDAQ,우량기업부,-,0,,,,,,,,,45694671,KSQ,ME005
333430,KR7333430007,일승,KOSDAQ,중견기업부,-,0,,,,,,,,,30726747,KSQ,ME005
068330,KR7068330000,일신바이오,KOSDAQ,중견기업부,-,0,,,,,,,,,44216140,KSQ,ME005
178780,KR7178780003,일월지엠엘,KOSDAQ,벤처기업부,-,0,,,,,,,,,18639195,KSQ,ME005
019540,KR7019540004,일지테크,KOSDAQ,우량기업부,-,0,,,,,,,,,13513500,KSQ,ME005
094820,KR7094820008,일진파워,KOSDAQ,우량기업부,-,0,,,,,,,,,15078709,KSQ,ME005
950140,KR8840110108,잉글우드랩,KOSDAQ,외국기업(소속부없음),-,0,,,,,,,,,19867866,KSQ,ME005
049550,KR7049550007,잉크테크,KOSDAQ,우량기업부,-,0,,,,,,,,,19606277,KSQ,ME005
389020,KR7389020009,자람테크놀로지,KOSDAQ,기술성장기업부,-,0,,,,,,,,,6905082,KSQ,ME005
254120,KR7254120009,자비스,KOSDAQ,기술성장기업부,-,0,,,,,,,,,30754270,KSQ,ME005
043910,KR7043910009,자연과환경,KOSDAQ,벤처기업부,-,0,,,,,,,,,11339145,KSQ,ME005
234920,KR7234920007,자이글,KOSDAQ,관리종목(소속부없음),-,0,,,,,,,,,13530910,KSQ,ME005
289220,KR7289220006,자이언트스텝,KOSDAQ,기술성장기업부,-,0,,,,,,,,,22312221,KSQ,ME005
049630,KR7049630007,재영솔루텍,KOSDAQ,우량기업부,-,0,,,,,,,,,23365139,KSQ,ME005
417840,KR7417840006,저스템,KOSDAQ,벤처기업부,-,0,,,,,,,,,22869381,KSQ,ME005
110020,KR7110020005,전진바이오팜,KOSDAQ,기술성장기업부,-,0,,,,,,,,,9058762,KSQ,ME005
208140,KR7208140004,정다운,KOSDAQ,우량기업부,-,0,,,,,,,,,32684246,KSQ,ME005
040420,KR7040420002,정상제이엘에스,KOSDAQ,우량기업부,-,0,,,,,,,,,15677552,KSQ,ME005
045510,KR7045510005,정원엔시스,KOSDAQ,중견기업부,-,0,,,,,,,,,31479957,KSQ,ME005
217190,KR7217190008,제너셈,KOSDAQ,벤처기업부,-,0,,,,,,,,,13153761,KSQ,ME005
095700,KR7095700001,제넥신,KOSDAQ,기술성장기업부,-,0,,,,,,,,,45540494,KSQ,ME005
122310,KR7122310006,제노레이,KOSDAQ,우량기업부,-,0,,,,,,,,,14553844,KSQ,ME005
361390,KR7361390008,제노코,KOSDAQ,벤처기업부,-,0,,,,,,,,,9736381,KSQ,ME005
225220,KR7225220003,제놀루션,KOSDAQ,벤처기업부,-,0,,,,,,,,,19190021,KSQ,ME005
123330,KR7123330003,제닉,KOSDAQ,우량기업부,-,0,,,,,,,,,7968680,KSQ,ME005
381620,KR7381620004,제닉스로보틱스,KOSDAQ,중견기업부,-,0,,,,,,,,,13117920,KSQ,ME005
159580,KR7159580000,제로투세븐,KOSDAQ,중견기업부,-,0,,,,,,,,,20032636,KSQ,ME005
147830,KR7147830004,제룡산업,KOSDAQ,벤처기업부,-,0,,,,,,,,,20000000,KSQ,ME005
033100,KR7033100009,제룡전기,KOSDAQ GLOBAL,우량기업부,-,0,,,,,,,,,16062409,KSQ,ME005
079370,KR7079370003,제우스,KOSDAQ,우량기업부,-,0,,,,,,,,,31016990,KSQ,ME005
054950,KR7054950001,제이브이엠,KOSDAQ,우량기업부,-,0,,,,,,,,,12089892,KSQ,ME005
090470,KR7090470006,제이스로보틱스,KOSDAQ,벤처기업부,-,0,,,,,,,,,17476594,KSQ,ME005
023440,KR7023440001,제이스코홀딩스,KOSDAQ,관리종목(소속부없음),-,0,,,,,,,,,90142761,KSQ,ME005
137950,KR7137950002,제이씨케미칼,KOSDAQ,우량기업부,-,0,,,,,,,,,22267814,KSQ,ME005
033320,KR7033320003,제이씨현시스템,KOSDAQ,벤처기업부,-,0,,,,,,,,,19114432,KSQ,ME005
417500,KR7417500006,제이아이테크,KOSDAQ,우량기업부,-,0,,,,,,,,,32784744,KSQ,ME005
204270,KR7204270003,제이앤티씨,KOSDAQ,중견기업부,-,0,,,,,,,,,57848466,KSQ,ME005
127120,KR7127120004,제이에스링크,KOSDAQ,벤처기업부,-,0,,,,,,,,,37191690,KSQ,ME005
026040,KR7026040006,제이에스티나,KOSDAQ,중견기업부,-,0,,,,,,,,,16503790,KSQ,ME005
452160,KR7452160005,제이엔비,KOSDAQ,중견기업부,-,0,,,,,,,,,9617527,KSQ,ME005
126880,KR7126880004,제이엔케이글로벌,KOSDAQ,우량기업부,-,0,,,,,,,,,23168123,KSQ,ME005
322510,KR7322510009,제이엘케이,KOSDAQ,기술성장기업부,-,0,,,,,,,,,25725892,KSQ,ME005
033050,KR7033050006,제이엠아이,KOSDAQ,관리종목(소속부없음),-,0,,,,,,,,,31839328,KSQ,ME005
094970,KR7094970001,제이엠티,KOSDAQ,벤처기업부,-,0,,,,,,,,,16748240,KSQ,ME005
418550,KR7418550000,제이오,KOSDAQ,기술성장기업부,-,0,,,,,,,,,32017673,KSQ,ME005
060230,KR7060230000,제이케이시냅스,KOSDAQ,중견기업부,-,0,,,,,,,,,19545218,KSQ,ME005
420570,KR7420570004,제이투케이바이오,KOSDAQ,벤처기업부,-,0,,,,,,,,,5847483,KSQ,ME005
089790,KR7089790000,제이티,KOSDAQ,벤처기업부,-,0,,,,,,,,,10315513,KSQ,ME005
0010V0,KR70010V0005,제이피아이헬스케어,KOSDAQ,벤처기업부,-,0,,,,,,,,,5105400,KSQ,ME005
412540,KR7412540007,제일엠앤에스,KOSDAQ,관리종목(소속부없음),-,0,,,,,,,,,20600665,KSQ,ME005
199820,KR7199820002,제일일렉트릭,KOSDAQ,우량기업부,-,0,,,,,,,,,22220000,KSQ,ME005
038010,KR7038010005,제일테크노스,KOSDAQ,우량기업부,-,0,,,,,,,,,9000000,KSQ,ME005
080220,KR7080220007,제주반도체,KOSDAQ,우량기업부,-,0,,,,,,,,,34442833,KSQ,ME005
216080,KR7216080002,제테마,KOSDAQ,벤처기업부,-,0,,,,,,,,,37287099,KSQ,ME005
337930,KR7337930002,젝시믹스,KOSDAQ,우량기업부,-,0,,,,,,,,,29676475,KSQ,ME005
229000,KR7229000005,젠큐릭스,KOSDAQ,기술성장기업부,-,0,,,,,,,,,23428165,KSQ,ME005
082270,KR7082270000,젬백스,KOSDAQ,벤처기업부,-,0,,,,,,,,,45480587,KSQ,ME005
153890,KR7153890009,져스텍,KOSDAQ,기술성장기업부,-,0,,,,,,,,,12050305,KSQ,ME005
034940,KR7034940007,조아제약,KOSDAQ,중견기업부,-,0,,,,,,,,,6195965,KSQ,ME005
067000,KR7067000000,조이시티,KOSDAQ,중견기업부,-,0,,,,,,,,,69903446,KSQ,ME005
309930,KR7309930006,조이웍스앤코,KOSDAQ,중견기업부,-,0,,,,,,,,,19255889,KSQ,ME005
018700,KR7018700005,졸스,KOSDAQ,투자주의환기종목(소속부없음),-,0,,,,,,,,,16722260,KSQ,ME005
033340,KR7033340001,좋은사람들,KOSDAQ,관리종목(소속부없음),-,0,,,,,,,,,96950558,KSQ,ME005
036930,KR7036930006,주성엔지니어링,KOSDAQ GLOBAL,우량기업부,-,0,,,,,,,,,46481121,KSQ,ME005
072020,KR7072020001,중앙백신,KOSDAQ,벤처기업부,-,0,,,,,,,,,9256781,KSQ,ME005
000440,KR7000440008,중앙에너비스,KOSDAQ,중견기업부,-,0,,,,,,,,,6227130,KSQ,ME005
051980,KR7051980001,중앙첨단소재,KOSDAQ,중견기업부,-,0,,,,,,,,,111091709,KSQ,ME005
221800,KR7221800006,지구홀딩스,KOSDAQ,투자주의환기종목(소속부없음),-,0,,,,,,,,,16318851,KSQ,ME005
228760,KR7228760005,지노믹트리,KOSDAQ,기술성장기업부,-,0,,,,,,,,,24859202,KSQ,ME005
314130,KR7314130006,지놈앤컴퍼니,KOSDAQ,기술성장기업부,-,0,,,,,,,,,52299425,KSQ,ME005
389030,KR7389030008,지니너스,KOSDAQ,기술성장기업부,-,0,,,,,,,,,39392271,KSQ,ME005
263860,KR7263860009,지니언스,KOSDAQ,벤처기업부,-,0,,,,,,,,,9079600,KSQ,ME005
303030,KR7303030001,지니틱스,KOSDAQ,관리종목(소속부없음),-,0,,,,,,,,,9157476,KSQ,ME005
208350,KR7208350009,지란지교시큐리티,KOSDAQ,벤처기업부,-,0,,,,,,,,,8101570,KSQ,ME005
446840,KR7446840001,지슨,KOSDAQ,기술성장기업부,-,0,,,,,,,,,11016616,KSQ,ME005
144510,KR7144510005,지씨셀,KOSDAQ,중견기업부,-,0,,,,,,,,,15800344,KSQ,ME005
340450,KR7340450006,지씨지놈,KOSDAQ,기술성장기업부,-,0,,,,,,,,,23650793,KSQ,ME005
306620,KR7306620006,지아이에스,KOSDAQ,벤처기업부,-,0,,,,,,,,,47942184,KSQ,ME005
358570,KR7358570000,지아이이노베이션,KOSDAQ,기술성장기업부,-,0,,,,,,,,,64516006,KSQ,ME005
382480,KR7382480002,지아이텍,KOSDAQ,벤처기업부,-,0,,,,,,,,,39357140,KSQ,ME005
382800,KR7382800001,지앤비에스 에코,KOSDAQ,우량기업부,-,0,,,,,,,,,31831041,KSQ,ME005
051160,KR7051160000,지어소프트,KOSDAQ,중견기업부,-,0,,,,,,,,,15474430,KSQ,ME005
053050,KR7053050001,지에스이,KOSDAQ,우량기업부,-,0,,,,,,,,,29987597,KSQ,ME005
388610,KR7388610008,지에프씨생명과학,KOSDAQ,기술성장기업부,-,0,,,,,,,,,5325383,KSQ,ME005
493330,KR7493330005,지에프아이,KOSDAQ,벤처기업부,-,0,,,,,,,,,8039513,KSQ,ME005
119850,KR7119850006,지엔씨에너지,KOSDAQ,우량기업부,-,0,,,,,,,,,16448909,KSQ,ME005
065060,KR7065060006,지엔코,KOSDAQ,중견기업부,-,0,,,,,,,,,5990386,KSQ,ME005
204840,KR7204840003,지엘팜텍,KOSDAQ,기술성장기업부,-,0,,,,,,,,,15509801,KSQ,ME005
311320,KR7311320006,지오엘리먼트,KOSDAQ,기술성장기업부,-,0,,,,,,,,,12614560,KSQ,ME005
456160,KR7456160001,지투지바이오,KOSDAQ,기술성장기업부,-,0,,,,,,,,,16629426,KSQ,ME005
388050,KR7388050007,지투파워,KOSDAQ,우량기업부,-,0,,,,,,,,,18709437,KSQ,ME005
018120,KR7018120006,진로발효,KOSDAQ,우량기업부,-,0,,,,,,,,,6621120,KSQ,ME005
109820,KR7109820001,진매트릭스,KOSDAQ,기술성장기업부,-,0,,,,,,,,,20393640,KSQ,ME005
086060,KR7086060001,진바이오텍,KOSDAQ,중견기업부,-,0,,,,,,,,,8610587,KSQ,ME005
036890,KR7036890002,진성티이씨,KOSDAQ,우량기업부,-,0,,,,,,,,,22032623,KSQ,ME005
363250,KR7363250002,진시스템,KOSDAQ,기술성장기업부,-,0,,,,,,,,,8508382,KSQ,ME005
007370,KR7007370000,진양제약,KOSDAQ,우량기업부,-,0,,,,,,,,,14134587,KSQ,ME005
285800,KR7285800009,진영,KOSDAQ,벤처기업부,-,0,,,,,,,,,3593782,KSQ,ME005
085660,KR7085660009,차바이오텍,KOSDAQ,중견기업부,-,0,,,,,,,,,92972846,KSQ,ME005
351870,KR7351870001,차이커뮤니케이션,KOSDAQ,중견기업부,-,0,,,,,,,,,11160642,KSQ,ME005
094850,KR7094850005,참좋은여행,KOSDAQ,우량기업부,-,0,,,,,,,,,14000000,KSQ,ME005
004650,KR7004650008,창해에탄올,KOSDAQ,우량기업부,-,0,,,,,,,,,9190885,KSQ,ME005
0011T0,KR70011T0008,채비,KOSDAQ,기술성장기업부,-,0,,,,,,,,,46949591,KSQ,ME005
278280,KR7278280003,천보,KOSDAQ,중견기업부,-,0,,,,,,,,,12253025,KSQ,ME005
362320,KR7362320004,청담글로벌,KOSDAQ,중견기업부,-,0,,,,,,,,,20692917,KSQ,ME005
013720,KR7013720008,청보,KOSDAQ,중견기업부,-,0,,,,,,,,,12165628,KSQ,ME005
066360,KR7066360009,체리부로,KOSDAQ,우량기업부,-,0,,,,,,,,,23976007,KSQ,ME005
047820,KR7047820006,초록뱀미디어,KOSDAQ,중견기업부,-,0,,,,,,,,,24453930,KSQ,ME005
291650,KR7291650000,츌립앤사이언스,KOSDAQ,기술성장기업부,-,0,,,,,,,,,30519621,KSQ,ME005
094360,KR7094360005,칩스앤미디어,KOSDAQ,벤처기업부,-,0,,,,,,,,,21355274,KSQ,ME005
0082N0,KR70082N0008,카나프테라퓨틱스,KOSDAQ,기술성장기업부,-,0,,,,,,,,,13300580,KSQ,ME005
016920,KR7016920001,카스,KOSDAQ,중견기업부,-,0,,,,,,,,,25698732,KSQ,ME005
284620,KR7284620002,카이노스메드,KOSDAQ,투자주의환기종목(소속부없음),-,0,,,,,,,,,33086953,KSQ,ME005
293490,KR7293490009,카카오게임즈,KOSDAQ GLOBAL,중견기업부,-,0,,,,,,,,,106745265,KSQ,ME005
140430,KR7140430000,카티스,KOSDAQ,중견기업부,-,0,,,,,,,,,10689507,KSQ,ME005
042000,KR7042000000,카페24,KOSDAQ,우량기업부,-,0,,,,,,,,,24178169,KSQ,ME005
313760,KR7313760001,캐리,KOSDAQ,관리종목(소속부없음),-,0,,,,,,,,,11207186,KSQ,ME005
071850,KR7071850002,캐스텍코리아,KOSDAQ,투자주의환기종목(소속부없음),-,0,,,,,,,,,24260938,KSQ,ME005
198080,KR7198080004,캐프,KOSDAQ,우량기업부,-,0,,,,,,,,,21535185,KSQ,ME005
210120,KR7210120002,캔버스엔,KOSDAQ,중견기업부,-,0,,,,,,,,,9694991,KSQ,ME005
050110,KR7050110006,캠시스,KOSDAQ,중견기업부,-,0,,,,,,,,,29224823,KSQ,ME005
452300,KR7452300007,캡스톤파트너스,KOSDAQ,중견기업부,-,0,,,,,,,,,14169505,KSQ,ME005
451760,KR7451760003,컨텍,KOSDAQ,기술성장기업부,-,0,,,,,,,,,16507774,KSQ,ME005
900310,HK0000341732,컬러레이,KOSDAQ,외국기업(소속부없음),-,0,,,,,,,,,12808335,KSQ,ME005
078340,KR7078340007,컴투스,KOSDAQ GLOBAL,중견기업부,-,0,,,,,,,,,12091313,KSQ,ME005
291230,KR7291230001,컴투스엔,KOSDAQ,중견기업부,-,0,,,,,,,,,24011231,KSQ,ME005
063080,KR7063080006,컴투스홀딩스,KOSDAQ,중견기업부,-,0,,,,,,,,,6595192,KSQ,ME005
307930,KR7307930008,컴퍼니케이,KOSDAQ,중견기업부,-,0,,,,,,,,,15610000,KSQ,ME005
079190,KR7079190005,케스피온,KOSDAQ,관리종목(소속부없음),-,0,,,,,,,,,9588878,KSQ,ME005
263700,KR7263700007,케어랩스,KOSDAQ,중견기업부,-,0,,,,,,,,,19414200,KSQ,ME005
214370,KR7214370009,케어젠,KOSDAQ,벤처기업부,-,0,,,,,,,,,53715000,KSQ,ME005
221980,KR7221980006,케이디켐,KOSDAQ,우량기업부,-,0,,,,,,,,,4034800,KSQ,ME005
038530,KR7038530002,케이바이오랩스,KOSDAQ,중견기업부,-,0,,,,,,,,,5178024,KSQ,ME005
192250,KR7192250009,케이사인,KOSDAQ,벤처기업부,-,0,,,,,,,,,7067125,KSQ,ME005
431190,KR7431190008,케이쓰리아이,KOSDAQ,기술성장기업부,-,0,,,,,,,,,7486442,KSQ,ME005
115500,KR7115500001,케이씨에스,KOSDAQ,중견기업부,-,0,,,,,,,,,12000000,KSQ,ME005
089150,KR7089150007,케이씨티,KOSDAQ,벤처기업부,-,0,,,,,,,,,17150000,KSQ,ME005
025880,KR7025880006,케이씨피드,KOSDAQ,우량기업부,-,0,,,,,,,,,16715858,KSQ,ME005
093320,KR7093320000,케이아이엔엑스,KOSDAQ,우량기업부,-,0,,,,,,,,,4880000,KSQ,ME005
093640,KR7093640001,케이알엠,KOSDAQ,벤처기업부,-,0,,,,,,,,,32843716,KSQ,ME005
487400,KR7487400004,케이앤에스아이앤씨,KOSDAQ,기술성장기업부,-,0,,,,,,,,,10260882,KSQ,ME005
073010,KR7073010001,케이에스피,KOSDAQ,우량기업부,-,0,,,,,,,,,40191250,KSQ,ME005
105330,KR7105330005,케이엔더블유,KOSDAQ,중견기업부,-,0,,,,,,,,,16019520,KSQ,ME005
053080,KR7053080008,케이엔솔,KOSDAQ,중견기업부,-,0,,,,,,,,,12999807,KSQ,ME005
199430,KR7199430000,케이엔알시스템,KOSDAQ,기술성장기업부,-,0,,,,,,,,,11197043,KSQ,ME005
432470,KR7432470003,케이엔에스,KOSDAQ,벤처기업부,-,0,,,,,,,,,8771556,KSQ,ME005
272110,KR7272110008,케이엔제이,KOSDAQ,우량기업부,-,0,,,,,,,,,8025395,KSQ,ME005
039420,KR7039420005,케이엘넷,KOSDAQ,중견기업부,-,0,,,,,,,,,22946994,KSQ,ME005
083550,KR7083550004,케이엠,KOSDAQ,중견기업부,-,0,,,,,,,,,13556165,KSQ,ME005
032500,KR7032500001,케이엠더블유,KOSDAQ,중견기업부,-,0,,,,,,,,,42191701,KSQ,ME005
225430,KR7225430008,케이엠제약,KOSDAQ,관리종목(소속부없음),-,0,,,,,,,,,6485675,KSQ,ME005
102370,KR7102370004,케이옥션,KOSDAQ,기술성장기업부,-,0,,,,,,,,,25888290,KSQ,ME005
068100,KR7068100007,케이웨더,KOSDAQ,기술성장기업부,-,0,,,,,,,,,11927536,KSQ,ME005
106080,KR7106080005,케이이엠텍,KOSDAQ,관리종목(소속부없음),-,0,,,,,,,,,5761817,KSQ,ME005
455180,KR7455180000,케이지에이,KOSDAQ,벤처기업부,-,0,,,,,,,,,14708935,KSQ,ME005
036030,KR7036030005,케이티알파,KOSDAQ,우량기업부,-,0,,,,,,,,,49019141,KSQ,ME005
064820,KR7064820004,케이프,KOSDAQ,우량기업부,-,0,,,,,,,,,30860215,KSQ,ME005
024880,KR7024880007,케이피에프,KOSDAQ,우량기업부,-,0,,,,,,,,,19941624,KSQ,ME005
042040,KR7042040006,케이피엠테크,KOSDAQ,중견기업부,-,0,,,,,,,,,8670991,KSQ,ME005
054410,KR7054410006,케이피티유,KOSDAQ,중견기업부,-,0,,,,,,,,,5726444,KSQ,ME005
288180,KR7288180003,케이피항공산업,KOSDAQ,중견기업부,-,0,,,,,,,,,7393262,KSQ,ME005
258610,KR7258610005,케일럼,KOSDAQ,중견기업부,-,0,,,,,,,,,36485063,KSQ,ME005
274090,KR7274090000,켄코아에어로스페이스,KOSDAQ,기술성장기업부,-,0,,,,,,,,,13774207,KSQ,ME005
089010,KR7089010003,켐트로닉스,KOSDAQ,우량기업부,-,0,,,,,,,,,16770027,KSQ,ME005
220260,KR7220260004,켐트로스,KOSDAQ,벤처기업부,-,0,,,,,,,,,32072055,KSQ,ME005
052400,KR7052400009,코나아이,KOSDAQ GLOBAL,우량기업부,-,0,,,,,,,,,14563291,KSQ,ME005
402030,KR7402030001,코난테크놀로지,KOSDAQ,기술성장기업부,-,0,,,,,,,,,12517488,KSQ,ME005
391710,KR7391710001,코닉오토메이션,KOSDAQ,벤처기업부,-,0,,,,,,,,,42620470,KSQ,ME005
047770,KR7047770003,코데즈컴바인,KOSDAQ,중견기업부,-,0,,,,,,,,,37842602,KSQ,ME005
080530,KR7080530009,코디,KOSDAQ,중견기업부,-,0,,,,,,,,,11071684,KSQ,ME005
104540,KR7104540000,코렌텍,KOSDAQ,기술성장기업부,-,0,,,,,,,,,13407410,KSQ,ME005
027050,KR7027050004,코리아나,KOSDAQ,중견기업부,-,0,,,,,,,,,40000000,KSQ,ME005
190650,KR7190650002,코리아에셋투자증권,KOSDAQ,우량기업부,-,0,,,,,,,,,6388000,KSQ,ME005
123410,KR7123410003,코리아에프티,KOSDAQ,우량기업부,-,0,,,,,,,,,27841064,KSQ,ME005
036690,KR7036690006,코맥스,KOSDAQ,관리종목(소속부없음),-,0,,,,,,,,,43567455,KSQ,ME005
049430,KR7049430002,코메론,KOSDAQ,우량기업부,-,0,,,,,,,,,9048000,KSQ,ME005
183300,KR7183300003,코미코,KOSDAQ,우량기업부,-,0,,,,,,,,,51363275,KSQ,ME005
041960,KR7041960006,코미팜,KOSDAQ,벤처기업부,-,0,,,,,,,,,74618201,KSQ,ME005
089890,KR7089890008,코세스,KOSDAQ,우량기업부,-,0,,,,,,,,,16584962,KSQ,ME005
360350,KR7360350003,코셈,KOSDAQ,기술성장기업부,-,0,,,,,,,,,5437970,KSQ,ME005
043710,KR7043710003,코스리거글로벌,KOSDAQ,중견기업부,-,0,,,,,,,,,17312502,KSQ,ME005
222040,KR7222040008,코스맥스엔비티,KOSDAQ,중견기업부,-,0,,,,,,,,,20628000,KSQ,ME005
241710,KR7241710003,코스메카코리아,KOSDAQ GLOBAL,우량기업부,-,0,,,,,,,,,10680000,KSQ,ME005
439960,KR7439960006,코스모로보틱스,KOSDAQ,기술성장기업부,-,0,,,,,,,,,32450626,KSQ,ME005
355150,KR7355150004,코스텍시스,KOSDAQ,벤처기업부,-,0,,,,,,,,,7797350,KSQ,ME005
166480,KR7166480004,코아스템켐온,KOSDAQ,벤처기업부,-,0,,,,,,,,,52870376,KSQ,ME005
045970,KR7045970001,코아시아,KOSDAQ,중견기업부,-,0,,,,,,,,,26314876,KSQ,ME005
196450,KR7196450001,코아시아씨엠,KOSDAQ,중견기업부,-,0,,,,,,,,,9064000,KSQ,ME005
384470,KR7384470001,코어라인소프트,KOSDAQ,기술성장기업부,-,0,,,,,,,,,17946692,KSQ,ME005
102940,KR7102940004,코오롱생명과학,KOSDAQ,중견기업부,-,0,,,,,,,,,13090603,KSQ,ME005
950160,KR8840120008,코오롱티슈진,KOSDAQ,외국기업(소속부없음),-,0,,,,,,,,,84970160,KSQ,ME005
056360,KR7056360001,코위버,KOSDAQ,벤처기업부,-,0,,,,,,,,,9796800,KSQ,ME005
282880,KR7282880004,코윈로보틱스,KOSDAQ,우량기업부,-,0,,,,,,,,,11694082,KSQ,ME005
448710,KR7448710004,코츠테크놀로지,KOSDAQ,벤처기업부,-,0,,,,,,,,,5285292,KSQ,ME005
126730,KR7126730001,코칩,KOSDAQ,벤처기업부,-,0,,,,,,,,,8770126,KSQ,ME005
015710,KR7015710007,코콤,KOSDAQ,우량기업부,-,0,,,,,,,,,17530500,KSQ,ME005
052330,KR7052330008,코텍,KOSDAQ,우량기업부,-,0,,,,,,,,,17761589,KSQ,ME005
322780,KR7322780008,코퍼스코리아,KOSDAQ,중견기업부,-,0,,,,,,,,,15009064,KSQ,ME005
215380,KR7215380007,콜마바이오텍,KOSDAQ,중견기업부,-,0,,,,,,,,,16829576,KSQ,ME005
200130,KR7200130003,콜마비앤에이치,KOSDAQ GLOBAL,우량기업부,-,0,,,,,,,,,28775558,KSQ,ME005
294570,KR7294570007,쿠콘,KOSDAQ,우량기업부,-,0,,,,,,,,,10091732,KSQ,ME005
464490,KR7464490002,쿼드메디슨,KOSDAQ,기술성장기업부,-,0,,,,,,,,,11507963,KSQ,ME005
317690,KR7317690006,퀀타매트릭스,KOSDAQ,기술성장기업부,-,0,,,,,,,,,20135029,KSQ,ME005
070300,KR7070300009,퀀텀레일,KOSDAQ,벤처기업부,-,0,,,,,,,,,35524729,KSQ,ME005
432720,KR7432720001,퀄리타스반도체,KOSDAQ,기술성장기업부,-,0,,,,,,,,,14187572,KSQ,ME005
365270,KR7365270008,큐라클,KOSDAQ,기술성장기업부,-,0,,,,,,,,,22156992,KSQ,ME005
348080,KR7348080003,큐라티스,KOSDAQ,중견기업부,-,0,,,,,,,,,12827753,KSQ,ME005
060280,KR7060280005,큐렉소,KOSDAQ,중견기업부,-,0,,,,,,,,,41259790,KSQ,ME005
372320,KR7372320002,큐로셀,KOSDAQ,기술성장기업부,-,0,,,,,,,,,15227152,KSQ,ME005
051780,KR7051780005,큐로홀딩스,KOSDAQ,중견기업부,-,0,,,,,,,,,7600024,KSQ,ME005
115180,KR7115180002,큐리언트,KOSDAQ,벤처기업부,-,0,,,,,,,,,37534151,KSQ,ME005
494120,KR7494120009,큐리오시스,KOSDAQ,기술성장기업부,-,0,,,,,,,,,15259764,KSQ,ME005
445680,KR7445680002,큐리옥스바이오시스템즈,KOSDAQ,기술성장기업부,-,0,,,,,,,,,17224699,KSQ,ME005
182360,KR7182360008,큐브엔터,KOSDAQ,우량기업부,-,0,,,,,,,,,15544586,KSQ,ME005
405100,KR7405100009,큐알티,KOSDAQ,중견기업부,-,0,,,,,,,,,12289301,KSQ,ME005
066310,KR7066310004,큐에스아이,KOSDAQ,벤처기업부,-,0,,,,,,,,,9271621,KSQ,ME005
377460,KR7377460001,큐에이드,KOSDAQ,관리종목(소속부없음),-,0,,,,,,,,,62055687,KSQ,ME005
016600,KR7016600009,큐캐피탈,KOSDAQ,중견기업부,-,0,,,,,,,,,13961601,KSQ,ME005
355390,KR7355390006,크라우드웍스,KOSDAQ,기술성장기업부,-,0,,,,,,,,,15874344,KSQ,ME005
096240,KR7096240007,크레버스,KOSDAQ,우량기업부,-,0,,,,,,,,,10238180,KSQ,ME005
040350,KR7040350001,크레오에스지,KOSDAQ,벤처기업부,-,0,,,,,,,,,19856196,KSQ,ME005
110790,KR7110790003,크리스에프앤씨,KOSDAQ,우량기업부,-,0,,,,,,,,,23430960,KSQ,ME005
900250,KYG2115T1076,크리스탈신소재,KOSDAQ,외국기업(소속부없음),-,0,,,,,,,,,35815001,KSQ,ME005
045520,KR7045520004,크린앤사이언스,KOSDAQ,관리종목(소속부없음),-,0,,,,,,,,,6500000,KSQ,ME005
214150,KR7214150005,클래시스,KOSDAQ GLOBAL,우량기업부,-,0,,,,,,,,,65235659,KSQ,ME005
466100,KR7466100005,클로봇,KOSDAQ,기술성장기업부,-,0,,,,,,,,,30953739,KSQ,ME005
237880,KR7237880000,클리오,KOSDAQ,우량기업부,-,0,,,,,,,,,18071353,KSQ,ME005
139670,KR7139670004,키네마스터,KOSDAQ,중견기업부,-,0,,,,,,,,,14118810,KSQ,ME005
475430,KR7475430005,키스트론,KOSDAQ,중견기업부,-,0,,,,,,,,,17848110,KSQ,ME005
487720,KR7487720005,키움제10호스팩,KOSDAQ,SPAC(소속부없음),-,0,,,,,,,,,4230000,KSQ,ME005
489480,KR7489480004,키움제11호스팩,KOSDAQ,SPAC(소속부없음),-,0,,,,,,,,,6600000,KSQ,ME005
466690,KR7466690005,키움히어로제1호스팩,KOSDAQ,SPAC(소속부없음),-,0,,,,,,,,,5095000,KSQ,ME005
0131D0,KR70131D0001,키움히어로제2호스팩,KOSDAQ,SPAC(소속부없음),-,0,,,,,,,,,6310000,KSQ,ME005
054780,KR7054780002,키이스트,KOSDAQ,중견기업부,-,0,,,,,,,,,19657793,KSQ,ME005
256940,KR7256940008,킵스파마,KOSDAQ,벤처기업부,-,0,,,,,,,,,20078147,KSQ,ME005
219130,KR7219130002,타이거일렉,KOSDAQ,벤처기업부,-,0,,,,,,,,,6314290,KSQ,ME005
336680,KR7336680004,탑런토탈솔루션,KOSDAQ,중견기업부,-,0,,,,,,,,,39145558,KSQ,ME005
360070,KR7360070007,탑머티리얼,KOSDAQ,중견기업부,-,0,,,,,,,,,8192043,KSQ,ME005
065130,KR7065130007,탑엔지니어링,KOSDAQ,중견기업부,-,0,,,,,,,,,16004000,KSQ,ME005
134580,KR7134580000,탑코미디어,KOSDAQ,중견기업부,-,0,,,,,,,,,49294149,KSQ,ME005
023160,KR7023160005,태광,KOSDAQ GLOBAL,우량기업부,-,0,,,,,,,,,25867242,KSQ,ME005
323280,KR7323280008,태성,KOSDAQ,중견기업부,-,0,,,,,,,,,30537980,KSQ,ME005
053620,KR7053620001,태양,KOSDAQ,우량기업부,-,0,,,,,,,,,8600000,KSQ,ME005
044490,KR7044490001,태웅,KOSDAQ,우량기업부,-,0,,,,,,,,,20007381,KSQ,ME005
124560,KR7124560004,태웅로직스,KOSDAQ,우량기업부,-,0,,,,,,,,,38720811,KSQ,ME005
191420,KR7191420009,테고사이언스,KOSDAQ,벤처기업부,-,0,,,,,,,,,8108834,KSQ,ME005
950250,KR8826050005,테라뷰,KOSDAQ,기술성장기업부,-,0,,,,,,,,,35696932,KSQ,ME005
073640,KR7073640005,테라사이언스,KOSDAQ,관리종목(소속부없음),-,0,,,,,,,,,116378770,KSQ,ME005
066700,KR7066700006,테라젠이텍스,KOSDAQ,중견기업부,-,0,,,,,,,,,37152376,KSQ,ME005
095610,KR7095610002,테스,KOSDAQ GLOBAL,우량기업부,-,0,,,,,,,,,19360000,KSQ,ME005
064520,KR7064520000,테크엘,KOSDAQ,중견기업부,-,0,,,,,,,,,22351062,KSQ,ME005
089030,KR7089030001,테크윙,KOSDAQ,중견기업부,-,0,,,,,,,,,37053645,KSQ,ME005
054450,KR7054450002,텔레칩스,KOSDAQ,중견기업부,-,0,,,,,,,,,15144233,KSQ,ME005
200230,KR7200230001,텔콘RF제약,KOSDAQ,중견기업부,-,0,,,,,,,,,9482269,KSQ,ME005
393210,KR7393210000,토마토시스템,KOSDAQ,기술성장기업부,-,0,,,,,,,,,15614544,KSQ,ME005
475960,KR7475960001,토모큐브,KOSDAQ,기술성장기업부,-,0,,,,,,,,,13476174,KSQ,ME005
215480,KR7215480005,토박스코리아,KOSDAQ,중견기업부,-,0,,,,,,,,,10740000,KSQ,ME005
051360,KR7051360006,토비스,KOSDAQ,우량기업부,-,0,,,,,,,,,9641668,KSQ,ME005
045340,KR7045340007,토탈소프트,KOSDAQ,벤처기업부,-,0,,,,,,,,,8558040,KSQ,ME005
108230,KR7108230004,톱텍,KOSDAQ,우량기업부,-,0,,,,,,,,,38023245,KSQ,ME005
079970,KR7079970000,투비소프트,KOSDAQ,관리종목(소속부없음),-,0,,,,,,,,,12829234,KSQ,ME005
199800,KR7199800004,툴젠,KOSDAQ,기술성장기업부,-,0,,,,,,,,,8997629,KSQ,ME005
417790,KR7417790003,트루엔,KOSDAQ,벤처기업부,-,0,,,,,,,,,10468391,KSQ,ME005
290090,KR7290090000,트윔,KOSDAQ,벤처기업부,-,0,,,,,,,,,7440568,KSQ,ME005
026150,KR7026150003,특수건설,KOSDAQ,중견기업부,-,0,,,,,,,,,17546331,KSQ,ME005
464280,KR7464280007,티디에스팜,KOSDAQ,중견기업부,-,0,,,,,,,,,5530000,KSQ,ME005
117730,KR7117730002,티로보틱스,KOSDAQ,벤처기업부,-,0,,,,,,,,,22558043,KSQ,ME005
033830,KR7033830001,티비씨,KOSDAQ,중견기업부,-,0,,,,,,,,,18907130,KSQ,ME005
057680,KR7057680001,티사이언티픽,KOSDAQ,벤처기업부,-,0,,,,,,,,,15792909,KSQ,ME005
204610,KR7204610000,티쓰리,KOSDAQ,벤처기업부,-,0,,,,,,,,,55726220,KSQ,ME005
125020,KR7125020008,티씨머티리얼즈,KOSDAQ,중견기업부,-,0,,,,,,,,,35038550,KSQ,ME005
064760,KR7064760002,티씨케이,KOSDAQ GLOBAL,우량기업부,-,0,,,,,,,,,11179416,KSQ,ME005
246710,KR7246710008,티앤알바이오팹,KOSDAQ,기술성장기업부,-,0,,,,,,,,,47664504,KSQ,ME005
340570,KR7340570001,티앤엘,KOSDAQ,우량기업부,-,0,,,,,,,,,16070120,KSQ,ME005
043220,KR7043220003,티에스넥스젠,KOSDAQ,관리종목(소속부없음),-,0,,,,,,,,,16486023,KSQ,ME005
277880,KR7277880001,티에스아이,KOSDAQ,우량기업부,-,0,,,,,,,,,19843212,KSQ,ME005
131290,KR7131290009,티에스이,KOSDAQ,우량기업부,-,0,,,,,,,,,11061429,KSQ,ME005
425420,KR7425420007,티에프이,KOSDAQ,우량기업부,-,0,,,,,,,,,12347181,KSQ,ME005
484810,KR7484810007,티엑스알로보틱스,KOSDAQ,벤처기업부,-,0,,,,,,,,,15450915,KSQ,ME005
131100,KR7131100000,티엔엔터테인먼트,KOSDAQ,중견기업부,-,0,,,,,,,,,6449344,KSQ,ME005
356860,KR7356860007,티엘비,KOSDAQ,우량기업부,-,0,,,,,,,,,23701260,KSQ,ME005
321550,KR7321550006,티움바이오,KOSDAQ,기술성장기업부,-,0,,,,,,,,,30038475,KSQ,ME005
425040,KR7425040003,티이엠씨,KOSDAQ,우량기업부,-,0,,,,,,,,,21922898,KSQ,ME005
241790,KR7241790005,티이엠씨씨엔에스,KOSDAQ,우량기업부,-,0,,,,,,,,,10002634,KSQ,ME005
022220,KR7022220008,티케이지애강,KOSDAQ,관리종목(소속부없음),-,0,,,,,,,,,51794579,KSQ,ME005
104480,KR7104480009,티케이케미칼,KOSDAQ,중견기업부,-,0,,,,,,,,,90895434,KSQ,ME005
081150,KR7081150005,티플랙스,KOSDAQ,중견기업부,-,0,,,,,,,,,24268402,KSQ,ME005
130740,KR7130740004,티피씨글로벌,KOSDAQ,중견기업부,-,0,,,,,,,,,11276679,KSQ,ME005
084730,KR7084730001,팅크웨어,KOSDAQ,중견기업부,-,0,,,,,,,,,11109424,KSQ,ME005
440110,KR7440110005,파두,KOSDAQ,기술성장기업부,-,0,,,,,,,,,50111027,KSQ,ME005
290560,KR7290560002,파라택시스이더리움,KOSDAQ,벤처기업부,-,0,,,,,,,,,22362730,KSQ,ME005
288330,KR7288330004,파라택시스코리아,KOSDAQ,관리종목(소속부없음),-,0,,,,,,,,,106080948,KSQ,ME005
033540,KR7033540006,파라텍,KOSDAQ,중견기업부,-,0,,,,,,,,,10449266,KSQ,ME005
388870,KR7388870008,파로스아이바이오,KOSDAQ,기술성장기업부,-,0,,,,,,,,,12945932,KSQ,ME005
043200,KR7043200005,파루,KOSDAQ,벤처기업부,-,0,,,,,,,,,20902157,KSQ,ME005
214450,KR7214450009,파마리서치,KOSDAQ GLOBAL,우량기업부,-,0,,,,,,,,,10389648,KSQ,ME005
177830,KR7177830007,파버나인,KOSDAQ,벤처기업부,-,0,,,,,,,,,11325993,KSQ,ME005
037070,KR7037070000,파세코,KOSDAQ,중견기업부,-,0,,,,,,,,,20000000,KSQ,ME005
150900,KR7150900009,파수AI,KOSDAQ,벤처기업부,-,0,,,,,,,,,11703922,KSQ,ME005
037030,KR7037030004,파워넷,KOSDAQ,우량기업부,-,0,,,,,,,,,25512992,KSQ,ME005
047310,KR7047310008,파워로직스,KOSDAQ,우량기업부,-,0,,,,,,,,,36610755,KSQ,ME005
368770,KR7368770004,파이버프로,KOSDAQ,벤처기업부,-,0,,,,,,,,,32854225,KSQ,ME005
170790,KR7170790000,파이오링크,KOSDAQ,우량기업부,-,0,,,,,,,,,6397335,KSQ,ME005
900100,USU652221081,파이온엑스,KOSDAQ,관리종목(소속부없음),-,0,,,,,,,,,5276050,KSQ,ME005
049120,KR7049120009,파인디앤씨,KOSDAQ,벤처기업부,-,0,,,,,,,,,10601663,KSQ,ME005
038950,KR7038950002,파인디지털,KOSDAQ,중견기업부,-,0,,,,,,,,,10210765,KSQ,ME005
387570,KR7387570005,파인메딕스,KOSDAQ,기술성장기업부,-,0,,,,,,,,,5625900,KSQ,ME005
441270,KR7441270006,파인엠텍,KOSDAQ,벤처기업부,-,0,,,,,,,,,42292525,KSQ,ME005
106240,KR7106240005,파인테크닉스,KOSDAQ,벤처기업부,-,0,,,,,,,,,26581914,KSQ,ME005
131760,KR7131760001,파인텍,KOSDAQ,관리종목(소속부없음),-,0,,,,,,,,,8686316,KSQ,ME005
065690,KR7065690000,파커스,KOSDAQ,투자주의환기종목(소속부없음),-,0,,,,,,,,,12014507,KSQ,ME005
140860,KR7140860008,파크시스템스,KOSDAQ GLOBAL,우량기업부,-,0,,,,,,,,,7002469,KSQ,ME005
091700,KR7091700005,파트론,KOSDAQ,우량기업부,-,0,,,,,,,,,50000000,KSQ,ME005
032800,KR7032800005,판타지오,KOSDAQ,중견기업부,-,0,,,,,,,,,15107024,KSQ,ME005
318010,KR7318010006,팜스빌,KOSDAQ,벤처기업부,-,0,,,,,,,,,7929338,KSQ,ME005
027710,KR7027710003,팜스토리,KOSDAQ,우량기업부,-,0,,,,,,,,,111416600,KSQ,ME005
225590,KR7225590009,패션플랫폼,KOSDAQ,관리종목(소속부없음),-,0,,,,,,,,,5121376,KSQ,ME005
054300,KR7054300009,팬스타엔터프라이즈,KOSDAQ,벤처기업부,-,0,,,,,,,,,58170945,KSQ,ME005
068050,KR7068050004,팬엔터테인먼트,KOSDAQ,중견기업부,-,0,,,,,,,,,27694076,KSQ,ME005
222110,KR7222110009,팬젠,KOSDAQ,기술성장기업부,-,0,,,,,,,,,13514509,KSQ,ME005
271830,KR7271830002,팸텍,KOSDAQ,벤처기업부,-,0,,,,,,,,,29490202,KSQ,ME005
263750,KR7263750002,펄어비스,KOSDAQ,우량기업부,-,0,,,,,,,,,62843910,KSQ,ME005
251970,KR7251970000,펌텍코리아,KOSDAQ GLOBAL,우량기업부,-,0,,,,,,,,,12400000,KSQ,ME005
187660,KR7187660006,페니트리움바이오,KOSDAQ,중견기업부,-,0,,,,,,,,,63966253,KSQ,ME005
0015S0,KR70015S0005,페스카로,KOSDAQ,기술성장기업부,-,0,,,,,,,,,9866730,KSQ,ME005
168360,KR7168360006,펨트론,KOSDAQ,벤처기업부,-,0,,,,,,,,,22392557,KSQ,ME005
087010,KR7087010005,펩트론,KOSDAQ,기술성장기업부,-,0,,,,,,,,,23317350,KSQ,ME005
064800,KR7064800006,포니링크,KOSDAQ,중견기업부,-,0,,,,,,,,,25561459,KSQ,ME005
119500,KR7119500007,포메탈,KOSDAQ,중견기업부,-,0,,,,,,,,,11847232,KSQ,ME005
389140,KR7389140005,포바이포,KOSDAQ,벤처기업부,-,0,,,,,,,,,14269735,KSQ,ME005
105760,KR7105760003,포스뱅크,KOSDAQ,우량기업부,-,0,,,,,,,,,10190887,KSQ,ME005
009520,KR7009520008,포스코엠텍,KOSDAQ GLOBAL,중견기업부,-,0,,,,,,,,,41642703,KSQ,ME005
189690,KR7189690001,포시에스,KOSDAQ,벤처기업부,-,0,,,,,,,,,27321969,KSQ,ME005
318020,KR7318020005,포인트모바일,KOSDAQ,벤처기업부,-,0,,,,,,,,,12301272,KSQ,ME005
256630,KR7256630005,포인트엔지니어링,KOSDAQ,벤처기업부,-,0,,,,,,,,,11599414,KSQ,ME005
331380,KR7331380006,포커스에이아이,KOSDAQ,투자주의환기종목(소속부없음),-,0,,,,,,,,,36960227,KSQ,ME005
208710,KR7208710004,포톤,KOSDAQ,중견기업부,-,0,,,,,,,,,13180132,KSQ,ME005
472850,KR7472850007,폰드그룹,KOSDAQ,중견기업부,-,0,,,,,,,,,57571652,KSQ,ME005
039980,KR7039980008,폴라리스AI,KOSDAQ,중견기업부,-,0,,,,,,,,,14381214,KSQ,ME005
041910,KR7041910001,폴라리스AI파마,KOSDAQ,우량기업부,-,0,,,,,,,,,13283350,KSQ,ME005
220180,KR7220180004,폴라리스AI핸디,KOSDAQ,벤처기업부,-,0,,,,,,,,,23930842,KSQ,ME005
234100,KR7234100006,폴라리스세원,KOSDAQ,우량기업부,-,0,,,,,,,,,14601636,KSQ,ME005
041020,KR7041020009,폴라리스오피스,KOSDAQ,벤처기업부,-,0,,,,,,,,,49683793,KSQ,ME005
114630,KR7114630007,폴라리스우노,KOSDAQ,우량기업부,-,0,,,,,,,,,17235248,KSQ,ME005
487580,KR7487580003,폴레드,KOSDAQ,벤처기업부,-,0,,,,,,,,,25182861,KSQ,ME005
290720,KR7290720002,푸드나무,KOSDAQ,중견기업부,-,0,,,,,,,,,38149273,KSQ,ME005
005670,KR7005670005,푸드웰,KOSDAQ,우량기업부,-,0,,,,,,,,,10000000,KSQ,ME005
094940,KR7094940004,푸른로보틱스,KOSDAQ,벤처기업부,-,0,,,,,,,,,8361386,KSQ,ME005
007330,KR7007330004,푸른저축은행,KOSDAQ,투자주의환기종목(소속부없음),-,0,,,,,,,,,15082800,KSQ,ME005
093380,KR7093380004,풍강,KOSDAQ,중견기업부,-,0,,,,,,,,,9879313,KSQ,ME005
023900,KR7023900004,풍국주정,KOSDAQ,우량기업부,-,0,,,,,,,,,12600000,KSQ,ME005
371950,KR7371950007,풍원정밀,KOSDAQ,기술성장기업부,-,0,,,,,,,,,23565010,KSQ,ME005
298060,KR7298060005,풍전약품,KOSDAQ,관리종목(소속부없음),-,0,,,,,,,,,9637447,KSQ,ME005
370090,KR7370090003,퓨런티어,KOSDAQ,기술성장기업부,-,0,,,,,,,,,8556830,KSQ,ME005
445180,KR7445180003,퓨릿,KOSDAQ,우량기업부,-,0,,,,,,,,,17189188,KSQ,ME005
220100,KR7220100002,퓨쳐켐,KOSDAQ,기술성장기업부,-,0,,,,,,,,,22427420,KSQ,ME005
035200,KR7035200005,프럼파스트,KOSDAQ,벤처기업부,-,0,,,,,,,,,9219981,KSQ,ME005
334970,KR7334970001,프레스티지바이오로직스,KOSDAQ,기술성장기업부,-,0,,,,,,,,,77752637,KSQ,ME005
321260,KR7321260002,프로이천,KOSDAQ,벤처기업부,-,0,,,,,,,,,28192084,KSQ,ME005
053610,KR7053610002,프로텍,KOSDAQ,우량기업부,-,0,,,,,,,,,9000000,KSQ,ME005
468530,KR7468530001,프로티나,KOSDAQ,기술성장기업부,-,0,,,,,,,,,11105148,KSQ,ME005
303360,KR7303360002,프로티아,KOSDAQ,기술성장기업부,-,0,,,,,,,,,12879715,KSQ,ME005
377220,KR7377220009,프롬바이오,KOSDAQ,기술성장기업부,-,0,,,,,,,,,5662000,KSQ,ME005
335810,KR7335810008,프리시젼바이오,KOSDAQ,기술성장기업부,-,0,,,,,,,,,21949506,KSQ,ME005
053160,KR7053160008,프리엠스,KOSDAQ,중견기업부,-,0,,,,,,,,,6000000,KSQ,ME005
405000,KR7405000001,플라즈맵,KOSDAQ,벤처기업부,-,0,,,,,,,,,5373532,KSQ,ME005
041590,KR7041590001,플래스크,KOSDAQ,관리종목(소속부없음),-,0,,,,,,,,,48972158,KSQ,ME005
367000,KR7367000007,플래티어,KOSDAQ,벤처기업부,-,0,,,,,,,,,8388207,KSQ,ME005
075130,KR7075130005,플랜티넷,KOSDAQ,벤처기업부,-,0,,,,,,,,,16122320,KSQ,ME005
237820,KR7237820006,플레이디,KOSDAQ,중견기업부,-,0,,,,,,,,,12827140,KSQ,ME005
023770,KR7023770001,플레이위드,KOSDAQ,중견기업부,-,0,,,,,,,,,8946495,KSQ,ME005
300080,KR7300080009,플리토,KOSDAQ,기술성장기업부,-,0,,,,,,,,,16505451,KSQ,ME005
033790,KR7033790007,피노,KOSDAQ,중견기업부,-,0,,,,,,,,,83321887,KSQ,ME005
032580,KR7032580003,피델릭스,KOSDAQ,중견기업부,-,0,,,,,,,,,33132064,KSQ,ME005
0117P0,KR70117P0005,피스피스스튜디오,KOSDAQ,중견기업부,-,0,,,,,,,,,14168911,KSQ,ME005
051380,KR7051380004,피씨디렉트,KOSDAQ,중견기업부,-,0,,,,,,,,,15340072,KSQ,ME005
241820,KR7241820000,피씨엘,KOSDAQ,관리종목(소속부없음),-,0,,,,,,,,,2782098,KSQ,ME005
452450,KR7452450000,피아이이,KOSDAQ,벤처기업부,-,0,,,,,,,,,36028500,KSQ,ME005
237750,KR7237750005,피앤씨테크,KOSDAQ,벤처기업부,-,0,,,,,,,,,6496600,KSQ,ME005
460940,KR7460940000,피앤에스로보틱스,KOSDAQ,기술성장기업부,-,0,,,,,,,,,13455280,KSQ,ME005
319660,KR7319660007,피에스케이,KOSDAQ,우량기업부,-,0,,,,,,,,,28966714,KSQ,ME005
031980,KR7031980006,피에스케이홀딩스,KOSDAQ,우량기업부,-,0,,,,,,,,,21562395,KSQ,ME005
002230,KR7002230001,피에스텍,KOSDAQ,우량기업부,-,0,,,,,,,,,18421070,KSQ,ME005
043370,KR7043370006,피에이치에이,KOSDAQ,우량기업부,-,0,,,,,,,,,21000000,KSQ,ME005
239890,KR7239890007,피엔에이치테크,KOSDAQ,기술성장기업부,-,0,,,,,,,,,9935755,KSQ,ME005
347740,KR7347740003,피엔케이피부임상연구센타,KOSDAQ,벤처기업부,-,0,,,,,,,,,30010576,KSQ,ME005
137400,KR7137400008,피엔티,KOSDAQ GLOBAL,우량기업부,-,0,,,,,,,,,23690728,KSQ,ME005
257370,KR7257370007,피엔티엠에스,KOSDAQ,벤처기업부,-,0,,,,,,,,,12504861,KSQ,ME005
147760,KR7147760003,피엠티,KOSDAQ,벤처기업부,-,0,,,,,,,,,20000000,KSQ,ME005
128660,KR7128660008,피제이메탈,KOSDAQ,우량기업부,-,0,,,,,,,,,24803369,KSQ,ME005
006140,KR7006140008,피제이전자,KOSDAQ,우량기업부,-,0,,,,,,,,,14865000,KSQ,ME005
376180,KR7376180006,피코그램,KOSDAQ,벤처기업부,-,0,,,,,,,,,18561038,KSQ,ME005
304840,KR7304840002,피플바이오,KOSDAQ,벤처기업부,-,0,,,,,,,,,24320660,KSQ,ME005
087600,KR7087600003,픽셀플러스,KOSDAQ,벤처기업부,-,0,,,,,,,,,8166558,KSQ,ME005
291810,KR7291810000,핀텔,KOSDAQ,관리종목(소속부없음),-,0,,,,,,,,,14025930,KSQ,ME005
378340,KR7378340004,필에너지,KOSDAQ,중견기업부,-,0,,,,,,,,,21643882,KSQ,ME005
161580,KR7161580006,필옵틱스,KOSDAQ,중견기업부,-,0,,,,,,,,,23442247,KSQ,ME005
347770,KR7347770000,핌스,KOSDAQ,중견기업부,-,0,,,,,,,,,22659702,KSQ,ME005
163730,KR7163730005,핑거,KOSDAQ,벤처기업부,-,0,,,,,,,,,12765717,KSQ,ME005
417180,KR7417180007,핑거스토리,KOSDAQ,중견기업부,-,0,,,,,,,,,5714889,KSQ,ME005
469900,KR7469900005,하나31호스팩,KOSDAQ,관리종목(소속부없음),-,0,,,,,,,,,5605000,KSQ,ME005
475240,KR7475240008,하나32호스팩,KOSDAQ,관리종목(소속부없음),-,0,,,,,,,,,3200000,KSQ,ME005
475250,KR7475250007,하나33호스팩,KOSDAQ,SPAC(소속부없음),-,0,,,,,,,,,3700000,KSQ,ME005
484130,KR7484130000,하나34호스팩,KOSDAQ,SPAC(소속부없음),-,0,,,,,,,,,4520000,KSQ,ME005
0041L0,KR70041L0000,하나35호스팩,KOSDAQ,SPAC(소속부없음),-,0,,,,,,,,,6030000,KSQ,ME005
0101C0,KR70101C0008,하나36호스팩,KOSDAQ,SPAC(소속부없음),-,0,,,,,,,,,7740000,KSQ,ME005
299030,KR7299030007,하나기술,KOSDAQ,벤처기업부,-,0,,,,,,,,,7994910,KSQ,ME005
067310,KR7067310003,하나마이크론,KOSDAQ,중견기업부,-,0,,,,,,,,,66490869,KSQ,ME005
166090,KR7166090001,하나머티리얼즈,KOSDAQ,우량기업부,-,0,,,,,,,,,19777674,KSQ,ME005
136480,KR7136480001,하림,KOSDAQ,우량기업부,-,0,,,,,,,,,106209702,KSQ,ME005
003380,KR7003380003,하림지주,KOSDAQ GLOBAL,우량기업부,-,0,,,,,,,,,112005621,KSQ,ME005
450330,KR7450330006,하스,KOSDAQ,기술성장기업부,-,0,,,,,,,,,8186843,KSQ,ME005
101670,KR7101670008,하이드로리튬,KOSDAQ,관리종목(소속부없음),-,0,,,,,,,,,56777187,KSQ,ME005
365590,KR7365590009,하이딥,KOSDAQ,기술성장기업부,-,0,,,,,,,,,18407275,KSQ,ME005
149980,KR7149980005,하이로닉,KOSDAQ,중견기업부,-,0,,,,,,,,,17199046,KSQ,ME005
013030,KR7013030002,하이록코리아,KOSDAQ,우량기업부,-,0,,,,,,,,,11768144,KSQ,ME005
126700,KR7126700004,하이비젼시스템,KOSDAQ,우량기업부,-,0,,,,,,,,,14942112,KSQ,ME005
160190,KR7160190005,하이젠알앤엠,KOSDAQ,중견기업부,-,0,,,,,,,,,30888000,KSQ,ME005
221840,KR7221840002,하이즈항공,KOSDAQ,중견기업부,-,0,,,,,,,,,18700561,KSQ,ME005
106190,KR7106190002,하이텍팜,KOSDAQ,우량기업부,-,0,,,,,,,,,10633173,KSQ,ME005
065650,KR7065650004,하이퍼코퍼레이션,KOSDAQ,중견기업부,-,0,,,,,,,,,10945987,KSQ,ME005
066130,KR7066130006,하츠,KOSDAQ,우량기업부,-,0,,,,,,,,,12800000,KSQ,ME005
004590,KR7004590006,한국가구,KOSDAQ,중견기업부,-,0,,,,,,,,,15000000,KSQ,ME005
039340,KR7039340005,한국경제TV,KOSDAQ,우량기업부,-,0,,,,,,,,,22000000,KSQ,ME005
034950,KR7034950006,한국기업평가,KOSDAQ,우량기업부,-,0,,,,,,,,,4540514,KSQ,ME005
222980,KR7222980005,한국맥널티,KOSDAQ,벤처기업부,-,0,,,,,,,,,11031483,KSQ,ME005
256840,KR7256840000,한국비엔씨,KOSDAQ,우량기업부,-,0,,,,,,,,,68394886,KSQ,ME005
219750,KR7219750007,한국비티비,KOSDAQ,중견기업부,-,0,,,,,,,,,13085377,KSQ,ME005
025550,KR7025550005,한국선재,KOSDAQ,중견기업부,-,0,,,,,,,,,25514004,KSQ,ME005
017890,KR7017890005,한국알콜,KOSDAQ,우량기업부,-,0,,,,,,,,,20673506,KSQ,ME005
080720,KR7080720006,한국유니온제약,KOSDAQ,관리종목(소속부없음),-,0,,,,,,,,,79851253,KSQ,ME005
041460,KR7041460007,한국전자인증,KOSDAQ,중견기업부,-,0,,,,,,,,,19000000,KSQ,ME005
101680,KR7101680007,한국정밀기계,KOSDAQ,중견기업부,-,0,,,,,,,,,8404000,KSQ,ME005
039740,KR7039740006,한국정보공학,KOSDAQ,벤처기업부,-,0,,,,,,,,,8018397,KSQ,ME005
053300,KR7053300000,한국정보인증,KOSDAQ,우량기업부,-,0,,,,,,,,,39565146,KSQ,ME005
025770,KR7025770009,한국정보통신,KOSDAQ,우량기업부,-,0,,,,,,,,,37444271,KSQ,ME005
479880,KR7479880007,한국제15호스팩,KOSDAQ,SPAC(소속부없음),-,0,,,,,,,,,6870000,KSQ,ME005
0164H0,KR70164H0007,한국제16호스팩,KOSDAQ,SPAC(소속부없음),-,0,,,,,,,,,6750000,KSQ,ME005
0200G0,KR70200G0004,한국제17호스팩,KOSDAQ,SPAC(소속부없음),-,0,,,,,,,,,8700000,KSQ,ME005
062970,KR7062970009,한국첨단소재,KOSDAQ,중견기업부,-,0,,,,,,,,,30122423,KSQ,ME005
023760,KR7023760002,한국캐피탈,KOSDAQ,우량기업부,-,0,,,,,,,,,157804788,KSQ,ME005
054040,KR7054040001,한국컴퓨터,KOSDAQ,우량기업부,-,0,,,,,,,,,16071290,KSQ,ME005
021650,KR7021650007,한국큐빅,KOSDAQ,중견기업부,-,0,,,,,,,,,16350563,KSQ,ME005
032300,KR7032300006,한국파마,KOSDAQ,중견기업부,-,0,,,,,,,,,10906701,KSQ,ME005
037230,KR7037230000,한국팩키지,KOSDAQ,우량기업부,-,0,,,,,,,,,29800327,KSQ,ME005
448900,KR7448900001,한국피아이엠,KOSDAQ,기술성장기업부,-,0,,,,,,,,,6074457,KSQ,ME005
052600,KR7052600004,한네트,KOSDAQ,중견기업부,-,0,,,,,,,,,11563700,KSQ,ME005
256150,KR7256150004,한독크린텍,KOSDAQ,벤처기업부,-,0,,,,,,,,,8395000,KSQ,ME005
092460,KR7092460005,한라IMS,KOSDAQ,우량기업부,-,0,,,,,,,,,17109680,KSQ,ME005
125490,KR7125490003,한라캐스트,KOSDAQ,벤처기업부,-,0,,,,,,,,,36502352,KSQ,ME005
452190,KR7452190002,한빛레이저,KOSDAQ,벤처기업부,-,0,,,,,,,,,23920557,KSQ,ME005
047080,KR7047080007,한빛소프트,KOSDAQ,중견기업부,-,0,,,,,,,,,24822362,KSQ,ME005
452280,KR7452280001,한선엔지니어링,KOSDAQ,우량기업부,-,0,,,,,,,,,19247670,KSQ,ME005
066980,KR7066980004,한성크린텍,KOSDAQ,벤처기업부,-,0,,,,,,,,,53771203,KSQ,ME005
114810,KR7114810005,한솔아이원스,KOSDAQ,우량기업부,-,0,,,,,,,,,28143174,KSQ,ME005
042520,KR7042520007,한스바이오메드,KOSDAQ,벤처기업부,-,0,,,,,,,,,14261367,KSQ,ME005
430690,KR7430690008,한싹,KOSDAQ,벤처기업부,-,0,,,,,,,,,10895304,KSQ,ME005
078350,KR7078350006,한양디지텍,KOSDAQ,우량기업부,-,0,,,,,,,,,15244382,KSQ,ME005
045100,KR7045100005,한양이엔지,KOSDAQ,우량기업부,-,0,,,,,,,,,17500000,KSQ,ME005
320000,KR7320000003,한울반도체,KOSDAQ,중견기업부,-,0,,,,,,,,,6913670,KSQ,ME005
091440,KR7091440008,한울소재과학,KOSDAQ,투자주의환기종목(소속부없음),-,0,,,,,,,,,36824346,KSQ,ME005
276730,KR7276730009,한울앤제주,KOSDAQ,투자주의환기종목(소속부없음),-,0,,,,,,,,,23607980,KSQ,ME005
024740,KR7024740003,한일단조,KOSDAQ,우량기업부,-,0,,,,,,,,,32897049,KSQ,ME005
005860,KR7005860002,한일사료,KOSDAQ,우량기업부,-,0,,,,,,,,,39403685,KSQ,ME005
007770,KR7007770001,한일화학,KOSDAQ,중견기업부,-,0,,,,,,,,,3510000,KSQ,ME005
198940,KR7198940009,한주라이트메탈,KOSDAQ,중견기업부,-,0,,,,,,,,,19909760,KSQ,ME005
058450,KR7058450008,한주에이알티,KOSDAQ,관리종목(소속부없음),-,0,,,,,,,,,5397972,KSQ,ME005
107640,KR7107640005,한중엔시에스,KOSDAQ,기술성장기업부,-,0,,,,,,,,,9064946,KSQ,ME005
079170,KR7079170007,한창산업,KOSDAQ,우량기업부,-,0,,,,,,,,,5200000,KSQ,ME005
030520,KR7030520001,한컴,KOSDAQ,우량기업부,-,0,,,,,,,,,24179744,KSQ,ME005
054920,KR7054920004,한컴위드,KOSDAQ,중견기업부,-,0,,,,,,,,,28217081,KSQ,ME005
457370,KR7457370005,한켐,KOSDAQ,중견기업부,-,0,,,,,,,,,8067134,KSQ,ME005
002680,KR7002680007,한탑,KOSDAQ,관리종목(소속부없음),-,0,,,,,,,,,7756030,KSQ,ME005
098070,KR7098070006,한텍,KOSDAQ,중견기업부,-,0,,,,,,,,,11121141,KSQ,ME005
408470,KR7408470003,한패스,KOSDAQ,중견기업부,-,0,,,,,,,,,10572000,KSQ,ME005
498390,KR7498390004,한화플러스제5호스팩,KOSDAQ,SPAC(소속부없음),-,0,,,,,,,,,4960000,KSQ,ME005
034810,KR7034810002,해성산업,KOSDAQ,중견기업부,-,0,,,,,,,,,31580152,KSQ,ME005
03481K,KR703481K019,해성산업1우,KOSDAQ,중견기업부,-,0,,,,,,,,,1377453,KSQ,ME005
059270,KR7059270009,해성에어로보틱스,KOSDAQ,기술성장기업부,-,0,,,,,,,,,11165299,KSQ,ME005
076610,KR7076610005,해성옵틱스,KOSDAQ,벤처기업부,-,0,,,,,,,,,60914031,KSQ,ME005
0155E0,KR70155E0001,해치텍,KOSDAQ,기술성장기업부,-,0,,,,,,,,,5487150,KSQ,ME005
900270,HK0000214814,헝셩그룹,KOSDAQ,외국기업(소속부없음),-,0,,,,,,,,,10712288,KSQ,ME005
214180,KR7214180002,헥토이노베이션,KOSDAQ,우량기업부,-,0,,,,,,,,,12993367,KSQ,ME005
234340,KR7234340008,헥토파이낸셜,KOSDAQ,우량기업부,-,0,,,,,,,,,13970656,KSQ,ME005
084990,KR7084990001,헬릭스미스,KOSDAQ,기술성장기업부,-,0,,,,,,,,,46092797,KSQ,ME005
170030,KR7170030001,현대공업,KOSDAQ,우량기업부,-,0,,,,,,,,,15340000,KSQ,ME005
319400,KR7319400008,현대무벡스,KOSDAQ,우량기업부,-,0,,,,,,,,,111376039,KSQ,ME005
048410,KR7048410005,현대바이오,KOSDAQ,중견기업부,-,0,,,,,,,,,96505572,KSQ,ME005
052260,KR7052260007,현대바이오랜드,KOSDAQ,우량기업부,-,0,,,,,,,,,30000000,KSQ,ME005
016790,KR7016790008,현대사료,KOSDAQ,관리종목(소속부없음),-,0,,,,,,,,,188471729,KSQ,ME005
041440,KR7041440009,현대에버다임,KOSDAQ,우량기업부,-,0,,,,,,,,,17841712,KSQ,ME005
039010,KR7039010004,현대에이치티,KOSDAQ,우량기업부,-,0,,,,,,,,,8625000,KSQ,ME005
090850,KR7090850009,현대이지웰,KOSDAQ,우량기업부,-,0,,,,,,,,,22477903,KSQ,ME005
460930,KR7460930001,현대힘스,KOSDAQ,우량기업부,-,0,,,,,,,,,35510671,KSQ,ME005
092300,KR7092300003,현우산업,KOSDAQ,우량기업부,-,0,,,,,,,,,20149871,KSQ,ME005
011080,KR7011080009,형지I&C,KOSDAQ,관리종목(소속부없음),-,0,,,,,,,,,7096262,KSQ,ME005
308100,KR7308100007,형지글로벌,KOSDAQ,관리종목(소속부없음),-,0,,,,,,,,,25819998,KSQ,ME005
064240,KR7064240005,홈캐스트,KOSDAQ,벤처기업부,-,0,,,,,,,,,34694251,KSQ,ME005
039610,KR7039610001,화성밸브,KOSDAQ,우량기업부,-,0,,,,,,,,,10410400,KSQ,ME005
126640,KR7126640002,화신정공,KOSDAQ,우량기업부,-,0,,,,,,,,,35055910,KSQ,ME005
127980,KR7127980001,화인써키트,KOSDAQ,중견기업부,-,0,,,,,,,,,11840684,KSQ,ME005
061250,KR7061250007,화일약품,KOSDAQ,우량기업부,-,0,,,,,,,,,8417584,KSQ,ME005
097870,KR7097870000,효성오앤비,KOSDAQ,중견기업부,-,0,,,,,,,,,8490000,KSQ,ME005
290270,KR7290270008,휴네시온,KOSDAQ,벤처기업부,-,0,,,,,,,,,9607672,KSQ,ME005
353190,KR7353190002,휴럼,KOSDAQ,중견기업부,-,0,,,,,,,,,7875684,KSQ,ME005
090710,KR7090710005,휴림로봇,KOSDAQ,중견기업부,-,0,,,,,,,,,119559029,KSQ,ME005
078590,KR7078590007,휴림에이텍,KOSDAQ,중견기업부,-,0,,,,,,,,,9988331,KSQ,ME005
205470,KR7205470008,휴마시스,KOSDAQ,중견기업부,-,0,,,,,,,,,24675001,KSQ,ME005
115160,KR7115160004,휴맥스,KOSDAQ,중견기업부,-,0,,,,,,,,,4307533,KSQ,ME005
028080,KR7028080000,휴맥스홀딩스,KOSDAQ,관리종목(소속부없음),-,0,,,,,,,,,2427060,KSQ,ME005
200670,KR7200670008,휴메딕스,KOSDAQ,우량기업부,-,0,,,,,,,,,11229930,KSQ,ME005
065510,KR7065510000,휴비츠,KOSDAQ,우량기업부,-,0,,,,,,,,,10877895,KSQ,ME005
263920,KR7263920001,휴엠앤씨,KOSDAQ,중견기업부,-,0,,,,,,,,,9809026,KSQ,ME005
243070,KR7243070000,휴온스,KOSDAQ,우량기업부,-,0,,,,,,,,,11979665,KSQ,ME005
084110,KR7084110006,휴온스글로벌,KOSDAQ,우량기업부,-,0,,,,,,,,,12659812,KSQ,ME005
145020,KR7145020004,휴젤,KOSDAQ,우량기업부,-,0,,,,,,,,,12515173,KSQ,ME005
024060,KR7024060006,흥구석유,KOSDAQ,중견기업부,-,0,,,,,,,,,15000000,KSQ,ME005
010240,KR7010240000,흥국,KOSDAQ,우량기업부,-,0,,,,,,,,,11706000,KSQ,ME005
189980,KR7189980006,흥국에프엔비,KOSDAQ,우량기업부,-,0,,,,,,,,,40137827,KSQ,ME005
037440,KR7037440005,희림,KOSDAQ,우량기업부,-,0,,,,,,,,,13922475,KSQ,ME005
238490,KR7238490007,힘스,KOSDAQ,벤처기업부,-,0,,,,,,,,,11312236,KSQ,ME005
