Symbol,Name,IndustryCode,Industry,MarketCapLocal,MarketCapKrwText,Currency
NVDA,NVIDIA Corporation,57101010,반도체,5515767000000,"7,454조 5,591억원",USD
AAPL,Apple Inc.,57106020,전화 및 소형 장치,4958372655000,"6,701조 2,406억원",USD
MSFT,Microsoft Corporation,57201020,소프트웨어,3697921654518,"4,997조 7,411억원",USD
AMZN,Amazon.com Inc,53402010,백화점,2750294234589,"3,717조 227억원",USD
GOOGL,Alphabet Inc. Class A,57201030,온라인 서비스,2353825480000,"3,181조 1,951억원",USD
SPCX,Space Exploration Technologies Corp,57401020,무선 통신 서비스,2099986961820,"2,838조 1,324억원",USD
GOOG,Alphabet Inc. Class C,57201030,온라인 서비스,1920135070000,"2,595조 625억원",USD
META,Meta Platforms  Inc.,57201030,온라인 서비스,1876480347804,"2,536조 632억원",USD
AVGO,Broadcom Inc,57101010,반도체,1740179030987,"2,351조 8,520억원",USD
TSLA,Tesla Inc,53101010,자동차 및 트럭 제조,1496483507587,"2,022조 4,975억원",USD
SKHY,SK hynix Inc. ADR,57101010,반도체,1423984527350,"1,924조 5,151억원",USD
MU,Micron Technology  Inc.,57101010,반도체,1237995596400,"1,673조 1,510억원",USD
AMD,Advanced Micro Devices  Inc.,57101010,반도체,1018288956948,"1,376조 2,175억원",USD
WMT,Walmart Inc.,54301020,식품 소매 및 유통,873664136059,"1,180조 7,571억원",USD
ASML,ASML Holding N.V. ADR,57101020,반도체 장비 및 테스트,671368390000,"907조 3,544억원",USD
INTC,Intel Corp,57101010,반도체,654608709632,"884조 7,037억원",USD
PLTR,Palantir Technologies Inc.,57201020,소프트웨어,444541788215,"600조 7,982억원",USD
CSCO,Cisco Systems Inc,57102010,통신 및 네트워킹,419648946762,"567조 1,556억원",USD
COST,Costco Wholesale Corp,53402020,할인점,398869271106,539조 718억원,USD
LRCX,Lam Research Corporation,57101020,반도체 장비 및 테스트,389110778160,"525조 8,832억원",USD
AMAT,Applied Materials Inc,57101020,반도체 장비 및 테스트,374943047920,"506조 7,355억원",USD
ARM,ARM Holdings PLC ADR,57101010,반도체,355857600000,"480조 9,415억원",USD
PANW,Palo Alto Networks  Inc.,57201020,소프트웨어,306398260000,414조 972억원,USD
NFLX,Netflix  Inc.,57201030,온라인 서비스,300469887020,406조 851억원,USD
SNDK,SanDisk Corporation,57106010,컴퓨터 하드웨어,276298511647,"373조 4,174억원",USD
CRWD,CrowdStrike Holdings  Inc.,57201020,소프트웨어,256045146591,346조 450억원,USD
TXN,Texas Instruments Inc,57101010,반도체,247864554457,"334조 9,889억원",USD
KLAC,KLA Corporation,57101020,반도체 장비 및 테스트,246048890175,"332조 5,351억원",USD
MRVL,Marvell Technology  Inc.,57101010,반도체,230063484000,"310조 9,308억원",USD
AMGN,Amgen Inc,56201040,제약,221788873731,"299조 7,477억원",USD
LIN,Linde PLC,51101010,상품 화학,214314287580,"289조 6,458억원",USD
STX,Seagate Technology Holdings PLC,57106010,컴퓨터 하드웨어,210680959380,"284조 7,353억원",USD
QCOM,QUALCOMM Incorporated,57101010,반도체,208183500000,"281조 3,600억원",USD
SHOP,Shopify Inc.,57201030,온라인 서비스,190088774366,"256조 9,050억원",USD
GILD,Gilead Sciences  Inc.,56201040,제약,189303953514,"255조 8,443억원",USD
ADI,Analog Devices  Inc.,57101010,반도체,189159820572,"255조 6,495억원",USD
PEP,PepsiCo  Inc.,54101030,무알콜 음료,179060123494,"241조 9,998억원",USD
TMUS,T-Mobile US Inc,57401020,무선 통신 서비스,174212596667,"235조 4,483억원",USD
WDC,Western Digital Corp,57106010,컴퓨터 하드웨어,167507322582,"226조 3,861억원",USD
IBKR,Interactive Brokers Group Inc,55102010,투자 은행 및 중개 서비스,156546539382,"211조 5,726억원",USD
ISRG,Intuitive Surgical  Inc.,56101010,첨단 의료 장비 및 기술,142049566299,"191조 9,800억원",USD
VRTX,Vertex Pharmaceuticals Incorporated,56201040,제약,130529841251,"176조 4,111억원",USD
FTNT,Fortinet  Inc.,57201020,소프트웨어,127856941172,"172조 7,987억원",USD
BKNG,Booking Holdings Inc.,53301040,여가 및 오락시설,123391705710,"166조 7,639억원",USD
PDD,PDD Holdings Inc. ADR,57201030,온라인 서비스,114369905722,"154조 5,709억원",USD
HOOD,Robinhood Markets  Inc.,57301010,핀테크,111710972420,"150조 9,774억원",USD
APP,AppLovin Corporation,57201020,소프트웨어,110009823230,"148조 6,783억원",USD
SBUX,Starbucks Corp,53301020,레스토랑 및 바,108425400000,"146조 5,369억원",USD
ADP,Automatic Data Processing Inc,52203030,고용 서비스,107117924405,"144조 7,699억원",USD
EQIX,Equinix  Inc.,60102040,특수 REITs,104518970112,"141조 2,574억원",USD
SNY,Sanofi SA ADR,56201040,제약,101859828676,"137조 6,636억원",USD
CME,CME Group Inc.,55102050,"금융, 상품 시장 운영 및 서비스 제공",96082336361,"129조 8,553억원",USD
ABNB,Airbnb  Inc.,57201030,온라인 서비스,95400859204,"128조 9,343억원",USD
ADBE,Adobe Inc,57201020,소프트웨어,94704375000,"127조 9,930억원",USD
CEG,Constellation Energy Corp,59101010,전력 유틸리티,93345822071,"126조 1,569억원",USD
MELI,MercadoLibre  Inc.,57201030,온라인 서비스,92601764597,"125조 1,513억원",USD
MAR,Marriott International  Inc.,53301010,"호텔, 모텔 및 크루즈 라인",90762314201,"122조 6,653억원",USD
DDOG,Datadog Inc,57201020,소프트웨어,88862091564,120조 971억원,USD
MNST,Monster Beverage Corporation,54101030,무알콜 음료,86592838059,117조 302억원,USD
LITE,Lumentum Holdings Inc.,57102010,통신 및 네트워킹,84826599000,"114조 6,431억원",USD
CSX,CSX Corporation,52405030,지상 화물 및 물류,86306806383,"116조 6,436억원",USD
CDNS,Cadence Design Systems  Inc.,57201020,소프트웨어,83430309350,"112조 7,561억원",USD
DASH,DoorDash  Inc.,57201030,온라인 서비스,83284196471,"112조 5,586억원",USD
REGN,Regeneron Pharmaceuticals  Inc.,56201040,제약,82765514853,"111조 8,576억원",USD
CMCSA,Comcast Corporation,57401020,무선 통신 서비스,79560431967,"107조 5,259억원",USD
CTAS,Cintas Corporation,52203040,경영 지원 서비스,79423933280,"107조 3,414억원",USD
SNPS,Synopsys  Inc.,57201020,소프트웨어,78425381009,"105조 9,919억원",USD
INTU,Intuit Inc.,57301010,핀테크,78126444600,"105조 5,879억원",USD
MDLZ,Mondelez International  Inc.,54102020,식품 가공,77956896122,"105조 3,587억원",USD
WBD,Warner Bros. Discovery  Inc.,53302020,방송,77404983171,"104조 6,128억원",USD
NTES,NetEase  Inc. ADR,57201030,온라인 서비스,76036113277,"102조 7,628억원",USD
ROST,Ross Stores Inc,53403040,의류 및 액세서리 소매,74276042606,"100조 3,841억원",USD
MRNA,Moderna  Inc.,56201040,제약,72884503896,"98조 5,034억원",USD
ORLY,O'Reilly Automotive  Inc.,53403010,"자동차 차량, 부품 및 서비스 소매",69425015169,"93조 8,279억원",USD
MPWR,Monolithic Power Systems Inc,57101010,반도체,67847808660,"91조 6,963억원",USD
HON,Honeywell International Inc.,54401010,소비재 대기업,67143741119,"90조 7,448억원",USD
AEP,American Electric Power Company Inc,59101010,전력 유틸리티,65474669525,"88조 4,890억원",USD
MSTR,Strategy Inc,57201020,소프트웨어,64292494915,"86조 8,913억원",USD
NBIS,Nebius Group NV,52203040,경영 지원 서비스,64190454074,"86조 7,534억원",USD
ALAB,Astera Labs  Inc.,57101010,반도체,63054895900,"85조 2,187억원",USD
TER,Teradyne  Inc.,57101020,반도체 장비 및 테스트,62331493618,"84조 2,410억원",USD
ARGX,argenx SE ADR,56202010,생명 공학 및 의학 연구,60273424808,"81조 4,595억원",USD
PCAR,Paccar Inc,52102020,중장비 및 차량,59952968147,81조 264억원,USD
NXPI,NXP Semiconductors NV,57101010,반도체,59906642817,"80조 9,638억원",USD
FAST,Fastenal Company,52102010,산업용 기계 및 장비,57466678456,"77조 6,662억원",USD
BKR,Baker Hughes Company,50103020,오일 관련 서비스 및 장비,56840517305,"76조 8,200억원",USD
NTRA,Natera  Inc.,56102010,의료 시설 및 서비스,56345956053,"76조 1,516억원",USD
COIN,Coinbase Global Inc,57301030,블록 체인 및 암호화폐,53049690108,"71조 6,967억원",USD
HONA,Honeywell Aerospace Inc,52101010,항공우주 및 방위,53032529947,"71조 6,735억원",USD
NDAQ,Nasdaq Inc,55102050,"금융, 상품 시장 운영 및 서비스 제공",52823361654,"71조 3,908억원",USD
FANG,Diamondback Energy  Inc.,50102020,"오일, 가스 탐사 및 생산",51664493129,"69조 8,246억원",USD
CBRS,Cerebras Systems Inc,57107010,통합 하드웨어 및 소프트웨어,50460977949,"68조 1,980억원",USD
EBAY,eBay Inc.,57201030,온라인 서비스,48629600000,"65조 7,229억원",USD
CRWV,CoreWeave  Inc.,57201010,IT 서비스 및 컨설팅,47851315590,"64조 6,711억원",USD
TEAM,Atlassian Corp,57201020,소프트웨어,47754637450,"64조 5,404억원",USD
ADSK,Autodesk  Inc.,57201020,소프트웨어,45900580000,62조 346억원,USD
WDAY,Workday  Inc.,57201020,소프트웨어,45363430000,"61조 3,087억원",USD
MDLN,Medline Inc.,56101020,"의료 장비, 물품 및 유통",45265378950,"61조 1,762억원",USD
PYPL,PayPal Holdings  Inc.,52203040,경영 지원 서비스,45245325626,"61조 1,491억원",USD
CCEP,Coca-Cola Europacific Partners PLC,54101030,무알콜 음료,45137529618,61조 34억원,USD
XEL,Xcel Energy Inc,59101010,전력 유틸리티,45011148090,"60조 8,326억원",USD
EXC,Exelon Corp,59101010,전력 유틸리티,43148215821,"58조 3,148억원",USD
RKLB,Rocket Lab Corp,52101010,항공우주 및 방위,43077132013,"58조 2,187억원",USD
KDP,Keurig Dr Pepper Inc,54101030,무알콜 음료,42879628457,"57조 9,518억원",USD
FLEX,Flex Ltd,57104010,전자 장비 및 부품,42278170832,"57조 1,389억원",USD
TRI,Thomson Reuters Corp,52203070,전문 정보 서비스,41670978826,"56조 3,183억원",USD
RVMD,Revolution Medicines  Inc.,56202010,생명 공학 및 의학 연구,41336921575,"55조 8,668억원",USD
MCHP,Microchip Technology Inc,57101010,반도체,41170918952,"55조 6,425억원",USD
IDXX,IDEXX Laboratories  Inc.,56101020,"의료 장비, 물품 및 유통",41084351994,"55조 5,255억원",USD
FER,Ferrovial N.V.,52201020,건설 및 엔지니어링,41073967444,"55조 5,115억원",USD
PAYX,Paychex  Inc.,52203030,고용 서비스,40770443573,"55조 1,013억원",USD
ONC,BeOne Medicines AG ADR,56202010,생명 공학 및 의학 연구,40410368409,"54조 6,146억원",USD
VOD,Vodafone Group PLC ADR,57401020,무선 통신 서비스,38463601431,"51조 9,836억원",USD
TTWO,Take-Two Interactive Software  Inc.,57201020,소프트웨어,38430090450,"51조 9,383억원",USD
NTAP,NetApp Inc,57106010,컴퓨터 하드웨어,37891190255,"51조 2,099억원",USD
UAL,United Airlines Holdings  Inc.,52406010,항공사,37395296372,"50조 5,397억원",USD
ILMN,Illumina Inc,56101010,첨단 의료 장비 및 기술,37366460000,"50조 5,008억원",USD
AXON,Axon Enterprise  Inc.,52101010,항공우주 및 방위,37313969458,"50조 4,298억원",USD
ODFL,Old Dominion Freight Line  Inc.,52405030,지상 화물 및 물류,36766402647,"49조 6,898억원",USD
ROP,Roper Technologies  Inc.,57201020,소프트웨어,35985083005,"48조 6,338억원",USD
CRDO,Credo Technology Group Holding Ltd,57101010,반도체,36192021330,"48조 9,135억원",USD
ESLT,Elbit Systems Ltd.,52101010,항공우주 및 방위,34900915392,"47조 1,686억원",USD
MDB,MongoDB  Inc.,57201020,소프트웨어,34453141482,"46조 5,634억원",USD
OKTA,Okta  Inc.,57201010,IT 서비스 및 컨설팅,34373290863,"46조 4,555억원",USD
ZS,Zscaler  Inc.,57201020,소프트웨어,34270836426,"46조 3,170억원",USD
JD,JD.com  Inc. ADR,53402010,백화점,34177345192,"46조 1,907억원",USD
DXCM,Dexcom Inc,56101020,"의료 장비, 물품 및 유통",33785109290,"45조 6,606억원",USD
EXPE,Expedia Group  Inc.,53301040,여가 및 오락시설,33689429580,"45조 5,313억원",USD
ALNY,Alnylam Pharmaceuticals  Inc.,56201040,제약,33673064545,"45조 5,091억원",USD
RPRX,Royalty Pharma PLC,56201040,제약,33649070458,"45조 4,767억원",USD
STLD,Steel Dynamics Inc,51201020,철 및 강철,33537339311,"45조 3,257억원",USD
BIIB,Biogen Inc.,56201040,제약,33297840989,45조 20억원,USD
KMB,Kimberly-Clark Corporation,54201020,개인 생활 필수 용품,32895392649,"44조 4,581억원",USD
ACGL,Arch Capital Group Ltd.,55301020,손해보험,32399705514,"43조 7,882억원",USD
NTRS,Northern Trust Corporation,55102020,투자 관리 및 펀드 운영,31724510230,"42조 8,757억원",USD
HBAN,Huntington Bancshares Inc,55101010,은행,31700308620,"42조 8,430억원",USD
BIDU,Baidu  Inc. ADR,57201030,온라인 서비스,31582886134,"42조 6,843억원",USD
GEHC,GE HealthCare Technologies Inc.,56101010,첨단 의료 장비 및 기술,29933247920,"40조 4,548억원",USD
ERIC,Telefonaktiebolaget LM Ericsson ADR,57102010,통신 및 네트워킹,29475487014,"39조 8,361억원",USD
RYAAY,Ryanair Holdings PLC ADR,52406010,항공사,28936704040,"39조 1,080억원",USD
ON,ON Semiconductor Corp,57101010,반도체,28653342666,"38조 7,250억원",USD
WTW,Willis Towers Watson Public Limited Company,55301010,복합보험 및 중개인,28022249551,"37조 8,721억원",USD
ECHO,EchoStar Corporation,57401020,무선 통신 서비스,27761280468,"37조 5,194억원",USD
ROIV,Roivant Sciences Ltd,56201040,제약,27607185633,"37조 3,111억원",USD
SMCI,Super Micro Computer Inc,57106010,컴퓨터 하드웨어,27290342051,"36조 8,829억원",USD
SYM,Symbotic Inc,52102010,산업용 기계 및 장비,27258412980,"36조 8,397억원",USD
VRSN,VeriSign  Inc.,57201010,IT 서비스 및 컨설팅,27037626000,"36조 5,414억원",USD
TSEM,Tower Semiconductor Ltd.,57101010,반도체,26744264910,"36조 1,449억원",USD
TCOM,Trip.com Group Limited ADR,53301040,여가 및 오락시설,26699700197,36조 846억원,USD
CPRT,Copart Inc,57201030,온라인 서비스,26658741624,36조 293억원,USD
ZM,Zoom Communications  Inc.,57201020,소프트웨어,26537728515,"35조 8,657억원",USD
CTSH,Cognizant Technology Solutions Corporation,57201010,IT 서비스 및 컨설팅,26432066184,"35조 7,229억원",USD
INSM,Insmed Incorporated,56202010,생명 공학 및 의학 연구,26384853192,"35조 6,591억원",USD
GFS,GLOBALFOUNDRIES Inc.,57101020,반도체 장비 및 테스트,26312614382,"35조 5,615억원",USD
INCY,Incyte Corp,56201040,제약,25728424900,"34조 7,720억원",USD
FFIV,F5  Inc.,57201010,IT 서비스 및 컨설팅,25670800416,"34조 6,941억원",USD
CINF,Cincinnati Financial Corporation,55301020,손해보험,25451264202,"34조 3,974억원",USD
BNTX,Biontech SE ADR,56202010,생명 공학 및 의학 연구,25338984398,"34조 2,456억원",USD
ASTS,AST SpaceMobile  Inc.,57401020,무선 통신 서비스,24786077693,"33조 4,984억원",USD
FISV,Fiserv Inc,52203040,경영 지원 서비스,24514445838,"33조 1,313억원",USD
PFG,Principal Financial Group Inc,55301010,복합보험 및 중개인,24320146171,"32조 8,687억원",USD
AFRM,Affirm Holdings  Inc.,57301010,핀테크,24216723543,"32조 7,289억원",USD
LPLA,LPL Financial Holdings Inc.,55102010,투자 은행 및 중개 서비스,24213254175,"32조 7,242억원",USD
GH,Guardant Health  Inc.,56101020,"의료 장비, 물품 및 유통",23774193477,"32조 1,308억원",USD
ULTA,Ulta Beauty Inc,53403090,기타 전문 소매,23681652888,32조 58억원,USD
ENTG,Entegris Inc,57101020,반도체 장비 및 테스트,23089608000,"31조 2,056억원",USD
BSP,Bending Spoons SpA,57201020,소프트웨어,22975882443,31조 519억원,USD
ROKU,Roku  Inc.,53302030,엔터테인먼트 제작,22907765140,"30조 9,598억원",USD
VRSK,Verisk Analytics  Inc.,57201010,IT 서비스 및 컨설팅,22379024703,"30조 2,453억원",USD
JBHT,J.B. Hunt Transport Services  Inc.,52405030,지상 화물 및 물류,22296345668,"30조 1,335억원",USD
TROW,T. Rowe Price Group  Inc.,55102020,투자 관리 및 펀드 운영,22221112095,30조 318억원,USD
SOFI,SoFi Technologies  Inc.,55101030,소비자 대출,22163346760,"29조 9,538억원",USD
ARXS,Arxis  Inc.,52102010,산업용 기계 및 장비,21980759561,"29조 7,070억원",USD
RIVN,Rivian Automotive Inc,53101010,자동차 및 트럭 제조,21920609938,"29조 6,257억원",USD
CASY,Caseys General Stores Inc,54301020,식품 소매 및 유통,21615414467,"29조 2,132억원",USD
FSLR,First Solar  Inc.,50201010,재생 가능 에너지 장비 및 서비스,21577784035,"29조 1,624억원",USD
MTSI,MACOM Technology Solutions Holdings  Inc.,57101010,반도체,21360185691,"28조 8,683억원",USD
FCNCA,First Citizens BancShares  Inc.,55101010,은행,21275552459,"28조 7,539억원",USD
FWONK,Liberty Media Formula One Ord Shs Series C,53302020,방송,21226694934,"28조 6,879억원",USD
TW,Tradeweb Markets Inc,55102050,"금융, 상품 시장 운영 및 서비스 제공",21042286838,"28조 4,387억원",USD
RGLD,Royal Gold  Inc.,51201060,금,21884358185,"29조 5,767억원",USD
GMAB,Genmab A/S ADR,56202010,생명 공학 및 의학 연구,21638340682,"29조 2,442억원",USD
DLTR,Dollar Tree Inc,53402020,할인점,21584989597,"29조 1,721억원",USD
UTHR,United Therapeutics Corporation,56201040,제약,21341979432,"28조 8,437억원",USD
EXE,Expand Energy Corporation,50102020,"오일, 가스 탐사 및 생산",20147774757,"27조 2,297억원",USD
VTRS,Viatris Inc.,56201040,제약,19732791044,"26조 6,689억원",USD
FTAI,FTAI Aviation Ltd.,52101010,항공우주 및 방위,19487643446,"26조 3,376억원",USD
WWD,Woodward  Inc.,52101010,항공우주 및 방위,19257203735,26조 261억원,USD
IREN,IREN Limited,57301030,블록 체인 및 암호화폐,19131547360,"25조 8,563억원",USD
SITM,SiTime Corporation,57101010,반도체,19056616934,"25조 7,550억원",USD
NTNX,Nutanix  Inc.,57201010,IT 서비스 및 컨설팅,18736984896,"25조 3,230억원",USD
SBAC,SBA Communications Corp,60102040,특수 REITs,18654533262,"25조 2,116억원",USD
SSNC,SS&C Technologies Holdings  Inc.,57201010,IT 서비스 및 컨설팅,18598754983,"25조 1,362억원",USD
CDW,CDW Corporation,57107010,통합 하드웨어 및 소프트웨어,18431319115,"24조 9,099억원",USD
KSPI,Kaspi.kz AO ADR,57301010,핀테크,18328129806,"24조 7,705억원",USD
EVRG,Evergy  Inc.,59101010,전력 유틸리티,18277059724,"24조 7,014억원",USD
NDSN,Nordson Corporation,52102010,산업용 기계 및 장비,17805416329,24조 640억원,USD
MKSI,MKS Incorporated,52102010,산업용 기계 및 장비,17605583576,"23조 7,939억원",USD
MEDP,Medpace Holdings  Inc.,56202010,생명 공학 및 의학 연구,17589645864,"23조 7,724억원",USD
TPG,TPG Inc,55102020,투자 관리 및 펀드 운영,17542018137,"23조 7,080억원",USD
CHRW,C.H. Robinson Worldwide  Inc.,52405030,지상 화물 및 물류,17476274146,"23조 6,192억원",USD
LSCC,Lattice Semiconductor Corporation,57101010,반도체,17402969228,"23조 5,201억원",USD
PAA,Plains All American Pipeline Units,50103030,오일 및 가스 수송 서비스,17321656593,"23조 4,102억원",USD
EWBC,East West Bancorp  Inc.,55101010,은행,17200468402,"23조 2,464억원",USD
TSCO,Tractor Supply Company,53403090,기타 전문 소매,17110958099,"23조 1,255억원",USD
ZBRA,Zebra Technologies Corp,57104010,전자 장비 및 부품,17108007763,"23조 1,215억원",USD
LOGI,Logitech international S.A.,57106010,컴퓨터 하드웨어,17014211557,"22조 9,947억원",USD
AKAM,Akamai Technologies Inc,57201010,IT 서비스 및 컨설팅,17007423509,"22조 9,855억원",USD
LNT,Alliant Energy Corp,59101010,전력 유틸리티,16754977249,"22조 6,444억원",USD
GEN,Gen Digital Inc.,57201020,소프트웨어,16335440103,22조 773억원,USD
SMTC,Semtech Corporation,57101010,반도체,16269456381,"21조 9,882억원",USD
FUTU,Futu Holdings Limited ADR,57301010,핀테크,16023963119,"21조 6,564억원",USD
TIGO,Millicom International Cellular S.A.,57401020,무선 통신 서비스,15812561485,"21조 3,707억원",USD
STRL,Sterling Infrastructure  Inc.,52201020,건설 및 엔지니어링,15801110743,"21조 3,552억원",USD
JAZZ,Jazz Pharmaceuticals PLC,56201040,제약,15616499789,"21조 1,057억원",USD
ASND,Ascendis Pharma A/S,56202010,생명 공학 및 의학 연구,15602002080,21조 861억원,USD
HST,Host Hotels & Resorts  Inc.,60102040,특수 REITs,15264571610,"20조 6,301억원",USD
PTC,PTC Inc.,57201020,소프트웨어,15190876540,"20조 5,305억원",USD
APA,APA Corporation,50102020,"오일, 가스 탐사 및 생산",14819868873,20조 291억원,USD
LAMR,Lamar Advertising Co,60102040,특수 REITs,14737905639,"19조 9,183억원",USD
VNOM,Viper Energy Inc,50102020,"오일, 가스 탐사 및 생산",14644375788,"19조 7,919억원",USD
INIO,Innio NV,52102010,산업용 기계 및 장비,14632500000,"19조 7,758억원",USD
NBIX,Neurocrine Biosciences  Inc.,56201040,제약,14459595997,"19조 5,421억원",USD
EXEL,Exelixis Inc,56202010,생명 공학 및 의학 연구,14408505390,"19조 4,731억원",USD
CG,Carlyle Group Inc,55102020,투자 관리 및 펀드 운영,14335268464,"19조 3,741억원",USD
LECO,Lincoln Electric Holdings  Inc.,52102010,산업용 기계 및 장비,14334469033,"19조 3,730억원",USD
WMG,Warner Music Group Corp.,53302030,엔터테인먼트 제작,14327976573,"19조 3,643억원",USD
TLN,Talen Energy Corp,59101020,민자 발전 사업,14112665846,19조 733억원,USD
CHKP,Check Point Software Technologies Ltd.,57201020,소프트웨어,14001059940,"18조 9,224억원",USD
TEM,Tempus AI  Inc.,56202010,생명 공학 및 의학 연구,13927758816,"18조 8,234억원",USD
ARCC,Ares Capital Corp,55102020,투자 관리 및 펀드 운영,13900922279,"18조 7,871억원",USD
TRMB,Trimble Inc,57201020,소프트웨어,13827564986,"18조 6,880억원",USD
SMMT,Summit Therapeutics Inc.,56202010,생명 공학 및 의학 연구,13657473186,"18조 4,581억원",USD
SWKS,Skyworks Solutions  Inc.,57101010,반도체,13536531469,"18조 2,946억원",USD
QNT,Quantinuum Inc,57201010,IT 서비스 및 컨설팅,13531405417,"18조 2,877억원",USD
REG,Regency Centers Corp,60102020,상업용 REITs,13464853821,"18조 1,977억원",USD
CHTR,Charter Communications  Inc.,57401010,통합 통신 서비스,13435356829,"18조 1,579억원",USD
TTMI,TTM Technologies Inc,57101010,반도체,13428819694,"18조 1,490억원",USD
HTHT,H World Group Limited ADR,53301010,"호텔, 모텔 및 크루즈 라인",13308920815,"17조 9,870억원",USD
ICLR,ICON PLC,56202010,생명 공학 및 의학 연구,12893239866,"17조 4,252억원",USD
AMKR,Amkor Technology  Inc.,57101020,반도체 장비 및 테스트,13563020446,"18조 3,304억원",USD
BBIO,BridgeBio Pharma  Inc.,56201040,제약,13533980182,"18조 2,912억원",USD
HUT,Hut 8 Corp,57301030,블록 체인 및 암호화폐,13140691883,"17조 7,596억원",USD
HALO,Halozyme Therapeutics  Inc.,56201040,제약,13067024740,"17조 6,601억원",USD
GRAB,Grab Holdings Limited,57201020,소프트웨어,12969427340,"17조 5,282억원",USD
AUR,Aurora Innovation  Inc.,57201020,소프트웨어,12946843031,"17조 4,977억원",USD
FOXA,Fox Corporation Class A,53302020,방송,12941547127,"17조 4,905억원",USD
IESC,IES Holdings Inc,52201020,건설 및 엔지니어링,12794225962,"17조 2,914억원",USD
FIVE,Five Below  Inc.,53402010,백화점,12787951250,"17조 2,829억원",USD
COKE,Coca-Cola Consolidated Inc,54101030,무알콜 음료,12712448868,"17조 1,809억원",USD
CORT,Corcept Therapeutics Incorporated,56201040,제약,12702102139,"17조 1,669억원",USD
FOX,Fox Corporation Class B,53302020,방송,12624659152,17조 622억원,USD
NXT,Nextpower Inc,50201010,재생 가능 에너지 장비 및 서비스,12520719990,"16조 9,218억원",USD
DOCU,Docusign  Inc.,57201020,소프트웨어,12477607696,"16조 8,635억원",USD
SEIC,SEI Investments Company,55102020,투자 관리 및 펀드 운영,12453190324,"16조 8,305억원",USD
VICR,Vicor Corporation,52102030,전기 부품 및 장비,12372280465,"16조 7,211억원",USD
BMRN,BioMarin Pharmaceutical Inc.,56201040,제약,12266769108,"16조 5,785억원",USD
HAS,Hasbro  Inc.,53205010,장난감 및 어린이 제품,12258174627,"16조 5,669억원",USD
ERIE,Erie Indemnity Co,55301020,손해보험,12255699262,"16조 5,636억원",USD
SAIL,SailPoint  Inc.,57201020,소프트웨어,12200381597,"16조 4,888억원",USD
MANH,Manhattan Associates  Inc.,57201010,IT 서비스 및 컨설팅,12074376651,"16조 3,185억원",USD
MDGL,Madrigal Pharmaceuticals  Inc.,56202010,생명 공학 및 의학 연구,11987113693,"16조 2,006억원",USD
AGNC,AGNC Investment Corp.,60102040,특수 REITs,11961507800,"16조 1,660억원",USD
NVMI,Nova Ltd.,57101010,반도체,11766689262,"15조 9,027억원",USD
WSE,Wise Group PLC,57201030,온라인 서비스,11697843499,"15조 8,096억원",USD
CSGP,CoStar Group  Inc.,57201030,온라인 서비스,11657534607,"15조 7,552억원",USD
GLPI,Gaming and Leisure Properties  Inc.,60102040,특수 REITs,11613528117,"15조 6,957억원",USD
SANM,Sanmina Corporation,57104010,전자 장비 및 부품,11564701504,"15조 6,297억원",USD
LULU,lululemon athletica inc.,53202020,의류 및 액세서리,11483950893,"15조 5,206억원",USD
PAYP,PayPay Corp ADR,52203040,경영 지원 서비스,11474396318,"15조 5,076억원",USD
RMBS,Rambus Inc.,57101010,반도체,11414499100,"15조 4,267억원",USD
TECH,Bio-Techne Corporation,56202010,생명 공학 및 의학 연구,11377163167,"15조 3,762억원",USD
PSKY,Paramount Skydance Corp,53302030,엔터테인먼트 제작,11342871826,"15조 3,299억원",USD
BTSG,Brightspring Health Services Inc,56102010,의료 시설 및 서비스,11189222829,"15조 1,222억원",USD
FROG,JFrog Ltd.,57201020,소프트웨어,11090952924,"14조 9,894억원",USD
XP,XP Inc,55102010,투자 은행 및 중개 서비스,10958728290,"14조 8,107억원",USD
AEIS,Advanced Energy Industries  Inc.,52102030,전기 부품 및 장비,10950992356,"14조 8,003억원",USD
FRHC,Freedom Holding Corp,55102010,투자 은행 및 중개 서비스,10917896913,"14조 7,555억원",USD
TWST,Twist Bioscience Corporation,56201040,제약,10907696340,"14조 7,418억원",USD
TXRH,Texas Roadhouse Inc,53301020,레스토랑 및 바,10904270627,"14조 7,371억원",USD
ALGN,Align Technology  Inc.,56101020,"의료 장비, 물품 및 유통",10889698913,"14조 7,174억원",USD
CHYM,Chime Financial  Inc.,57301010,핀테크,10835105877,"14조 6,436억원",USD
DKNG,DraftKings Inc.,53301030,카지노 및 도박,10822698246,"14조 6,269억원",USD
GSAT,Globalstar  Inc.,57401020,무선 통신 서비스,10691570943,"14조 4,497억원",USD
LFUS,Littelfuse  Inc.,57104010,전자 장비 및 부품,10639027143,"14조 3,786억원",USD
AXSM,Axsome Therapeutics  Inc.,56201040,제약,10638544136,"14조 3,780억원",USD
GLXY,Galaxy Digital Inc,55102010,투자 은행 및 중개 서비스,10620456575,"14조 3,535억원",USD
NWSA,News Corporation Class A,53302040,소비자 출판,10544734600,"14조 2,512억원",USD
RGEN,Repligen Corporation,56101020,"의료 장비, 물품 및 유통",10539352222,"14조 2,439억원",USD
TXG,10x Genomics  Inc.,56101020,"의료 장비, 물품 및 유통",10514497258,"14조 2,103억원",USD
COO,The Cooper Companies  Inc.,56101020,"의료 장비, 물품 및 유통",10513686205,"14조 2,092억원",USD
JKHY,Jack Henry & Associates Inc,57201010,IT 서비스 및 컨설팅,10453789853,"14조 1,283억원",USD
QRVO,Qorvo  Inc.,57101010,반도체,10448970213,"14조 1,218억원",USD
STRC,Strategy Variable Rate Perpetual Stretch Prf Shs Series A,57201020,소프트웨어,10390869477,14조 433억원,USD
VSAT,Viasat Inc,57102010,통신 및 네트워킹,10330308192,"13조 9,614억원",USD
ENLT,Enlight Renewable Energy Ltd.,59101020,민자 발전 사업,10287162370,"13조 9,031억원",USD
CART,Maplebear Inc.,57201030,온라인 서비스,10280917975,"13조 8,947억원",USD
ENSG,The Ensign Group  Inc.,56102010,의료 시설 및 서비스,10276358763,"13조 8,885억원",USD
BPOP,Popular  Inc.,55101010,은행,10216678075,"13조 8,078억원",USD
CGNX,Cognex Corporation,52102010,산업용 기계 및 장비,9920159963,"13조 4,071억원",USD
KRYS,Krystal Biotech  Inc.,56201040,제약,10385639576,14조 362억원,USD
UMBF,UMB Financial Corporation,55101010,은행,10193253526,"13조 7,762억원",USD
ARWR,Arrowhead Pharmaceuticals  Inc.,56202010,생명 공학 및 의학 연구,10150545999,"13조 7,185억원",USD
KYMR,Kymera Therapeutics  Inc.,56202010,생명 공학 및 의학 연구,10149364433,"13조 7,169억원",USD
LI,Li Auto Inc. ADR,53101010,자동차 및 트럭 제조,10009645104,"13조 5,280억원",USD
DRS,Leonardo DRS Inc,52101010,항공우주 및 방위,9915019782,"13조 4,001억원",USD
IBRX,ImmunityBio  Inc.,56202010,생명 공학 및 의학 연구,9845878976,"13조 3,067억원",USD
FORM,FormFactor Inc,57101020,반도체 장비 및 테스트,9843992557,"13조 3,042억원",USD
DPZ,Domino's Pizza  Inc.,53301020,레스토랑 및 바,9829079695,"13조 2,840억원",USD
WTFC,Wintrust Financial Corporation,55101010,은행,9762325425,"13조 1,938억원",USD
HSIC,Henry Schein  Inc.,56101020,"의료 장비, 물품 및 유통",9743771167,"13조 1,687억원",USD
PODD,Insulet Corporation,56101020,"의료 장비, 물품 및 유통",9666588257,13조 644억원,USD
SIMO,Silicon Motion Technology Corporation ADR,57101010,반도체,9626214364,13조 98억원,USD
BSY,Bentley Systems  Inc,57201020,소프트웨어,9624679444,13조 78억원,USD
FCFS,Firstcash Holdings Inc (Texas),55101030,소비자 대출,9579529466,"12조 9,467억원",USD
ONB,Old National Bancorp,55101010,은행,9575727100,"12조 9,416억원",USD
MTCH,Match Group  Inc.,57201030,온라인 서비스,9574571584,"12조 9,400억원",USD
GOOGM,Alphabet Dep Shs Repstg 1 20Th Int Mandatory Conv Prf Shs Ser A,57201030,온라인 서비스,9522975000,"12조 8,703억원",USD
GOOGN,Alphabet Dep Shs Repstg 1 20Th Int Mandatory Conv Prf Shs Ser B,57201030,온라인 서비스,9476775000,"12조 8,079억원",USD
CYTK,Cytokinetics  Incorporated,56202010,생명 공학 및 의학 연구,9396592823,"12조 6,995억원",USD
PTGX,Protagonist Therapeutics  Inc.,56202010,생명 공학 및 의학 연구,9387230905,"12조 6,868억원",USD
SOLS,Solstice Advanced Materials Inc,51101030,특수 화학제,9356998886,"12조 6,460억원",USD
RIOT,Riot Platforms  Inc.,57301030,블록 체인 및 암호화폐,9355205250,"12조 6,436억원",USD
BRKR,Bruker Corporation,56101010,첨단 의료 장비 및 기술,9325913732,"12조 6,040억원",USD
SAIA,Saia Inc,52405030,지상 화물 및 물류,9292914567,"12조 5,594억원",USD
ZION,Zions Bancorporation  National Association,55101010,은행,9289931046,"12조 5,553억원",USD
AAOI,Applied Optoelectronics  Inc.,57104010,전자 장비 및 부품,9084972923,"12조 2,783억원",USD
TTEK,Tetra Tech  Inc.,52203010,환경 서비스 및 장비,9079335417,"12조 2,707억원",USD
AAL,American Airlines Group Inc.,52406010,항공사,9009411033,"12조 1,762억원",USD
VIAV,Viavi Solutions Inc.,57102010,통신 및 네트워킹,8981693739,"12조 1,388억원",USD
SIRI,Sirius XM Holdings Inc.,53302020,방송,8942384618,12조 856억원,USD
TGTX,TG Therapeutics  Inc.,56201040,제약,8894842670,12조 214억원,USD
CAI,Caris Life Sciences  Inc.,56101020,"의료 장비, 물품 및 유통",8893270503,12조 193억원,USD
KTOS,Kratos Defense & Security Solutions  Inc.,52101010,항공우주 및 방위,8817270729,"11조 9,165억원",USD
PCVX,Vaxcyte  Inc.,56202010,생명 공학 및 의학 연구,8782487508,"11조 8,695억원",USD
WULF,TeraWulf Inc.,57301030,블록 체인 및 암호화폐,8647127172,"11조 6,866억원",USD
IDCC,InterDigital Inc,57102010,통신 및 네트워킹,8613012896,"11조 6,405억원",USD
LINE,Lineage  Inc.,60102040,특수 REITs,8516354449,"11조 5,099억원",USD
WYNN,Wynn Resorts  Limited,53301030,카지노 및 도박,8496375746,"11조 4,829억원",USD
PRAX,Praxis Precision Medicines  Inc.,56202010,생명 공학 및 의학 연구,8394144392,"11조 3,447억원",USD
SNEX,StoneX Group Inc,55102010,투자 은행 및 중개 서비스,8356327401,"11조 2,936억원",USD
APLD,Applied Digital Corporation,57301030,블록 체인 및 암호화폐,8318528456,"11조 2,425억원",USD
COLB,Columbia Banking System Inc,55101010,은행,8300352543,"11조 2,179억원",USD
FIGR,Figure Technology Solutions  Inc.,57201010,IT 서비스 및 컨설팅,8296504572,"11조 2,127억원",USD
GTLB,GitLab Inc.,57201020,소프트웨어,8133412000,"10조 9,923억원",USD
SYRE,Spyre Therapeutics Inc,56202010,생명 공학 및 의학 연구,8109340891,"10조 9,598억원",USD
AVT,Avnet Inc,57104010,전자 장비 및 부품,8063670187,"10조 8,981억원",USD
CBSH,Commerce Bancshares  Inc.,55101010,은행,7986303671,"10조 7,935억원",USD
BOKF,BOK Financial Corp,55101010,은행,7963497920,"10조 7,627억원",USD
AVAV,AeroVironment  Inc.,52101010,항공우주 및 방위,7935652617,"10조 7,250억원",USD
MXL,MaxLinear  Inc.,57101010,반도체,7929305689,"10조 7,165억원",USD
CIFR,Cipher Digital Inc,57301030,블록 체인 및 암호화폐,7922936483,"10조 7,078억원",USD
CAE,CAE Inc.,52101010,항공우주 및 방위,7865330243,"10조 6,300억원",USD
ABVX,Abivax SA ADR,56202010,생명 공학 및 의학 연구,7793530869,"10조 5,330억원",USD
PCTY,Paylocity Holding Corp,57201020,소프트웨어,7730930079,"10조 4,484억원",USD
IMVT,Immunovant  Inc.,56202010,생명 공학 및 의학 연구,7702349512,"10조 4,097억원",USD
SFD,Smithfield Foods Inc,54102020,식품 가공,7702090950,"10조 4,094억원",USD
HQY,HealthEquity  Inc.,57201020,소프트웨어,7589128408,"10조 2,567억원",USD
VFS,VinFast Auto Ltd,53101010,자동차 및 트럭 제조,7556701312,"10조 2,129억원",USD
DBX,Dropbox Inc,57201020,소프트웨어,7371304784,"9조 9,623억원",USD
AUGO,Aura Minerals Inc,51201060,금,7777543925,"10조 5,114억원",USD
SSRM,SSR Mining Inc.,51201060,금,7717127629,"10조 4,297억원",USD
IONS,Ionis Pharmaceuticals  Inc.,56202010,생명 공학 및 의학 연구,7602932732,"10조 2,754억원",USD
CBC,Central Bancompany  Inc.,55101010,은행,7589917665,"10조 2,578억원",USD
NTSK,Netskope  Inc.,57201010,IT 서비스 및 컨설팅,7579302725,"10조 2,434억원",USD
CELH,Celsius Holdings  Inc.,54101030,무알콜 음료,7435434856,10조 490억원,USD
CHRD,Chord Energy Corporation,50102020,"오일, 가스 탐사 및 생산",7432893826,10조 456억원,USD
SLAB,Silicon Laboratories Inc.,57101010,반도체,7406419939,10조 98억원,USD
MORN,Morningstar  Inc.,52203070,전문 정보 서비스,7323774466,"9조 8,981억원",USD
APPF,AppFolio  Inc.,57201020,소프트웨어,7305462940,"9조 8,733억원",USD
ALKS,Alkermes Plc,56202010,생명 공학 및 의학 연구,7262472045,"9조 8,152억원",USD
VLY,Valley National Bancorp,55101010,은행,7250180565,"9조 7,986억원",USD
CAMT,Camtek Ltd.,57101020,반도체 장비 및 테스트,7063695271,"9조 5,466억원",USD
BLTE,Belite Bio  Inc ADR,56202010,생명 공학 및 의학 연구,7061720450,"9조 5,439억원",USD
LNW,Light & Wonder Inc,53301030,카지노 및 도박,7028989192,"9조 4,997억원",USD
PLXS,Plexus Corp,57104010,전자 장비 및 부품,7018297230,"9조 4,852억원",USD
BZ,KANZHUN LIMITED ADR,52203030,고용 서비스,7000925259,"9조 4,618억원",USD
POWL,Powell Industries Inc,52102030,전기 부품 및 장비,6991409032,"9조 4,489억원",USD
GLBE,Global-E Online Ltd.,57201030,온라인 서비스,6979045096,"9조 4,322억원",USD
GDS,GDS Holdings Limited ADR,57201010,IT 서비스 및 컨설팅,6965244439,"9조 4,135억원",USD
NICE,NICE Ltd. ADR,57201020,소프트웨어,6913220932,"9조 3,432억원",USD
DUOL,Duolingo  Inc.,57201030,온라인 서비스,6910799794,"9조 3,399억원",USD
PPC,Pilgrims Pride Corp,54102020,식품 가공,6900385026,"9조 3,259억원",USD
CGON,CG Oncology  Inc.,56202010,생명 공학 및 의학 연구,6890902753,"9조 3,131억원",USD
RYTM,Rhythm Pharmaceuticals  Inc.,56201040,제약,6834946180,"9조 2,374억원",USD
AMRX,Amneal Pharmaceuticals  Inc,56201040,제약,6791772332,"9조 1,791억원",USD
DSGX,The Descartes Systems Group Inc.,57201020,소프트웨어,6746358890,"9조 1,177억원",USD
QBTS,D-Wave Quantum Inc.,57201010,IT 서비스 및 컨설팅,6666243588,9조 94억원,USD
XE,X-Energy Inc,52102040,중전기장비,6648149527,"8조 9,850억원",USD
ALGM,Allegro Microsystems Inc,57101010,반도체,6619136653,"8조 9,458억원",USD
MAAS,Maase Inc,57201010,IT 서비스 및 컨설팅,6588416112,"8조 9,042억원",USD
ACT,Enact Holdings Inc,55301020,손해보험,6545597576,"8조 8,464억원",USD
AAON,AAON  Inc.,52102030,전기 부품 및 장비,6536099964,"8조 8,335억원",USD
LNTH,Lantheus Holdings  Inc.,56101020,"의료 장비, 물품 및 유통",6529987500,"8조 8,253억원",USD
MBLY,Mobileye Global Inc,57107010,통합 하드웨어 및 소프트웨어,6529440753,"8조 8,245억원",USD
VCTR,Victory Capital Holdings  Inc.,55102020,투자 관리 및 펀드 운영,6456044677,"8조 7,253억원",USD
URBN,Urban Outfitters  Inc.,53403040,의류 및 액세서리 소매,6426226779,"8조 6,850억원",USD
SFM,Sprouts Farmers Market Inc,54301020,식품 소매 및 유통,6404246885,"8조 6,553억원",USD
BILI,Bilibili Inc ADR,57201030,온라인 서비스,6402316580,"8조 6,527억원",USD
USAR,USA Rare Earth  Inc.,51201010,금 제외 귀금속 및 광물,6372550873,"8조 6,125억원",USD
QLYS,Qualys  Inc.,57201010,IT 서비스 및 컨설팅,6341955583,"8조 5,712억원",USD
UBSI,United Bankshares  Inc.,55101010,은행,6337970929,"8조 5,658억원",USD
LLYVK,Liberty Live Holdings Inc Series C,53301040,여가 및 오락시설,6310837082,"8조 5,291억원",USD
ORKA,Oruka Therapeutics Inc,56202010,생명 공학 및 의학 연구,6260127040,"8조 4,606억원",USD
TTD,Trade Desk Inc,57201020,소프트웨어,6231439471,"8조 4,218억원",USD
LQDA,Liquidia Corporation,56201040,제약,6143890278,"8조 3,035억원",USD
DOX,Amdocs Limited,57201010,IT 서비스 및 컨설팅,6138557850,"8조 2,963억원",USD
POOL,Pool Corporation,53205020,오락용 제품,6127049944,"8조 2,807억원",USD
WFRD,Weatherford International PLC,50103020,오일 관련 서비스 및 장비,6091256388,"8조 2,323억원",USD
KNSA,Kiniksa Pharmaceuticals International  PLC,56201040,제약,6085873014,"8조 2,251억원",USD
CVLT,Commvault Systems  Inc.,57201020,소프트웨어,6067898615,"8조 2,008억원",USD
CZR,Caesars Entertainment Inc,53301030,카지노 및 도박,6035967273,"8조 1,576억원",USD
CRUS,Cirrus Logic  Inc.,57101010,반도체,6033151993,"8조 1,538억원",USD
CPB,Campbell's Co,54102020,식품 가공,6026748171,"8조 1,452억원",USD
CROX,Crocs  Inc.,53202030,제화,5972997444,8조 725억원,USD
MMED,MiniMed Group Inc,56101020,"의료 장비, 물품 및 유통",5964618537,8조 612억원,USD
MIRM,Mirum Pharmaceuticals  Inc.,56201040,제약,5934154032,8조 200억원,USD
HWC,Hancock Whitney Corporation,55101010,은행,5902010377,"7조 9,766억원",USD
NWS,News Corporation Class B,53302040,소비자 출판,5846173091,"7조 9,011억원",USD
TVTX,Travere Therapeutics  Inc.,56202010,생명 공학 및 의학 연구,5682058023,"7조 6,793억원",USD
SRRK,Scholar Rock Holding Corporation,56202010,생명 공학 및 의학 연구,6234188586,"8조 4,255억원",USD
CORZ,Core Scientific Inc,57301030,블록 체인 및 암호화폐,6037986886,"8조 1,603억원",USD
XMTR,Xometry  Inc.,57201010,IT 서비스 및 컨설팅,6026427229,"8조 1,447억원",USD
LKQ,LKQ Corp,53101020,"자동차, 트럭 및 오토바이 부품",5968319209,8조 662억원,USD
LGND,Ligand Pharmaceuticals Incorporated,56201040,제약,5950779287,8조 425억원,USD
TTAN,ServiceTitan  Inc.,57201020,소프트웨어,5938564109,8조 260억원,USD
LGN,Legence Corp.,52201020,건설 및 엔지니어링,5863094790,"7조 9,240억원",USD
CACC,Credit Acceptance Corp,55101030,소비자 대출,5837415357,"7조 8,893억원",USD
BGC,Bgc Group Inc,55102010,투자 은행 및 중개 서비스,5833974225,"7조 8,846억원",USD
FSV,FIRSTSERVICE CORPORATION,60101020,부동산 서비스,5822927132,"7조 8,697억원",USD
RDNT,RadNet  Inc.,56102010,의료 시설 및 서비스,5818125175,"7조 8,632억원",USD
MKTX,MarketAxess Holdings Inc.,55102050,"금융, 상품 시장 운영 및 서비스 제공",5752277906,"7조 7,742억원",USD
LSTR,Landstar System  Inc.,52405030,지상 화물 및 물류,5724480509,"7조 7,366억원",USD
CRSP,CRISPR Therapeutics AG,56202010,생명 공학 및 의학 연구,5707767307,"7조 7,140억원",USD
PEGA,Pegasystems Inc.,57201020,소프트웨어,5705673616,"7조 7,112억원",USD
COGT,Cogent Biosciences  Inc.,56202010,생명 공학 및 의학 연구,5662120163,"7조 6,524억원",USD
LYFT,Lyft  Inc.,57201030,온라인 서비스,5640249710,"7조 6,228억원",USD
STEP,StepStone Group Inc.,55102020,투자 관리 및 펀드 운영,5619912429,"7조 5,953억원",USD
OTEX,Open Text Corporation,57201020,소프트웨어,5566493730,"7조 5,231억원",USD
PI,Impinj  Inc.,57101010,반도체,5553264563,"7조 5,052억원",USD
CHDN,Churchill Downs Incorporated,53301030,카지노 및 도박,5540472316,"7조 4,879억원",USD
RGTI,Rigetti Computing  Inc.,57101010,반도체,5513859700,"7조 4,520억원",USD
PTCT,PTC Therapeutics  Inc.,56201040,제약,5505074500,"7조 4,401억원",USD
DNTH,Dianthus Therapeutics Inc,56202010,생명 공학 및 의학 연구,5501146076,"7조 4,348억원",USD
ROAD,Construction Partners  Inc.,52201020,건설 및 엔지니어링,5488829724,"7조 4,182억원",USD
Z,Zillow Group  Inc. Class C,60101020,부동산 서비스,5486055713,"7조 4,144억원",USD
GGAL,Grupo Financiero Galicia S.A. ADR,55101010,은행,5465757330,"7조 3,870억원",USD
NAVN,Navan  Inc.,57201020,소프트웨어,5459505986,"7조 3,785억원",USD
CWST,Casella Waste Systems  Inc.,52203010,환경 서비스 및 장비,5457770345,"7조 3,762억원",USD
NOVT,Novanta Inc.,57104010,전자 장비 및 부품,5452187901,"7조 3,686억원",USD
ERAS,Erasca  Inc.,56202010,생명 공학 및 의학 연구,5438799644,"7조 3,505억원",USD
SAIC,Science Applications International Corp,57201010,IT 서비스 및 컨설팅,5433704283,"7조 3,437억원",USD
VRNS,Varonis Systems  Inc.,57201020,소프트웨어,5431752336,"7조 3,410억원",USD
DFTX,Definium Therapeutics Inc,56202010,생명 공학 및 의학 연구,5417675424,"7조 3,220억원",USD
BCPC,Balchem Corporation,51101030,특수 화학제,5368258736,"7조 2,552억원",USD
MWH,Solv Energy Inc,52201020,건설 및 엔지니어링,5357176531,"7조 2,402억원",USD
SHC,Sotera Health Company,56102010,의료 시설 및 서비스,5333654919,"7조 2,084억원",USD
PSMT,PriceSmart  Inc.,53402020,할인점,5333007152,"7조 2,076억원",USD
FTDR,Frontdoor Inc,54201030,개인 서비스,5317875062,"7조 1,871억원",USD
PAGP,Plains GP Holdings Limited Partner Interests Units Class A,50103030,오일 및 가스 수송 서비스,5317683812,"7조 1,868억원",USD
EXLS,ExlService Holdings  Inc.,52203040,경영 지원 서비스,5309469715,"7조 1,757억원",USD
ACMR,ACM Research  Inc.,57101020,반도체 장비 및 테스트,5279409057,"7조 1,351억원",USD
MARA,MARA Holdings  Inc.,57301030,블록 체인 및 암호화폐,5265259418,"7조 1,160억원",USD
MRX,Marex Group Ltd,55102010,투자 은행 및 중개 서비스,5256097093,"7조 1,036억원",USD
SIGI,Selective Insurance Group  Inc.,55301020,손해보험,5223020354,7조 589억원,USD
MMSI,Merit Medical Systems Inc,56101020,"의료 장비, 물품 및 유통",5210331249,7조 418억원,USD
OCTV,Octave Intelligence PLC,57201020,소프트웨어,5199639954,7조 273억원,USD
NXST,Nexstar Media Group Inc,53302020,방송,5161314667,"6조 9,755억원",USD
IRDM,Iridium Communications Inc.,57401020,무선 통신 서비스,5156002505,"6조 9,683억원",USD
GLNG,Golar LNG Limited,50103030,오일 및 가스 수송 서비스,5147882000,"6조 9,574억원",USD
VSEC,VSE Corp,52101010,항공우주 및 방위,5147677164,"6조 9,571억원",USD
OZK,Bank Ozk,55101010,은행,5126948798,"6조 9,291억원",USD
RRR,Red Rock Resorts  Inc.,53301030,카지노 및 도박,5120589376,"6조 9,205억원",USD
MRCY,Mercury Systems Inc,52101010,항공우주 및 방위,5105237594,"6조 8,997억원",USD
AXTI,AXT  Inc.,57101010,반도체,5100940161,"6조 8,939억원",USD
MIDD,The Middleby Corporation,52102010,산업용 기계 및 장비,5100628744,"6조 8,935억원",USD
IEP,Icahn Enterprises Units,50102030,"오일, 가스 정제 및 마케팅",5061715462,"6조 8,409억원",USD
SBRA,Sabra Health Care REIT  Inc.,60102040,특수 REITs,5060717196,"6조 8,396억원",USD
ACIW,ACI Worldwide  Inc.,57301010,핀테크,4965988305,"6조 7,115억원",USD
CLMT,Calumet  Inc.,50102030,"오일, 가스 정제 및 마케팅",4959218362,"6조 7,024억원",USD
BLLN,BillionToOne  Inc.,56202010,생명 공학 및 의학 연구,5476999501,"7조 4,022억원",USD
CAKE,Cheesecake Factory Inc,53301020,레스토랑 및 바,5127335727,"6조 9,296억원",USD
LAUR,Laureate Education  Inc.,63101010,기타 교육 서비스 제공,4976884377,"6조 7,263억원",USD
WAY,Waystar Holding Corp.,57201020,소프트웨어,4914511902,"6조 6,420억원",USD
OLLI,Ollie's Bargain Outlet Holdings  Inc.,53402020,할인점,4899510199,"6조 6,217억원",USD
EBC,Eastern Bankshares Inc,55101010,은행,4883291866,"6조 5,998억원",USD
GRAL,Grail Inc,56202010,생명 공학 및 의학 연구,4847179714,"6조 5,510억원",USD
FRVO,Fervo Energy Co,59101010,전력 유틸리티,4845906992,"6조 5,492억원",USD
GTX,Garrett Motion Inc.,53101020,"자동차, 트럭 및 오토바이 부품",4839504093,"6조 5,406억원",USD
EWTX,Edgewise Therapeutics  Inc.,56202010,생명 공학 및 의학 연구,4833969782,"6조 5,331억원",USD
HLNE,Hamilton Lane Incorporated,55102020,투자 관리 및 펀드 운영,4827691889,"6조 5,246억원",USD
IOVA,Iovance Biotherapeutics Inc,56202010,생명 공학 및 의학 연구,4819616036,"6조 5,137억원",USD
LFST,LifeStance Health Group  Inc.,56102010,의료 시설 및 서비스,4796034545,"6조 4,818억원",USD
VEON,VEON Ltd ADR,57401020,무선 통신 서비스,4776901097,"6조 4,560억원",USD
PECO,Phillips Edison & Company  Inc.,60102020,상업용 REITs,4773483000,"6조 4,514억원",USD
EQPT,Equipmentshare.Com Inc,52203040,경영 지원 서비스,4707725393,"6조 3,625억원",USD
GNTX,Gentex Corporation,53101020,"자동차, 트럭 및 오토바이 부품",4698238281,"6조 3,497억원",USD
KLIC,Kulicke and Soffa Industries Inc,57101020,반도체 장비 및 테스트,4685548957,"6조 3,325억원",USD
TFSL,TFS Financial Corp,55101010,은행,4683394009,"6조 3,296억원",USD
REYN,Reynolds Consumer Products Inc,54201010,가정용 제품,4673236071,"6조 3,159억원",USD
VSNT,Versant Media Group Inc,53302020,방송,4663589314,"6조 3,028억원",USD
PBLS,Parabilis Medicines Inc,56202010,생명 공학 및 의학 연구,4654908985,"6조 2,911억원",USD
FFIN,First Financial Bankshares Inc,55101010,은행,4630911751,"6조 2,587억원",USD
CIGI,Colliers International Group Inc.,60101020,부동산 서비스,4601987841,"6조 2,196억원",USD
NSIT,Insight Enterprises Inc,57201010,IT 서비스 및 컨설팅,4585757813,"6조 1,977억원",USD
UFPI,UFP Industries  Inc.,51301010,임업 및 목재 제품,4579506983,"6조 1,892억원",USD
SLM,SLM Corp,55101030,소비자 대출,4557713732,"6조 1,598억원",USD
ACAD,Acadia Pharmaceuticals Inc.,56202010,생명 공학 및 의학 연구,4550588730,"6조 1,501억원",USD
ENPH,Enphase Energy  Inc.,50201010,재생 가능 에너지 장비 및 서비스,4548418784,"6조 1,472억원",USD
MMYT,MakeMyTrip Limited,53301040,여가 및 오락시설,4546795721,"6조 1,450억원",USD
ATAT,Atour Lifestyle Holdings Limited ADR,53301010,"호텔, 모텔 및 크루즈 라인",4517994539,"6조 1,061억원",USD
DAVE,Dave Inc.,57301010,핀테크,4509964610,6조 952억원,USD
RELY,Remitly Global  Inc.,52203040,경영 지원 서비스,4504636669,6조 880억원,USD
MYRG,MYR Group Inc,52201020,건설 및 엔지니어링,4500291713,6조 821억원,USD
ONDS,Ondas Inc,57102010,통신 및 네트워킹,4495285486,6조 754억원,USD
ADPT,Adaptive Biotechnologies Corporation,56202010,생명 공학 및 의학 연구,4478259327,6조 524억원,USD
MEOH,Methanex Corp,51101010,상품 화학,4472428044,6조 445억원,USD
RUSHA,Rush Enterprises  Inc. Class A,53403010,"자동차 차량, 부품 및 서비스 소매",4427054088,"5조 9,832억원",USD
CHEF,The Chefs' Warehouse  Inc.,54301020,식품 소매 및 유통,4420663554,"5조 9,745억원",USD
DIOD,Diodes Incorporated,57101010,반도체,4418200578,"5조 9,712억원",USD
FULT,Fulton Financial Corporation,55101010,은행,4394853240,"5조 9,396억원",USD
AYA,Aya Gold & Silver Inc (Quebec),51201010,금 제외 귀금속 및 광물,4376426384,"5조 9,147억원",USD
HTFL,Heartflow  Inc.,56101010,첨단 의료 장비 및 기술,4362463467,"5조 8,959억원",USD
OMAB,Grupo Aeroportuario del Centro Norte  S.A.B. de C.V. ADR,52407010,공항 운영 및 서비스,4358550328,"5조 8,906억원",USD
IBOC,International Bancshares Corp,55101010,은행,4337858102,"5조 8,626억원",USD
BWIN,The Baldwin Insurance Group  Inc.,55301010,복합보험 및 중개인,4332012510,"5조 8,547억원",USD
LIVN,LivaNova PLC,56101020,"의료 장비, 물품 및 유통",4324289364,"5조 8,443억원",USD
CECO,CECO Environmental Corp.,52203010,환경 서비스 및 장비,4317182169,"5조 8,347억원",USD
NWE,NorthWestern Energy Group  Inc.,59101010,전력 유틸리티,4298252180,"5조 8,091억원",USD
CVCO,Cavco Industries  Inc.,53203010,주택 건설,4293685183,"5조 8,029억원",USD
BULL,Webull Corp,57301010,핀테크,4285794085,"5조 7,923억원",USD
INDV,Indivior Pharmaceuticals Inc,56201040,제약,4271575691,"5조 7,730억원",USD
PTEN,Patterson-UTI Energy Inc,50103010,오일 및 가스 시추,4248627496,"5조 7,420억원",USD
FELE,FRANKLIN ELECTRIC CO.  INC.,52102010,산업용 기계 및 장비,4243858429,"5조 7,356억원",USD
FSLY,Fastly  Inc.,57201010,IT 서비스 및 컨설팅,4154544000,"5조 6,149억원",USD
ALM,Almonty Industries Inc.,51201050,특수 채굴 및 금속,4134364207,"5조 5,876억원",USD
CELC,Celcuity Inc.,56202010,생명 공학 및 의학 연구,4115173463,"5조 5,617억원",USD
DLO,DLocal Limited,52203040,경영 지원 서비스,4112824010,"5조 5,585억원",USD
TCBI,Texas Capital Bancshares  Inc.,55101010,은행,4107023639,"5조 5,506억원",USD
CAR,Avis Budget Group Inc,52406020,지상 및 해상 여객 운송,3805643478,"5조 1,433억원",USD
VKTX,Viking Therapeutics  Inc.,56202010,생명 공학 및 의학 연구,4765272476,"6조 4,403억원",USD
TNGX,Tango Therapeutics  Inc.,56202010,생명 공학 및 의학 연구,4304622670,"5조 8,177억원",USD
RLAY,Relay Therapeutics  Inc.,56202010,생명 공학 및 의학 연구,4240390560,"5조 7,309억원",USD
AMLX,Amylyx Pharmaceuticals  Inc.,56202010,생명 공학 및 의학 연구,4140123339,"5조 5,954억원",USD
ABCL,AbCellera Biologics Inc.,56202010,생명 공학 및 의학 연구,4097404942,"5조 5,376억원",USD
ITRI,Itron  Inc.,57104010,전자 장비 및 부품,4086617657,"5조 5,231억원",USD
SRAD,Sportradar Group AG,57201020,소프트웨어,4076700150,"5조 5,097억원",USD
TLX,Telix Pharmaceuticals Limited ADR,56202010,생명 공학 및 의학 연구,4061713869,"5조 4,894억원",USD
CATY,Cathay General Bancorp,55101010,은행,4049528874,"5조 4,729억원",USD
ICUI,ICU Medical  Inc.,56101020,"의료 장비, 물품 및 유통",4025632977,"5조 4,406억원",USD
JOYY,JOYY Inc. ADR,57201030,온라인 서비스,3969302418,"5조 3,645억원",USD
TENB,Tenable Holdings  Inc.,57201020,소프트웨어,3955126790,"5조 3,454억원",USD
SKYW,SkyWest  Inc.,52406010,항공사,3929426490,"5조 3,106억원",USD
WSFS,WSFS Financial Corporation,55101010,은행,3928356618,"5조 3,092억원",USD
FLY,Firefly Aerospace Inc.,52101010,항공우주 및 방위,3908061438,"5조 2,817억원",USD
CENX,Century Aluminum Company,51201030,알루미늄,3900335823,"5조 2,713억원",USD
CVBF,CVB Financial Corp,55101010,은행,3900103160,"5조 2,710억원",USD
CLSK,CleanSpark  Inc.,57301030,블록 체인 및 암호화폐,3888210485,"5조 2,549억원",USD
IOND,Ionic Digital Inc,52203040,경영 지원 서비스,3888119482,"5조 2,548억원",USD
SYNA,Synaptics Incorporated,57101010,반도체,3875567205,"5조 2,378억원",USD
CCC,CCC Intelligent Solutions Holdings Inc.,57201020,소프트웨어,3869695205,"5조 2,299억원",USD
IDYA,IDEAYA Biosciences  Inc.,56202010,생명 공학 및 의학 연구,3831597410,"5조 1,784억원",USD
LOPE,Grand Canyon Education Inc,63101010,기타 교육 서비스 제공,3825826131,"5조 1,706억원",USD
INDB,Independent Bank Corp (Massachusetts),55101010,은행,3803738650,"5조 1,408억원",USD
OTTR,Otter Tail Corporation,59101010,전력 유틸리티,3788358883,"5조 1,200억원",USD
IPAR,Interparfums Inc,54201020,개인 생활 필수 용품,3788329634,"5조 1,199억원",USD
XENE,Xenon Pharmaceuticals Inc.,56202010,생명 공학 및 의학 연구,3785492487,"5조 1,161억원",USD
MAT,Mattel Inc,53205010,장난감 및 어린이 제품,3774097000,"5조 1,007억원",USD
TARS,Tarsus Pharmaceuticals  Inc.,56201040,제약,3768457156,5조 931억원,USD
PLSE,Pulse Biosciences Inc,56101010,첨단 의료 장비 및 기술,3757988163,5조 789억원,USD
LUNR,Intuitive Machines Inc,52101010,항공우주 및 방위,3717726864,5조 245억원,USD
CRVL,CorVel Corporation,56102010,의료 시설 및 서비스,3717514460,5조 242억원,USD
SEZL,Sezzle Inc,52203040,경영 지원 서비스,3704251540,5조 63억원,USD
WSBC,Wesbanco  Inc.,55101010,은행,3691417668,"4조 9,890억원",USD
IRTC,iRhythm Holdings  Inc,56101010,첨단 의료 장비 및 기술,3643400722,"4조 9,241억원",USD
BANF,BancFirst Corp,55101010,은행,3636728159,"4조 9,150억원",USD
LEGN,Legend Biotech Corporation ADR,56202010,생명 공학 및 의학 연구,3625264018,"4조 8,995억원",USD
PTRN,Pattern Group Inc.,57201010,IT 서비스 및 컨설팅,3620715406,"4조 8,934억원",USD
SBLK,Star Bulk Carriers Corp.,52405020,해양 화물 및 물류,3591248683,"4조 8,536억원",USD
MNDY,monday.com Ltd.,57201020,소프트웨어,3591186409,"4조 8,535억원",USD
OLED,Universal Display Corp,57101010,반도체,3590929150,"4조 8,531억원",USD
DORM,Dorman Products  Inc.,53101020,"자동차, 트럭 및 오토바이 부품",3585111411,"4조 8,453억원",USD
RUM,RUM Group Inc.,57201030,온라인 서비스,3584170903,"4조 8,440억원",USD
OPCH,Option Care Health Inc,56102010,의료 시설 및 서비스,3579867308,"4조 8,382억원",USD
ACLS,Axcelis Technologies  Inc.,57101020,반도체 장비 및 테스트,3574223537,"4조 8,306억원",USD
BTDR,Bitdeer Technologies Group,57301030,블록 체인 및 암호화폐,3560347410,"4조 8,118억원",USD
MGNI,Magnite  Inc.,53302010,광고 및 마케팅,3556919094,"4조 8,072억원",USD
TRMD,Torm PLC,50103030,오일 및 가스 수송 서비스,3546848476,"4조 7,936억원",USD
ELVN,Enliven Therapeutics  Inc.,56202010,생명 공학 및 의학 연구,3530917973,"4조 7,720억원",USD
FA,First Advantage Corporation,52203030,고용 서비스,3493470075,"4조 7,214억원",USD
VCYT,Veracyte  Inc.,56202010,생명 공학 및 의학 연구,3485742096,"4조 7,110억원",USD
FIBK,First Interstate BancSystem  Inc.,55101010,은행,3482430340,"4조 7,065억원",USD
PLMR,Palomar Holdings  Inc.,55301020,손해보험,3461828022,"4조 6,787억원",USD
CALM,Cal-Maine Foods  Inc.,54102010,어업 및 농업,3415609268,"4조 6,162억원",USD
CSQ,Calamos Strategic Total Return Closed Fund,55501030,폐쇄형 펀드,3377384513,"4조 5,645억원",USD
MCHB,Mechanics Bancorp,55101010,은행,3363468672,"4조 5,457억원",USD
TOWN,TowneBank,55101010,은행,3361019319,"4조 5,424억원",USD
WIX,Wix.com Ltd.,57201030,온라인 서비스,3352145831,"4조 5,304억원",USD
LIF,Life360  Inc.,57201020,소프트웨어,3339065522,"4조 5,127억원",USD
FFBC,First Financial Bancorp.,55101010,은행,3288676890,"4조 4,446억원",USD
ARQT,Arcutis Biotherapeutics  Inc.,56201040,제약,3491722677,"4조 7,191억원",USD
UCTT,Ultra Clean Holdings Inc,57101020,반도체 장비 및 테스트,3465956570,"4조 6,842억원",USD
DNLI,Denali Therapeutics Inc.,56202010,생명 공학 및 의학 연구,3452703905,"4조 6,663억원",USD
COCO,The Vita Coco Company  Inc.,54101030,무알콜 음료,3431750954,"4조 6,380억원",USD
NESR,National Energy Services Reunited Corp.,50103020,오일 관련 서비스 및 장비,3337184540,"4조 5,102억원",USD
ARLP,Alliance Resource Partners Units,50101010,석탄,3327116594,"4조 4,966억원",USD
IPGP,IPG Photonics Corp,57104010,전자 장비 및 부품,3326200950,"4조 4,954억원",USD
WSC,WillScot Holdings Corporation,55101050,기업 금융 서비스,3324854079,"4조 4,935억원",USD
FRMI,Fermi Inc,59101010,전력 유틸리티,3292002169,"4조 4,491억원",USD
AEHR,Aehr Test Systems,57101020,반도체 장비 및 테스트,3285550328,"4조 4,404억원",USD
USLM,United States Lime & Minerals Inc,51202010,건설 자재,3264161942,"4조 4,115억원",USD
GBDC,Golub Capital BDC Inc,55102020,투자 관리 및 펀드 운영,3253434410,"4조 3,970억원",USD
NVTS,Navitas Semiconductor Corporation,57101010,반도체,3253224860,"4조 3,967억원",USD
SHOO,Steven Madden  Ltd.,53202030,제화,3252721873,"4조 3,961억원",USD
SFNC,Simmons First National Corporation,55101010,은행,3251560253,"4조 3,945억원",USD
FRSH,Freshworks Inc.,57201020,소프트웨어,3240635988,"4조 3,797억원",USD
OSIS,OSI Systems  Inc.,57104010,전자 장비 및 부품,3201784853,"4조 3,272억원",USD
DYN,Dyne Therapeutics  Inc.,56202010,생명 공학 및 의학 연구,3200833827,"4조 3,259억원",USD
NMIH,NMI Holdings  Inc.,55301020,손해보험,3190741239,"4조 3,123억원",USD
SBCF,Seacoast Banking Corporation of Florida,55101010,은행,3178692491,"4조 2,960억원",USD
PONY,Pony AI Inc ADR,57201010,IT 서비스 및 컨설팅,3166875253,"4조 2,800억원",USD
EXPO,Exponent  Inc.,52203040,경영 지원 서비스,3148501682,"4조 2,552억원",USD
QURE,uniQure N.V.,56202010,생명 공학 및 의학 연구,3140911135,"4조 2,449억원",USD
QS,QuantumScape Corporation,53101020,"자동차, 트럭 및 오토바이 부품",3126523210,"4조 2,255억원",USD
PPTA,Perpetua Resources Corp.,51201060,금,3097372082,"4조 1,861억원",USD
CHRN,Chronoscale Corp,56101010,첨단 의료 장비 및 기술,3087513982,"4조 1,728억원",USD
RGC,Regencell Bioscience Holdings Ltd,56202010,생명 공학 및 의학 연구,3086803830,"4조 1,718억원",USD
BELFB,Bel Fuse Inc. Class B,57104010,전자 장비 및 부품,3075624108,"4조 1,567억원",USD
CLBK,Columbia Financial Inc,55101010,은행,3067423636,"4조 1,456억원",USD
FHB,First Hawaiian  Inc.,55101010,은행,3063936443,"4조 1,409억원",USD
KC,Kingsoft Cloud Holdings Ltd ADR,57201010,IT 서비스 및 컨설팅,3057444148,"4조 1,321억원",USD
COHU,Cohu  Inc.,57101020,반도체 장비 및 테스트,3055222466,"4조 1,291억원",USD
TMDX,TransMedics Group  Inc.,56101010,첨단 의료 장비 및 기술,3053840020,"4조 1,273억원",USD
NEOG,Neogen Corporation,56101020,"의료 장비, 물품 및 유통",3049121950,"4조 1,209억원",USD
ASO,Academy Sports and Outdoors  Inc.,53403040,의류 및 액세서리 소매,3048155105,"4조 1,196억원",USD
KYIV,Kyivstar Group Ltd,57401010,통합 통신 서비스,3023501657,4조 863억원,USD
ZLAB,Zai Lab Ltd ADR,56201040,제약,3005003827,4조 613억원,USD
ATRC,AtriCure  Inc.,56101020,"의료 장비, 물품 및 유통",2992464076,4조 443억원,USD
COLM,Columbia Sportswear Company,53202020,의류 및 액세서리,2991218325,4조 426억원,USD
MBX,MBX Biosciences  Inc.,56202010,생명 공학 및 의학 연구,2984962750,4조 342억원,USD
BHF,Brighthouse Financial  Inc.,55301030,생명 및 건강 보험,2984850120,4조 340억원,USD
SOUN,SoundHound AI  Inc.,57201010,IT 서비스 및 컨설팅,2979045980,4조 262억원,USD
AMBA,Ambarella  Inc.,57101010,반도체,2960093515,4조 6억원,USD
PLUG,Plug Power Inc.,50201010,재생 가능 에너지 장비 및 서비스,2948082037,"3조 9,843억원",USD
DXPE,DXP Enterprises  Inc.,52102010,산업용 기계 및 장비,2945930548,"3조 9,814억원",USD
ARCB,ArcBest Corporation,52405030,지상 화물 및 물류,2943896835,"3조 9,787억원",USD
SPSC,SPS Commerce  Inc.,57201020,소프트웨어,2933294178,"3조 9,643억원",USD
CLBT,Cellebrite DI Ltd,57201020,소프트웨어,2930636760,"3조 9,608억원",USD
IMNM,Immunome  Inc.,56202010,생명 공학 및 의학 연구,2924623947,"3조 9,526억원",USD
EXTR,Extreme Networks  Inc.,57102010,통신 및 네트워킹,2922294066,"3조 9,495억원",USD
FIZZ,National Beverage Corp.,54101030,무알콜 음료,2913308198,"3조 9,373억원",USD
BRZE,Braze  Inc.,57201020,소프트웨어,2898674577,"3조 9,176억원",USD
FRPT,Freshpet  Inc.,54102020,식품 가공,2889731990,"3조 9,055억원",USD
AVAH,Aveanna Healthcare Holdings Inc,56102010,의료 시설 및 서비스,2885802829,"3조 9,002억원",USD
ASST,Strive Inc,55102020,투자 관리 및 펀드 운영,2847027748,"3조 8,478억원",USD
CARG,CarGurus  Inc.,57201030,온라인 서비스,2845006887,"3조 8,450억원",USD
WING,Wingstop Inc.,53301020,레스토랑 및 바,2789091859,"3조 7,695억원",USD
LFTO,Liftoff Mobile Inc,57201020,소프트웨어,2768570466,"3조 7,417억원",USD
WGS,GeneDx Holdings Corp.,56102010,의료 시설 및 서비스,2707886723,"3조 6,597억원",USD
CLDX,Celldex Therapeutics  Inc.,56202010,생명 공학 및 의학 연구,2631524617,"3조 5,565억원",USD
CDNA,CareDx  Inc.,56202010,생명 공학 및 의학 연구,2922466257,"3조 9,497억원",USD
OUST,Ouster  Inc.,57104010,전자 장비 및 부품,2902521403,"3조 9,228억원",USD
PENG,Penguin Solutions Inc,57101010,반도체,2899311909,"3조 9,184억원",USD
FIVN,Five9  Inc.,57201020,소프트웨어,2888064473,"3조 9,032억원",USD
POWI,Power Integrations  Inc.,57101010,반도체,2875239915,"3조 8,859억원",USD
ADEA,Adeia Inc.,55601010,투자 지주 회사,2848536275,"3조 8,498억원",USD
NTCT,NetScout Systems  Inc.,57201010,IT 서비스 및 컨설팅,2845764192,"3조 8,461억원",USD
DGII,Digi International Inc.,57102010,통신 및 네트워킹,2840037525,"3조 8,383억원",USD
AGYS,Agilysys Inc,57201020,소프트웨어,2831014942,"3조 8,261억원",USD
MZTI,The Marzetti Company,54102020,식품 가공,2826255960,"3조 8,197억원",USD
PGEN,Precigen  Inc.,56201040,제약,2824898099,"3조 8,178억원",USD
IQMX,Iqm Quantum Computers Oyj ADR,57106010,컴퓨터 하드웨어,2810971876,"3조 7,990억원",USD
BATRK,Liberty Media Liberty Braves Ord Shs Series C,53301040,여가 및 오락시설,2793489954,"3조 7,754억원",USD
SLDE,Slide Insurance Holdings  Inc.,55301020,손해보험,2788295733,"3조 7,684억원",USD
NAMS,NewAmsterdam Pharma Company N.V.,56202010,생명 공학 및 의학 연구,2787606781,"3조 7,675억원",USD
VNET,VNET Group  Inc. ADR,57201010,IT 서비스 및 컨설팅,2773952524,"3조 7,490억원",USD
MGRC,McGrath RentCorp,52203040,경영 지원 서비스,2771579981,"3조 7,458억원",USD
AVPT,AvePoint  Inc.,57201010,IT 서비스 및 컨설팅,2771507081,"3조 7,457억원",USD
INTA,Intapp  Inc.,57201020,소프트웨어,2761287331,"3조 7,319억원",USD
PURR,Hyperliquid Strategies Inc,57301030,블록 체인 및 암호화폐,2759834478,"3조 7,299억원",USD
RNW,Renew Energy Global PLC,59101020,민자 발전 사업,2758294583,"3조 7,278억원",USD
PPLI,People Incorporated,57201030,온라인 서비스,2753675947,"3조 7,216억원",USD
MGEE,MGE Energy  Inc.,59101010,전력 유틸리티,2746897672,"3조 7,124억원",USD
ACHC,Acadia Healthcare Company  Inc.,56102010,의료 시설 및 서비스,2734355077,"3조 6,955억원",USD
VECO,Veeco Instruments Inc.,57101020,반도체 장비 및 테스트,2711710830,"3조 6,649억원",USD
HSAI,Hesai Group ADR,57104010,전자 장비 및 부품,2687131808,"3조 6,317억원",USD
GCMG,GCM Grosvenor Inc.,55102020,투자 관리 및 펀드 운영,2682939483,"3조 6,260억원",USD
OPEN,Opendoor Technologies Inc.,60101020,부동산 서비스,2680211298,"3조 6,223억원",USD
BEAM,Beam Therapeutics Inc.,56202010,생명 공학 및 의학 연구,2678249153,"3조 6,197억원",USD
TRMK,Trustmark Corporation,55101010,은행,2667762307,"3조 6,055억원",USD
NRIX,Nurix Therapeutics  Inc.,56202010,생명 공학 및 의학 연구,2664075803,"3조 6,005억원",USD
APPN,Appian Corp,57201020,소프트웨어,2643058329,"3조 5,721억원",USD
NBTB,NBT Bancorp Inc.,55101010,은행,2642169102,"3조 5,709억원",USD
HTO,H2O America,59103010,수자원 유틸리티,2633630108,"3조 5,594억원",USD
GPCR,Structure Therapeutics Inc. ADR,56202010,생명 공학 및 의학 연구,2632046822,"3조 5,572억원",USD
IRON,Disc Medicine  Inc.,56202010,생명 공학 및 의학 연구,2629141957,"3조 5,533억원",USD
ALRM,Alarm.com Holdings  Inc.,57201020,소프트웨어,2609636520,"3조 5,269억원",USD
AXGN,AxoGen  Inc.,56101010,첨단 의료 장비 및 기술,2608542690,"3조 5,254억원",USD
FBNC,First Bancorp (North Carolina),55101010,은행,2607403407,"3조 5,239억원",USD
DJT,Trump Media & Technology Group Corp.,57201030,온라인 서비스,2607089150,"3조 5,235억원",USD
WDFC,WD-40 Company,54201010,가정용 제품,2606779476,"3조 5,231억원",USD
HWKN,Hawkins Inc,51101090,다각적 화학 산업,2599995822,"3조 5,139억원",USD
MLYS,Mineralys Therapeutics  Inc.,56202010,생명 공학 및 의학 연구,2599162419,"3조 5,128억원",USD
NN,NextNav Inc.,57106020,전화 및 소형 장치,2587855920,"3조 4,975억원",USD
HIMX,Himax Technologies  Inc. ADR,57101010,반도체,2565424000,"3조 4,672억원",USD
KEEL,Keel Infrastructure Corp,57301030,블록 체인 및 암호화폐,2562928830,"3조 4,638억원",USD
FRME,First Merchants Corporation,55101010,은행,2552877845,"3조 4,502억원",USD
SUPN,Supernus Pharmaceuticals  Inc.,56201040,제약,2547306256,"3조 4,427억원",USD
UPST,Upstart Holdings  Inc.,55101030,소비자 대출,2527219805,"3조 4,155억원",USD
NMRK,Newmark Group Inc,60101020,부동산 서비스,2526327060,"3조 4,143억원",USD
BANR,Banner Corp,55101010,은행,2523726831,"3조 4,108억원",USD
DRH,Diamondrock Hospitality Co,60102040,특수 REITs,2518695933,"3조 4,040억원",USD
TSAT,Telesat Corp,57401020,무선 통신 서비스,2513986278,"3조 3,977억원",USD
HURN,Huron Consulting Group Inc.,52203040,경영 지원 서비스,2511563966,"3조 3,944억원",USD
PRVA,Privia Health Group Inc,56102010,의료 시설 및 서비스,2485707668,"3조 3,594억원",USD
SKWD,Skyward Specialty Insurance Group Inc,55301020,손해보험,2482207924,"3조 3,547억원",USD
PHVS,Pharvaris N.V.,56202010,생명 공학 및 의학 연구,2471198611,"3조 3,398억원",USD
HCM,HUTCHMED (China) Ltd ADR,56201040,제약,2454751028,"3조 3,176억원",USD
NWCL,NewHold Investment Corp III,55601010,투자 지주 회사,2449234748,"3조 3,101억원",USD
NEO,NeoGenomics  Inc.,56102010,의료 시설 및 서비스,2426901062,"3조 2,800억원",USD
VERA,Vera Therapeutics  Inc.,56202010,생명 공학 및 의학 연구,2613016527,"3조 5,315억원",USD
ATRO,Astronics Corporation,52101010,항공우주 및 방위,2516726485,"3조 4,014억원",USD
KALU,Kaiser Aluminum Corporation,51201030,알루미늄,2515307804,"3조 3,994억원",USD
VRDN,Viridian Therapeutics  Inc.,56202010,생명 공학 및 의학 연구,2506024990,"3조 3,869억원",USD
CLOV,Clover Health Investments  Corp.,56102020,의료 관리,2480499748,"3조 3,524억원",USD
NWL,Newell Brands Inc,53204030,"가전제품, 도구 및 가정 용품",2457443000,"3조 3,212억원",USD
EEFT,Euronet Worldwide Inc,52203040,경영 지원 서비스,2457042156,"3조 3,207억원",USD
VC,Visteon Corporation,53101020,"자동차, 트럭 및 오토바이 부품",2455712514,"3조 3,189억원",USD
BUSE,First Busey Corporation,55101010,은행,2453361363,"3조 3,157억원",USD
INTR,Inter & Co Inc,55101010,은행,2445845586,"3조 3,056억원",USD
LLYVA,Liberty Live Holdings Inc Series A,53301040,여가 및 오락시설,2440752496,"3조 2,987억원",USD
SLS,Sellas Life Sciences Group Inc,56202010,생명 공학 및 의학 연구,2427387422,"3조 2,806억원",USD
SYBT,Stock Yards Bancorp Inc,55101010,은행,2427236818,"3조 2,804억원",USD
HRMY,Harmony Biosciences Holdings  Inc.,56201040,제약,2418557401,"3조 2,687억원",USD
PAYO,Payoneer Global Inc,52203040,경영 지원 서비스,2416006461,"3조 2,652억원",USD
MBIN,Merchants Bancorp,55101010,은행,2395211231,"3조 2,371억원",USD
PLUS,ePlus inc.,57201010,IT 서비스 및 컨설팅,2389360480,"3조 2,292억원",USD
IMOS,ChipMOS Technologies Inc ADR,57101020,반도체 장비 및 테스트,2377142268,"3조 2,127억원",USD
LASR,nLIGHT  Inc.,57101010,반도체,2376836116,"3조 2,123억원",USD
IOSP,Innospec Inc,51101030,특수 화학제,2366550996,"3조 1,984억원",USD
EMAT,Evolution Metals & Technologies Corp,51201010,금 제외 귀금속 및 광물,2324872344,"3조 1,421억원",USD
UNIT,Uniti Group Inc (Delaware),57401010,통합 통신 서비스,2322879542,"3조 1,394억원",USD
WAFD,WaFd Inc,55101010,은행,2310644528,"3조 1,228억원",USD
LIFE,Ethos Technologies Inc,55301030,생명 및 건강 보험,2307454640,"3조 1,185억원",USD
OCUL,Ocular Therapeutix  Inc.,56201040,제약,2305966614,"3조 1,165억원",USD
ALMR,Alamar Biosciences Inc,56101010,첨단 의료 장비 및 기술,2305227687,"3조 1,155억원",USD
SDGR,Schrodinger Inc,57201020,소프트웨어,2296532780,"3조 1,038억원",USD
OSW,OneSpaWorld Holdings Ltd,53301040,여가 및 오락시설,2291840917,3조 974억원,USD
PATK,Patrick Industries  Inc.,53203020,건설 자재 및 비품,2282323840,3조 846억원,USD
PVLA,Palvella Therapeutics Inc,56202010,생명 공학 및 의학 연구,2278401399,3조 793억원,USD
ANDE,Andersons Inc,54102010,어업 및 농업,2274324656,3조 737억원,USD
STNE,StoneCo Ltd.,57301010,핀테크,2273672932,3조 729억원,USD
SHAZ,SharonAI Holdings Inc,57201010,IT 서비스 및 컨설팅,2263139551,3조 586억원,USD
BCRX,BioCryst Pharmaceuticals  Inc.,56202010,생명 공학 및 의학 연구,2243598222,3조 322억원,USD
ETOR,eToro Group Ltd.,55102010,투자 은행 및 중개 서비스,2241073396,3조 288억원,USD
GENB,Generate Biomedicines Inc,56101010,첨단 의료 장비 및 기술,2241033533,3조 288억원,USD
ALGT,Allegiant Travel Company,52406010,항공사,2232401073,3조 171억원,USD
NWBI,Northwest Bancshares Inc,55101010,은행,2227643246,3조 107억원,USD
CHA,Chagee Holdings Ltd ADR,53301020,레스토랑 및 바,2224300381,3조 61억원,USD
SBET,Sharplink Inc,53302010,광고 및 마케팅,2222197469,3조 33억원,USD
SEDG,SolarEdge Technologies  Inc.,50201010,재생 가능 에너지 장비 및 서비스,2219848988,3조 1억원,USD
AUPH,Aurinia Pharmaceuticals Inc.,56201040,제약,2217962971,"2조 9,976억원",USD
UFPT,UFP Technologies Inc,56101020,"의료 장비, 물품 및 유통",2209099308,"2조 9,856억원",USD
PTON,Peloton Interactive Inc,53205020,오락용 제품,2203136441,"2조 9,775억원",USD
SRPT,Sarepta Therapeutics  Inc.,56201040,제약,2198098307,"2조 9,707억원",USD
ADMA,ADMA Biologics  Inc.,56201040,제약,2197289711,"2조 9,696억원",USD
CNXN,PC Connection Inc,57107010,통합 하드웨어 및 소프트웨어,2191676517,"2조 9,621억원",USD
EFSC,Enterprise Financial Services Corp,55101010,은행,2185666283,"2조 9,539억원",USD
TRVI,Trevi Therapeutics  Inc.,56202010,생명 공학 및 의학 연구,2171331817,"2조 9,346억원",USD
RXRX,Recursion Pharmaceuticals  Inc.,56202010,생명 공학 및 의학 연구,2168135789,"2조 9,302억원",USD
ZBIO,Zenas BioPharma  Inc.,56202010,생명 공학 및 의학 연구,2154090695,"2조 9,113억원",USD
ADUS,Addus Homecare Corp,56102010,의료 시설 및 서비스,2133352032,"2조 8,832억원",USD
PENN,PENN Entertainment  Inc.,53301030,카지노 및 도박,2131658797,"2조 8,809억원",USD
BRVE,Braveheart Bio  Inc.,56202010,생명 공학 및 의학 연구,2125820058,"2조 8,730억원",USD
PLBL,Polibeli Group Ltd,57106030,가정용 전자 제품,2125047326,"2조 8,720억원",USD
RUN,Sunrun Inc,50201010,재생 가능 에너지 장비 및 서비스,2117044972,"2조 8,612억원",USD
TH,Target Hospitality Corp.,53301010,"호텔, 모텔 및 크루즈 라인",2111020333,"2조 8,530억원",USD
MCRI,Monarch Casino & Resort  Inc.,53301030,카지노 및 도박,2101236362,"2조 8,398억원",USD
NKTR,Nektar Therapeutics,56202010,생명 공학 및 의학 연구,2081698344,"2조 8,134억원",USD
NCNO,nCino  Inc.,57201020,소프트웨어,2079830543,"2조 8,109억원",USD
INOD,Innodata Inc.,57201010,IT 서비스 및 컨설팅,2405754090,"3조 2,514억원",USD
ICHR,Ichor Holdings  Ltd.,57101010,반도체,2151370914,"2조 9,076억원",USD
KOD,Kodiak Sciences Inc.,56202010,생명 공학 및 의학 연구,2124311647,"2조 8,710억원",USD
HYMC,Hycroft Mining Holding Corp,51201080,다각적 채굴,2114292342,"2조 8,575억원",USD
DOO,BRP Inc.,53205020,오락용 제품,2103570574,"2조 8,430억원",USD
FLYW,Flywire Corporation,52203040,경영 지원 서비스,2097550700,"2조 8,348억원",USD
ESTA,Establishment Labs Holdings Inc,56101020,"의료 장비, 물품 및 유통",2093284824,"2조 8,291억원",USD
URGN,UroGen Pharma Ltd.,56202010,생명 공학 및 의학 연구,2090132917,"2조 8,248억원",USD
AGIO,Agios Pharmaceuticals  Inc.,56202010,생명 공학 및 의학 연구,2087774814,"2조 8,216억원",USD
WERN,Werner Enterprises  Inc.,52405030,지상 화물 및 물류,2086605257,"2조 8,200억원",USD
ECPG,Encore Capital Group  Inc.,55101050,기업 금융 서비스,2084668584,"2조 8,174억원",USD
ALVO,Alvotech SA,56202010,생명 공학 및 의학 연구,2083808699,"2조 8,163억원",USD
STGW,Stagwell Inc.,53302010,광고 및 마케팅,2080486088,"2조 8,118억원",USD
FWONA,Liberty Media Formula One Ord Shs Series A,53302020,방송,2079304997,"2조 8,102억원",USD
PLPC,Preformed Line Products Co,52102030,전기 부품 및 장비,2078675665,"2조 8,093억원",USD
MESO,Mesoblast Limited ADR,56202010,생명 공학 및 의학 연구,2067289658,"2조 7,939억원",USD
TBBK,Bancorp Inc,55101010,은행,2063404667,"2조 7,887억원",USD
VCEL,Vericel Corporation,56201040,제약,2059530015,"2조 7,835억원",USD
SRCE,1st Source Corporation,55101010,은행,2055624667,"2조 7,782억원",USD
QUBT,Quantum Computing Inc.,57201020,소프트웨어,2055229498,"2조 7,776억원",USD
CMPS,Compass Pathways PLC ADR,56202010,생명 공학 및 의학 연구,2046687429,"2조 7,661억원",USD
PDFS,PDF Solutions  Inc.,57101020,반도체 장비 및 테스트,2045486343,"2조 7,645억원",USD
TILE,Interface  Inc.,53203020,건설 자재 및 비품,2036310206,"2조 7,521억원",USD
DRVN,Driven Brands Holdings Inc.,54201030,개인 서비스,2024302342,"2조 7,358억원",USD
MFP,Midera Food Processing Inc,52102010,산업용 기계 및 장비,2023610557,"2조 7,349억원",USD
PGNY,Progyny  Inc.,56102020,의료 관리,2013311180,"2조 7,210억원",USD
ZD,Ziff Davis Inc,57201030,온라인 서비스,1995515506,"2조 6,969억원",USD
SONO,Sonos  Inc.,57106030,가정용 전자 제품,1993253546,"2조 6,939억원",USD
RAPP,Rapport Therapeutics  Inc.,56202010,생명 공학 및 의학 연구,1989659520,"2조 6,890억원",USD
XRAY,DENTSPLY SIRONA Inc.,56101020,"의료 장비, 물품 및 유통",1983571066,"2조 6,808억원",USD
LKFT,Lakefront Biotherapeutics NV ADR,56202010,생명 공학 및 의학 연구,1982129492,"2조 6,788억원",USD
DHC,Diversified Healthcare Trust,60102040,특수 REITs,1978193832,"2조 6,735억원",USD
KARO,Karooooo Ltd,57201010,IT 서비스 및 컨설팅,1964504947,"2조 6,550억원",USD
HUBG,Hub Group  Inc.,52405030,지상 화물 및 물류,1960581531,"2조 6,497억원",USD
CHCO,City Holding Co,55101010,은행,1960563884,"2조 6,497억원",USD
ZYME,Zymeworks Inc.,56202010,생명 공학 및 의학 연구,1955991478,"2조 6,435억원",USD
PRDO,Perdoceo Education Corporation,63101010,기타 교육 서비스 제공,1954281428,"2조 6,412억원",USD
WRD,WeRide Inc ADR,57201010,IT 서비스 및 컨설팅,1947420236,"2조 6,319억원",USD
FTRE,Fortrea Holdings Inc,56202010,생명 공학 및 의학 연구,1942893000,"2조 6,258억원",USD
NVCR,NovoCure Limited,56101020,"의료 장비, 물품 및 유통",1941152153,"2조 6,235억원",USD
PRCH,Porch Group  Inc.,57201020,소프트웨어,1937783601,"2조 6,189억원",USD
MRVI,Maravai LifeSciences Holdings Inc,56202010,생명 공학 및 의학 연구,1937165243,"2조 6,181억원",USD
ALKT,Alkami Technology  Inc.,57201010,IT 서비스 및 컨설팅,1934580418,"2조 6,146억원",USD
CMPR,Cimpress PLC,52203020,상업 인쇄 서비스,1934565868,"2조 6,146억원",USD
MCHPP,Microchip Technology Dep Shs Repstg 1 20Th Pfd Conv Ser A,57101010,반도체,1921590000,"2조 5,970억원",USD
GRFS,Grifols  S.A. ADR,56201040,제약,1921184596,"2조 5,965억원",USD
VERX,Vertex  Inc.,57201020,소프트웨어,1912549984,"2조 5,848억원",USD
GHRS,GH Research PLC,56202010,생명 공학 및 의학 연구,1912374116,"2조 5,846억원",USD
BLKB,Blackbaud  Inc.,57201020,소프트웨어,1912284787,"2조 5,845억원",USD
TOP,TOP Financial Group Ltd,55102010,투자 은행 및 중개 서비스,1905064900,"2조 5,747억원",USD
GCT,Gigacloud Technology Inc,57201030,온라인 서비스,1896927789,"2조 5,637억원",USD
EZPW,EZCORP Inc,55101030,소비자 대출,1886926108,"2조 5,502억원",USD
BLBD,Blue Bird Corporation,52102020,중장비 및 차량,1874271228,"2조 5,331억원",USD
XNCR,Xencor  Inc.,56202010,생명 공학 및 의학 연구,1870731469,"2조 5,283억원",USD
HAPN,Happen  Inc.,55101030,소비자 대출,1847673499,"2조 4,971억원",USD
LIME,Neutron Holdings Inc,53101020,"자동차, 트럭 및 오토바이 부품",1842951628,"2조 4,907억원",USD
GABC,German American Bancorp Inc,55101010,은행,1840985804,"2조 4,881억원",USD
ALNT,Allient Inc,52102030,전기 부품 및 장비,1837291339,"2조 4,831억원",USD
NEXT,NextDecade Corporation,52201020,건설 및 엔지니어링,1802075381,"2조 4,355억원",USD
LIND,Lindblad Expeditions Holdings  Inc.,53301010,"호텔, 모텔 및 크루즈 라인",1792729903,"2조 4,229억원",USD
SGRY,Surgery Partners  Inc.,56102010,의료 시설 및 서비스,2068508508,"2조 7,956억원",USD
VIR,Vir Biotechnology  Inc.,56202010,생명 공학 및 의학 연구,1945983517,"2조 6,300억원",USD
TMC,TMC the metals company Inc.,51201050,특수 채굴 및 금속,1945407476,"2조 6,292억원",USD
SEPN,Septerna  Inc.,56202010,생명 공학 및 의학 연구,1884815120,"2조 5,473억원",USD
STOK,Stoke Therapeutics  Inc.,56202010,생명 공학 및 의학 연구,1884166266,"2조 5,465억원",USD
BAND,Bandwidth Inc.,57201020,소프트웨어,1879358019,"2조 5,400억원",USD
BLFS,BioLife Solutions  Inc.,56101020,"의료 장비, 물품 및 유통",1862511287,"2조 5,172억원",USD
CNXC,Concentrix Corporation,52203040,경영 지원 서비스,1861669859,"2조 5,160억원",USD
LMAT,LeMaitre Vascular  Inc.,56101010,첨단 의료 장비 및 기술,1851952432,"2조 5,029억원",USD
RBCAA,Republic Bancorp Inc,55101010,은행,1840112632,"2조 4,869억원",USD
ABSI,Absci Corp,56202010,생명 공학 및 의학 연구,1837986047,"2조 4,840억원",USD
FSUN,Firstsun Capital Bancorp,55101010,은행,1833079338,"2조 4,774억원",USD
MLCO,Melco Resorts & Entertainment Ltd ADR,53301030,카지노 및 도박,1817566621,"2조 4,564억원",USD
PLAB,Photronics  Inc.,57101020,반도체 장비 및 테스트,1794693820,"2조 4,255억원",USD
ANIP,ANI Pharmaceuticals  Inc.,56201040,제약,1789620124,"2조 4,187억원",USD
COAG,Hemab Therapeutics Holdings Inc,56202010,생명 공학 및 의학 연구,1786738475,"2조 4,148억원",USD
NVAX,Novavax  Inc.,56202010,생명 공학 및 의학 연구,1786362213,"2조 4,143억원",USD
CENTA,Central Garden & Pet Co Class A,54102020,식품 가공,1781498104,"2조 4,077억원",USD
NTLA,INTELLIA THERAPEUTICS  INC.,56202010,생명 공학 및 의학 연구,1778207734,"2조 4,032억원",USD
FRNM,Freenome  Inc.,56202010,생명 공학 및 의학 연구,1768037324,"2조 3,895억원",USD
LBTYA,Liberty Global Ltd Class A,53302020,방송,1761920683,"2조 3,812억원",USD
HOPE,Hope Bancorp Inc,55101010,은행,1760282500,"2조 3,790억원",USD
TYRA,Tyra Biosciences  Inc.,56202010,생명 공학 및 의학 연구,1757729795,"2조 3,756억원",USD
FORTY,Formula Systems 1985 Ltd ADR,57201010,IT 서비스 및 컨설팅,1748152038,"2조 3,626억원",USD
PSNL,Personalis  Inc.,56202010,생명 공학 및 의학 연구,1747245906,"2조 3,614억원",USD
ASTH,Astrana Health  Inc.,56102010,의료 시설 및 서비스,1741609290,"2조 3,538억원",USD
STBA,S&T Bancorp Inc,55101010,은행,1736825481,"2조 3,473억원",USD
PGY,Pagaya Technologies Ltd.,57301010,핀테크,1732754759,"2조 3,418억원",USD
JBLU,JetBlue Airways Corporation,52406010,항공사,1716770424,"2조 3,202억원",USD
NBTX,Nanobiotix SA ADR,56202010,생명 공학 및 의학 연구,1704617247,"2조 3,038억원",USD
PAX,Patria Investments Ltd,55102020,투자 관리 및 펀드 운영,1704010571,"2조 3,030억원",USD
LCID,Lucid Group  Inc.,53101010,자동차 및 트럭 제조,1702383160,"2조 3,008억원",USD
UROY,Uranium Royalty Corp,50301010,우라늄,1701219910,"2조 2,992억원",USD
STRA,Strategic Education  Inc.,63101010,기타 교육 서비스 제공,1698212037,"2조 2,951억원",USD
IMCR,Immunocore Holdings PLC ADR,56201040,제약,1693394314,"2조 2,886억원",USD
TSHA,Taysha Gene Therapies  Inc.,56202010,생명 공학 및 의학 연구,1681301092,"2조 2,723억원",USD
OCFC,OceanFirst Financial Corp.,55101010,은행,1678727454,"2조 2,688억원",USD
TCBK,Trico Bancshares,55101010,은행,1672494082,"2조 2,604억원",USD
BFC,Bank First Corp,55101010,은행,1672042104,"2조 2,598억원",USD
ATEX,Anterix Inc.,57401020,무선 통신 서비스,1671538159,"2조 2,591억원",USD
PRGS,Progress Software Corp,57201020,소프트웨어,1665945704,"2조 2,515억원",USD
ALHC,Alignment Healthcare  Inc.,56102020,의료 관리,1657406841,"2조 2,400억원",USD
MQ,Marqeta  Inc.,57301010,핀테크,1657253437,"2조 2,398억원",USD
MGRT,Mega Fortune Co Ltd,57107010,통합 하드웨어 및 소프트웨어,1643125000,"2조 2,207억원",USD
WB,Weibo Corp ADR,57201030,온라인 서비스,1642728550,"2조 2,201억원",USD
AMPL,Amplitude  Inc.,57201020,소프트웨어,1641397107,"2조 2,183억원",USD
ETON,Eton Pharmaceuticals Inc,56201040,제약,1631811177,"2조 2,054억원",USD
INBX,Inhibrx Biosciences Inc,56202010,생명 공학 및 의학 연구,1628803432,"2조 2,013억원",USD
QCRH,QCR Holdings Inc,55101010,은행,1627081007,"2조 1,990억원",USD
GSHD,Goosehead Insurance  Inc.,55301010,복합보험 및 중개인,1625207813,"2조 1,965억원",USD
SNDX,Syndax Pharmaceuticals  Inc.,56202010,생명 공학 및 의학 연구,1623867509,"2조 1,947억원",USD
BL,BlackLine  Inc.,57201020,소프트웨어,1618788770,"2조 1,878억원",USD
DSGR,Distribution Solutions Group  Inc.,52102010,산업용 기계 및 장비,1617089553,"2조 1,855억원",USD
ANAB,AnaptysBio  Inc.,56202010,생명 공학 및 의학 연구,1596489296,"2조 1,577억원",USD
OPRA,Opera Ltd ADR,57201020,소프트웨어,1595177869,"2조 1,559억원",USD
IMKTA,Ingles Markets  Incorporated,54301020,식품 소매 및 유통,1592488484,"2조 1,522억원",USD
XERS,Xeris Biopharma Holdings  Inc.,56201040,제약,1591656271,"2조 1,511억원",USD
NYAX,Nayax Ltd.,57301090,기타 핀테크 인프라,1586198945,"2조 1,437억원",USD
CNOB,ConnectOne Bancorp  Inc.,55101010,은행,1569978758,"2조 1,218억원",USD
CASH,Pathward Financial Inc,55101010,은행,1548861871,2조 933억원,USD
KLRA,Kailera Therapeutics Inc,56201040,제약,1658142616,"2조 2,410억원",USD
ATEC,Alphatec Holdings  Inc.,56101020,"의료 장비, 물품 및 유통",1595479615,"2조 1,563억원",USD
KRSA,Korsana Biosciences  Inc.,56202010,생명 공학 및 의학 연구,1593039047,"2조 1,530억원",USD
GT,Goodyear Tire & Rubber Co,53101030,타이어 및 고무 제품,1580564066,"2조 1,361억원",USD
PSQL,Pasqal Holding SA,57201020,소프트웨어,1570973313,"2조 1,232억원",USD
KMTS,Kestra Medical Technologies  Ltd.,56101010,첨단 의료 장비 및 기술,1553967232,"2조 1,002억원",USD
WLTH,Wealthfront Corporation,55102030,다각적 투자 서비스,1552393814,2조 981억원,USD
RARE,Ultragenyx Pharmaceutical Inc.,56201040,제약,1539465252,2조 806억원,USD
KARD,Kardigan Inc,56202010,생명 공학 및 의학 연구,1537200812,2조 775억원,USD
SAFT,Safety Insurance Group Inc,55301020,손해보험,1520897935,2조 555억원,USD
WBTN,Webtoon Entertainment Inc,57201030,온라인 서비스,1519963984,2조 542억원,USD
INVA,Innoviva  Inc.,56201040,제약,1515710275,2조 485억원,USD
AMSC,American Superconductor Corp,52102030,전기 부품 및 장비,1513332547,2조 453억원,USD
OMCL,Omnicell Inc,56101010,첨단 의료 장비 및 기술,1513045702,2조 449억원,USD
BCAX,Bicara Therapeutics Inc,56202010,생명 공학 및 의학 연구,1507419437,2조 373억원,USD
QQQX,Nuveen Nasdaq 100 Dynamic Overwrite Fund,55501030,폐쇄형 펀드,1504841452,2조 338억원,USD
ZG,Zillow Group  Inc. Class A,60101020,부동산 서비스,1504300605,2조 331억원,USD
AZTA,Azenta  Inc.,56202010,생명 공학 및 의학 연구,1501751712,2조 296억원,USD
BTSGU,BrightSpring Health Services Units,56102010,의료 시설 및 서비스,1501040000,2조 287억원,USD
ICFI,ICF International  Inc.,52203040,경영 지원 서비스,1498914025,2조 258억원,USD
AVBP,ArriVent BioPharma  Inc.,56202010,생명 공학 및 의학 연구,1495010343,2조 205억원,USD
VISN,Vistance Networks Inc,57102010,통신 및 네트워킹,1494459150,2조 198억원,USD
CSWC,Capital Southwest Corporation,55102020,투자 관리 및 펀드 운영,1487548456,2조 104억원,USD
AAPG,Ascentage Pharma Group International ADR,56202010,생명 공학 및 의학 연구,1482322432,2조 34억원,USD
HCSG,Healthcare Services Group  Inc.,52203040,경영 지원 서비스,1480396597,2조 8억원,USD
EOSE,Eos Energy Enterprises  Inc.,52102030,전기 부품 및 장비,1478521041,"1조 9,982억원",USD
APPS,Digital Turbine  Inc.,57201020,소프트웨어,1475188088,"1조 9,937억원",USD
LBTYK,Liberty Global Ltd Class C,53302020,방송,1473089628,"1조 9,909억원",USD
LKFN,Lakeland Financial Corp,55101010,은행,1472827020,"1조 9,905억원",USD
JJSF,J&J Snack Foods Corp,54102020,식품 가공,1470616182,"1조 9,875억원",USD
CRSR,Corsair Gaming Inc,57106010,컴퓨터 하드웨어,1469043103,"1조 9,854억원",USD
TRAX,First Tracks Biotherapeutics Inc,56202010,생명 공학 및 의학 연구,1466036488,"1조 9,813억원",USD
ESQ,Esquire Financial Holdings Inc,55101010,은행,1465259772,"1조 9,803억원",USD
INNV,InnovAge Holding Corp,56102010,의료 시설 및 서비스,1453889933,"1조 9,649억원",USD
AVLN,Avalyn Pharma Inc,56202010,생명 공학 및 의학 연구,1438608933,"1조 9,443억원",USD
NUTX,Nutex Health Inc,56102010,의료 시설 및 서비스,1429993722,"1조 9,326억원",USD
CDNL,Cardinal Infrastructure Group Inc,52201020,건설 및 엔지니어링,1429413806,"1조 9,319억원",USD
DMLP,Dorchester Minerals Units,50102020,"오일, 가스 탐사 및 생산",1428559973,"1조 9,307억원",USD
FCEL,Fuelcell Energy Inc,50201010,재생 가능 에너지 장비 및 서비스,1427981941,"1조 9,299억원",USD
ULCC,Frontier Group Holdings  Inc.,52406010,항공사,1427337780,"1조 9,290억원",USD
PAHC,Phibro Animal Health Corp,56201040,제약,1427146345,"1조 9,288억원",USD
EVCM,EverCommerce Inc,57201020,소프트웨어,1423921883,"1조 9,244억원",USD
AMAL,Amalgamated Financial Corp,55101010,은행,1413977952,"1조 9,110억원",USD
POET,POET Technologies Inc,57101010,반도체,1413884579,"1조 9,109억원",USD
HLMN,Hillman Solutions Corp.,52102010,산업용 기계 및 장비,1410451243,"1조 9,062억원",USD
BHRB,Burke & Herbert Financial Services Corp,55101010,은행,1401989442,"1조 8,948억원",USD
DRTS,Alpha Tau Medical Ltd,56101010,첨단 의료 장비 및 기술,1400119252,"1조 8,923억원",USD
ATLC,Atlanticus Holdings Corp,55101030,소비자 대출,1396401998,"1조 8,872억원",USD
PEBO,Peoples Bancorp Inc,55101010,은행,1395999515,"1조 8,867억원",USD
MLKN,MillerKnoll  Inc.,52203060,비즈니스 지원 용품,1394593848,"1조 8,848억원",USD
CGEM,Cullinan Therapeutics  Inc.,56202010,생명 공학 및 의학 연구,1394566219,"1조 8,848억원",USD
DMRA,Damora Therapeutics Inc,56202010,생명 공학 및 의학 연구,1383492981,"1조 8,698억원",USD
LTGO,Latigo Biotherapeutics  Inc.,56202010,생명 공학 및 의학 연구,1380352405,"1조 8,655억원",USD
UFCS,United Fire Group Inc,55301020,손해보험,1379867966,"1조 8,649억원",USD
ELE,Elemental Royalty Corp,51201080,다각적 채굴,1378079894,"1조 8,625억원",USD
LBRX,LB Pharmaceuticals Inc,56202010,생명 공학 및 의학 연구,1377144181,"1조 8,612억원",USD
WABC,Westamerica Bancorp,55101010,은행,1364482473,"1조 8,441억원",USD
CTBI,Community Trust Bancorp  Inc.,55101010,은행,1364231666,"1조 8,438억원",USD
LILAK,Liberty Latin America Ltd. Class C,57401020,무선 통신 서비스,1361550000,"1조 8,401억원",USD
CRML,Critical Metals Corp,51201050,특수 채굴 및 금속,1255326651,"1조 6,966억원",USD
MAZE,Maze Therapeutics  Inc.,56202010,생명 공학 및 의학 연구,1576485388,"2조 1,306억원",USD
OMER,Omeros Corporation,56202010,생명 공학 및 의학 연구,1523774052,2조 594억원,USD
ORIC,ORIC Pharmaceuticals  Inc.,56202010,생명 공학 및 의학 연구,1399310856,"1조 8,912억원",USD
TRS,TriMas Corporation,51302010,용기(종이 제외) 및 포장재,1388318885,"1조 8,763억원",USD
PNTG,The Pennant Group  Inc.,56102010,의료 시설 및 서비스,1376554806,"1조 8,604억원",USD
SHLS,Shoals Technologies Group  Inc.,52102030,전기 부품 및 장비,1371644593,"1조 8,538억원",USD
RUSHB,Rush Enterprises  Inc. Class B,53403010,"자동차 차량, 부품 및 서비스 소매",1362372231,"1조 8,412억원",USD
BRUN,Boost Run Inc,57201010,IT 서비스 및 컨설팅,1358440367,"1조 8,359억원",USD
IMTX,Immatics N.V.,56202010,생명 공학 및 의학 연구,1350236433,"1조 8,248억원",USD
CERT,Certara  Inc.,57201020,소프트웨어,1346917427,"1조 8,204억원",USD
LQDT,Liquidity Services Inc,57201030,온라인 서비스,1345066361,"1조 8,179억원",USD
FLNC,Fluence Energy Inc,50201010,재생 가능 에너지 장비 및 서비스,1342015603,"1조 8,137억원",USD
STRF,Strategy 10 00 Perpetual Strife Prf Shs Series A,57201020,소프트웨어,1329036208,"1조 7,962억원",USD
ARHS,Arhaus  Inc.,53403030,가정용 가구 소매,1316873600,"1조 7,798억원",USD
EYE,National Vision Holdings  Inc.,53403090,기타 전문 소매,1312550596,"1조 7,739억원",USD
BJRI,BJ's Restaurants Inc,53301020,레스토랑 및 바,1309400236,"1조 7,697억원",USD
FMBH,First Mid Bancshares Inc,55101010,은행,1309080090,"1조 7,692억원",USD
OMDA,Omada Health  Inc.,56102010,의료 시설 및 서비스,1308200943,"1조 7,680억원",USD
CCEC,Capital Clean Energy Carriers Corp,52405020,해양 화물 및 물류,1304796164,"1조 7,634억원",USD
VOR,Vor Biopharma Inc.,56202010,생명 공학 및 의학 연구,1301570468,"1조 7,591억원",USD
WEN,Wendy's Co,53301020,레스토랑 및 바,1298462223,"1조 7,549억원",USD
HROW,Harrow  Inc.,56201040,제약,1291456433,"1조 7,454억원",USD
OPK,OPKO Health  Inc.,56102010,의료 시설 및 서비스,1291147829,"1조 7,450억원",USD
HBT,HBT Financial Inc,55101010,은행,1288069977,"1조 7,408억원",USD
NSSC,NAPCO Security Technologies  Inc.,57102010,통신 및 네트워킹,1283371520,"1조 7,345억원",USD
XPEL,XPEL  Inc.,53101020,"자동차, 트럭 및 오토바이 부품",1276249925,"1조 7,249억원",USD
REPL,Replimune Group  Inc.,56202010,생명 공학 및 의학 연구,1269138470,"1조 7,152억원",USD
CNL,Collective Mining Ltd.,51201080,다각적 채굴,1268720232,"1조 7,147억원",USD
ROCK,Gibraltar Industries  Inc.,53203020,건설 자재 및 비품,1264533671,"1조 7,090억원",USD
CRON,Cronos Group Inc.,56201040,제약,1264100902,"1조 7,084억원",USD
YSWY,Yesway Inc,54301020,식품 소매 및 유통,1263894920,"1조 7,082억원",USD
PFBC,Preferred Bank,55101010,은행,1259867700,"1조 7,027억원",USD
PWP,Perella Weinberg Partners,55102010,투자 은행 및 중개 서비스,1254497162,"1조 6,955억원",USD
BRKRP,Bruker 6 375 Mandatory Convertible Preference Shares Ser A,56101010,첨단 의료 장비 및 기술,1254420000,"1조 6,953억원",USD
OSBC,Old Second Bancorp  Inc,55101010,은행,1254086399,"1조 6,949억원",USD
RDWR,Radware Ltd.,57201020,소프트웨어,1247325004,"1조 6,858억원",USD
IART,Integra LifeSciences Holdings Corporation,56101020,"의료 장비, 물품 및 유통",1245915546,"1조 6,839억원",USD
PICS,Pics NV,52203040,경영 지원 서비스,1238856911,"1조 6,743억원",USD
HLIT,Harmonic Inc.,57102010,통신 및 네트워킹,1231360164,"1조 6,642억원",USD
PSNY,Polestar Automotive Holding UK PLC ADR Class A,53101010,자동차 및 트럭 제조,1223886961,"1조 6,541억원",USD
AIP,Arteris Inc,57201020,소프트웨어,1217989088,"1조 6,461억원",USD
TNDM,Tandem Diabetes Care  Inc.,56101020,"의료 장비, 물품 및 유통",1217627373,"1조 6,456억원",USD
WLDN,Willdan Group  Inc.,52203040,경영 지원 서비스,1216891750,"1조 6,446억원",USD
CRCT,Cricut  Inc.,57107010,통합 하드웨어 및 소프트웨어,1216872057,"1조 6,446억원",USD
LGIH,LGI Homes  Inc.,53203010,주택 건설,1213676040,"1조 6,403억원",USD
GIII,G-III Apparel Group Ltd,53202020,의류 및 액세서리,1209975056,"1조 6,353억원",USD
REAL,The RealReal  Inc.,53402010,백화점,1204544039,"1조 6,279억원",USD
THFF,First Financial Corp,55101010,은행,1203301124,"1조 6,263억원",USD
AIIR,Air Global PLC,54102030,담배,1201295649,"1조 6,236억원",USD
BBNX,Beta Bionics  Inc.,56101010,첨단 의료 장비 및 기술,1200576545,"1조 6,226억원",USD
BITF,Bitfarms Ltd,57301030,블록 체인 및 암호화폐,1193634114,"1조 6,132억원",USD
AFYA,Afya Limited,63102010,"초, 중, 고등 교육기관",1193571134,"1조 6,131억원",USD
SGML,Sigma Lithium Corporation,51201010,금 제외 귀금속 및 광물,1190972752,"1조 6,096억원",USD
MGTX,MeiraGTx Holdings PLC,56202010,생명 공학 및 의학 연구,1186131001,"1조 6,031억원",USD
RDVT,Red Violet Inc,57201020,소프트웨어,1178008435,"1조 5,921억원",USD
GDRX,GoodRx Holdings  Inc.,57201030,온라인 서비스,1173540135,"1조 5,860억원",USD
BRAI,Braiin Ltd,57201010,IT 서비스 및 컨설팅,1164398488,"1조 5,737억원",USD
WLFC,Willis Lease Finance Corporation,52203040,경영 지원 서비스,1160600253,"1조 5,686억원",USD
UVSP,Univest Financial Corp,55101010,은행,1153979333,"1조 5,596억원",USD
JCAP,Jefferson Capital Inc,55101050,기업 금융 서비스,1142193911,"1조 5,437억원",USD
SPTX,Seaport Therapeutics Inc,56202010,생명 공학 및 의학 연구,1198549015,"1조 6,198억원",USD
AKTS,Aktis Oncology Inc,56202010,생명 공학 및 의학 연구,1188338874,"1조 6,060억원",USD
SCSC,ScanSource  Inc.,57106010,컴퓨터 하드웨어,1163247393,"1조 5,721억원",USD
HFWA,Heritage Financial Corp,55101010,은행,1154637047,"1조 5,605억원",USD
PSEC,Prospect Capital Corporation,55501030,폐쇄형 펀드,1154631491,"1조 5,605억원",USD
BVS,Bioventus Inc.,56101020,"의료 장비, 물품 및 유통",1147854162,"1조 5,513억원",USD
MLTX,MoonLake Immunotherapeutics,56202010,생명 공학 및 의학 연구,1138727445,"1조 5,390억원",USD
GO,Grocery Outlet Holding Corp.,54301020,식품 소매 및 유통,1138480813,"1조 5,387억원",USD
CRVS,Corvus Pharmaceuticals  Inc.,56202010,생명 공학 및 의학 연구,1130585487,"1조 5,280억원",USD
GTM,ZoomInfo Technologies Inc.,57201010,IT 서비스 및 컨설팅,1129506978,"1조 5,265억원",USD
THRM,Gentherm Incorporated,53101020,"자동차, 트럭 및 오토바이 부품",1128736778,"1조 5,255억원",USD
NBN,Northeast Bank,55101010,은행,1128109770,"1조 5,246억원",USD
PCT,PureCycle Technologies  Inc.,52203010,환경 서비스 및 장비,1123057888,"1조 5,178억원",USD
MNKD,MannKind Corporation,56202010,생명 공학 및 의학 연구,1122190249,"1조 5,166억원",USD
ODTX,Odyssey Therapeutics Inc,56202010,생명 공학 및 의학 연구,1121686020,"1조 5,160억원",USD
AVO,Mission Produce Inc,54102010,어업 및 농업,1110008595,"1조 5,002억원",USD
CFFN,Capitol Federal Financial Inc,55101010,은행,1109915839,"1조 5,001억원",USD
HEPS,D Market Elektronik Hizmetler ve Ticaret AS ADR,53402010,백화점,1109168855,"1조 4,990억원",USD
IRMD,IRADIMED CORPORATION,56101010,첨단 의료 장비 및 기술,1106202591,"1조 4,950억원",USD
HBNB,Hotel101 Global Holdings Corp,53301010,"호텔, 모텔 및 크루즈 라인",1102315941,"1조 4,898억원",USD
OCSL,Oaktree Specialty Lending Corp,55501030,폐쇄형 펀드,1089617920,"1조 4,726억원",USD
MRTN,Marten Transport  Ltd.,52405030,지상 화물 및 물류,1089366664,"1조 4,723억원",USD
SVRA,Savara Inc.,56202010,생명 공학 및 의학 연구,1088938080,"1조 4,717억원",USD
FSBC,Five Star Bancorp,55101010,은행,1083782240,"1조 4,647억원",USD
HELP,Cybin Inc.,56202010,생명 공학 및 의학 연구,1079136502,"1조 4,585억원",USD
GLUE,Monte Rosa Therapeutics  Inc.,56202010,생명 공학 및 의학 연구,1074948853,"1조 4,528억원",USD
AEVA,Aeva Technologies  Inc.,57102010,통신 및 네트워킹,1074165731,"1조 4,517억원",USD
PSIX,Power Solutions International  Inc.,52102010,산업용 기계 및 장비,1070467535,"1조 4,467억원",USD
JANX,Janux Therapeutics  Inc.,56202010,생명 공학 및 의학 연구,1068059424,"1조 4,435억원",USD
VMET,Versamet Royalties Corporation,55102020,투자 관리 및 펀드 운영,1067617464,"1조 4,429억원",USD
JBIO,Jade Biosciences  Inc.,56202010,생명 공학 및 의학 연구,1065892206,"1조 4,406억원",USD
CSTL,Castle Biosciences  Inc.,56101020,"의료 장비, 물품 및 유통",1064650319,"1조 4,389억원",USD
APMD,Apnimed Inc,56202010,생명 공학 및 의학 연구,1062001172,"1조 4,353억원",USD
IGIC,International General Insurance Holdings Ltd,55301020,손해보험,1059956820,"1조 4,325억원",USD
RCAT,Red Cat Holdings Inc,52101010,항공우주 및 방위,1059837672,"1조 4,324억원",USD
GPRE,Green Plains Inc.,50201020,재생 가능 연료,1056336593,"1조 4,276억원",USD
WINA,Winmark Corporation,53403090,기타 전문 소매,1055810312,"1조 4,269억원",USD
PRCT,PROCEPT BioRobotics Corporation,56101020,"의료 장비, 물품 및 유통",1055553535,"1조 4,266억원",USD
RXT,Rackspace Technology Inc,57201010,IT 서비스 및 컨설팅,1052624871,"1조 4,226억원",USD
OBX,Obsidian Therapeutics  Inc,56202010,생명 공학 및 의학 연구,1050138892,"1조 4,193억원",USD
ALMS,Alumis Inc.,56202010,생명 공학 및 의학 연구,1049719788,"1조 4,187억원",USD
STRK,Strategy 8 00 Perpetual Strike Prf Shs Series A,57201020,소프트웨어,1046087710,"1조 4,138억원",USD
KURA,Kura Oncology  Inc.,56202010,생명 공학 및 의학 연구,1043508061,"1조 4,103억원",USD
UPWK,Upwork Inc.,52203030,고용 서비스,1042943098,"1조 4,095억원",USD
ITRN,Ituran Location and Control Ltd,57102010,통신 및 네트워킹,1041934569,"1조 4,082억원",USD
OIG,Orion180 Insurance Group Inc.,55301020,손해보험,1039840746,"1조 4,053억원",USD
TRUP,Trupanion  Inc.,55301030,생명 및 건강 보험,1036709798,"1조 4,011억원",USD
STAA,STAAR Surgical Company,56101020,"의료 장비, 물품 및 유통",1035473270,"1조 3,994억원",USD
MSEX,Middlesex Water Company,59103010,수자원 유틸리티,1034909514,"1조 3,987억원",USD
AMPH,Amphastar Pharmaceuticals  Inc.,56201040,제약,1034522798,"1조 3,982억원",USD
STRD,Strategy 10 00 Perpetual Stride Prf Shs Series A,57201020,소프트웨어,1026853462,"1조 3,878억원",USD
MBWM,Mercantile Bank Corp,55101010,은행,1021944122,"1조 3,812억원",USD
CHY,Calamos Convertible and High Income Closed Fund,55501030,폐쇄형 펀드,1018320469,"1조 3,763억원",USD
BXBL,BOXABL Inc,53203010,주택 건설,1014272041,"1조 3,708억원",USD
LZ,LegalZoom.com  Inc.,57201030,온라인 서비스,1012175039,"1조 3,680억원",USD
SIFY,Sify Technologies Ltd ADR,57401010,통합 통신 서비스,1011911572,"1조 3,676억원",USD
QMCO,Quantum Corp,57106010,컴퓨터 하드웨어,1010866526,"1조 3,662억원",USD
LMRI,Lumexa Imaging Holdings  Inc.,56102010,의료 시설 및 서비스,1010708748,"1조 3,660억원",USD
TRIP,TripAdvisor  Inc.,53301040,여가 및 오락시설,1002054374,"1조 3,543억원",USD
CRAI,CRA International Inc,52203040,경영 지원 서비스,996388756,"1조 3,466억원",USD
ANL,Adlai Nortye Group Ltd ADR,56202010,생명 공학 및 의학 연구,1069005754,"1조 4,448억원",USD
KRT,Karat Packaging Inc,51302010,용기(종이 제외) 및 포장재,1040435836,"1조 4,061억원",USD
CBRL,Cracker Barrel Old Country Store Inc,53301020,레스토랑 및 바,1016544401,"1조 3,739억원",USD
MCBS,Metrocity Bankshares Inc,55101010,은행,1010221138,"1조 3,653억원",USD
SATA,Strive Perp Var Rate Pref Shs Series A,55102020,투자 관리 및 펀드 운영,999642454,"1조 3,510억원",USD
CCNE,CNB Financial Corp,55101010,은행,998816242,"1조 3,499억원",USD
BFST,Business First Bancshares Inc,55101010,은행,998304912,"1조 3,492억원",USD
NBBK,NB Bancorp Inc,55101010,은행,998185202,"1조 3,490억원",USD
SANA,Sana Biotechnology  Inc.,56202010,생명 공학 및 의학 연구,996870921,"1조 3,473억원",USD
CHI,Calamos Convertible Opportunities and Income Closed Fund,55501030,폐쇄형 펀드,996334588,"1조 3,465억원",USD
NWPX,NWPX Infrastructure  Inc.,51201020,철 및 강철,995812083,"1조 3,458억원",USD
IQ,iQIYI Inc ADR,57201030,온라인 서비스,993975477,"1조 3,434억원",USD
ABUS,Arbutus Biopharma Corp,56101010,첨단 의료 장비 및 기술,992509772,"1조 3,414억원",USD
RMIX,Suncrete  Inc,51202010,건설 자재,986179892,"1조 3,328억원",USD
HPK,Highpeak Energy Inc,50102020,"오일, 가스 탐사 및 생산",985067343,"1조 3,313억원",USD
HBNC,Horizon Bancorp Inc,55101010,은행,984787874,"1조 3,309억원",USD
PCRX,Pacira BioSciences  Inc.,56201040,제약,984588584,"1조 3,307억원",USD
UPBD,Upbound Group  Inc.,53403090,기타 전문 소매,978264016,"1조 3,221억원",USD
RZLV,Rezolve AI PLC,57201010,IT 서비스 및 컨설팅,975473212,"1조 3,184억원",USD
ASTE,Astec Industries  Inc.,52102020,중장비 및 차량,973512517,"1조 3,157억원",USD
LXRX,Lexicon Pharmaceuticals  Inc.,56202010,생명 공학 및 의학 연구,970003936,"1조 3,110억원",USD
HIVE,HIVE Digital Technologies Ltd,57301030,블록 체인 및 암호화폐,969515999,"1조 3,103억원",USD
QFIN,Qfin Holdings  Inc. ADR,55101030,소비자 대출,968661117,"1조 3,091억원",USD
TBLA,Taboola.com Ltd,57201020,소프트웨어,967156325,"1조 3,071억원",USD
CAC,Camden National Corp,55101010,은행,960766206,"1조 2,985억원",USD
SENEA,Seneca Foods Corporation Class A,54102020,식품 가공,959715757,"1조 2,971억원",USD
SGP,SpyGlass Pharma  Inc.,56101020,"의료 장비, 물품 및 유통",959622518,"1조 2,969억원",USD
FEIM,Frequency Electronics Inc,52102030,전기 부품 및 장비,958793059,"1조 2,958억원",USD
SLDB,Solid Biosciences Inc,56202010,생명 공학 및 의학 연구,956449123,"1조 2,926억원",USD
TRST,TrustCo Bank Corp NY,55101010,은행,952872330,"1조 2,878억원",USD
SBGI,Sinclair  Inc.,53302020,방송,952428850,"1조 2,872억원",USD
ATTO,Attovia Therapeutics Inc,56202010,생명 공학 및 의학 연구,950915787,"1조 2,852억원",USD
HAFC,Hanmi Financial Corp,55101010,은행,948183175,"1조 2,815억원",USD
SLBT,SL Science Holding Ltd,56202010,생명 공학 및 의학 연구,942076392,"1조 2,732억원",USD
CEVA,Ceva  Inc.,57101010,반도체,939219842,"1조 2,694억원",USD
AEBI,Aebi Schmidt Holding AG,52102020,중장비 및 차량,932014996,"1조 2,596억원",USD
CBLL,CeriBell  Inc.,56101010,첨단 의료 장비 및 기술,930668949,"1조 2,578억원",USD
NNE,NANO Nuclear Energy Inc.,59101010,전력 유틸리티,930051889,"1조 2,570억원",USD
MPB,Mid Penn Bancorp Inc,55101010,은행,924228643,"1조 2,491억원",USD
KOPN,Kopin Corp,57101010,반도체,918210713,"1조 2,410억원",USD
IMMX,Immix Biopharma  Inc.,56202010,생명 공학 및 의학 연구,917849399,"1조 2,405억원",USD
SABR,Sabre Corporation,57201020,소프트웨어,916133896,"1조 2,382억원",USD
HTLD,Heartland Express Inc,52405030,지상 화물 및 물류,914844788,"1조 2,364억원",USD
RIGL,Rigel Pharmaceuticals  Inc.,56201040,제약,911950960,"1조 2,325억원",USD
MAKO,Mako Mining Corp,51201060,금,911101454,"1조 2,314억원",USD
FMNB,Farmers National Banc Corp,55101010,은행,907672803,"1조 2,267억원",USD
FRBT,Forbright Inc,55101010,은행,907516947,"1조 2,265억원",USD
DJCO,Daily Journal Corporation,57201030,온라인 서비스,905328244,"1조 2,236억원",USD
FCBC,First Community Bankshares Inc,55101010,은행,893891252,"1조 2,081억원",USD
CYRX,Cryoport  Inc.,52405010,"배달, 우편, 항공 화물 및 육상 물류",889904687,"1조 2,027억원",USD
EVLV,Evolv Technologies Holdings  Inc.,57102010,통신 및 네트워킹,889329377,"1조 2,019억원",USD
NAVI,Navient Corporation,55101030,소비자 대출,889070689,"1조 2,016억원",USD
SMPL,The Simply Good Foods Company,54102020,식품 가공,885490055,"1조 1,967억원",USD
PLTK,Playtika Holding Corp,57201030,온라인 서비스,884890192,"1조 1,959억원",USD
TBPH,Theravance Biopharma  Inc.,56201040,제약,884176381,"1조 1,950억원",USD
OXLC,Oxford Lane Capital Corp,55501030,폐쇄형 펀드,881291912,"1조 1,911억원",USD
TIGR,UP Fintech Holding Limited ADR,55102010,투자 은행 및 중개 서비스,877645337,"1조 1,861억원",USD
QNST,QuinStreet Inc,57201030,온라인 서비스,874373430,"1조 1,817억원",USD
GRPN,Groupon  Inc.,53402020,할인점,865357499,"1조 1,695억원",USD
ACDC,ProFrac Holding Corp.,50103020,오일 관련 서비스 및 장비,859619437,"1조 1,618억원",USD
CADL,Candel Therapeutics Inc,56202010,생명 공학 및 의학 연구,906744995,"1조 2,255억원",USD
RJET,Republic Airways Holdings Inc.,52406010,항공사,902679960,"1조 2,200억원",USD
ARDX,Ardelyx  Inc.,56202010,생명 공학 및 의학 연구,902059011,"1조 2,191억원",USD
SCZM,Santacruz Silver Mining Ltd.,51201010,금 제외 귀금속 및 광물,888098296,"1조 2,003억원",USD
AVTX,Avalo Therapeutics  Inc.,56202010,생명 공학 및 의학 연구,885431118,"1조 1,967억원",USD
BLZE,Backblaze Inc,57201010,IT 서비스 및 컨설팅,885170000,"1조 1,963억원",USD
SATL,Satellogic Inc.,57401020,무선 통신 서비스,882467089,"1조 1,927억원",USD
VERB,Verb Technology Company Inc,57201030,온라인 서비스,877814369,"1조 1,864억원",USD
FDMT,4D Molecular Therapeutics Inc,56202010,생명 공학 및 의학 연구,877278071,"1조 1,856억원",USD
GLIBK,Liberty Capital Corporation Series C,57401010,통합 통신 서비스,875177833,"1조 1,828억원",USD
SVC,Service Properties Trust,60102040,특수 REITs,872893949,"1조 1,797억원",USD
DAKT,Daktronics Inc,57104010,전자 장비 및 부품,868538751,"1조 1,738억원",USD
ODD,ODDITY Tech Ltd.,54201020,개인 생활 필수 용품,866219124,"1조 1,707억원",USD
RPD,Rapid7  Inc.,57201020,소프트웨어,866098224,"1조 1,705억원",USD
FTH,Faeth Therapeutics  Inc,56202010,생명 공학 및 의학 연구,863070195,"1조 1,664억원",USD
TRNS,Transcat  Inc.,52203040,경영 지원 서비스,859511628,"1조 1,616억원",USD
ELVR,Elevra Lithium Ltd ADR,51201050,특수 채굴 및 금속,859135803,"1조 1,611억원",USD
WVE,Wave Life Sciences Ltd.,56202010,생명 공학 및 의학 연구,857159561,"1조 1,585억원",USD
AOSL,Alpha and Omega Semiconductor Limited,57101010,반도체,855731731,"1조 1,565억원",USD
ETRA,Electra Therapeutics  Inc.,56202010,생명 공학 및 의학 연구,854885927,"1조 1,554억원",USD
GSBC,Great Southern Bancorp Inc,55101010,은행,854582499,"1조 1,550억원",USD
EGBN,Eagle Bancorp  Inc.,55101010,은행,854160923,"1조 1,544억원",USD
DSP,Viant Technology Inc,57201020,소프트웨어,853844810,"1조 1,540억원",USD
CCBG,Capital City Bank Group Inc,55101010,은행,851044260,"1조 1,502억원",USD
LWLG,Lightwave Logic  Inc.,57104010,전자 장비 및 부품,851003248,"1조 1,501억원",USD
HQ,Horizon Quantum Holdings Ltd,57201020,소프트웨어,849520539,"1조 1,481억원",USD
FBYD,Falcon's Beyond Global Inc,53302030,엔터테인먼트 제작,848814736,"1조 1,472억원",USD
HSTM,HealthStream  Inc.,57201020,소프트웨어,848251095,"1조 1,464억원",USD
OLMA,Olema Pharmaceuticals  Inc.,56202010,생명 공학 및 의학 연구,843476931,"1조 1,400억원",USD
SIBN,SI-BONE  Inc.,56101020,"의료 장비, 물품 및 유통",843037396,"1조 1,394억원",USD
ACRS,Aclaris Therapeutics  Inc.,56202010,생명 공학 및 의학 연구,841977668,"1조 1,379억원",USD
GERN,Geron Corporation,56202010,생명 공학 및 의학 연구,841640166,"1조 1,375억원",USD
APC,Arko Petroleum Corp,50102030,"오일, 가스 정제 및 마케팅",835808818,"1조 1,296억원",USD
ACHV,Achieve Life Sciences  Inc.,56202010,생명 공학 및 의학 연구,835568219,"1조 1,293억원",USD
INMD,InMode Ltd.,56101010,첨단 의료 장비 및 기술,831513285,"1조 1,238억원",USD
SPFI,South Plains Financial Inc,55101010,은행,829862575,"1조 1,216억원",USD
HTBK,Heritage Commerce Corp,55101010,은행,828429670,"1조 1,196억원",USD
ADSE,ADS-TEC Energy PLC,52102030,전기 부품 및 장비,826293986,"1조 1,167억원",USD
CRTO,Criteo SA (Pre-Reincorporation),53302010,광고 및 마케팅,825608869,"1조 1,158억원",USD
ORRF,Orrstown Financial Services Inc,55101010,은행,817469657,"1조 1,048억원",USD
PUBM,PubMatic  Inc.,57201020,소프트웨어,809424584,1조 939억원,USD
WRLD,World Acceptance Corp,55101030,소비자 대출,806683508,1조 902억원,USD
BBSI,Barrett Business Services Inc,52203030,고용 서비스,806062087,1조 894억원,USD
BLSM,BlossomHill Therapeutics Inc,56202010,생명 공학 및 의학 연구,802568952,1조 847억원,USD
ALRS,Alerus Financial Corp,55101010,은행,801884264,1조 837억원,USD
CSIQ,Canadian Solar Inc.,50201010,재생 가능 에너지 장비 및 서비스,799144736,1조 800억원,USD
FISI,Financial Institutions Inc,55101010,은행,794560435,1조 738억원,USD
QVCG,QVC Group  Inc.,57201030,온라인 서비스,794498363,1조 738억원,USD
TASK,Taskus Inc,52203040,경영 지원 서비스,793092732,1조 719억원,USD
ANNX,Annexon  Inc.,56202010,생명 공학 및 의학 연구,792440780,1조 710억원,USD
AVR,Anteris Technologies Global Corp,56101020,"의료 장비, 물품 및 유통",792337394,1조 708억원,USD
PGC,Peapack-Gladstone Financial Corp,55101010,은행,792084895,1조 705억원,USD
IBCP,Independent Bank Corp,55101010,은행,790738888,1조 687억원,USD
CGBD,Carlyle Secured Lending Inc,55102020,투자 관리 및 펀드 운영,789188544,1조 666억원,USD
SMBC,Southern Missouri Bancorp Inc,55101010,은행,786898785,1조 635억원,USD
CRESY,Cresud SACIF y A ADR,54102010,어업 및 농업,783486758,1조 589억원,USD
LINC,Lincoln Educational Services Corp,63103010,전문 및 비즈니스 교육,768294221,1조 383억원,USD
NUAI,New Era Energy & Digital Inc,50102020,"오일, 가스 탐사 및 생산",743251390,1조 45억원,USD
APEI,American Public Education  Inc.,63101010,기타 교육 서비스 제공,742676615,1조 37억원,USD
EVER,EverQuote  Inc.,57201030,온라인 서비스,688937132,"9,311억원",USD
DSGN,Design Therapeutics  Inc.,56202010,생명 공학 및 의학 연구,823574527,"1조 1,131억원",USD
CLYM,Climb Bio Inc,56202010,생명 공학 및 의학 연구,816169184,"1조 1,031억원",USD
GSM,Ferroglobe PLC,51201050,특수 채굴 및 금속,805368828,1조 885억원,USD
WEST,Westrock Coffee Co,54102020,식품 가공,797615752,1조 780억원,USD
PHAR,Pharming Group N.V. ADR,56201040,제약,796961676,1조 771억원,USD
GYRE,Gyre Therapeutics  Inc.,56202010,생명 공학 및 의학 연구,794192885,1조 734억원,USD
FOXF,Fox Factory Holding Corp.,53101020,"자동차, 트럭 및 오토바이 부품",793965609,1조 730억원,USD
DBVT,Dbv Technologies SA ADR,56201040,제약,793736821,1조 727억원,USD
JBSS,John B. Sanfilippo & Son  Inc.,54102020,식품 가공,791999468,1조 704억원,USD
ADAM,Adamas Trust  Inc.,60102040,특수 REITs,790942117,1조 690억원,USD
MITK,Mitek Systems Inc,57201020,소프트웨어,788287874,1조 654억원,USD
AHCO,AdaptHealth Corp.,56101020,"의료 장비, 물품 및 유통",786706011,1조 632억원,USD
BLDP,Ballard Power Systems Inc,50201010,재생 가능 에너지 장비 및 서비스,786443181,1조 629억원,USD
WYFI,WhiteFiber Inc,57201010,IT 서비스 및 컨설팅,785897427,1조 621억원,USD
VREX,Varex Imaging Corporation,56101010,첨단 의료 장비 및 기술,784724482,1조 606억원,USD
APOG,Apogee Enterprises Inc,53203020,건설 자재 및 비품,784230489,1조 599억원,USD
CSHR,Coinshares PLC,55102020,투자 관리 및 펀드 운영,780138837,1조 544억원,USD
SWIM,Latham Group Inc,53205020,오락용 제품,779993550,1조 542억원,USD
IPX,IperionX Limited ADR,51201050,특수 채굴 및 금속,777729624,1조 511억원,USD
WOOF,Petco Health and Wellness Company Inc,53403090,기타 전문 소매,774862230,1조 472억원,USD
PRAA,PRA Group Inc,55101050,기업 금융 서비스,774795963,1조 471억원,USD
GEMI,Gemini Space Station Inc,57301030,블록 체인 및 암호화폐,771430602,1조 426억원,USD
GILT,Gilat Satellite Networks Ltd.,57102010,통신 및 네트워킹,771066867,1조 421억원,USD
HDL,Super Hi International Holding Ltd. ADR,53301020,레스토랑 및 바,769303717,1조 397억원,USD
FDUS,Fidus Investment Corp,55501030,폐쇄형 펀드,767771530,1조 376억원,USD
SHBI,Shore Bancshares Inc,55101010,은행,767562348,1조 374억원,USD
NOVTU,Novanta Tangible Equity Units,57104010,전자 장비 및 부품,766716500,1조 362억원,USD
LYTS,LSI Industries Inc,53203020,건설 자재 및 비품,766093068,1조 354억원,USD
IVA,Inventiva SA ADR,56202010,생명 공학 및 의학 연구,762711669,1조 308억원,USD
VSTM,Verastem Inc,56202010,생명 공학 및 의학 연구,758016001,1조 245억원,USD
MLAB,Mesa Laboratories  Inc.,56101020,"의료 장비, 물품 및 유통",753371843,1조 182억원,USD
ROOT,Root Inc,55301020,손해보험,752197385,1조 166억원,USD
QDEL,QuidelOrtho Corp,56101010,첨단 의료 장비 및 기술,750215171,1조 139억원,USD
NVCT,Nuvectis Pharma Inc,56202010,생명 공학 및 의학 연구,749375259,1조 128억원,USD
VBNK,Versabank,55101010,은행,749343291,1조 127억원,USD
ABTC,American Bitcoin Corp,57301030,블록 체인 및 암호화폐,747858453,1조 107억원,USD
IRWD,Ironwood Pharmaceuticals  Inc.,56201040,제약,747710760,1조 105억원,USD
MFIC,MidCap Financial Investment Corp,55102020,투자 관리 및 펀드 운영,746296010,1조 86억원,USD
WASH,Washington Trust Bancorp Inc,55101010,은행,742181830,1조 31억원,USD
INDI,indie Semiconductor Inc,57101010,반도체,741788426,1조 25억원,USD
COLL,Collegium Pharmaceutical  Inc.,56201040,제약,741616864,1조 23억원,USD
SLN,Silence Therapeutics PLC ADR,56202010,생명 공학 및 의학 연구,739972985,1조 1억원,USD
BWMN,Bowman Consulting Group Ltd.,52201020,건설 및 엔지니어링,737724485,"9,970억원",USD
RCBC,River City Bank,55101010,은행,734408691,"9,926억원",USD
BLMN,Bloomin' Brands Inc,53301020,레스토랑 및 바,732058840,"9,894억원",USD
CCXI,Churchill Capital Corp XI,55601010,투자 지주 회사,731898000,"9,892억원",USD
PAYS,Paysign Inc,52203040,경영 지원 서비스,728926434,"9,851억원",USD
TRON,TRON Inc,57301030,블록 체인 및 암호화폐,725804558,"9,809억원",USD
MOMO,Hello Group Inc. ADR,57201020,소프트웨어,722487491,"9,764억원",USD
NHP,National Healthcare Properties  Inc.,60102040,특수 REITs,721682500,"9,754억원",USD
MDXG,MiMedx Group  Inc.,56202010,생명 공학 및 의학 연구,719456099,"9,723억원",USD
LPTH,LightPath Technologies Inc,57106030,가정용 전자 제품,710867958,"9,607억원",USD
HNRG,Hallador Energy Company,59101020,민자 발전 사업,710450390,"9,602억원",USD
CASS,Cass Information Systems Inc,52203040,경영 지원 서비스,702033088,"9,488억원",USD
CWBC,Community West Bancshares,55101010,은행,698353948,"9,438억원",USD
PFIS,Peoples Financial Services Corp,55101010,은행,698022891,"9,434억원",USD
AROW,Arrow Financial Corp,55101010,은행,693898664,"9,378억원",USD
SOPH,SOPHiA GENETICS SA,56101010,첨단 의료 장비 및 기술,686981548,"9,285억원",USD
MSBI,Midland States Bancorp Inc,55101010,은행,682329443,"9,222억원",USD
KPLT,Katapult Holdings Inc,57201020,소프트웨어,680875541,"9,202억원",USD
CTKB,Cytek Biosciences  Inc.,56101010,첨단 의료 장비 및 기술,742204375,1조 31억원,USD
STLN,Starling Oncology  Inc.,56102010,의료 시설 및 서비스,718508611,"9,711억원",USD
OABI,OmniAb Inc,56202010,생명 공학 및 의학 연구,715320758,"9,668억원",USD
SSYS,Stratasys Ltd.,57104010,전자 장비 및 부품,712958180,"9,636억원",USD
BCAL,California Bancorp,55101010,은행,691236632,"9,342억원",USD
SGMT,Sagimet Biosciences Inc.,56202010,생명 공학 및 의학 연구,689339462,"9,316억원",USD
CCB,Coastal Financial Corp (EVERETT),55101010,은행,689260484,"9,315억원",USD
LEGH,Legacy Housing Corp (Texas),53203010,주택 건설,689232441,"9,315억원",USD
ZVRA,Zevra Therapeutics Inc,56201040,제약,687664184,"9,294억원",USD
HELE,Helen of Troy Ltd,53204030,"가전제품, 도구 및 가정 용품",686882879,"9,283억원",USD
CCD,Calamos Dynamic Convertible And Income Closed Fund,55501030,폐쇄형 펀드,686297049,"9,275억원",USD
PKOH,Park Ohio Holdings Corp,52102010,산업용 기계 및 장비,683493772,"9,237억원",USD
SHEN,Shenandoah Telecommunications Co,57401010,통합 통신 서비스,681539211,"9,211억원",USD
NGNE,Neurogene Inc.,56202010,생명 공학 및 의학 연구,672382435,"9,087억원",USD
PZZA,Papa John's International Inc,53301020,레스토랑 및 바,671602415,"9,077억원",USD
CARE,Carter Bankshares Inc,55101010,은행,671123831,"9,070억원",USD
BTBT,Bit Digital  Inc.,57301030,블록 체인 및 암호화폐,670778316,"9,066억원",USD
NMFC,New Mountain Finance Corp,55501030,폐쇄형 펀드,670611969,"9,063억원",USD
ENVX,Enovix Corporation,52102030,전기 부품 및 장비,670415274,"9,061억원",USD
BOT,RoboStrategy Inc,55501030,폐쇄형 펀드,669841946,"9,053억원",USD
VLGEA,Village Super Market Inc,54301020,식품 소매 및 유통,669092803,"9,043억원",USD
HIFS,Hingham Institution For Savings,55101010,은행,669011850,"9,042억원",USD
AURA,Aura Biosciences  Inc.,56202010,생명 공학 및 의학 연구,668896018,"9,040억원",USD
DMIIU,Drugs Made In America Acquisition II Units,55601010,투자 지주 회사,668871558,"9,040억원",USD
CCSI,Consensus Cloud Solutions Inc,57201020,소프트웨어,668309905,"9,032억원",USD
BUUU,BUUU Group Ltd,53302010,광고 및 마케팅,667311025,"9,019억원",USD
RRBI,Red River Bancshares Inc,55101010,은행,666377368,"9,006억원",USD
TBLD,Thornburg Income Builder Opportunities Trust,55501030,폐쇄형 펀드,665378253,"8,993억원",USD
OIO,Oio Group,52203010,환경 서비스 및 장비,664722226,"8,984억원",USD
ALT,Altimmune Inc,56202010,생명 공학 및 의학 연구,663305360,"8,965억원",USD
SSII,SS Innovations International  Inc.,56202010,생명 공학 및 의학 연구,661271936,"8,937억원",USD
OCS,Oculis Holding AG,56202010,생명 공학 및 의학 연구,661150405,"8,935억원",USD
HTZ,Hertz Global Holdings Inc,52406020,지상 및 해상 여객 운송,659435077,"8,912억원",USD
KRNT,Kornit Digital Ltd.,52102010,산업용 기계 및 장비,659322001,"8,911억원",USD
FAC,Factorial Energy Inc,52102030,전기 부품 및 장비,658192957,"8,895억원",USD
SCHL,Scholastic Corporation,53302040,소비자 출판,658111934,"8,894억원",USD
SLRC,SLR Investment Corp,55501030,폐쇄형 펀드,651927876,"8,811억원",USD
MAMA,Mama's Creations Inc,54102020,식품 가공,650635072,"8,793억원",USD
TIPT,Tiptree Inc,55601010,투자 지주 회사,650577419,"8,793억원",USD
ACNB,ACNB Corp,55101010,은행,650265324,"8,788억원",USD
DDI,DoubleDown Interactive Co Ltd ADR,53301030,카지노 및 도박,649150064,"8,773억원",USD
MNPR,Monopar Therapeutics Inc.,56202010,생명 공학 및 의학 연구,648597180,"8,766억원",USD
ANGO,AngioDynamics  Inc.,56101020,"의료 장비, 물품 및 유통",647678536,"8,753억원",USD
DMII,Drugs Made In America Acquisition II Corp,55601010,투자 지주 회사,646873500,"8,742억원",USD
PRTH,Priority Technology Holdings Inc,57301010,핀테크,643283324,"8,694억원",USD
OSPN,OneSpan Inc.,57201020,소프트웨어,642333375,"8,681억원",USD
KDK,Kodiak AI Inc,57201010,IT 서비스 및 컨설팅,641978144,"8,676억원",USD
AHG,Akso Health Group ADR,57201030,온라인 서비스,637984488,"8,622억원",USD
CGNT,COGNYTE SOFTWARE LTD.,57201020,소프트웨어,637284404,"8,613억원",USD
FWRG,First Watch Restaurant Group  Inc.,53301020,레스토랑 및 바,636872329,"8,607억원",USD
ELMT,Elmet Group Co,52102010,산업용 기계 및 장비,634166748,"8,571억원",USD
WCCB,West Coast Community Bancorp,55101010,은행,633453016,"8,561억원",USD
RSVR,Reservoir Media Inc,53302030,엔터테인먼트 제작,630957211,"8,527억원",USD
GAIN,Gladstone Investment Corp,55501030,폐쇄형 펀드,629187079,"8,503억원",USD
ALOY,REalloys Inc,51201010,금 제외 귀금속 및 광물,626852947,"8,472억원",USD
REAX,Real REMAX Group Inc.,60101020,부동산 서비스,626332447,"8,465억원",USD
VALN,Valneva SE ADR,56202010,생명 공학 및 의학 연구,624886588,"8,445억원",USD
ARRY,Array Technologies Inc,50201010,재생 가능 에너지 장비 및 서비스,609870460,"8,242억원",USD
MTC,MMTEC Inc,52203070,전문 정보 서비스,600514500,"8,116억원",USD
SPT,Sprout Social  Inc.,57201020,소프트웨어,598651055,"8,091억원",USD
STTK,Shattuck Labs Inc,56202010,생명 공학 및 의학 연구,652361145,"8,817억원",USD
PRME,Prime Medicine  Inc.,56202010,생명 공학 및 의학 연구,642074070,"8,678억원",USD
CTMX,CytomX Therapeutics  Inc.,56202010,생명 공학 및 의학 연구,640623895,"8,658억원",USD
KE,Kimball Electronics Inc,57101010,반도체,638960087,"8,636억원",USD
FWDI,Forward Industries Inc,55101050,기업 금융 서비스,635083194,"8,583억원",USD
GDYN,Grid Dynamics Holdings  Inc.,57201010,IT 서비스 및 컨설팅,631167134,"8,530억원",USD
SWBI,Smith & Wesson Brands Inc,52101010,항공우주 및 방위,630445901,"8,520억원",USD
PHAT,Phathom Pharmaceuticals  Inc.,56201040,제약,627791248,"8,485억원",USD
VINP,Vinci Compass Investments Ltd,55102020,투자 관리 및 펀드 운영,621714809,"8,402억원",USD
MATW,Matthews International Corp,54201020,개인 생활 필수 용품,621454274,"8,399억원",USD
AQST,Aquestive Therapeutics  Inc.,56201040,제약,621282658,"8,397억원",USD
LMB,Limbach Holdings Inc,52201020,건설 및 엔지니어링,621053635,"8,394억원",USD
KRNY,Kearny Financial Corp,55101010,은행,620075598,"8,380억원",USD
RMR,The RMR Group Inc.,60101020,부동산 서비스,619789966,"8,376억원",USD
GOOD,Gladstone Commercial Corp,60102010,복합부동산 REITs,618163788,"8,354억원",USD
CBIO,Crescent Biopharma  Inc.,56201040,제약,610646374,"8,253억원",USD
NTGR,NETGEAR  Inc.,57102010,통신 및 네트워킹,608266490,"8,221억원",USD
TMS,Teamshares Inc.,55102020,투자 관리 및 펀드 운영,606962652,"8,203억원",USD
AGNT,AGNT  Inc.,60101020,부동산 서비스,606766398,"8,200억원",USD
CRMD,CorMedix Inc.,56201040,제약,606406841,"8,196억원",USD
BMM,Blue Moon Metals Inc.,51201080,다각적 채굴,605583831,"8,184억원",USD
GCBC,Greene County Bancorp Inc,55101010,은행,600488856,"8,116억원",USD
CXII,Churchill Capital Corp XII,55601010,투자 지주 회사,599940000,"8,108억원",USD
AGCC,Agencia Comercial Spirits Ltd,54301020,식품 소매 및 유통,599006721,"8,096억원",USD
DRUG,Bright Minds Biosciences Inc.,56202010,생명 공학 및 의학 연구,598452581,"8,088억원",USD
BATRA,Liberty Media Liberty Braves Ord Shs  Series A,53301040,여가 및 오락시설,595772117,"8,052억원",USD
FLGT,Fulgent Genetics  Inc.,56102010,의료 시설 및 서비스,595706093,"8,051억원",USD
KIDS,OrthoPediatrics Corp,56101020,"의료 장비, 물품 및 유통",594258775,"8,031억원",USD
ADTN,ADTRAN Holdings Inc,57102010,통신 및 네트워킹,593999457,"8,028억원",USD
TLRY,Tilray Brands Inc,56201040,제약,593987441,"8,028억원",USD
ALLO,Allogene Therapeutics  Inc.,56202010,생명 공학 및 의학 연구,590789407,"7,985억원",USD
CEPF,Cantor Equity Partners IV Inc,55601010,투자 지주 회사,589502250,"7,967억원",USD
LOT,Lotus Technology Inc ADR,53101010,자동차 및 트럭 제조,588414701,"7,952억원",USD
FBIZ,First Business Financial Services Inc,55101010,은행,587790797,"7,944억원",USD
CCXIU,Churchill Capital XI Units,55601010,투자 지주 회사,586181000,"7,922억원",USD
DGICA,Donegal Group Inc Class A,55301020,손해보험,586059780,"7,921억원",USD
CBNK,Capital Bancorp Inc,55101010,은행,585641893,"7,915억원",USD
AGNCP,Agnc Invt 1000 Dep Shs Repstg Cum Red Prf Series F,60102040,특수 REITs,583970000,"7,892억원",USD
UNTY,Unity Bancorp Inc,55101010,은행,580862712,"7,850억원",USD
BWB,Bridgewater Bancshares Inc,55101010,은행,580820033,"7,850억원",USD
HNST,The Honest Company  Inc.,53403090,기타 전문 소매,580408490,"7,844억원",USD
XIII,Churchill Capital Corp XIII,55601010,투자 지주 회사,574387000,"7,763억원",USD
SFST,Southern First Bancshares Inc,55101010,은행,573135895,"7,746억원",USD
XMAX,XMax Inc,53204040,가정용 가구,572322789,"7,735억원",USD
DCBO,Docebo Inc.,57201020,소프트웨어,571691372,"7,726억원",USD
DCTH,Delcath Systems Inc,56101020,"의료 장비, 물품 및 유통",569060238,"7,691억원",USD
TITN,Titan Machinery Inc,52102020,중장비 및 차량,568790120,"7,687억원",USD
SLDP,Solid Power  Inc.,53101020,"자동차, 트럭 및 오토바이 부품",568171218,"7,679억원",USD
AGMB,Agomab Therapeutics NV ADR,56202010,생명 공학 및 의학 연구,565859233,"7,648억원",USD
BRBI,BRBI BR Partners SA ADR,55102030,다각적 투자 서비스,563534260,"7,616억원",USD
CIVB,Civista Bancshares Inc,55101010,은행,562068253,"7,596억원",USD
EVO,Evotec SE ADR,56202010,생명 공학 및 의학 연구,561514806,"7,589억원",USD
NRIM,Northrim BanCorp Inc,55101010,은행,558343627,"7,546억원",USD
EPRX,Eupraxia Pharmaceuticals Inc,56202010,생명 공학 및 의학 연구,557862780,"7,540억원",USD
CHSCO,CHS Cumulative Redeemable Pref Shs Class B,54102010,어업 및 농업,549995862,"7,433억원",USD
PANL,Pangaea Logistics Solutions Ltd.,52405020,해양 화물 및 물류,548670209,"7,415억원",USD
NRDS,NerdWallet  Inc.,55101030,소비자 대출,545264674,"7,369억원",USD
VACH,Voyager Acquisition Corp,55601010,투자 지주 회사,541252388,"7,315억원",USD
ROMA,Roma Green Finance Ltd,52203040,경영 지원 서비스,536081139,"7,245억원",USD
ITG,ITG Inc,52201020,건설 및 엔지니어링,533858754,"7,215억원",USD
CLMB,Climb Global Solutions Inc,57201010,IT 서비스 및 컨설팅,574747681,"7,768억원",USD
ARVN,Arvinas  Inc.,56202010,생명 공학 및 의학 연구,556436485,"7,520억원",USD
PROK,Prokidney Corp,56202010,생명 공학 및 의학 연구,553250459,"7,477억원",USD
ITIC,Investors Title Co,55301020,손해보험,552918509,"7,473억원",USD
IBEX,Ibex Ltd,57201020,소프트웨어,552125602,"7,462억원",USD
BWAY,Brainsway Ltd ADR,56101010,첨단 의료 장비 및 기술,548479801,"7,413억원",USD
EOLS,Evolus Inc,56201040,제약,544916130,"7,365억원",USD
NB,NioCorp Developments Ltd.,51201050,특수 채굴 및 금속,543039689,"7,339억원",USD
CAPR,Capricor Therapeutics  Inc.,56202010,생명 공학 및 의학 연구,543018157,"7,339억원",USD
AUTL,Autolus Therapeutics PLC ADR,56201040,제약,540309956,"7,302억원",USD
OVID,Ovid Therapeutics Inc.,56202010,생명 공학 및 의학 연구,539022085,"7,285억원",USD
CHW,Calamos Global Dynamic Income Closed Fund,55501030,폐쇄형 펀드,539015426,"7,285억원",USD
CERS,Cerus Corp,56101020,"의료 장비, 물품 및 유통",538071478,"7,272억원",USD
RGNX,REGENXBIO Inc.,56202010,생명 공학 및 의학 연구,538007515,"7,271억원",USD
HBCP,Home Bancorp Inc,55101010,은행,536076783,"7,245억원",USD
DNUT,Krispy Kreme  Inc.,53301020,레스토랑 및 바,532645000,"7,199억원",USD
SENS,Senseonics Holdings Inc,56101020,"의료 장비, 물품 및 유통",531912973,"7,189억원",USD
SCTX,Scribe Therapeutics Inc,56202010,생명 공학 및 의학 연구,531412258,"7,182억원",USD
BWFG,Bankwell Financial Group Inc,55101010,은행,527425668,"7,128억원",USD
LAES,Sealsq Corp,57101010,반도체,525062295,"7,096억원",USD
GFUZ,General Fusion Group Ltd,59101010,전력 유틸리티,524276948,"7,086억원",USD
KELYA,Kelly Services Inc Class A,52203030,고용 서비스,523722127,"7,078억원",USD
VRRM,Verra Mobility Corporation,52203040,경영 지원 서비스,522820846,"7,066억원",USD
NVEC,NVE Corp,57101010,반도체,521591610,"7,049억원",USD
CHSCL,CHS Cumulative Redeemable Pref Shs Series 4 Class B,54102010,어업 및 농업,520998300,"7,041억원",USD
BSVN,Bank7 Corp,55101010,은행,519540186,"7,022억원",USD
ENRD,Einride AB (publ) ADR,53101010,자동차 및 트럭 제조,519025908,"7,015억원",USD
SBC,SBC Medical Group Holdings Inc,52203040,경영 지원 서비스,518348593,"7,005억원",USD
ASMB,Assembly Biosciences Inc,56202010,생명 공학 및 의학 연구,518177168,"7,003억원",USD
TECX,Tectonic Therapeutic  Inc.,56202010,생명 공학 및 의학 연구,518058199,"7,002억원",USD
ENTX,Entera Bio Ltd,56202010,생명 공학 및 의학 연구,518026128,"7,001억원",USD
ESEA,Euroseas Ltd,52405020,해양 화물 및 물류,516312782,"6,978억원",USD
TCMD,Tactile Systems Technology  Inc.,56101020,"의료 장비, 물품 및 유통",513753846,"6,943억원",USD
YORW,York Water Co,59103010,수자원 유틸리티,512660874,"6,929억원",USD
ILPT,Industrial Logistics Properties Trust,60102020,상업용 REITs,512608366,"6,928억원",USD
BSRR,Sierra Bancorp,55101010,은행,511724099,"6,916억원",USD
RFAIU,RF Acquisition II Units,55601010,투자 지주 회사,511700000,"6,916억원",USD
KMDA,Kamada Ltd.,56201040,제약,511634195,"6,915억원",USD
FWRD,Forward Air Corp (Delaware),52405010,"배달, 우편, 항공 화물 및 육상 물류",511442251,"6,912억원",USD
PBYI,Puma Biotechnology Inc,56201040,제약,506909048,"6,851억원",USD
PBAM,Private Bancorp of America Inc,55101010,은행,506799749,"6,849억원",USD
NEXN,Nexxen International Ltd,53302010,광고 및 마케팅,505728707,"6,835억원",USD
BBCP,Concrete Pumping Holdings Inc,52201020,건설 및 엔지니어링,504942068,"6,824억원",USD
NPCE,NeuroPace  Inc.,56101010,첨단 의료 장비 및 기술,504910071,"6,824억원",USD
CTNM,Contineum Therapeutics  Inc.,56202010,생명 공학 및 의학 연구,504123169,"6,813억원",USD
MPLT,MapLight Therapeutics  Inc.,56202010,생명 공학 및 의학 연구,503663256,"6,807억원",USD
NXH,Neighborhood Intelligence  Inc.,57201030,온라인 서비스,502890099,"6,797억원",USD
OBT,Orange County Bancorp Inc,55101010,은행,501994135,"6,784억원",USD
AMCX,AMC Global Media Inc.,53302020,방송,498299650,"6,735억원",USD
WTBA,West Bancorporation Inc,55101010,은행,497847733,"6,728억원",USD
OWLS,OBOOK Holdings Inc,57301030,블록 체인 및 암호화폐,496433770,"6,709억원",USD
PDLB,Ponce Financial Group Inc,55101010,은행,494400696,"6,682억원",USD
TATT,TAT Technologies Ltd,52102030,전기 부품 및 장비,494008363,"6,677억원",USD
GLRE,Greenlight Capital Re Ltd,55301050,재보험,493210708,"6,666억원",USD
COFS,ChoiceOne Financial Services Inc,55101010,은행,491587942,"6,644억원",USD
MLAA,Mountain Lake Acquisition Corp II,55601010,투자 지주 회사,490779600,"6,633억원",USD
PWRL,PowerLaw10 LLC,55501030,폐쇄형 펀드,489509979,"6,616억원",USD
ASPI,ASP Isotopes Inc.,56201040,제약,487523828,"6,589억원",USD
FMAO,Farmers & Merchants Bancorp Inc,55101010,은행,487156740,"6,584억원",USD
VITL,Vital Farms Inc,54301020,식품 소매 및 유통,482979623,"6,527억원",USD
METC,Ramaco Resources  Inc. Class A,51201020,철 및 강철,503190032,"6,801억원",USD
ORBS,Eightco Holdings Inc (Texas),55601010,투자 지주 회사,502839558,"6,796억원",USD
MCFT,Mastercraft Boat Holdings Inc,53205020,오락용 제품,498226924,"6,734억원",USD
ALTI,AlTi Global  Inc,55102020,투자 관리 및 펀드 운영,492781245,"6,660억원",USD
IMSR,Terrestrial Energy Inc,52201020,건설 및 엔지니어링,490480226,"6,629억원",USD
ARKO,Arko Corp.,50102030,"오일, 가스 정제 및 마케팅",488007886,"6,595억원",USD
EIKN,Eikon Therapeutics  Inc.,56202010,생명 공학 및 의학 연구,486401969,"6,574억원",USD
SRTA,Strata Critical Medical  Inc.,52405010,"배달, 우편, 항공 화물 및 육상 물류",484798097,"6,552억원",USD
NRC,NRC Health,53302010,광고 및 마케팅,483533713,"6,535억원",USD
BRTM,B&R Technology Merger Corp,55601010,투자 지주 회사,478626800,"6,469억원",USD
FISN,Deep Fission  Inc,55601010,투자 지주 회사,478316217,"6,464억원",USD
GRVY,Gravity Co Ltd ADR,57201020,소프트웨어,477250452,"6,450억원",USD
CCOI,Cogent Communications Holdings  Inc.,57401010,통합 통신 서비스,476818502,"6,444억원",USD
MFI,mF International Limited,57201010,IT 서비스 및 컨설팅,476676608,"6,442억원",USD
CHSCM,CHS Reset Rate Cumulative Redeemable Pref Shs Series 3 Class B,54102010,어업 및 농업,474770000,"6,417억원",USD
CMCO,Columbus McKinnon Corp,52102020,중장비 및 차량,474528171,"6,413억원",USD
GTEN,Gores Holdings X Inc,55601010,투자 지주 회사,474189000,"6,409억원",USD
CRAN,Crane Harbor Acquisition Corp II,55601010,투자 지주 회사,473690000,"6,402억원",USD
SGHT,Sight Sciences  Inc.,56101020,"의료 장비, 물품 및 유통",473205834,"6,395억원",USD
MBUU,Malibu Boats Inc,53205020,오락용 제품,472858255,"6,391억원",USD
JOUT,Johnson Outdoors Inc,53205020,오락용 제품,471061167,"6,366억원",USD
TKNO,Alpha Teknova  Inc.,56101020,"의료 장비, 물품 및 유통",470845917,"6,363억원",USD
GCGR,General Catalyst Global Resilience Merger Corp,55601010,투자 지주 회사,469252300,"6,342억원",USD
ASTL,Algoma Steel Group Inc,51201020,철 및 강철,468080303,"6,326억원",USD
CXIIU,Churchill Capital XII Units,55601010,투자 지주 회사,467600000,"6,320억원",USD
TTRX,Turn Therapeutics Inc,56202010,생명 공학 및 의학 연구,466386344,"6,303억원",USD
APXT,Apex Treasury Corp,55601010,투자 지주 회사,465574800,"6,292억원",USD
KYTX,Kyverna Therapeutics  Inc.,56202010,생명 공학 및 의학 연구,464444264,"6,277억원",USD
MTLS,Materialise NV ADR,57201020,소프트웨어,463086738,"6,259억원",USD
FITBI,Fifth Third Bancorp Depositary Shares Representing 1/1000th Perp Pref Shs,55101010,은행,462420000,"6,250억원",USD
EVGO,EVgo Inc,59101010,전력 유틸리티,462338108,"6,248억원",USD
MASS,908 Devices Inc.,56101010,첨단 의료 장비 및 기술,462110822,"6,245억원",USD
CZNC,Citizens & Northern Corp,55101010,은행,460567385,"6,225억원",USD
BCCQ,Bleichroeder Acquisition Corp III,55601010,투자 지주 회사,459080000,"6,204억원",USD
CWCO,Consolidated Water Co Ltd,59103010,수자원 유틸리티,457807810,"6,187억원",USD
ATNI,ATN International Inc,57401010,통합 통신 서비스,456247434,"6,166억원",USD
AMSF,Amerisafe Inc,55301020,손해보험,455245584,"6,153억원",USD
BMRC,Bank of Marin Bancorp,55101010,은행,453438944,"6,128억원",USD
RBB,RBB Bancorp,55101010,은행,453178676,"6,125억원",USD
CENT,Central Garden & Pet Co,54102020,식품 가공,452691897,"6,118억원",USD
RLMD,Relmada Therapeutics Inc,56202010,생명 공학 및 의학 연구,452280147,"6,113억원",USD
GHXI,Gores Holdings XI Inc,55601010,투자 지주 회사,450750000,"6,092억원",USD
CTRN,Citi Trends Inc,53403040,의류 및 액세서리 소매,450580321,"6,090억원",USD
ADUR,Aduro Clean Technologies Inc,52203010,환경 서비스 및 장비,447418611,"6,047억원",USD
TRVG,Trivago NV ADR,57201030,온라인 서비스,447340598,"6,046억원",USD
PBFS,Pioneer Bancorp Inc,55101010,은행,446901517,"6,040억원",USD
NKLR,Terra Innovatum Global NV,52102040,중전기장비,446423668,"6,033억원",USD
DGXX,Digi Power X Inc,57301030,블록 체인 및 암호화폐,444981404,"6,014억원",USD
XIIIU,Churchill Capital XIII Units,55601010,투자 지주 회사,444220000,"6,004억원",USD
FRBA,FIRST BANK (Hamilton),55101010,은행,443603495,"5,995억원",USD
KBON,Karbon Capital Partners Corp,55601010,투자 지주 회사,443451125,"5,993억원",USD
CBK,Commercial BancGroup Inc,55101010,은행,443373097,"5,992억원",USD
WTFCN,Wintrust Financial Depositary Shares Rep 1000 Share 7 875 Fixed Rate Reset Non,55101010,은행,443190000,"5,990억원",USD
IEAG,Infinite Eagle Acquisition Corp,55601010,투자 지주 회사,443033600,"5,988억원",USD
MBVI,M3-Brigade Acquisition VI Corp,55601010,투자 지주 회사,441168750,"5,962억원",USD
STRZ,Starz Entertainment Corp.,57201030,온라인 서비스,440262436,"5,950억원",USD
GLOO,Gloo Holdings  Inc.,57201010,IT 서비스 및 컨설팅,437518376,"5,913억원",USD
BPYPM,Brookfield Property Preferred Pref Shs Class A,55101050,기업 금융 서비스,436572226,"5,900억원",USD
ULH,Universal Logistics Holdings Inc,52405030,지상 화물 및 물류,434541426,"5,873억원",USD
VOGX,Vogenx  Inc.,56202010,생명 공학 및 의학 연구,394699662,"5,334억원",USD
INDP,Indaptus Therapeutics Inc,56202010,생명 공학 및 의학 연구,531636873,"7,185억원",USD
CD,Chaince Digital Holdings Inc,57301010,핀테크,508767575,"6,876억원",USD
CLPT,Clearpoint Neuro Inc,56101010,첨단 의료 장비 및 기술,481661744,"6,510억원",USD
PRTA,Prothena Corporation PLC,56202010,생명 공학 및 의학 연구,461519396,"6,237억원",USD
SWRD,Stewards Inc,55101030,소비자 대출,460306919,"6,221억원",USD
XRX,Xerox Holdings Corp,57105010,사무기기,458287643,"6,194억원",USD
PACB,Pacific Biosciences of California  Inc.,56101010,첨단 의료 장비 및 기술,456921216,"6,175억원",USD
KRUS,Kura Sushi USA  Inc.,53301020,레스토랑 및 바,453796375,"6,133억원",USD
AVIR,Atea Pharmaceuticals  Inc.,56202010,생명 공학 및 의학 연구,452354502,"6,114억원",USD
EDIT,Editas Medicine  Inc.,56202010,생명 공학 및 의학 연구,448453702,"6,061억원",USD
WEYS,WEYCO Group Inc,53202030,제화,447654573,"6,050억원",USD
MNRO,Monro  Inc.,53403010,"자동차 차량, 부품 및 서비스 소매",446763417,"6,038억원",USD
SPRY,ARS Pharmaceuticals  Inc.,56202010,생명 공학 및 의학 연구,445524097,"6,021억원",USD
LOCO,El Pollo Loco Holdings Inc,53301020,레스토랑 및 바,438538622,"5,927억원",USD
GLAD,Gladstone Capital Corp,55501030,폐쇄형 펀드,437401816,"5,911억원",USD
IACO,Idea Acquisition Corp,55601010,투자 지주 회사,437281250,"5,910억원",USD
ACIC,American Coastal Insurance Corp,55301020,손해보험,435352252,"5,884억원",USD
DBCA,D Boral Acquisition I Corp,55601010,투자 지주 회사,434877861,"5,877억원",USD
MESH,Meshflow Acquisition Corp,55601010,투자 지주 회사,434268750,"5,869억원",USD
BMBL,Bumble Inc.,57201030,온라인 서비스,433301096,"5,856억원",USD
CLFD,Clearfield Inc,57102010,통신 및 네트워킹,432377288,"5,844억원",USD
ECX,Ecarx Holdings Inc.,57107010,통합 하드웨어 및 소프트웨어,432289956,"5,842억원",USD
ZURA,Zura Bio Ltd,56202010,생명 공학 및 의학 연구,432189408,"5,841억원",USD
KRAQ,KRAKacquisition Corp,55601010,투자 지주 회사,431681250,"5,834억원",USD
PLBC,Plumas Bancorp,55101010,은행,430832681,"5,823억원",USD
MRAM,Everspin Technologies Inc,57101010,반도체,430508159,"5,818억원",USD
BELFA,Bel Fuse Inc. Class A,57104010,전자 장비 및 부품,429842594,"5,809억원",USD
IRD,Opus Genetics Inc,56201040,제약,429290447,"5,802억원",USD
PHOE,Phoenix Asia Holdings Ltd,52201020,건설 및 엔지니어링,426600000,"5,765억원",USD
GCGRU,General Catalyst Global Resilience Merger Units,55601010,투자 지주 회사,425131150,"5,746억원",USD
CABA,Cabaletta Bio  Inc.,56202010,생명 공학 및 의학 연구,423863613,"5,729억원",USD
ADV,Advantage Solutions Inc.,53302010,광고 및 마케팅,423710590,"5,726억원",USD
ACTG,Acacia Research Corporation,52203040,경영 지원 서비스,423526734,"5,724억원",USD
USCB,USCB Financial Holdings Inc,55101010,은행,423434852,"5,723억원",USD
CARL,Carlsmed  Inc.,56101020,"의료 장비, 물품 및 유통",421008297,"5,690억원",USD
LAND,Gladstone Land Corp,60102040,특수 REITs,419503172,"5,670억원",USD
KFII,K&F Growth Acquisition II Corp,55601010,투자 지주 회사,418862160,"5,661억원",USD
GALT,Galectin Therapeutics Inc,56202010,생명 공학 및 의학 연구,417517526,"5,643억원",USD
CHSCN,CHS Reset Rate Pref Shs Class B Series 2,54102010,어업 및 농업,416976000,"5,635억원",USD
FITBM,Fifth Third Bancorp Depositary Shares Representing a 1 40th Ownership Interest,55101010,은행,416000000,"5,622억원",USD
LILAP,Liberty Latin America 9 0 Fixed Rate Cumulative Perpetual Redeemable Prf Shs,57401020,무선 통신 서비스,415065000,"5,610억원",USD
AGNCO,AGNC Investment DS REP 1/1000 Cumulative Pref Shs Series E,60102040,특수 REITs,412804000,"5,579억원",USD
ISTR,Investar Holding Corp,55101010,은행,411795307,"5,565억원",USD
FRPH,FRP Holdings Inc,60101010,"부동산 임대, 개발 및 운영",411227607,"5,558억원",USD
CDRO,Codere Online Luxembourg SA,53301030,카지노 및 도박,409229235,"5,531억원",USD
RMNI,Rimini Street Inc,57201010,IT 서비스 및 컨설팅,408899280,"5,526억원",USD
ARCT,Arcturus Therapeutics Holdings Inc,56202010,생명 공학 및 의학 연구,408722740,"5,524억원",USD
CCCC,C4 Therapeutics  Inc.,56202010,생명 공학 및 의학 연구,407213200,"5,503억원",USD
OSPR,Osprey Acquisition Corp. III,55601010,투자 지주 회사,403187280,"5,449억원",USD
NPAC,New Providence Acquisition Corp III,55601010,투자 지주 회사,402719754,"5,443억원",USD
ARQQ,Arqit Quantum Inc,57201020,소프트웨어,400951549,"5,419억원",USD
MEVO,M Evo Global Acquisition Corp II,55601010,투자 지주 회사,400400000,"5,411억원",USD
PKBK,Parke Bancorp Inc,55101010,은행,399184292,"5,395억원",USD
NATH,Nathan's Famous Inc,53301020,레스토랑 및 바,397145304,"5,367억원",USD
LRMR,Larimar Therapeutics  Inc.,56202010,생명 공학 및 의학 연구,396832819,"5,363억원",USD
BTQ,BTQ Technologies Corp.,57201020,소프트웨어,394430814,"5,331억원",USD
YB,Yuanbao Inc ADR,55301030,생명 및 건강 보험,393880044,"5,323억원",USD
PRE,Prenetics Global Ltd,56101020,"의료 장비, 물품 및 유통",392585303,"5,306억원",USD
SHIP,Seanergy Maritime Holdings Corp,52405020,해양 화물 및 물류,386343970,"5,221억원",USD
XNDU,Xanadu Quantum Technologies Ltd,57201010,IT 서비스 및 컨설팅,321688091,"4,348억원",USD
DMAC,DiaMedica Therapeutics Inc,56202010,생명 공학 및 의학 연구,419541923,"5,670억원",USD
ALLT,Allot Ltd,57201020,소프트웨어,409708711,"5,537억원",USD
CGC,Canopy Growth Corporation,56201040,제약,409162039,"5,530억원",USD
VOXR,Vox Royalty Corp,51201010,금 제외 귀금속 및 광물,400046233,"5,407억원",USD
AIOT,Powerfleet  Inc.,57201010,IT 서비스 및 컨설팅,399993236,"5,406억원",USD
SFIX,Stitch Fix  Inc.,57201030,온라인 서비스,398943309,"5,392억원",USD
IIIV,I3 Verticals  Inc.,57301010,핀테크,398778436,"5,389억원",USD
FSTR,L B Foster Co,52102020,중장비 및 차량,397331449,"5,370억원",USD
GRRR,Gorilla Technology Group Inc,57201010,IT 서비스 및 컨설팅,396137218,"5,354억원",USD
ARTV,Artiva Biotherapeutics Inc,56202010,생명 공학 및 의학 연구,395521079,"5,345억원",USD
CHMG,Chemung Financial Corp,55101010,은행,395216060,"5,341억원",USD
MVBF,MVB Financial Corp,55101010,은행,394860588,"5,337억원",USD
SERV,Serve Robotics Inc.,57201010,IT 서비스 및 컨설팅,394519157,"5,332억원",USD
OTLY,Oatly Group AB ADR,54102020,식품 가공,392839896,"5,309억원",USD
TACO,Berto Acquisition Corp,55601010,투자 지주 회사,392446125,"5,304억원",USD
ZKP,Lafayette Digital Acquisition Corp I,55601010,투자 지주 회사,392106130,"5,299억원",USD
ALFUU,Centurion Acquisition Units Expiry 22nd May 2029,55601010,투자 지주 회사,392078125,"5,299억원",USD
FRST,Primis Financial Corp,55101010,은행,392073328,"5,299억원",USD
AGEN,Agenus Inc,56202010,생명 공학 및 의학 연구,391677541,"5,294억원",USD
FNLC,First Bancorp Inc,55101010,은행,390820258,"5,282억원",USD
RDAG,Republic Digital Acquisition Co,55601010,투자 지주 회사,390750000,"5,281억원",USD
WENN,Wen Acquisition Corp,55601010,투자 지주 회사,390427616,"5,277억원",USD
GUAC,Berto Acquisition Corp II,55601010,투자 지주 회사,389936250,"5,270억원",USD
RR,Richtech Robotics Inc.,57104010,전자 장비 및 부품,389426361,"5,263억원",USD
RZLT,Rezolute  Inc.,56202010,생명 공학 및 의학 연구,389021017,"5,258억원",USD
PCB,PCB Bancorp,55101010,은행,388473691,"5,250억원",USD
BIOA,BioAge Labs  Inc.,56202010,생명 공학 및 의학 연구,388287850,"5,248억원",USD
OPI,Office Properties Income Trust,60102020,상업용 REITs,388139241,"5,246억원",USD
CZFS,Citizens Financial Services Inc,55101010,은행,387337623,"5,235억원",USD
PRLD,Prelude Therapeutics Incorporated,56202010,생명 공학 및 의학 연구,387046902,"5,231억원",USD
FENC,Fennec Pharmaceuticals Inc.,56201040,제약,385991509,"5,217억원",USD
GEVO,Gevo  Inc.,50201020,재생 가능 연료,385689882,"5,213억원",USD
GTENU,Gores Holdings X Units,55601010,투자 지주 회사,384518250,"5,197억원",USD
MYGN,Myriad Genetics  Inc.,56101020,"의료 장비, 물품 및 유통",384511573,"5,197억원",USD
BNTC,Benitec Biopharma Inc,56202010,생명 공학 및 의학 연구,381965850,"5,162억원",USD
FCNCN,First Ctzns Bancshares Del Dep Sh Repstg 1 40Th Int Non Cum Perp Pfd Ser E,55101010,은행,381920000,"5,162억원",USD
OPRT,Oportun Financial Corp,55101030,소비자 대출,381234327,"5,152억원",USD
YICC,Yorkville International Capital Corp,55601010,투자 지주 회사,380458330,"5,142억원",USD
KEYY,Keystone Acquisition Corp,55601010,투자 지주 회사,379883330,"5,134억원",USD
TWIN,Twin Disc Inc,52102010,산업용 기계 및 장비,376994092,"5,095억원",USD
ALOV,Aldabra 4 Liquidity Opportunity Vehicle Inc,55601010,투자 지주 회사,376688250,"5,091억원",USD
HACQ,HCM IV Acquisition Corp,55601010,투자 지주 회사,375992500,"5,082억원",USD
GBLI,Global Indemnity Group LLC,55301020,손해보험,374799718,"5,065억원",USD
NWFL,Norwood Financial Corp,55101010,은행,374268200,"5,058억원",USD
OBIO,Orchestra Biomed Holdings Inc,56101010,첨단 의료 장비 및 기술,373853405,"5,053억원",USD
BBOT,BridgeBio Oncology Therapeutics Inc,56202010,생명 공학 및 의학 연구,373612084,"5,049억원",USD
IHRT,iHeartMedia  Inc.,53302020,방송,373041895,"5,042억원",USD
WSBF,Waterstone Financial Inc,55101010,은행,372843561,"5,039억원",USD
MLAAU,Mountain Lake Acquisition II Units,55601010,투자 지주 회사,372762098,"5,038억원",USD
SLP,Simulations Plus  Inc.,56101010,첨단 의료 장비 및 기술,372339268,"5,032억원",USD
CRNC,Cerence Inc.,57201020,소프트웨어,372245015,"5,031억원",USD
FVAV,Fortress Value Acquisition Corp V,55601010,투자 지주 회사,371493500,"5,021억원",USD
CLNE,Clean Energy Fuels Corp.,50102030,"오일, 가스 정제 및 마케팅",370347625,"5,005억원",USD
GIW,GigCapital8 Corp.,55601010,투자 지주 회사,370191379,"5,003억원",USD
NECB,Northeast Community Bancorp Inc,55101010,은행,369481024,"4,994억원",USD
FDMM,Freedom Metals Acquisition Corp,55601010,투자 지주 회사,369292920,"4,991억원",USD
TREE,LendingTree  Inc.,55101030,소비자 대출,365730564,"4,943억원",USD
IMXI,International Money Express Inc,52203040,경영 지원 서비스,363747989,"4,916억원",USD
SWMR,Swarmer Inc,57201020,소프트웨어,360972620,"4,879억원",USD
SUPX,SuperX AI Technology Ltd,57201010,IT 서비스 및 컨설팅,326887377,"4,418억원",USD
SVIA,Silvia  Inc,57301010,핀테크,411802220,"5,566억원",USD
CYPH,Cypherpunk Technologies Inc,56202010,생명 공학 및 의학 연구,401961145,"5,433억원",USD
FIP,FTAI Infrastructure Inc.,52405030,지상 화물 및 물류,385272463,"5,207억원",USD
FOSL,Fossil Group Inc,53202020,의류 및 액세서리,379074913,"5,123억원",USD
VELO,Velo3D Inc,57104010,전자 장비 및 부품,370357839,"5,005억원",USD
SDHI,Siddhi Acquisition Corp,55601010,투자 지주 회사,367889280,"4,972억원",USD
RCKT,Rocket Pharmaceuticals  Inc.,56202010,생명 공학 및 의학 연구,367744900,"4,970억원",USD
GHXIU,Gores Holdings XI Units,55601010,투자 지주 회사,367187850,"4,963억원",USD
OIM,OneIM Acquisition Corp,55601010,투자 지주 회사,366795625,"4,957억원",USD
GIX,GigCapital9 Corp,55601010,투자 지주 회사,365833578,"4,944억원",USD
OFIX,Orthofix Medical Inc.,56101020,"의료 장비, 물품 및 유통",365778820,"4,944억원",USD
PPHC,Public Policy Holding Company Inc,53302010,광고 및 마케팅,365692211,"4,942억원",USD
BRTMU,B&R Technology Merger Units,55601010,투자 지주 회사,365563000,"4,941억원",USD
CRANU,Crane Harbor Acquisition II Units,55601010,투자 지주 회사,364974000,"4,933억원",USD
KBONU,Karbon Capital Partners Units,55601010,투자 지주 회사,364517000,"4,926억원",USD
VFF,Village Farms International Inc,56102010,의료 시설 및 서비스,364413165,"4,925억원",USD
SHOE,Shoe Station Group Inc,53403040,의류 및 액세서리 소매,363719445,"4,916억원",USD
ERII,Energy Recovery  Inc.,52102010,산업용 기계 및 장비,363439510,"4,912억원",USD
VALU,Value Line Inc,52203070,전문 정보 서비스,363087193,"4,907억원",USD
LSAK,Lesaka Technologies Inc,57301010,핀테크,363035918,"4,906억원",USD
TACH,Titan Acquisition Corp,55601010,투자 지주 회사,362595000,"4,900억원",USD
ENTA,Enanta Pharmaceuticals Inc,56201040,제약,361737493,"4,889억원",USD
IEAGU,Infinite Eagle Acquisition Units,55601010,투자 지주 회사,361394500,"4,884억원",USD
CCAP,Crescent Capital BDC Inc,55501030,폐쇄형 펀드,359616492,"4,860억원",USD
WLACU,Willow Lane Acquisition Units,55601010,투자 지주 회사,359007000,"4,852억원",USD
EH,EHang Holdings Limited ADR,52101010,항공우주 및 방위,358748562,"4,848억원",USD
KCHV,Kochav Defense Acquisition Corp,55601010,투자 지주 회사,357814940,"4,836억원",USD
CCII,Cohen Circle Acquisition Corp II,55601010,투자 지주 회사,357341330,"4,829억원",USD
ARCI,Archimedes Tech SPAC Partners III Co,55601010,투자 지주 회사,356146200,"4,813억원",USD
ACAA,Averin Capital Acquisition Corp,55601010,투자 지주 회사,356115018,"4,813억원",USD
MBVIU,M3 Brigade Acquisition VI Units,55601010,투자 지주 회사,355350000,"4,803억원",USD
LWAY,Lifeway Foods Inc,54102020,식품 가공,355310689,"4,802억원",USD
AMAC,AMR Resources Acquisition Corp,55601010,투자 지주 회사,355287255,"4,802억원",USD
APXTU,Apex Treasury Units,55601010,투자 지주 회사,355041000,"4,798억원",USD
HCIC,Hennessy Capital Investment Corp. VIII,55601010,투자 지주 회사,354424880,"4,790억원",USD
TSBK,Timberland Bancorp Inc,55101010,은행,354103921,"4,786억원",USD
BCCQU,Bleichroeder Acquisition III Units,55601010,투자 지주 회사,353625000,"4,779억원",USD
MESHU,Meshflow Acquisition Units,55601010,투자 지주 회사,353452500,"4,777억원",USD
BDCI,BTC Development Corp.,55601010,투자 지주 회사,352852403,"4,769억원",USD
OCGN,Ocugen  Inc.,56202010,생명 공학 및 의학 연구,352674817,"4,766억원",USD
OYSE,Oyster Enterprises II Acquisition Corp,55601010,투자 지주 회사,352369058,"4,762억원",USD
IACOU,Idea Acquisition Units,55601010,투자 지주 회사,351750000,"4,754억원",USD
BLZR,Trailblazer Acquisition Corp,55601010,투자 지주 회사,350968750,"4,743억원",USD
EYPT,EyePoint Inc,56201040,제약,350883402,"4,742억원",USD
PESI,Perma-Fix Environmental Services Inc,52203010,환경 서비스 및 장비,350739342,"4,740억원",USD
KRAQU,KRAKacquisition Units,55601010,투자 지주 회사,349143450,"4,719억원",USD
AGNCZ,AGNC Investment 8 75 Fixed Rate Cumulative Redeemable Prf Shs Series H,60102040,특수 REITs,348450000,"4,709억원",USD
SORN,Soren Acquisition Corp,55601010,투자 지주 회사,348027997,"4,704억원",USD
ARTC,Art Technology Acquisition Corp,55601010,투자 지주 회사,347357997,"4,695억원",USD
FGII,FG Imperii Acquisition Corp,55601010,투자 지주 회사,347313825,"4,694억원",USD
HCMA,HCM III Acquisition Corp,55601010,투자 지주 회사,347115997,"4,691억원",USD
TLNC,Talon Capital Corp.,55601010,투자 지주 회사,346925590,"4,689억원",USD
DSAC,Daedalus Special Acquisition Corp,55601010,투자 지주 회사,345796355,"4,673억원",USD
CNCK,Coincheck Group NV,52203040,경영 지원 서비스,345236351,"4,666억원",USD
MOVE,Corvex Inc,56101010,첨단 의료 장비 및 기술,344235320,"4,652억원",USD
CURR,CURRENC Group Inc,57301010,핀테크,343582568,"4,644억원",USD
PERI,Perion Network Ltd,57201020,소프트웨어,343353685,"4,640억원",USD
RPAY,Repay Holdings Corp,52203040,경영 지원 서비스,343037281,"4,636억원",USD
XFOR,X4 Pharmaceuticals  Inc.,56201040,제약,340073328,"4,596억원",USD
GASS,StealthGas Inc,50103030,오일 및 가스 수송 서비스,338017886,"4,568억원",USD
MNTK,Montauk Renewables  Inc,59101010,전력 유틸리티,370086961,"5,002억원",USD
USDE,Stablecoinx Inc,57301030,블록 체인 및 암호화폐,368113727,"4,975억원",USD
BRR,ProCap Financial Inc,57301010,핀테크,359664170,"4,861억원",USD
RCEL,AVITA Medical Inc,56202010,생명 공학 및 의학 연구,355349472,"4,803억원",USD
SNDL,SNDL Inc,56201040,제약,350103000,"4,732억원",USD
AVBH,Avidbank Holdings Inc,55101010,은행,349274664,"4,720억원",USD
FSBW,FS Bancorp  Inc,55101010,은행,346013133,"4,676억원",USD
SOHU,Sohu.com Ltd ADR,57201030,온라인 서비스,345153851,"4,665억원",USD
SIMAU,SM Acquisition Units,55601010,투자 지주 회사,345000004,"4,663억원",USD
FLXS,Flexsteel Industries Inc,53204040,가정용 가구,344360923,"4,654억원",USD
OPAL,Opal Fuels Inc.,50102020,"오일, 가스 탐사 및 생산",342522899,"4,629억원",USD
TCPC,BlackRock TCP Capital Corp,55102020,투자 관리 및 펀드 운영,342323322,"4,626억원",USD
IPSC,Century Therapeutics  Inc.,56202010,생명 공학 및 의학 연구,342232357,"4,625억원",USD
AACI,Armada Acquisition Corp III,55601010,투자 지주 회사,341659533,"4,618억원",USD
VMD,Viemed Healthcare Inc,56102010,의료 시설 및 서비스,341270523,"4,612억원",USD
ABAT,American Battery Technology Company,51201050,특수 채굴 및 금속,340760842,"4,605억원",USD
CGCF,Cartesian Growth Corporation IV,55601010,투자 지주 회사,339243750,"4,585억원",USD
BEAG,Bold Eagle Acquisition Corp,55601010,투자 지주 회사,338863892,"4,580억원",USD
IPFX,Inflection Point Acquisition Corp VI,55101050,기업 금융 서비스,338682663,"4,577억원",USD
PTOR,Praetorian Acquisition Corp,55601010,투자 지주 회사,338552368,"4,576억원",USD
CAII,Collective Acquisition Corp. II,55601010,투자 지주 회사,338552368,"4,576억원",USD
RCKY,Rocky Brands Inc,53202030,제화,338259782,"4,572억원",USD
NEWT,NewtekOne  Inc.,55101050,기업 금융 서비스,337373658,"4,560억원",USD
AGNCN,Agnc Invt 1000 DS Repstg Pref Shs Series C,60102040,특수 REITs,335270000,"4,531억원",USD
CV,CapsoVision Inc,56101010,첨단 의료 장비 및 기술,335132230,"4,529억원",USD
BLUW,Blue Water Acquisition Corp III,55601010,투자 지주 회사,334710880,"4,524억원",USD
GOGO,Gogo Inc.,57401020,무선 통신 서비스,334704419,"4,524억원",USD
ATIIU,Archimedes Tech SPAC Partners II Units,55601010,투자 지주 회사,334369959,"4,519억원",USD
LXEO,Lexeo Therapeutics  Inc.,56202010,생명 공학 및 의학 연구,333928258,"4,513억원",USD
XRPN,Armada Acquisition Corp II,55601010,투자 지주 회사,333906300,"4,513억원",USD
ELVA,Electrovaya Inc,52102030,전기 부품 및 장비,333185340,"4,503억원",USD
NNDM,Nano Dimension Ltd. ADR,57104010,전자 장비 및 부품,333125637,"4,502억원",USD
ABEO,Abeona Therapeutics Inc,56201040,제약,332810979,"4,498억원",USD
RREV,RRE Ventures Acquisition Corp,55601010,투자 지주 회사,330333330,"4,464억원",USD
HBANP,Huntington Bancshares 4.500 Depositary Shares Rep Perp Prf Shs Series H,55101010,은행,330200000,"4,463억원",USD
CEPV,Cantor Equity Partners V Inc,55601010,투자 지주 회사,329344400,"4,451억원",USD
RBBN,Ribbon Communications Inc.,57102010,통신 및 네트워킹,329034968,"4,447억원",USD
FERA,Fifth Era Acquisition Corp I,55601010,투자 지주 회사,328925337,"4,445억원",USD
PCAP,Procap Acquisition Corp,55601010,투자 지주 회사,328521600,"4,440억원",USD
JMSB,John Marshall Bancorp Inc,55101010,은행,328248237,"4,436억원",USD
AIRJ,AirJoule Technologies Corporation,52203010,환경 서비스 및 장비,327902075,"4,432억원",USD
DRDB,Roman Dbdr Acquisition Corp. II,55601010,투자 지주 회사,327520004,"4,426억원",USD
SZZL,Sizzle Acquisition Corp II,55601010,투자 지주 회사,327049337,"4,420억원",USD
HBANL,Huntington Bancshares Dep Shs Repstg 1 40Th Int Non Cum Perp Prf Depositary,55101010,은행,326950000,"4,419억원",USD
BCML,BayCom Corp,55101010,은행,326839102,"4,417억원",USD
OBA,Oxley Bridge Acquisition Ltd,55601010,투자 지주 회사,326370000,"4,411억원",USD
FVCB,FVCBankcorp Inc,55101010,은행,326058426,"4,407억원",USD
RTAC,Renatus Tactical Acquisition I Corp,55601010,투자 지주 회사,325947072,"4,405억원",USD
TACOU,Berto Acquisition Units,55601010,투자 지주 회사,325812825,"4,403억원",USD
ALDFU,Aldel Financial II Units,55601010,투자 지주 회사,325563533,"4,400억원",USD
CRAQ,Cal Redwood Acquisition Corp,55601010,투자 지주 회사,325165975,"4,395억원",USD
IA,Innovative Solutions and Support Inc,52101010,항공우주 및 방위,324512006,"4,386억원",USD
NPACU,New Providence Acquisition III Units,55601010,투자 지주 회사,324314288,"4,383억원",USD
ARTNA,Artesian Resources Corp,59103010,수자원 유틸리티,323986447,"4,379억원",USD
DSC,DSC Holdings Ltd ADR,57201030,온라인 서비스,319963224,"4,324억원",USD
BRCB,Black Rock Coffee Bar  Inc.,53301020,레스토랑 및 바,318229433,"4,301억원",USD
AXG,Solowin Holdings Ltd,55102020,투자 관리 및 펀드 운영,315724757,"4,267억원",USD
PNRG,Primeenergy Resources Corp,50102020,"오일, 가스 탐사 및 생산",315491310,"4,264억원",USD
TWFG,TWFG  Inc.,55301010,복합보험 및 중개인,312863289,"4,228억원",USD
CMPX,Compass Therapeutics Inc.,56202010,생명 공학 및 의학 연구,223309015,"3,018억원",USD
FDBC,Fidelity D&D Bancorp Inc,55101010,은행,327019000,"4,420억원",USD
LNKB,LINKBANCORP Inc,55101010,은행,325593409,"4,400억원",USD
WLAC,Willow Lane Acquisition Corp,55601010,투자 지주 회사,325357431,"4,397억원",USD
LILA,Liberty Latin America Ltd. Class A,57401020,무선 통신 서비스,324351000,"4,384억원",USD
SMTI,Sanara Medtech Inc,56201040,제약,324153875,"4,381억원",USD
EVOX,Evolution Global Acquisition Corp,55601010,투자 지주 회사,323840000,"4,377억원",USD
ALDF,Aldel Financial II Inc,55601010,투자 지주 회사,323472758,"4,372억원",USD
KOYN,CSLM Digital Asset Acquisition III Corp Ltd,55601010,투자 지주 회사,322679701,"4,361억원",USD
IACQ,Irenic Acquisition Corp,55601010,투자 지주 회사,322392775,"4,357억원",USD
IKT,Inhibikase Therapeutics  Inc.,56202010,생명 공학 및 의학 연구,322327929,"4,356억원",USD
XNET,Xunlei Ltd ADR,57201010,IT 서비스 및 컨설팅,322207975,"4,355억원",USD
TDUP,ThredUp Inc.,57201030,온라인 서비스,321767443,"4,349억원",USD
PMTR,Perimeter Acquisition I Corp,55601010,투자 지주 회사,321509965,"4,345억원",USD
ILLUU,Illumination Acquisition I Units,55601010,투자 지주 회사,321365420,"4,343억원",USD
CAES,Cantor Equity Partners VII Inc,55601010,투자 지주 회사,320888750,"4,337억원",USD
LPAAU,Launch One Acquisition Units,55601010,투자 지주 회사,319412500,"4,317억원",USD
CHSCP,CHS 8 Cumulative Redeemable Pref Shs,54102010,어업 및 농업,319072078,"4,312억원",USD
RNGT,Range Capital Acquisition II Corp,55601010,투자 지주 회사,318592203,"4,306억원",USD
SABS,SAB Biotherapeutics  Inc.,56202010,생명 공학 및 의학 연구,318452288,"4,304억원",USD
MOBI,Mobia Medical Inc,56101020,"의료 장비, 물품 및 유통",318262878,"4,301억원",USD
GUACU,Berto Acquisition II Units,55601010,투자 지주 회사,317463250,"4,291억원",USD
KFIIU,K F Growth Acquisition Units,55601010,투자 지주 회사,317201452,"4,287억원",USD
SUJA,Suja Life Inc,54101030,무알콜 음료,317111349,"4,286억원",USD
TVA,Texas Ventures Acquisition III Corp,55601010,투자 지주 회사,316950000,"4,284억원",USD
ATII,Archimedes Tech SPAC Partners II Co.,55601010,투자 지주 회사,316613000,"4,279억원",USD
LE,Lands' End  Inc.,53403040,의류 및 액세서리 소매,316417889,"4,276억원",USD
GPATU,GP Act III Acquisition Units,55601010,투자 지주 회사,315962500,"4,270억원",USD
SLNH,Soluna Holdings Inc,57201010,IT 서비스 및 컨설팅,315778620,"4,268억원",USD
AEAQ,Activate Energy Acquisition Corp,55601010,투자 지주 회사,315621603,"4,266억원",USD
WENNU,WEN Acquisition Units,55601010,투자 지주 회사,315157500,"4,259억원",USD
VNDA,Vanda Pharmaceuticals Inc,56202010,생명 공학 및 의학 연구,315010599,"4,257억원",USD
RDAGU,Republic Digital Acquisition Units,55601010,투자 지주 회사,315000000,"4,257억원",USD
SAAQ,Space Asset Acquisition Corp,55601010,투자 지주 회사,314995370,"4,257억원",USD
QTTB,Q32 Bio Inc.,56202010,생명 공학 및 의학 연구,314663256,"4,253억원",USD
IPXG,Inflection Point Acquisition Corp. VII,,,314569937,"4,251억원",USD
PHOS,First Phosphate Corp ADR,51201050,특수 채굴 및 금속,313412486,"4,236억원",USD
VLOSU,Velos Acquisition I Units,55601010,투자 지주 회사,313375000,"4,235억원",USD
AACO,Abony Acquisition Corp I,55601010,투자 지주 회사,313303053,"4,234억원",USD
CDZI,Cadiz Inc,59103010,수자원 유틸리티,312458407,"4,223억원",USD
ILLU,Illumination Acquisition I Corp,55601010,투자 지주 회사,312290837,"4,221억원",USD
LWAC,LightWave Acquisition Corp,55601010,투자 지주 회사,312241658,"4,220억원",USD
HRZN,Horizon Technology Finance Corporation,55501030,폐쇄형 펀드,311707677,"4,213억원",USD
LPBB,Launch Two Acquisition Corp,55601010,투자 지주 회사,311650000,"4,212억원",USD
CAQ,Cambridge Acquisition Corp,55601010,투자 지주 회사,311310048,"4,207억원",USD
SVIV,Spring Valley Acquisition Corp. IV,55601010,투자 지주 회사,311266670,"4,207억원",USD
FCCO,First Community Corp (South Carolina),55101010,은행,311225093,"4,206억원",USD
UMBFO,Umb Finl Corp Dep Shs Repstg 1 400Th Perp Pfd Ser B,55101010,은행,310320000,"4,194억원",USD
ZKPU,Lafayette Digital Acquisition I Units,55601010,투자 지주 회사,309196800,"4,179억원",USD
VHCP,Vine Hill Capital Investment Corp II,55601010,투자 지주 회사,308660003,"4,172억원",USD
ITHA,ITHAX Acquisition Corp III,55601010,투자 지주 회사,308506670,"4,169억원",USD
CCCT,Columbus Circle Capital Corp III,55601010,투자 지주 회사,308303603,"4,167억원",USD
TMTS,Spartacus Acquisition Corp II,55601010,투자 지주 회사,307586670,"4,157억원",USD
OSPRU,Osprey Acquisition III Units,55601010,투자 지주 회사,307312380,"4,153억원",USD
ACGLN,Arch Capital Group Depositary Shares Rep1000 Non Cumu Pref Shs Series G,55301020,손해보험,306600000,"4,144억원",USD
IFRX,InflaRx NV,55601010,투자 지주 회사,306525900,"4,143억원",USD
BIXI,Bitcoin Infrastructure Acquisition Corp Ltd,55601010,투자 지주 회사,305548830,"4,129억원",USD
RFAI,RF Acquisition Corp II,55601010,투자 지주 회사,300375540,"4,060억원",USD
FXHO,UTime Ltd,57106020,전화 및 소형 장치,300312404,"4,059억원",USD
OPTX,Syntec Optics Holdings  Inc,51101010,상품 화학,295654305,"3,996억원",USD
TMCR,Metals Royalty Company Inc,51201080,다각적 채굴,294438564,"3,979억원",USD
EMBC,Embecta Corp.,56101020,"의료 장비, 물품 및 유통",316727158,"4,281억원",USD
FNKO,Funko  Inc.,53205010,장난감 및 어린이 제품,315209176,"4,260억원",USD
FATE,Fate Therapeutics Inc,56202010,생명 공학 및 의학 연구,309136926,"4,178억원",USD
NEGG,Newegg Commerce Inc,57201030,온라인 서비스,308527540,"4,170억원",USD
TLS,Telos Corp,57107010,통합 하드웨어 및 소프트웨어,306420835,"4,141억원",USD
MEVOU,M Evo Global Acquisition II Units,55601010,투자 지주 회사,305700000,"4,132억원",USD
TBCVU,Thunder Bridge Capital Partners V Units,55601010,투자 지주 회사,305466660,"4,128억원",USD
CFFI,C&F Financial Corp,55101010,은행,305463853,"4,128억원",USD
NODK,NI Holdings Inc,55301020,손해보험,305458703,"4,128억원",USD
TLSI,TriSalus Life Sciences Inc,56202010,생명 공학 및 의학 연구,303562778,"4,103억원",USD
OTGA,OTG Acquisition I Corp,55601010,투자 지주 회사,302631250,"4,090억원",USD
ALOVU,Aldabra 4 Liquidity Opportunity Vehicle Units,55601010,투자 지주 회사,301950900,"4,081억원",USD
MYFW,First Western Financial Inc,55101010,은행,301840137,"4,079억원",USD
HVMC,Highview Merger Corp,55601010,투자 지주 회사,301746600,"4,078억원",USD
DBCAU,D Boral Acquisition I Units,55601010,투자 지주 회사,301080000,"4,069억원",USD
GSRV,GSR V Acquisition Corp,55601010,투자 지주 회사,300863690,"4,066억원",USD
GSRF,GSR IV Acquisition Corp,55601010,투자 지주 회사,300818265,"4,066억원",USD
UPB,Upstream Bio  Inc.,56202010,생명 공학 및 의학 연구,300693015,"4,064억원",USD
TMCI,Treace Medical Concepts  Inc.,56101020,"의료 장비, 물품 및 유통",298508594,"4,034억원",USD
AFRI,Forafric Global PLC,54102020,식품 가공,298489432,"4,034억원",USD
CAN,Canaan Inc ADR,57301030,블록 체인 및 암호화폐,298475788,"4,034억원",USD
IMRX,Immuneering Corporation,56202010,생명 공학 및 의학 연구,298255023,"4,031억원",USD
FUND,Sprott Focus Trust,55501030,폐쇄형 펀드,298141169,"4,029억원",USD
BPRN,Princeton Bancorp Inc,55101010,은행,297191828,"4,017억원",USD
BDSX,Biodesix Inc,56102010,의료 시설 및 서비스,297013972,"4,014억원",USD
SVAQ,Silicon Valley Acquisition Corp,55601010,투자 지주 회사,296728014,"4,010억원",USD
SDHIU,Siddhi Acquisition Units,55601010,투자 지주 회사,296704354,"4,010억원",USD
TACHU,Titan Acquisition Units,55601010,투자 지주 회사,296700000,"4,010억원",USD
GPAC,General Purpose Acquisition Corp,55601010,투자 지주 회사,296452800,"4,007억원",USD
ALTO,Alto Ingredients Inc,50201020,재생 가능 연료,296311517,"4,005억원",USD
SLMBP,SLM Floating Rate Non Cumulative Pref Shs Series B,55101030,소비자 대출,295999600,"4,000억원",USD
OIMAU,OneIM Acquisition Units,55601010,투자 지주 회사,295579500,"3,995억원",USD
HCAC,Hall Chadwick Acquisition Corp,55601010,투자 지주 회사,295476605,"3,993억원",USD
IRHO,Iron Horse Acquisitions Corp II,55601010,투자 지주 회사,294812600,"3,984억원",USD
ALCO,Alico Inc,54102010,어업 및 농업,294739429,"3,983억원",USD
PALI,Palisade Bio Inc,56202010,생명 공학 및 의학 연구,294517243,"3,980억원",USD
LAB,Standard BioTools Inc.,56101010,첨단 의료 장비 및 기술,294355590,"3,978억원",USD
PACH,Pioneer Acquisition I Corp,55601010,투자 지주 회사,293783124,"3,970억원",USD
BACC,Blue Acquisition Corp.,55601010,투자 지주 회사,293602712,"3,968억원",USD
FULC,Fulcrum Therapeutics  Inc.,56202010,생명 공학 및 의학 연구,292981467,"3,960억원",USD
CUVL,Clinuvel Pharmaceuticals Ltd ADR,56201040,제약,292481808,"3,953억원",USD
ACGC,ACP Holdings Acquisition Corp,55601010,투자 지주 회사,292459693,"3,953억원",USD
ARCIU,Archimedes Tech SPAC Partners III Units,55601010,투자 지주 회사,292128600,"3,948억원",USD
LTRX,Lantronix Inc,57102010,통신 및 네트워킹,291908200,"3,945억원",USD
HACQU,HCM IV Acquisition Units,55601010,투자 지주 회사,291812500,"3,944억원",USD
ISBA,Isabella Bank Corp,55101010,은행,291728104,"3,943억원",USD
SENEB,Seneca Foods Corporation Class B,54102020,식품 가공,291594000,"3,941억원",USD
ZNTL,Zentalis Pharmaceuticals  Inc.,56202010,생명 공학 및 의학 연구,291579189,"3,941억원",USD
FRD,Friedman Industries Inc,51201020,철 및 강철,291324628,"3,937억원",USD
ADAC,American Drive Acquisition Co,55601010,투자 지주 회사,290950000,"3,932억원",USD
KEYYU,Keystone Acquisition Units,55601010,투자 지주 회사,290691250,"3,929억원",USD
IPHXU,Inflection Point Acquisition VIII Units,55601010,투자 지주 회사,289800000,"3,917억원",USD
OVLY,Oak Valley Bancorp,55101010,은행,289565409,"3,913억원",USD
BEAGU,Bold Eagle Acquisition Units,55601010,투자 지주 회사,289476000,"3,912억원",USD
LPCV,Launchpad Cadenza Acquisition Corp I,55601010,투자 지주 회사,289225000,"3,909억원",USD
MGPI,MGP Ingredients  Inc.,54101020,증류주 및 포도주,289090026,"3,907억원",USD
NTRSO,Northern Trust DS Representing 1 1000th Non Cumulative Perpetual Pref Shs,55102020,투자 관리 및 펀드 운영,289040000,"3,906억원",USD
SHOT,RMG ML Sports Holdings,55601010,투자 지주 회사,286408078,"3,871억원",USD
VCRE,Vicore Pharma Holding AB ADR,56202010,생명 공학 및 의학 연구,286029999,"3,866억원",USD
IVVD,Invivyd  Inc.,56201040,제약,284147431,"3,840억원",USD
AMRN,Amarin Corporation PLC ADR,56202010,생명 공학 및 의학 연구,290438968,"3,925억원",USD
RCMT,R C M Technologies Inc,52203030,고용 서비스,290118967,"3,921억원",USD
PMTS,CPI Card Group Inc,55101030,소비자 대출,289219951,"3,909억원",USD
SSP,E W Scripps Co,53302020,방송,289127252,"3,908억원",USD
DUOT,Duos Technologies Group Inc,57201010,IT 서비스 및 컨설팅,288917541,"3,905억원",USD
MKTW,MarketWise Inc,52203070,전문 정보 서비스,287253372,"3,882억원",USD
GLSI,Greenwich Lifesciences Inc,56202010,생명 공학 및 의학 연구,285931492,"3,864억원",USD
FNRN,First Northern Community Bancorp,55101010,은행,285114319,"3,853억원",USD
PTLO,Portillos Inc,53301020,레스토랑 및 바,284787090,"3,849억원",USD
CUB,Lionheart Holdings,55601010,투자 지주 회사,284651601,"3,847억원",USD
HWBK,Hawthorn Bancshares  Inc.,55101010,은행,284286590,"3,842억원",USD
API,Agora Inc ADR,57201020,소프트웨어,284164770,"3,840억원",USD
JAKK,JAKKS Pacific Inc,53205010,장난감 및 어린이 제품,283950748,"3,838억원",USD
ATLO,Ames National Corp,55101010,은행,283873901,"3,837억원",USD
WLCO,Wilco 63 Corp,55601010,투자 지주 회사,283618750,"3,833억원",USD
ATLQ,JAB Acquisition Corp I,55601010,투자 지주 회사,283482944,"3,831억원",USD
BLZRU,Trailblazer Acquisition Units,55601010,투자 지주 회사,282975000,"3,824억원",USD
SILC,Silicom Ltd,57102010,통신 및 네트워킹,282910520,"3,824억원",USD
QNBC,QNB Corp,55101010,은행,282833752,"3,822억원",USD
JONE,Jones Ventures INTL Acquisition1 Corp,55601010,투자 지주 회사,282765595,"3,822억원",USD
FDMMU,Freedom Metals Acquisition Units,55601010,투자 지주 회사,282683500,"3,820억원",USD
TVAI,Thayer Ventures Acquisition Corporation II,55601010,투자 지주 회사,282564705,"3,819억원",USD
FRAF,Franklin Financial Services Corp,55101010,은행,282438762,"3,817억원",USD
MTRX,Matrix Service Co,52201020,건설 및 엔지니어링,282353372,"3,816억원",USD
FUNC,First United Corp,55101010,은행,281839018,"3,809억원",USD
SY,So-Young International Inc ADR,53403090,기타 전문 소매,281719962,"3,807억원",USD
AXIN,Axiom Intelligence Acquisition Corp 1,55601010,투자 지주 회사,281664670,"3,807억원",USD
RWAY,Runway Growth Finance Corp,55101050,기업 금융 서비스,281634555,"3,806억원",USD
XCBE,X3 Acquisition Corp Ltd,55601010,투자 지주 회사,281531250,"3,805억원",USD
PDYN,Palladyne AI Corp,57201020,소프트웨어,280242737,"3,787억원",USD
ANIK,Anika Therapeutics Inc,56101020,"의료 장비, 물품 및 유통",279570160,"3,778억원",USD
WNEB,Western New England Bancorp Inc,55101010,은행,279439456,"3,777억원",USD
CMRC,Commerce.com  Inc.,57201020,소프트웨어,279234800,"3,774억원",USD
NHIV,Newhold Investment Corp IV,55601010,투자 지주 회사,279141763,"3,773억원",USD
TTGT,TechTarget Inc,57201030,온라인 서비스,278480741,"3,764억원",USD
NNBR,NN Inc,52102010,산업용 기계 및 장비,278296103,"3,761억원",USD
MFIN,Medallion Financial Corp,55101010,은행,277819013,"3,755억원",USD
REFI,Chicago Atlantic Real Estate Finance Inc,60102020,상업용 REITs,277733223,"3,754억원",USD
ISNR,Snow Rothschild Acquisition Corp,,,277697500,"3,753억원",USD
OYSEU,Oyster Enterprises II Acquisition Units,55601010,투자 지주 회사,277245280,"3,747억원",USD
GBFH,GBank Financial Holdings Inc,55101010,은행,276828835,"3,741억원",USD
MTAK,Market Technology Acquisition Corp,55601010,투자 지주 회사,276559959,"3,738억원",USD
XSLL,Xsolla SPAC 1,55101050,기업 금융 서비스,276385209,"3,735억원",USD
KINS,Kingstone Companies Inc,55301020,손해보험,275480811,"3,723억원",USD
FXNC,First National Corp,55101010,은행,275438479,"3,723억원",USD
CEPO,Cantor Equity Partners I Inc,55601010,투자 지주 회사,275145000,"3,719억원",USD
MUZE,Muzero Acquisition Corp,55601010,투자 지주 회사,273202080,"3,692억원",USD
NKSH,National Bankshares Inc,55101010,은행,272853655,"3,688억원",USD
BLUWU,Blue Water Acquisition III Units,55601010,투자 지주 회사,272821500,"3,687억원",USD
CCIIU,Cohen Circle Acquisition II Units,55601010,투자 지주 회사,272819700,"3,687억원",USD
PMTRU,Perimeter Acquisition I Units,55601010,투자 지주 회사,272668000,"3,685억원",USD
SION,Sionna Therapeutics  Inc.,56202010,생명 공학 및 의학 연구,272178642,"3,678억원",USD
GIWWU,Gigcapital8 Units,55601010,투자 지주 회사,271714588,"3,672억원",USD
CGCFU,Cartesian Growth IV Units,55601010,투자 지주 회사,271700000,"3,672억원",USD
KCHVU,Kochav Defense Acquisition Units,55601010,투자 지주 회사,271669006,"3,672억원",USD
QMLS,QumulusAI Inc,57201010,IT 서비스 및 컨설팅,269675631,"3,645억원",USD
STRO,Sutro Biopharma Inc,56202010,생명 공학 및 의학 연구,267454288,"3,615억원",USD
AIBZ,Bitzero Holdings Inc,57301030,블록 체인 및 암호화폐,263610910,"3,563억원",USD
BNC,CEA Industries Inc,52102030,전기 부품 및 장비,261042209,"3,528억원",USD
HVII,Hennessy Capital Investment Corp VII,55601010,투자 지주 회사,236291864,"3,193억원",USD
EGHT,8x8 Inc,57401010,통합 통신 서비스,287426647,"3,885억원",USD
PYXS,Pyxis Oncology Inc,56202010,생명 공학 및 의학 연구,279834008,"3,782억원",USD
ACIU,AC Immune AG,56201040,제약,277841854,"3,755억원",USD
ACB,Aurora Cannabis Inc.,56201040,제약,276873214,"3,742억원",USD
POWW,Outdoor Holding Company,53205020,오락용 제품,275064406,"3,717억원",USD
LYEL,Lyell Immunopharma  Inc.,56202010,생명 공학 및 의학 연구,273232322,"3,693억원",USD
AKBA,Akebia Therapeutics Inc,56201040,제약,271564120,"3,670억원",USD
YARW,Yarrow Bioscience  Inc.,56202010,생명 공학 및 의학 연구,270673035,"3,658억원",USD
LCNB,LCNB Corp,55101010,은행,270132023,"3,651억원",USD
DNMX,Dynamix Corp III,55601010,투자 지주 회사,269809163,"3,646억원",USD
SORNU,Soren Acquisition Units,55601010,투자 지주 회사,269575000,"3,643억원",USD
PCAPU,Procap Acquisition Units A,55601010,투자 지주 회사,269558000,"3,643억원",USD
XRPNU,Armada Acquisition II Units,55601010,투자 지주 회사,269345600,"3,640억원",USD
TLNCU,Talon Capital Units,55601010,투자 지주 회사,268602340,"3,630억원",USD
BDCIU,BTC Development Units,55601010,투자 지주 회사,268418000,"3,628억원",USD
PRQR,ProQR Therapeutics NV,56202010,생명 공학 및 의학 연구,268130804,"3,624억원",USD
ESCA,Escalade Inc,53205020,오락용 제품,267887800,"3,621억원",USD
ASYS,Amtech Systems Inc,57101020,반도체 장비 및 테스트,267873945,"3,620억원",USD
ALMU,Aeluma Inc,57101010,반도체,267792827,"3,619억원",USD
PCYO,Pure Cycle Corp,59103010,수자원 유틸리티,267480807,"3,615억원",USD
XTER,Karman Line Acquisition Corp.,55601010,투자 지주 회사,267430170,"3,614억원",USD
CATL,Catalyst Acquisition Corp,55601010,투자 지주 회사,267081100,"3,610억원",USD
USAU,US Gold Corp,51201060,금,266937907,"3,608억원",USD
BCBP,BCB Bancorp Inc,55101010,은행,266618297,"3,603억원",USD
OFLX,Omega Flex Inc,52102010,산업용 기계 및 장비,265278782,"3,585억원",USD
AMACU,AMR Resources Acquisition Units,55601010,투자 지주 회사,264938400,"3,581억원",USD
HCMAU,HCM III Acquisition Units,55601010,투자 지주 회사,264891000,"3,580억원",USD
DSACU,Daedalus Special Acquisition Units,55601010,투자 지주 회사,264555500,"3,575억원",USD
ASLE,AerSale Corp,52101010,항공우주 및 방위,264406267,"3,573억원",USD
OACC,Oaktree Acquisition III Life Sciences Corp,55601010,투자 지주 회사,264264756,"3,572억원",USD
OBAWU,Oxley Bridge Acquisition Units,55601010,투자 지주 회사,263879000,"3,566억원",USD
ARTCU,Art Technology Acquisition Units,55601010,투자 지주 회사,263601250,"3,563억원",USD
NTWO,Newbury Street II Acquisition Corp,55601010,투자 지주 회사,263591979,"3,562억원",USD
DMAA,Drugs Made In America Acquisition Corp.,55601010,투자 지주 회사,263404506,"3,560억원",USD
RMBI,Richmond Mutual Bancorporation Inc,55101010,은행,262949432,"3,554억원",USD
PACHU,Pioneer Acquisition I Units,55601010,투자 지주 회사,262616530,"3,549억원",USD
MGNX,MacroGenics Inc,56202010,생명 공학 및 의학 연구,262444770,"3,547억원",USD
IPFXU,Inflection Point Acquisition VI Units,55101050,기업 금융 서비스,262361000,"3,546억원",USD
STRT,Strattec Security Corp,53101020,"자동차, 트럭 및 오토바이 부품",262340997,"3,546억원",USD
IACQU,Irenic Acquisition Units,55601010,투자 지주 회사,262297994,"3,545억원",USD
GIXXU,GigCapital9 Units,55601010,투자 지주 회사,262286789,"3,545억원",USD
FCNCP,First Citizens Bancshares 40 DS Rep 1 Non Cumulative Perpetual Pref Shs Series A,55101010,은행,262200000,"3,544억원",USD
TRDA,Entrada Therapeutics  Inc.,56202010,생명 공학 및 의학 연구,261265049,"3,531억원",USD
FACT,FACT II Acquisition Corp,55601010,투자 지주 회사,261090852,"3,529억원",USD
AIIO,Robo.ai Inc,57201010,IT 서비스 및 컨설팅,260434790,"3,520억원",USD
CAMP,CAMP4 Therapeutics Corp,56202010,생명 공학 및 의학 연구,260425780,"3,520억원",USD
VABK,Virginia National Bankshares Corp,55101010,은행,260413536,"3,519억원",USD
FBLA,FB Bancorp  Inc.,55101010,은행,260274265,"3,518억원",USD
BHFAN,Brighthouse Financial 1000 DS Repstg Non Cum Pfd Ser C,55301030,생명 및 건강 보험,260130000,"3,516억원",USD
RTACU,Renatus Tactical Acquisition I Units,55601010,투자 지주 회사,259612500,"3,509억원",USD
IPXGU,Inflection Point Acquisition Units,,,259131750,"3,502억원",USD
TRGS,TRG Latin America Acquisitions Corp,55601010,투자 지주 회사,259109400,"3,502억원",USD
III,Information Services Group Inc,57201010,IT 서비스 및 컨설팅,259012022,"3,501억원",USD
AACIU,Armada Acquisition III Units,55601010,투자 지주 회사,258793080,"3,498억원",USD
PTORU,Praetorian Acquisition Units,55601010,투자 지주 회사,258469750,"3,493억원",USD
DMAAU,Drugs Made In America Acquisition Units,55601010,투자 지주 회사,257495700,"3,480억원",USD
AENT,Alliance Entertainment Holding Corp,57104010,전자 장비 및 부품,257447132,"3,479억원",USD
VNME,Vendome Acquisition Corp I,55601010,투자 지주 회사,257000000,"3,473억원",USD
CAIIU,Collective Acquisition II Units,55601010,투자 지주 회사,256913839,"3,472억원",USD
AVNW,Aviat Networks Inc,57102010,통신 및 네트워킹,256542842,"3,467억원",USD
MVST,Microvast Holdings  Inc.,52102030,전기 부품 및 장비,276018854,"3,730억원",USD
OSUR,OraSure Technologies Inc,56101020,"의료 장비, 물품 및 유통",275184822,"3,719억원",USD
SVCO,Silvaco Group Inc,57201020,소프트웨어,272441494,"3,682억원",USD
AZ,A2Z Cust2Mate Solutions Corp,57201010,IT 서비스 및 컨설팅,264599067,"3,576억원",USD
TSSI,TSS Inc,57201010,IT 서비스 및 컨설팅,262437351,"3,547억원",USD
BCYC,Bicycle Therapeutics PLC ADR,56202010,생명 공학 및 의학 연구,261073409,"3,528억원",USD
HCKT,The Hackett Group  Inc.,52203040,경영 지원 서비스,259973773,"3,514억원",USD
JACK,Jack in the Box Inc,53301020,레스토랑 및 바,257003022,"3,473억원",USD
CNDT,Conduent Incorporated,57201010,IT 서비스 및 컨설팅,256609320,"3,468억원",USD
LTBR,Lightbridge Corp,52203040,경영 지원 서비스,256587923,"3,468억원",USD
RELL,Richardson Electronics Ltd,57104010,전자 장비 및 부품,256110476,"3,461억원",USD
ACAAU,Averin Capital Acquisition Unit,55601010,투자 지주 회사,256032000,"3,460억원",USD
POLEU,Andretti Acquisition II Units,55601010,투자 지주 회사,255182400,"3,449억원",USD
CPZ,Calamos Long Short Equity Dynamic Income Trust Closed Fund,55501030,폐쇄형 펀드,254236912,"3,436억원",USD
FERAU,Fifth Era Acquisition I Units,55601010,투자 지주 회사,253464000,"3,426억원",USD
CUBWU,Lionheart Holdings Units,55601010,투자 지주 회사,253460000,"3,426억원",USD
IPVV,InterPrivate Investment Partners V Inc,55601010,투자 지주 회사,253108063,"3,421억원",USD
SCII,SC II Acquisition Corp,55601010,투자 지주 회사,252713249,"3,415억원",USD
RREVU,RRE Ventures Acquisition Units,55601010,투자 지주 회사,252500000,"3,413억원",USD
FHTX,Foghorn Therapeutics Inc.,56202010,생명 공학 및 의학 연구,251793736,"3,403억원",USD
AUDC,AudioCodes Ltd,57102010,통신 및 네트워킹,251430586,"3,398억원",USD
HCICU,Hennessy Capital Investment VIII Units,55601010,투자 지주 회사,251191002,"3,395억원",USD
IONR,ioneer Ltd ADR,51201050,특수 채굴 및 금속,250871104,"3,391억원",USD
EFSI,Eagle Financial Services Inc,55101010,은행,250720123,"3,388억원",USD
GSRFU,GSR IV Acquisition Units,55601010,투자 지주 회사,250275190,"3,382억원",USD
OHAC,Oceanhawk Acquisition Corp,55601010,투자 지주 회사,250132063,"3,381억원",USD
VLOS,Velos Acquisition I Corp,55601010,투자 지주 회사,250082352,"3,380억원",USD
VUZI,Vuzix Corp,57104010,전자 장비 및 부품,249866121,"3,377억원",USD
MKLY,McKinley Acquisition Corp,55601010,투자 지주 회사,249592914,"3,373억원",USD
LPBBU,Launch Two Acquisition Units,55601010,투자 지주 회사,249550000,"3,373억원",USD
QADR,QDRO Acquisition Corp,55601010,투자 지주 회사,249500000,"3,372억원",USD
SZZLU,Sizzle Acquisition II Units,55601010,투자 지주 회사,248744000,"3,362억원",USD
PPIH,Perma-Pipe International Holdings Inc,51201020,철 및 강철,248559779,"3,359억원",USD
CRAQU,Cal Redwood Acquisition Units,55601010,투자 지주 회사,248432366,"3,358억원",USD
OTGAU,OTG Acquisition I Units,55601010,투자 지주 회사,247497750,"3,345억원",USD
RNGTU,Range Capital Acquisition II Units,55601010,투자 지주 회사,247483600,"3,345억원",USD
GTERA,Globa Terra Acquisition Corp,55601010,투자 지주 회사,247472610,"3,345억원",USD
AIAI,AIAI Holdings Corp,57201020,소프트웨어,247319664,"3,343억원",USD
ACGLO,Acrh Cap Group 1000 Dep Shs Repstg Non Cumulative Pref Shs Series F,55301020,손해보험,247104000,"3,340억원",USD
MIAC,Meridian3 Industrials Acquisition Corp,55601010,투자 지주 회사,246782813,"3,335억원",USD
IMMR,Immersion Corp,57201020,소프트웨어,246720885,"3,334억원",USD
EVOXU,Evolution Global Acquisition Units,55601010,투자 지주 회사,246720000,"3,334억원",USD
HVMCU,Highview Merger Units,55601010,투자 지주 회사,246655500,"3,334억원",USD
SVIVU,Spring Valley Acquisition IV Units,55601010,투자 지주 회사,246560000,"3,332억원",USD
DRDBU,Roman DBDR Acquisition II Units,55601010,투자 지주 회사,246560000,"3,332억원",USD
KOYNU,CSLM Digital Asset Acquisition III Units,55601010,투자 지주 회사,246318788,"3,329억원",USD
IMPP,Imperial Petroleum Inc,50201020,재생 가능 연료,245510163,"3,318억원",USD
PAMT,PAMT Corp,52405030,지상 화물 및 물류,245233829,"3,314억원",USD
FUFU,BitFuFu Inc,52203040,경영 지원 서비스,245044052,"3,312억원",USD
NNNN,Anbio Biotechnology,56101020,"의료 장비, 물품 및 유통",244912896,"3,310억원",USD
MCGA,Yorkville Acquisition Corp,55601010,투자 지주 회사,244065938,"3,299억원",USD
RAIL,FreightCar America Inc,52102020,중장비 및 차량,242983385,"3,284억원",USD
SSAC,Spacsphere Acquisition Corp,55601010,투자 지주 회사,242884739,"3,283억원",USD
SOCA,Solarius Capital Acquisition Corp.,55601010,투자 지주 회사,242707500,"3,280억원",USD
TVACU,Texas Ventures Acquisition III Units,55601010,투자 지주 회사,242325000,"3,275억원",USD
BAFN,Bayfirst Financial Corp,55101010,은행,242126079,"3,272억원",USD
DYNC,Dynamix Corp,55601010,투자 지주 회사,241695996,"3,267억원",USD
GWRS,Global Water Resources Inc,59103010,수자원 유틸리티,238713468,"3,226억원",USD
HQI,Hirequest Inc,52203030,고용 서비스,237273000,"3,207억원",USD
NHICU,Newhold Investment III Units,55601010,투자 지주 회사,211559612,"2,859억원",USD
TROO,TROOPS Inc,55301010,복합보험 및 중개인,249206739,"3,368억원",USD
PLAY,Dave & Buster's Entertainment  Inc.,53301020,레스토랑 및 바,247994185,"3,352억원",USD
RILY,BRC Group Holdings Inc,55102010,투자 은행 및 중개 서비스,246424498,"3,330억원",USD
HITI,High Tide Inc,54301010,의약품 소매,246033615,"3,325억원",USD
UXIN,Uxin Ltd ADR,53403010,"자동차 차량, 부품 및 서비스 소매",245825787,"3,322억원",USD
NAGE,Niagen Bioscience Inc,56202010,생명 공학 및 의학 연구,244499346,"3,304억원",USD
RNAC,Cartesian Therapeutics  Inc.,56202010,생명 공학 및 의학 연구,244463244,"3,304억원",USD
UTMD,Utah Medical Products Inc,56101020,"의료 장비, 물품 및 유통",244071488,"3,299억원",USD
GNFT,Genfit SA ADR,56202010,생명 공학 및 의학 연구,242512416,"3,278억원",USD
YICCU,Yorkville International Capital Units,55601010,투자 지주 회사,241500000,"3,264억원",USD
IGAC,Invest Green Acquisition Corp,55601010,투자 지주 회사,241445050,"3,263억원",USD
SAAQU,Space Asset Acquisition Units,55601010,투자 지주 회사,241179000,"3,260억원",USD
SNFCA,Security National Financial Corp,55101010,은행,240920143,"3,256억원",USD
INBK,First Internet Bancorp,55101010,은행,240435292,"3,249억원",USD
DAAQ,Digital Asset Acquisition Corp,55601010,투자 지주 회사,240350000,"3,248억원",USD
AEAQU,Activate Energy Acquisition Units,55601010,투자 지주 회사,240331150,"3,248억원",USD
RDNW,RideNow Group Inc,53403010,"자동차 차량, 부품 및 서비스 소매",239918191,"3,242억원",USD
PEBK,Peoples Bancorp of North Carolina Inc,55101010,은행,239486337,"3,237억원",USD
IRHOU,Iron Horse Acquisition II Units,55601010,투자 지주 회사,239471200,"3,236억원",USD
GSRVU,GSR V Acquisition Units,55601010,투자 지주 회사,239313810,"3,234억원",USD
NHIC,NewHold Investment Corp III,55601010,투자 지주 회사,238574272,"3,224억원",USD
TDWD,Tailwind 2.0 Acquisition Corp,55601010,투자 지주 회사,238510850,"3,223억원",USD
AGNCM,AGNC Investment 1000 DS Rep 6.875 Fixed to Floating Cumulative Redeemable Pref,60102040,특수 REITs,238478000,"3,223억원",USD
AACOU,Abony Acquisition I Units,55601010,투자 지주 회사,238371700,"3,222억원",USD
CCCTU,Columbus Circle Capital III Units,55601010,투자 지주 회사,238069900,"3,218억원",USD
TMTSU,Spartacus Acquisition II Units,55601010,투자 지주 회사,236900000,"3,202억원",USD
AACP,Apogee Acquisition Corp,55601010,투자 지주 회사,236577600,"3,197억원",USD
CAQUU,Cambridge Acquisition Units,55601010,투자 지주 회사,236129775,"3,191억원",USD
KGEI,Kolibri Global Energy Inc,50102020,"오일, 가스 탐사 및 생산",236103186,"3,191억원",USD
TWLV,Twelve Seas Investment Company III,55601010,투자 지주 회사,236015625,"3,190억원",USD
ASUR,Asure Software Inc,57201020,소프트웨어,235944110,"3,189억원",USD
CGEN,Compugen Ltd.,56202010,생명 공학 및 의학 연구,235872536,"3,188억원",USD
LPCVU,Launchpad Cadenza Acquisition I Units,55601010,투자 지주 회사,235860400,"3,188억원",USD
VHCPU,Vine Hill Capital Investment II Units,55601010,투자 지주 회사,235750000,"3,186억원",USD
ADACU,American Drive Acquisition Units,55601010,투자 지주 회사,235727000,"3,186억원",USD
OSS,One Stop Systems Inc,57106010,컴퓨터 하드웨어,235684229,"3,185억원",USD
BHFAP,Brighthouse Financial 1000 DS Representing 6 6 Non Cumulative Pref Shs Series A,55301030,생명 및 건강 보험,234940000,"3,175억원",USD
LATA,Galata Acquisition Corp II,55601010,투자 지주 회사,234600000,"3,171억원",USD
LIEN,Chicago Atlantic BDC Inc,55101050,기업 금융 서비스,234367459,"3,167억원",USD
FGIIU,Fg Imperii Acquisition Units,55601010,투자 지주 회사,233920150,"3,161억원",USD
HLXC,Helix Acquisition Corp III,55601010,투자 지주 회사,233836000,"3,160억원",USD
SUMA,SUMA Acquisition Corp,55601010,투자 지주 회사,233759113,"3,159억원",USD
ITHAU,ITHAX Acquisition III Units,55601010,투자 지주 회사,232990000,"3,149억원",USD
DYOR,Insight Digital Partners II,55601010,투자 지주 회사,232990000,"3,149억원",USD
BIXIU,Bitcoin Infrastructure Acquisition Units,55601010,투자 지주 회사,232937100,"3,148억원",USD
WSBCO,Wesbanco Depositary Shs Each Repstg 1 40Th In Sh Of Fxd Rate Rst Non Cumulatv,55101010,은행,232576000,"3,143억원",USD
BLRK,Bluerock Acquisition Corp,55601010,투자 지주 회사,232530000,"3,143억원",USD
SVAQU,Silicon Valley Acquisition Units,55601010,투자 지주 회사,232184400,"3,138억원",USD
PDEX,Pro-Dex Inc,56101020,"의료 장비, 물품 및 유통",231953415,"3,135억원",USD
MRBK,Meridian Corp,55101010,은행,231900693,"3,134억원",USD
BACCU,Blue Acquisition Units,55601010,투자 지주 회사,231488730,"3,129억원",USD
TCBIO,Texas Capital Bancshares Depositary Shares 5 75 Non Cum Pref Shs Series B,55101010,은행,231300000,"3,126억원",USD
XCBEU,X3 Acquisition Units,55601010,투자 지주 회사,230622750,"3,117억원",USD
SVCC,Stellar V Capital Corp,55601010,투자 지주 회사,230415101,"3,114억원",USD
WHWK,Whitehawk Therapeutics  Inc.,56201040,제약,230316400,"3,113억원",USD
WLCOU,Wilco 63 Units,55601010,투자 지주 회사,230000000,"3,108억원",USD
LWACU,Lightwave Acquisition Units,55601010,투자 지주 회사,229668250,"3,104억원",USD
GPRO,GoPro Inc,57106030,가정용 전자 제품,228281001,"3,085억원",USD
ALXO,ALX Oncology Holdings Inc,56202010,생명 공학 및 의학 연구,221243195,"2,990억원",USD
HVIIU,Hennessy Capital Investment VII Units,55601010,투자 지주 회사,197946150,"2,675억원",USD
ELDN,Eledon Pharmaceuticals Inc,56202010,생명 공학 및 의학 연구,234844729,"3,174억원",USD
SIGA,SIGA Technologies Inc,56201040,제약,234230074,"3,166억원",USD
NATR,Nature's Sunshine Products Inc,54102020,식품 가공,232612774,"3,144억원",USD
KROS,Keros Therapeutics  Inc.,56202010,생명 공학 및 의학 연구,232572915,"3,143억원",USD
BETR,Better Home & Finance Holding Co,55101030,소비자 대출,230908760,"3,121억원",USD
LMNR,Limoneira Co,54102010,어업 및 농업,230095169,"3,110억원",USD
OPBK,OP Bancorp,55101010,은행,229514293,"3,102억원",USD
TBCH,Turtle Beach Corporation,57106010,컴퓨터 하드웨어,229244301,"3,098억원",USD
LTGR,Long Table Growth Corp,,,229195000,"3,098억원",USD
TVIV,Texas Ventures Acquisition IV Corp,55601010,투자 지주 회사,229080000,"3,096억원",USD
AVXL,Anavex Life Sciences Corp,56202010,생명 공학 및 의학 연구,228961200,"3,094억원",USD
CRAC,Crown Reserve Acquisition Corp. I,55601010,투자 지주 회사,228832313,"3,093억원",USD
AIRO,AIRO Group Holdings Inc,52101010,항공우주 및 방위,228464839,"3,088억원",USD
BHFAO,Brighthouse Financial 1000 Depositary Shares Representing 1 Pref Series B,55301030,생명 및 건강 보험,227171000,"3,070억원",USD
MRCO,Mercator Acquisition Corp,55601010,투자 지주 회사,226550000,"3,062억원",USD
CMTV,Community Bancorp.,55101010,은행,225492315,"3,048억원",USD
GSIT,GSI Technology Inc,57101010,반도체,225214977,"3,044억원",USD
ISNRU,Snow Rothschild Acquisition Units,,,224983000,"3,041억원",USD
ANGI,Angi Inc,57201030,온라인 서비스,224681631,"3,037억원",USD
DEFT,DeFi Technologies Inc,57301010,핀테크,224570849,"3,035억원",USD
ALEC,Alector  Inc.,56202010,생명 공학 및 의학 연구,224430407,"3,033억원",USD
HMH,HMH Holding Inc,50103020,오일 관련 서비스 및 장비,223751973,"3,024억원",USD
FORR,Forrester Research Inc,53302010,광고 및 마케팅,223708250,"3,023억원",USD
CFBK,CF Bankshares Inc,55101010,은행,223332093,"3,018억원",USD
ONCH,1rt Acquisition Corp,55601010,투자 지주 회사,222525000,"3,007억원",USD
MBINL,Merchants Bancorp Ind Dep Shs Repstg 1 40Th Int Perp Prf Shs Ser E,55101010,은행,222456000,"3,006억원",USD
ACGCU,ACP Holdings Acquisition Units,55601010,투자 지주 회사,222101787,"3,002억원",USD
NGEN,NervGen Pharma Corp,56202010,생명 공학 및 의학 연구,222034237,"3,001억원",USD
ZUMZ,Zumiez Inc.,53403040,의류 및 액세서리 소매,221987276,"3,000억원",USD
STIM,Neuronetics Inc,56101010,첨단 의료 장비 및 기술,221733916,"2,997억원",USD
AXINU,Axiom Intelligence Acquisition 1 Units,55601010,투자 지주 회사,221347000,"2,992억원",USD
RGCO,RGC Resources Inc,59102010,천연가스 유틸리티,220269414,"2,977억원",USD
SPOK,Spok Holdings Inc,57401020,무선 통신 서비스,220267983,"2,977억원",USD
HDSN,Hudson Technologies Inc,52102030,전기 부품 및 장비,220123101,"2,975억원",USD
CRDL,Cardiol Therapeutics Inc,56202010,생명 공학 및 의학 연구,219576666,"2,968억원",USD
PTAC,Patriot Acquisition Corp,55601010,투자 지주 회사,219187500,"2,962억원",USD
SHMD,SCHMID Group NV,57101010,반도체,218842462,"2,958억원",USD
SHOTU,RMG ML Sports Holdings Units,55601010,투자 지주 회사,218381400,"2,951억원",USD
CATLU,Catalyst Acquisition Units,55601010,투자 지주 회사,217091700,"2,934억원",USD
RICK,RCI Hospitality Holdings Inc,53301020,레스토랑 및 바,217027355,"2,933억원",USD
ADAG,Adagene Inc. ADR,56202010,생명 공학 및 의학 연구,216873001,"2,931억원",USD
TDACU,Translational Development Acquisition Units,55601010,투자 지주 회사,216832500,"2,930억원",USD
BGIN,BGIN Blockchain Ltd,57301030,블록 체인 및 암호화폐,216089647,"2,920억원",USD
GSHR,Gesher Acquisition II Corp,55601010,투자 지주 회사,215995380,"2,919억원",USD
SND,Smart Sand Inc,51202010,건설 자재,215387230,"2,911억원",USD
PROF,Profound Medical Corp,56101010,첨단 의료 장비 및 기술,215176979,"2,908억원",USD
TVAIU,Thayer Ventures Acquisition II Units,55601010,투자 지주 회사,215118750,"2,907억원",USD
HCACU,Hall Chadwick Acquisition Units,55601010,투자 지주 회사,214866000,"2,904억원",USD
NHIVU,Newhold Investment IV Units,55601010,투자 지주 회사,214307700,"2,896억원",USD
EXFY,Expensify  Inc.,57201020,소프트웨어,214288660,"2,896억원",USD
OZKAP,Bank OZK 4 625 Non Cumulative Perpetual Pref Shs Series A,55101010,은행,213360000,"2,884억원",USD
AESP,Aeon Acquisition I Corp,55601010,투자 지주 회사,213246735,"2,882억원",USD
EGHA,EGH Acquisition Corp.,55601010,투자 지주 회사,213200000,"2,881억원",USD
IDAC,Iron Dome Acquisition I Corp,55601010,투자 지주 회사,212530000,"2,872억원",USD
HAVA,Harvard Ave Acquisition Corp,55601010,투자 지주 회사,211484392,"2,858억원",USD
MTAKU,Market Technology Acquisition Units,55601010,투자 지주 회사,211276500,"2,855억원",USD
AOUT,American Outdoor Brands Inc,53205020,오락용 제품,210522033,"2,845억원",USD
RXST,RxSight  Inc.,56101020,"의료 장비, 물품 및 유통",205054752,"2,771억원",USD
DFDV,DeFi Development Corp (Nevada),57301030,블록 체인 및 암호화폐,204858561,"2,769억원",USD
CHRS,Coherus Oncology Inc,56201040,제약,200851256,"2,715억원",USD
EU,enCore Energy Corp.,50301010,우라늄,235082812,"3,177억원",USD
CUE,Cue Biopharma  Inc.,56202010,생명 공학 및 의학 연구,224470393,"3,034억원",USD
TONX,Ton Strategy Co,57201030,온라인 서비스,224142995,"3,029억원",USD
NSLR,Neostellar Capital Corp,55102020,투자 관리 및 펀드 운영,219727743,"2,970억원",USD
TARA,Protara Therapeutics Inc,56202010,생명 공학 및 의학 연구,217471396,"2,939억원",USD
AREC,American Resources Corp,52102030,전기 부품 및 장비,217151682,"2,935억원",USD
SIDU,Sidus Space Inc,52101010,항공우주 및 방위,215609944,"2,914억원",USD
PMA,PMA Graphene Technology Group Inc,52201020,건설 및 엔지니어링,215127000,"2,907억원",USD
OVBC,Ohio Valley Banc Corp,55101010,은행,212937245,"2,878억원",USD
XGN,Exagen Inc.,56102010,의료 시설 및 서비스,211729463,"2,862억원",USD
NKTX,Nkarta  Inc.,56202010,생명 공학 및 의학 연구,211293133,"2,856억원",USD
CHCI,Comstock Holding Companies Inc,60101010,"부동산 임대, 개발 및 운영",211191294,"2,854억원",USD
OACCU,Oaktree Acquisition III Units,55601010,투자 지주 회사,211166280,"2,854억원",USD
PALO,Paloma Acquisition Corp I,55601010,투자 지주 회사,210915000,"2,851억원",USD
LOVE,Lovesac Co,53204040,가정용 가구,210870590,"2,850억원",USD
FCAP,First Capital Inc,55101010,은행,210811714,"2,849억원",USD
JONEU,Jones Ventures INTL Acquisition1 Units,55601010,투자 지주 회사,210405000,"2,844억원",USD
XSLLU,Xsolla SPAC 1 Units,55101050,기업 금융 서비스,209988205,"2,838억원",USD
GPACU,General Purpose Acquisition Units,55601010,투자 지주 회사,209914000,"2,837억원",USD
TDAC,Translational Development Acquisition Corp,55601010,투자 지주 회사,209693601,"2,834억원",USD
NTWOU,Newbury Street II Acquisition Units,55601010,투자 지주 회사,209681069,"2,834억원",USD
NCMI,National Cinemedia Inc,53302010,광고 및 마케팅,208836383,"2,822억원",USD
CZWI,Citizens Community Bancorp Inc,55101010,은행,208734497,"2,821억원",USD
MUZEU,Muzero Acquisition Units,55601010,투자 지주 회사,208179938,"2,814억원",USD
CPSS,Consumer Portfolio Services Inc,55101030,소비자 대출,207787443,"2,808억원",USD
TRGSU,TRG Latin America Acquisitions Units,55601010,투자 지주 회사,207557920,"2,805억원",USD
KLTR,Kaltura Inc,57201020,소프트웨어,207469663,"2,804억원",USD
VNMEU,Vendome Acquisition I Units,55601010,투자 지주 회사,206800000,"2,795억원",USD
WLII,Willow Lane Acquisition Corp II,55601010,투자 지주 회사,206727837,"2,794억원",USD
PEPG,PepGen Inc.,56202010,생명 공학 및 의학 연구,206393361,"2,789억원",USD
DPRO,Draganfly Inc,52101010,항공우주 및 방위,205802817,"2,781억원",USD
BANX,ArrowMark Financial Corp.,55501030,폐쇄형 펀드,205600219,"2,779억원",USD
MPAA,Motorcar Parts of America Inc,53101020,"자동차, 트럭 및 오토바이 부품",205425296,"2,776억원",USD
THEO,BOA Acquisition Corp. II,55601010,투자 지주 회사,205268089,"2,774억원",USD
IPVVU,InterPrivate Investment Partners V Units,55601010,투자 지주 회사,204996800,"2,771억원",USD
RBKB,Rhinebeck Bancorp Inc,55101010,은행,204831155,"2,768억원",USD
XTERU,Karman Line Acquisition Units,55601010,투자 지주 회사,204707580,"2,767억원",USD
GDEV,GDEV Inc,57201020,소프트웨어,204556011,"2,765억원",USD
SPKLU,Spark I Acquisition Units,55601010,투자 지주 회사,203962209,"2,757억원",USD
DNMXU,Dynamix III Units,55601010,투자 지주 회사,203866250,"2,755억원",USD
DAAQU,Digital Asset Acquisition Units,55601010,투자 지주 회사,202860000,"2,742억원",USD
KTWO,K2 Capital Acquisition Corp,55601010,투자 지주 회사,202415726,"2,736억원",USD
ESOA,Energy Services Of America Corp,52201020,건설 및 엔지니어링,202078930,"2,731억원",USD
QADRU,QDRO Acquisition Units,55601010,투자 지주 회사,202000000,"2,730억원",USD
FOCL,Edap Tms SA ADR,56101010,첨단 의료 장비 및 기술,201419043,"2,722억원",USD
SGC,Superior Group of Companies Inc,53202020,의류 및 액세서리,201228437,"2,720억원",USD
QUIK,Quicklogic Corp,57101010,반도체,201128796,"2,718억원",USD
IPHA,Innate Pharma SA ADR,56202010,생명 공학 및 의학 연구,201060625,"2,717억원",USD
MIACU,Meridian3 Industrials Acquisition Units,55601010,투자 지주 회사,200847500,"2,714억원",USD
FIGX,FIGX Capital Acquisition Corp,55601010,투자 지주 회사,200059268,"2,704억원",USD
VRXA,Veraxa Biotech AG,56202010,생명 공학 및 의학 연구,199385016,"2,695억원",USD
PLMKU,Plum Acquisition IV Units,55601010,투자 지주 회사,198983335,"2,689억원",USD
APMC,AmperCap Acquisition Co,55601010,투자 지주 회사,198787407,"2,687억원",USD
TORO,Toro Corp.,50103030,오일 및 가스 수송 서비스,198370554,"2,681억원",USD
LFAC,Leapfrog Acquisition Corp,55601010,투자 지주 회사,197962803,"2,675억원",USD
BYND,Beyond Meat  Inc.,54102020,식품 가공,197900569,"2,675억원",USD
FACTU,Fact II Acquisition Units,55601010,투자 지주 회사,196706644,"2,658억원",USD
CEPL,Capstone Energy+ Inc,52102040,중전기장비,196021019,"2,649억원",USD
WAFDP,Wafd Depositary Shares,55101010,은행,195840000,"2,647억원",USD
SAFX,XCF Global Inc,50201020,재생 가능 연료,188400629,"2,546억원",USD
SRZN,Surrozen  Inc.,56202010,생명 공학 및 의학 연구,206862621,"2,796억원",USD
TAYD,Taylor Devices Inc,52102010,산업용 기계 및 장비,200273432,"2,707억원",USD
YDES,YD Bio Ltd,56202010,생명 공학 및 의학 연구,199776820,"2,700억원",USD
SLGL,SOL-GEL TECHNOLOGIES LTD.,56202010,생명 공학 및 의학 연구,199550239,"2,697억원",USD
LCUT,Lifetime Brands Inc,53204030,"가전제품, 도구 및 가정 용품",199543096,"2,697억원",USD
DTIL,Precision BioSciences Inc,56202010,생명 공학 및 의학 연구,198455173,"2,682억원",USD
HSDT,Solana Co,55102020,투자 관리 및 펀드 운영,197699959,"2,672억원",USD
ORMP,Oramed Pharmaceuticals Inc,56202010,생명 공학 및 의학 연구,197587432,"2,670억원",USD
CNTN,Canton Strategic Holdings Inc,56202010,생명 공학 및 의학 연구,195219334,"2,638억원",USD
LARK,Landmark Bancorp Inc,55101010,은행,195034072,"2,636억원",USD
ACOG,Alpha Cognition Inc,56201040,제약,194911919,"2,634억원",USD
LANDP,Gladstone Land 6 00 Cumulative Redeemable Preferred Stock Series C,60102040,특수 REITs,194694180,"2,631억원",USD
MRLN,Merlin Inc,52101010,항공우주 및 방위,194050145,"2,623억원",USD
OHACU,Oceanhawk Acquisition Units,55601010,투자 지주 회사,194030607,"2,622억원",USD
VYGR,Voyager Therapeutics  Inc.,56202010,생명 공학 및 의학 연구,193480357,"2,615억원",USD
CXDO,Crexendo Inc,57201010,IT 서비스 및 컨설팅,193204520,"2,611억원",USD
CRNT,Ceragon Networks Ltd,57102010,통신 및 네트워킹,192601880,"2,603억원",USD
CBFV,CB Financial Services Inc,55101010,은행,192439586,"2,601억원",USD
ABOS,Acumen Pharmaceuticals Inc,56202010,생명 공학 및 의학 연구,191640805,"2,590억원",USD
ADAMM,Adamas 7 875 Fixed to Floating Rate Cumulative Redeemable Prf Shs Series E,60102040,특수 REITs,191489314,"2,588억원",USD
TOYO,TOYO Co.  Ltd,50201010,재생 가능 에너지 장비 및 서비스,191380887,"2,587억원",USD
BID,Tribeca Strategic Acquisition Corp,55601010,투자 지주 회사,190839003,"2,579억원",USD
ORGO,Organogenesis Holdings Inc.,56202010,생명 공학 및 의학 연구,190438331,"2,574억원",USD
HNVR,Hanover Bancorp Inc,55101010,은행,188732592,"2,551억원",USD
NUCL,Eagle Nuclear Energy Corp,50301010,우라늄,188719111,"2,551억원",USD
MSLE,Satellos Bioscience Inc.,56202010,생명 공학 및 의학 연구,188189814,"2,543억원",USD
FITBP,Fifth Third Bancorp 40 Depository Shares representing Non Cum Series A Pref,55101010,은행,188160000,"2,543억원",USD
SBFG,SB Financial Group Inc,55101010,은행,188027469,"2,541억원",USD
GTERU,Globa Terra Acquisition Units,55601010,투자 지주 회사,187795609,"2,538억원",USD
NBP,NovaBridge Biosciences ADR,56202010,생명 공학 및 의학 연구,187164004,"2,530억원",USD
PAACU,Proem Acquisition Units,55601010,투자 지주 회사,186489330,"2,520억원",USD
DYNCU,Dynamix Units,55601010,투자 지주 회사,186003000,"2,514억원",USD
ATLQU,JAB Acquisition I Units,55601010,투자 지주 회사,185651400,"2,509억원",USD
NEOV,NeoVolta Inc,52102030,전기 부품 및 장비,184485581,"2,493억원",USD
IGACU,Invest Green Acquisition Units,55601010,투자 지주 회사,184463412,"2,493억원",USD
ECBK,ECB Bancorp Inc,55101010,은행,184365512,"2,492억원",USD
SOCAU,Solarius Capital Acquisition Units,55601010,투자 지주 회사,184080000,"2,488억원",USD
SSACU,SPACSphere Acquisition Units,55601010,투자 지주 회사,183969181,"2,486억원",USD
BREZ,Breeze Acquisition Corp II,55601010,투자 지주 회사,183848724,"2,485억원",USD
OMSE,OMS Energy Technologies Inc,50103020,오일 관련 서비스 및 장비,183802888,"2,484억원",USD
FITBO,Fifth Third Bancorp 1000 DS Representing Preferred Series K,55101010,은행,183600000,"2,481억원",USD
EPSN,Epsilon Energy Ltd,50102020,"오일, 가스 탐사 및 생산",183519701,"2,480억원",USD
ANNA,AleAnna Inc,50102020,"오일, 가스 탐사 및 생산",183400256,"2,479억원",USD
FNWD,Finward Bancorp,55101010,은행,182636034,"2,468억원",USD
AACPU,Apogee Acquisition Units,55601010,투자 지주 회사,182516000,"2,467억원",USD
MKLYU,Mckinley Acquisition Units,55601010,투자 지주 회사,182332500,"2,464억원",USD
ANTX,AN2 Therapeutics Inc,56202010,생명 공학 및 의학 연구,182266025,"2,463억원",USD
CRACU,Crown Reserve Acquisition I Units,55601010,투자 지주 회사,182242500,"2,463억원",USD
MCGAU,Yorkville Acquisition Units,55601010,투자 지주 회사,181914861,"2,459억원",USD
TNXP,Tonix Pharmaceuticals Holding Corp.,56201040,제약,181629344,"2,455억원",USD
SUMAU,SUMA Acquisition Units,55601010,투자 지주 회사,181386563,"2,451억원",USD
TDWDU,Tailwind 2 0 Acquisition Units,55601010,투자 지주 회사,180619250,"2,441억원",USD
MACIU,Melar Acquisition I Units Exp 10th June 2029,55601010,투자 지주 회사,180000000,"2,433억원",USD
ONCHU,1RT Acquisition Units,55601010,투자 지주 회사,179917500,"2,432억원",USD
TWLVU,Twelve Seas Investment III Units,55601010,투자 지주 회사,179832000,"2,430억원",USD
SCIIU,SC II Acquisition Units,55601010,투자 지주 회사,179776350,"2,430억원",USD
ARCL,ARC Group Acquisition I Corp,55101050,기업 금융 서비스,179150670,"2,421억원",USD
NAKA,Nakamoto Inc,57301030,블록 체인 및 암호화폐,176623087,"2,387억원",USD
XLAB,D Boral ARC Acquisition I Corp,55601010,투자 지주 회사,176598996,"2,387억원",USD
EDRY,EuroDry Ltd,52405020,해양 화물 및 물류,155025241,"2,095억원",USD
AUC,ATIF Holdings Ltd,52203070,전문 정보 서비스,203581078,"2,751억원",USD
AIRS,AirSculpt Technologies Inc,56102010,의료 시설 및 서비스,182400879,"2,465억원",USD
FLWS,1-800-FLOWERS.COM  Inc.,53403090,기타 전문 소매,182285673,"2,464억원",USD
NERV,Minerva Neurosciences  Inc,56202010,생명 공학 및 의학 연구,181918200,"2,459억원",USD
MENS,Jyong Biotech Ltd,56202010,생명 공학 및 의학 연구,180945847,"2,445억원",USD
BVFL,BV Financial Inc,55101010,은행,180677983,"2,442억원",USD
MDWD,Mediwound Ltd,56201040,제약,180098378,"2,434억원",USD
MNSB,MainStreet Bancshares  Inc.,55101010,은행,178739008,"2,416억원",USD
PAAC,Proem Acquisition Corp I,55601010,투자 지주 회사,178473963,"2,412억원",USD
LATAU,Galata Acquisition II Units,55601010,투자 지주 회사,177675000,"2,401억원",USD
GPAT,GP-Act III Acquisition Corp,55601010,투자 지주 회사,177451900,"2,398억원",USD
CHEC,Chenghe Acquisition III Co,55601010,투자 지주 회사,177410830,"2,398억원",USD
DYORU,Insight Digital Partners II Units,55601010,투자 지주 회사,176295000,"2,383억원",USD
RDCM,Radcom Ltd,57102010,통신 및 네트워킹,176255110,"2,382억원",USD
BLRKU,Bluerock Acquisition Units,55601010,투자 지주 회사,175950000,"2,378억원",USD
PTACU,Patriot Acquisition Units,55601010,투자 지주 회사,175875000,"2,377억원",USD
LTGRU,Long Table Growth Units,,,175777500,"2,376억원",USD
TVIVU,Texas Ventures Acquisition IV Units,55601010,투자 지주 회사,175432500,"2,371억원",USD
ATOM,Atomera Inc,57101010,반도체,174827708,"2,363억원",USD
DOMO,Domo Inc,57201020,소프트웨어,174033796,"2,352억원",USD
BZUN,Baozun Inc ADR,57201030,온라인 서비스,173849627,"2,350억원",USD
PONO,Pono Capital Four Inc,55601010,투자 지주 회사,173825527,"2,349억원",USD
MRCOU,Mercator Acquisition Units,55601010,투자 지주 회사,173362500,"2,343억원",USD
SKYX,SKYX Platforms Corp,52102030,전기 부품 및 장비,173351672,"2,343억원",USD
JRVR,James River Group Holdings Inc,55301010,복합보험 및 중개인,172971402,"2,338억원",USD
MRDN,Meridian Holdings Inc,57201030,온라인 서비스,172938388,"2,337억원",USD
EBMT,Eagle Bancorp Montana Inc,55101010,은행,172531235,"2,332억원",USD
QSI,Quantum-Si Inc,56202010,생명 공학 및 의학 연구,171758206,"2,321억원",USD
ONEW,OneWater Marine Inc,53205020,오락용 제품,170989251,"2,311억원",USD
TJGC,TJGC Group Ltd,53302010,광고 및 마케팅,170690389,"2,307억원",USD
PALOU,Paloma Acquisition I Units,55601010,투자 지주 회사,170638950,"2,306억원",USD
LUCD,Lucid Diagnostics Inc,56101020,"의료 장비, 물품 및 유통",170440836,"2,304억원",USD
LFCR,Lifecore Biomedical  Inc.,56201040,제약,170149505,"2,300억원",USD
CURI,CuriosityStream Inc,57201030,온라인 서비스,169706760,"2,294억원",USD
OTLK,Outlook Therapeutics Inc,56202010,생명 공학 및 의학 연구,169488187,"2,291억원",USD
CTAA,Clearthink 1 Acquisition Corp,55601010,투자 지주 회사,169166587,"2,286억원",USD
SEVN,Seven Hills Realty Trust,60102040,특수 REITs,169018281,"2,284억원",USD
SVCCU,Stellar V Capital Units,55601010,투자 지주 회사,166594050,"2,252억원",USD
NIU,NIU Technologies ADR,53101010,자동차 및 트럭 제조,166497265,"2,250억원",USD
KZIA,Kazia Therapeutics Ltd ADR,56202010,생명 공학 및 의학 연구,166482804,"2,250억원",USD
NMP,Nmp Acquisition Corp,55601010,투자 지주 회사,165633509,"2,239억원",USD
EGHAU,EGH Acquisition Units,55601010,투자 지주 회사,165230000,"2,233억원",USD
TCGX,TCGX Acquisition Corp,55601010,투자 지주 회사,164469563,"2,223억원",USD
GSIW,Garden Stage Ltd,55102010,투자 은행 및 중개 서비스,164435325,"2,222억원",USD
CHTRP,Charter Communications Cumulative Redeemable Prf Shs Series A,57401010,통합 통신 서비스,164401538,"2,222억원",USD
WW,WW International Inc,54201030,개인 서비스,164379614,"2,222억원",USD
FINW,Finwise Bancorp,55101010,은행,164370931,"2,221억원",USD
LEE,Lee Enterprises Inc,53302040,소비자 출판,163846523,"2,214억원",USD
ZJYL,Jin Medical International Ltd,56101020,"의료 장비, 물품 및 유통",163139569,"2,205억원",USD
HTLM,HomesToLife Ltd,53403030,가정용 가구 소매,162334375,"2,194억원",USD
HUMA,Humacyte Inc,56202010,생명 공학 및 의학 연구,161900736,"2,188억원",USD
EMIS,Emmis Acquisition Corp.,55601010,투자 지주 회사,161544530,"2,183억원",USD
HUHU,Huhutech International Group Inc,52102010,산업용 기계 및 장비,161520075,"2,183억원",USD
FIGXU,FIGX Capital Acquisition Units,55601010,투자 지주 회사,160667749,"2,171억원",USD
LKSP,Lake Superior Acquisition Corp.,55601010,투자 지주 회사,160621263,"2,171억원",USD
LBTYB,Liberty Global Ltd Class B,53302020,방송,160162926,"2,165억원",USD
IDACU,Iron Dome Acquisition I Unit,55601010,투자 지주 회사,159954000,"2,162억원",USD
LAFA,LaFayette Acquisition Corp,55601010,투자 지주 회사,159647463,"2,158억원",USD
FCNCO,First Citizens BancShares 5 625 Non Cumulative Perpetual Prf Shs Series C,55101010,은행,158400000,"2,141억원",USD
MNOV,MediciNova Inc,56202010,생명 공학 및 의학 연구,143249113,"1,936억원",USD
BNR,Burning Rock Biotech Limited ADR,56102010,의료 시설 및 서비스,177024981,"2,392억원",USD
MOLN,Molecular Partners AG ADR,56202010,생명 공학 및 의학 연구,163180310,"2,205억원",USD
DERM,Journey Medical Corp,56201040,제약,161126864,"2,178억원",USD
SPEG,Silver Pegasus Acquisition Corp.,55601010,투자 지주 회사,159313330,"2,153억원",USD
FMAC,Future Money Acquisition Corp,55601010,투자 지주 회사,159221407,"2,152억원",USD
LFMD,LifeMD Inc,56101010,첨단 의료 장비 및 기술,159062762,"2,150억원",USD
DLTH,Duluth Holdings Inc,53202020,의류 및 액세서리,158860904,"2,147억원",USD
GSHRU,Gesher Acquisition II Units,55601010,투자 지주 회사,158520031,"2,142억원",USD
DVLT,Datavault AI Inc,57201010,IT 서비스 및 컨설팅,157939867,"2,135억원",USD
RNA,Atrium Therapeutics Inc,56202010,생명 공학 및 의학 연구,157714028,"2,132억원",USD
OGI,Organigram Global Inc,56102010,의료 시설 및 서비스,156517212,"2,115억원",USD
WHF,WhiteHorse Finance Inc,55501030,폐쇄형 펀드,155919179,"2,107억원",USD
SRBK,SR Bancorp Inc,55101010,은행,155672065,"2,104억원",USD
WLIIU,Willow Lane Acquisition II Units,55601010,투자 지주 회사,155443223,"2,101억원",USD
CCAQU,Collective Acquisition Units,55601010,투자 지주 회사,154676443,"2,090억원",USD
MBINN,Merchants Bancorp 40 DS Rep Perp Prf Shs Series C,55101010,은행,154590490,"2,089억원",USD
ENGS,Energys Group Ltd,52102030,전기 부품 및 장비,154403133,"2,087억원",USD
STRS,Stratus Properties Inc,60101010,"부동산 임대, 개발 및 운영",154226208,"2,084억원",USD
BPYPN,Brookfield Ppty Partners 5 750 Cum Red Perp Series 3 Class A,55102020,투자 관리 및 펀드 운영,154100000,"2,083억원",USD
VLYPN,Valley National Bancorp 8 250 Fixed Rate Reset Non Cumulative 8.250,55101010,은행,153960000,"2,081억원",USD
TNYA,Tenaya Therapeutics  Inc.,56202010,생명 공학 및 의학 연구,152969714,"2,067억원",USD
CAAS,China Automotive Systems Inc,53101020,"자동차, 트럭 및 오토바이 부품",152965459,"2,067억원",USD
INAC,Indigo Acquisition Corp,55601010,투자 지주 회사,152861800,"2,066억원",USD
KRMD,KORU Medical Systems Inc,56101020,"의료 장비, 물품 및 유통",152828996,"2,065억원",USD
AMTX,Aemetis Inc,50201020,재생 가능 연료,152638691,"2,063억원",USD
CRBP,Corbus Pharmaceuticals Holdings  Inc.,56202010,생명 공학 및 의학 연구,152312682,"2,059억원",USD
KRRO,Korro Bio  Inc.,56202010,생명 공학 및 의학 연구,152263180,"2,058억원",USD
CDXS,Codexis  Inc.,56202010,생명 공학 및 의학 연구,152213013,"2,057억원",USD
BSET,Bassett Furniture Industries Inc,53204040,가정용 가구,152212369,"2,057억원",USD
EML,Eastern Company,52102010,산업용 기계 및 장비,152184042,"2,057억원",USD
EGAN,eGain Corp,57201020,소프트웨어,152056223,"2,055억원",USD
AGNCL,AGNC Invt Dep Shs Repstg 1 1000Th Pref Shs Series G,60102040,특수 REITs,151980000,"2,054억원",USD
HAVAU,Harvard Ave Acquisition Units,55601010,투자 지주 회사,151812832,"2,052억원",USD
ADAMN,Adamas 8 00 Fixed Floating Rate Cumulative Redeemable Pref Shs Series D,60102040,특수 REITs,151468831,"2,047억원",USD
CEPS,Cantor Equity Partners Vi  Inc,55601010,투자 지주 회사,151152500,"2,043억원",USD
QTRX,Quanterix Corporation,56101010,첨단 의료 장비 및 기술,150864877,"2,039억원",USD
LFACU,Leapfrog Acquisition Units,55601010,투자 지주 회사,150765800,"2,038억원",USD
LEDRU,Leader s Advantage Acquisition Units,55601010,투자 지주 회사,149550000,"2,021억원",USD
HLP,Hongli Group Inc,52102010,산업용 기계 및 장비,149477500,"2,020억원",USD
APMCU,AmperCap Acquisition Company Units,55601010,투자 지주 회사,149349353,"2,018억원",USD
THEOU,BOA Acquisition II Units,55601010,투자 지주 회사,148884300,"2,012억원",USD
AESPU,Aeon Acquisition I Units,55601010,투자 지주 회사,148863375,"2,012억원",USD
NSAI,Northstrive Acquisition Corp I.,55601010,투자 지주 회사,148665477,"2,009억원",USD
BPYPO,Brookfield Ppty Partners 6 375 Cum Red Perp Pfd Unit Class A,55102020,투자 관리 및 펀드 운영,148500000,"2,007억원",USD
IMUX,Immunic  Inc.,56202010,생명 공학 및 의학 연구,147906022,"1,999억원",USD
POLE,Andretti Acquisition Corp. II,55601010,투자 지주 회사,147638458,"1,995억원",USD
APUR,Aperture AC,55601010,투자 지주 회사,147630702,"1,995억원",USD
ALPX,Alpex Acquisition Corp,55601010,투자 지주 회사,147185375,"1,989억원",USD
NCO,Southern Cross Acquisition I Corp,55601010,투자 지주 회사,146114656,"1,975억원",USD
MYX,Maywood Acquisition Corp 2,55601010,투자 지주 회사,146030484,"1,974억원",USD
ADAML,Adamas 6 875 Fixed To Floating Rate Cumulative Redeemable Pref Shs Series F,60102040,특수 REITs,145352042,"1,964억원",USD
KTWOU,K2 Capital Acquisition Units,55601010,투자 지주 회사,144871113,"1,958억원",USD
TUSK,Mammoth Energy Services Inc,50103020,오일 관련 서비스 및 장비,144864031,"1,958억원",USD
AGPU,Axe Compute Inc,56202010,생명 공학 및 의학 연구,144773139,"1,957억원",USD
BIDWU,Tribeca Strategic Acquisition Units,55601010,투자 지주 회사,144700000,"1,956억원",USD
MBINM,Merchants Depository Shares Rep 1 40Th  Int Share of 8 25 Fixed Rate Reset Non,55101010,은행,144153000,"1,948억원",USD
SPRB,Spruce Biosciences  Inc.,56202010,생명 공학 및 의학 연구,143671910,"1,942억원",USD
LSBK,Lake Shore Bancorp Inc,55101010,은행,143449438,"1,939억원",USD
NYXH,Nyxoah SA,56101010,첨단 의료 장비 및 기술,142576304,"1,927억원",USD
HOFT,Hooker Furnishings Corp,53204040,가정용 가구,141564688,"1,913억원",USD
AMBR,Amber International Holding Ltd ADR,57301010,핀테크,164484062,"2,223억원",USD
STEX,Streamex Corp,55102050,"금융, 상품 시장 운영 및 서비스 제공",150596528,"2,035억원",USD
ZSQR,Z Squared Inc (Delaware),57201010,IT 서비스 및 컨설팅,147871108,"1,998억원",USD
AEHL,Antelope Enterprise Holdings Ltd,57201030,온라인 서비스,146598337,"1,981억원",USD
NMRA,Neumora Therapeutics Inc,56202010,생명 공학 및 의학 연구,146276967,"1,977억원",USD
SHIM,Shimmick Corp,52201020,건설 및 엔지니어링,144675381,"1,955억원",USD
NRXP,NRX Pharmaceuticals Inc,56202010,생명 공학 및 의학 연구,143741946,"1,943억원",USD
CRBU,Caribou Biosciences  Inc.,56202010,생명 공학 및 의학 연구,143658067,"1,942억원",USD
BRLT,Brilliant Earth Group Inc,53403040,의류 및 액세서리 소매,143570141,"1,940억원",USD
OPRX,OptimizeRx Corporation,57201030,온라인 서비스,143529947,"1,940억원",USD
FULTP,Fulton Financial 1 40th DS Cum Prf Shs Series A,55101010,은행,142480000,"1,926억원",USD
HCAT,Health Catalyst  Inc.,57201020,소프트웨어,142234560,"1,922억원",USD
DOYU,Douyu International Holdings Ltd ADR,57201030,온라인 서비스,142142426,"1,921억원",USD
DIBS,1stdibs.Com Inc,57201030,온라인 서비스,141856536,"1,917억원",USD
RRGB,Red Robin Gourmet Burgers Inc,53301020,레스토랑 및 바,141211027,"1,908억원",USD
BMHL,Bluemount Holdings Ltd,53202020,의류 및 액세서리,141126413,"1,907억원",USD
HURC,Hurco Companies Inc,52102010,산업용 기계 및 장비,140730477,"1,902억원",USD
BHAV,BHAV Acquisition Corp,55601010,투자 지주 회사,140613997,"1,900억원",USD
HBANM,Huntington Bancshares Dep Shs Rep 1 1000 Prf Shs Series I,55101010,은행,140490000,"1,899억원",USD
BHFAM,Brighthouse Financial DS rep 1 1 000 4 625 Cum Prf Shs Series D,55301030,생명 및 건강 보험,139860000,"1,890억원",USD
RFAM,RF Acquisition Corp III,55601010,투자 지주 회사,139542330,"1,886억원",USD
INGN,Inogen  Inc.,56101020,"의료 장비, 물품 및 유통",138795503,"1,876억원",USD
FGBI,First Guaranty Bancshares Inc,55101010,은행,138432217,"1,871억원",USD
RGP,Resources Connection  Inc.,52203040,경영 지원 서비스,138284688,"1,869억원",USD
UNCY,Unicycive Therapeutics Inc,56202010,생명 공학 및 의학 연구,138162075,"1,867억원",USD
WALD,Waldencast PLC,53403090,기타 전문 소매,137602977,"1,860억원",USD
SCPQ,Social Commerce Partners Corp,55601010,투자 지주 회사,137517497,"1,859억원",USD
ENGN,enGene Therapeutics Inc.,56202010,생명 공학 및 의학 연구,137383448,"1,857억원",USD
ZJK,ZJK Industrial Co Ltd,52102010,산업용 기계 및 장비,137006390,"1,852억원",USD
ZENA,Zenatech  Inc.,52101010,항공우주 및 방위,136881657,"1,850억원",USD
CLAR,Clarus Corp,53205020,오락용 제품,136688713,"1,847억원",USD
FTHA,Forefront Tech Holdings Acquisition Corp,55601010,투자 지주 회사,136622230,"1,846억원",USD
HURA,TuHURA Biosciences Inc,56202010,생명 공학 및 의학 연구,135737694,"1,834억원",USD
OXSQ,Oxford Square Capital Corp.,55501030,폐쇄형 펀드,135711797,"1,834억원",USD
IMDX,Insight Molecular Diagnostics Inc,56202010,생명 공학 및 의학 연구,135478536,"1,831억원",USD
RANGU,Range Capital Acquisition Units,55601010,투자 지주 회사,135074006,"1,826억원",USD
VIVO,VivoPower PLC,59101010,전력 유틸리티,134575037,"1,819억원",USD
CHECU,Chenghe Acquisition III Units,55601010,투자 지주 회사,133844500,"1,809억원",USD
HYNE,Hoyne Bancorp Inc,55101010,은행,133599477,"1,806억원",USD
ACNT,Ascent Industries Co,51201020,철 및 강철,133475046,"1,804억원",USD
INO,Inovio Pharmaceuticals Inc,56202010,생명 공학 및 의학 연구,133382798,"1,803억원",USD
EWAVU,East West Ave Acquisition Units,55601010,투자 지주 회사,133018350,"1,798억원",USD
ALF,Centurion Acquisition Corp,55601010,투자 지주 회사,132510454,"1,791억원",USD
PLBY,Playboy Inc,53403040,의류 및 액세서리 소매,131788457,"1,781억원",USD
HBANZ,Huntington Bancshares Depositary Shares Representing A 1 1000Th Interest In A,55101010,은행,131667870,"1,779억원",USD
BPOPM,Popular Capital Trust II 6 125 Cumulative Monthly Income Pref Shs,55501010,영국 투자 신탁,130676000,"1,766억원",USD
ARCLU,ARC Group Acquisition I Units,55101050,기업 금융 서비스,130386760,"1,762억원",USD
LENZ,LENZ Therapeutics  Inc.,56202010,생명 공학 및 의학 연구,129766017,"1,754억원",USD
SMID,Smith-Midland Corp,51202010,건설 자재,129379340,"1,749억원",USD
KVHI,KVH Industries Inc,57102010,통신 및 네트워킹,129345059,"1,748억원",USD
DH,Definitive Healthcare Corp,57201020,소프트웨어,128907042,"1,742억원",USD
TAVIU,Tavia Acquisition Units,55601010,투자 지주 회사,127980000,"1,730억원",USD
CGO,Calamos Global Total Return Closed Fund,55501030,폐쇄형 펀드,127705686,"1,726억원",USD
PONOU,Pono Capital Four Units,55601010,투자 지주 회사,127629300,"1,725억원",USD
FWAC,Futurewave Acquisition Corp,55601010,투자 지주 회사,127623388,"1,725억원",USD
FXAC,Fortunex Acquisition Corp,55601010,투자 지주 회사,127203525,"1,719억원",USD
LX,LexinFintech Holdings Ltd. ADR,55101030,소비자 대출,126672746,"1,712억원",USD
CTAAU,ClearThink 1 Acquisition Units,55601010,투자 지주 회사,126401500,"1,708억원",USD
OCC,Optical Cable Corp,57102010,통신 및 네트워킹,125203060,"1,692억원",USD
CNXU,Conexeu Sciences Inc,56202010,생명 공학 및 의학 연구,124109471,"1,677억원",USD
WSHP,WeShop Holdings Limited,57201030,온라인 서비스,144091941,"1,947억원",USD
XHLD,TEN Holdings Inc,52203040,경영 지원 서비스,140524731,"1,899억원",USD
RTB,RTB Digital Inc,57201020,소프트웨어,133778396,"1,808억원",USD
CTW,CTW,57201020,소프트웨어,132288000,"1,788억원",USD
VNCE,Vince Holding Corp,53403040,의류 및 액세서리 소매,131259755,"1,774억원",USD
VERI,Veritone Inc,57201010,IT 서비스 및 컨설팅,128585047,"1,738억원",USD
MXCT,MaxCyte Inc,56101010,첨단 의료 장비 및 기술,127975695,"1,730억원",USD
NAUT,Nautilus Biotechnology  Inc.,56202010,생명 공학 및 의학 연구,127178870,"1,719억원",USD
CODA,Coda Octopus Group Inc,57104010,전자 장비 및 부품,125919407,"1,702억원",USD
AARD,Aardvark Therapeutics  Inc.,56202010,생명 공학 및 의학 연구,125837865,"1,701억원",USD
NMPAU,NMP Acquisition Units,55601010,투자 지주 회사,125623125,"1,698억원",USD
OKUR,Onkure Therapeutics Inc,56202010,생명 공학 및 의학 연구,125538558,"1,697억원",USD
QSEAU,Quartzsea Acquisition Units,55601010,투자 지주 회사,125280702,"1,693억원",USD
BOOM,DMC Global Inc,53203020,건설 자재 및 비품,124683560,"1,685억원",USD
MGYR,Magyar Bancorp Inc,55101010,은행,124459784,"1,682억원",USD
COYA,Coya Therapeutics Inc,56202010,생명 공학 및 의학 연구,124326600,"1,680억원",USD
APYX,Apyx Medical Inc,56101020,"의료 장비, 물품 및 유통",124265868,"1,679억원",USD
LKSPU,Lake Superior Acquisition Units,55601010,투자 지주 회사,123877700,"1,674억원",USD
SFBC,Sound Financial Bancorp Inc,55101010,은행,123702631,"1,672억원",USD
BMEA,Biomea Fusion  Inc.,56202010,생명 공학 및 의학 연구,123222548,"1,665억원",USD
CVGI,Commercial Vehicle Group Inc,53101020,"자동차, 트럭 및 오토바이 부품",123117026,"1,664억원",USD
VRA,Vera Bradley Inc,53202020,의류 및 액세서리,123074369,"1,663억원",USD
VTVT,vTv Therapeutics Inc,56202010,생명 공학 및 의학 연구,122970022,"1,662억원",USD
SIGIP,Selective Ins Group DS Repstg 1 1000 Interest 4.60% Non Cum Pref Shs Series B,55301020,손해보험,122720000,"1,659억원",USD
WTF,Waton Financial Ltd,55102010,투자 은행 및 중개 서비스,122523179,"1,656억원",USD
EQ,Equillium Inc,56202010,생명 공학 및 의학 연구,122377598,"1,654억원",USD
ONBPO,Old National Bancorp 40 Depositary Shs Rep 1 Pref Shs Series C,55101010,은행,122206000,"1,652억원",USD
NCOOU,Southern Cross Acquisition I Units,55601010,투자 지주 회사,121802933,"1,646억원",USD
PMN,ProMIS Neurosciences Inc,56202010,생명 공학 및 의학 연구,121781271,"1,646억원",USD
CBUS,Cibus Inc,56101010,첨단 의료 장비 및 기술,121522053,"1,642억원",USD
LAFAU,LaFayette Acquisition Units,55601010,투자 지주 회사,121413600,"1,641억원",USD
BOTJ,Bank of The James Financial Group Inc,55101010,은행,121307125,"1,639억원",USD
SPEGU,Silver Pegasus Acquisition Units,55601010,투자 지주 회사,120520000,"1,629억원",USD
CHAR,Charlton Aria Acquisition Corp,55601010,투자 지주 회사,120176400,"1,624억원",USD
XHG,XChange TEC.INC ADR,55301010,복합보험 및 중개인,120106668,"1,623억원",USD
WSBK,Winchester Bancorp Inc,55101010,은행,120003304,"1,622억원",USD
PLCI,Pelican Acquisition II Corp,55601010,투자 지주 회사,119870485,"1,620억원",USD
NOEMU,CO2 Energy Transition Units,55601010,투자 지주 회사,119821875,"1,619억원",USD
INACU,Indigo Acquisition Units,55601010,투자 지주 회사,119566100,"1,616억원",USD
RVSB,Riverview Bancorp Inc,55101010,은행,119519584,"1,615억원",USD
JLHL,Julong Holding Ltd,52102010,산업용 기계 및 장비,119468880,"1,615억원",USD
INSE,Inspired Entertainment  Inc,57201030,온라인 서비스,119008050,"1,608억원",USD
ALPXU,Alpex Acquisition Units,55601010,투자 지주 회사,118863044,"1,606억원",USD
FMACU,Future Money Acquisition Units,55601010,투자 지주 회사,118585533,"1,603억원",USD
JYNT,Joint Corp,56102010,의료 시설 및 서비스,118519631,"1,602억원",USD
QUMSU,Quantumsphere Acquisition Units,55601010,투자 지주 회사,118401027,"1,600억원",USD
OCLTU,OceanLight Acquisition Units,55601010,투자 지주 회사,118125000,"1,596억원",USD
QUMS,Quantumsphere Acquisition Corp,55601010,투자 지주 회사,117944761,"1,594억원",USD
BRKH,Burtech Acquisition Corp II,55601010,투자 지주 회사,117723316,"1,591억원",USD
BSBK,Bogota Financial Corp,55101010,은행,117377281,"1,586억원",USD
BEEP,Mobile Infrastructure Corp,60101010,"부동산 임대, 개발 및 운영",116879000,"1,580억원",USD
CNOBP,Connectone Bancorp New Depositary Shs Rep A 1 40Th Non Cm Perp Pref Shs Series A,55101010,은행,116794000,"1,578억원",USD
MSBIP,Midland Sts Bancorp Depositary Shs Repstg 1 40Th Perp Pfd Series A,55101010,은행,116679000,"1,577억원",USD
CHARU,Charlton Aria Acquisition Units,55601010,투자 지주 회사,116295200,"1,572억원",USD
UNB,Union Bankshares Inc,55101010,은행,116227898,"1,571억원",USD
PROV,Provident Financial Holdings Inc,55101010,은행,115764600,"1,565억원",USD
BPYPP,Brookfield Property Partners 6 50 Cumulative Redeemable Perpetual Preferred,55102020,투자 관리 및 펀드 운영,114742400,"1,551억원",USD
LIXT,Lixte Biotechnology Holdings Inc,56202010,생명 공학 및 의학 연구,110257764,"1,490억원",USD
GLND,Greenland Energy Co,50102010,통합 오일 및 가스,109762787,"1,483억원",USD
IPEXU,Inflection Point Acquisition V Units,55601010,투자 지주 회사,97707969,"1,321억원",USD
CPIX,Cumberland Pharmaceuticals Inc,56201040,제약,122861477,"1,660억원",USD
QXL,Quantum X Labs Inc,57201020,소프트웨어,122505252,"1,656억원",USD
FEAM,5E Advanced Materials  Inc.,51201050,특수 채굴 및 금속,122443271,"1,655억원",USD
HOVR,New Horizon Aircraft Ltd,52101010,항공우주 및 방위,118809376,"1,606억원",USD
OESX,Orion Energy Systems Inc,53203020,건설 자재 및 비품,118752865,"1,605억원",USD
SUIG,Sui Group Holdings Ltd,57301030,블록 체인 및 암호화폐,118276423,"1,599억원",USD
GNLX,Genelux Corporation,56202010,생명 공학 및 의학 연구,118090324,"1,596억원",USD
TCX,Tucows Inc,57201030,온라인 서비스,118083103,"1,596억원",USD
SANG,Sangoma Technologies Corp,57102010,통신 및 네트워킹,117221210,"1,584억원",USD
PNBK,Patriot National Bancorp Inc,55101010,은행,115179934,"1,557억원",USD
VLYPP,Valley National 6 25 Fixed to Floating Rate Non Cumulative Perpetual Pref Shs,55101010,은행,115125120,"1,556억원",USD
DMRC,Digimarc Corporation,57201020,소프트웨어,114848931,"1,552억원",USD
MIST,Milestone Pharmaceuticals Inc,56202010,생명 공학 및 의학 연구,114662640,"1,550억원",USD
PLMK,Plum Acquisition Corp. IV,55601010,투자 지주 회사,114623679,"1,549억원",USD
VANI,Vivani Medical Inc,56101020,"의료 장비, 물품 및 유통",114558262,"1,548억원",USD
PMVP,PMV Pharmaceuticals  Inc.,56202010,생명 공학 및 의학 연구,114028302,"1,541억원",USD
BDTX,Black Diamond Therapeutics Inc,56202010,생명 공학 및 의학 연구,113758419,"1,537억원",USD
TRT,Trio-Tech International,57101020,반도체 장비 및 테스트,113665613,"1,536억원",USD
NIPG,NIP Group Inc. ADR,53301040,여가 및 오락시설,113422310,"1,533억원",USD
CLLS,Cellectis SA ADR,56202010,생명 공학 및 의학 연구,113409126,"1,533억원",USD
TLSA,Tiziana Life Sciences Ltd,56202010,생명 공학 및 의학 연구,113247901,"1,531억원",USD
LANDO,Gladstone Land 6 00 Cum Redmabe Prf Shs Series B,60102040,특수 REITs,112832025,"1,525억원",USD
PAL,Proficient Auto Logistics Inc,52406020,지상 및 해상 여객 운송,111089575,"1,501억원",USD
QUCY,Quantum Cyber NV,57201010,IT 서비스 및 컨설팅,110970013,"1,500억원",USD
ECOR,electroCore  Inc.,56101020,"의료 장비, 물품 및 유통",110805227,"1,498억원",USD
FJDIU,ARC Group Securities Acquisition I Units,55601010,투자 지주 회사,110710600,"1,496억원",USD
PYPD,PolyPid Ltd,56201040,제약,110699125,"1,496억원",USD
FLNT,Fluent Inc,53302010,광고 및 마케팅,110624801,"1,495억원",USD
MWC,Micware Co Ltd ADR,57201010,IT 서비스 및 컨설팅,110520110,"1,494억원",USD
SAMG,Silvercrest Asset Management Group Inc,55102020,투자 관리 및 펀드 운영,110421188,"1,492억원",USD
NICM,Nicola Mining Inc ADR,51201080,다각적 채굴,110076702,"1,488억원",USD
BKHAU,Black Hawk Acquisition Units,55601010,투자 지주 회사,109386375,"1,478억원",USD
STHO,Star Holdings,60101010,"부동산 임대, 개발 및 운영",109336064,"1,478억원",USD
HMR,Heidmar Maritime Holdings Corp,52405020,해양 화물 및 물류,109135194,"1,475억원",USD
PBHC,Pathfinder Bancorp Inc (MARYLAND),55101010,은행,108620524,"1,468억원",USD
RANI,Rani Therapeutics Holdings Inc,56202010,생명 공학 및 의학 연구,108435619,"1,466억원",USD
HOVNP,Hovnanian Enterprises 1000 Depositary Shares Representing 1 7.625% Pref Shs,53203010,주택 건설,108360000,"1,464억원",USD
QSEA,Quartzsea Acquisition Corp,55601010,투자 지주 회사,107831272,"1,457억원",USD
RACD,Research Alliance Corporation IV,55601010,투자 지주 회사,107362642,"1,451억원",USD
BHAVU,BHAV Acquisition Units,55601010,투자 지주 회사,107355000,"1,451억원",USD
PLYX,Polaryx Therapeutics  Inc,56202010,생명 공학 및 의학 연구,107168885,"1,448억원",USD
MYXXU,Maywood Acquisition 2 Units,55601010,투자 지주 회사,106998000,"1,446억원",USD
ONBPP,Old National Bancorp 40 Depositary Shares Rep 1 Pref Shs Series A,55101010,은행,106747200,"1,443억원",USD
SCPQU,Social Commerce Partners Units,55601010,투자 지주 회사,106398000,"1,438억원",USD
HDRN,Hadron Energy Inc,59101010,전력 유틸리티,105818286,"1,430억원",USD
REGCP,Regency Centers 6 25 Series A Cumulative Redeemable Preferred Stock Series A,60102020,상업용 REITs,105478460,"1,426억원",USD
MACI,Melar Acquisition Corp I,55601010,투자 지주 회사,105478272,"1,426억원",USD
RFAMU,RF Acquisition III Units,55601010,투자 지주 회사,105000750,"1,419억원",USD
JTTT,JATT III Acquisition Corp,55601010,투자 지주 회사,104877570,"1,417억원",USD
CHPG,ChampionsGate Acquisition Corp,55601010,투자 지주 회사,104267266,"1,409억원",USD
AMAN,Amanat Acquisition Corp,55601010,투자 지주 회사,103716000,"1,402억원",USD
TLACU,Three Lions Acquisition Units,55601010,투자 지주 회사,103480000,"1,399억원",USD
CRDF,Cardiff Oncology  Inc.,56202010,생명 공학 및 의학 연구,103467681,"1,398억원",USD
RDZN,Roadzen Inc,55301020,손해보험,103049726,"1,393억원",USD
SEER,Seer  Inc.,57105010,사무기기,102991948,"1,392억원",USD
QETAU,Quetta Acquisition Units,55601010,투자 지주 회사,102980488,"1,392억원",USD
UPXI,Upexi  Inc,54201020,개인 생활 필수 용품,102628093,"1,387억원",USD
DGICB,Donegal Group Inc Class B,55301020,손해보험,99768505,"1,348억원",USD
FVNNU,Future Vision II Acquisition Units,55601010,투자 지주 회사,90377120,"1,221억원",USD
ETS,Elite Express Holding Inc,52405010,"배달, 우편, 항공 화물 및 육상 물류",80382509,"1,086억원",USD
CBAT,CBAK Energy Technology Ltd,52102030,전기 부품 및 장비,114353128,"1,545억원",USD
PUSA,Aureus Greenway Holdings Inc,53301040,여가 및 오락시설,105598483,"1,427억원",USD
VIRC,Virco Mfg Corp,52203060,비즈니스 지원 용품,105302284,"1,423억원",USD
INVZ,Innoviz Technologies Ltd,57104010,전자 장비 및 부품,104337489,"1,410억원",USD
BWEN,Broadwind Inc,50201010,재생 가능 에너지 장비 및 서비스,104329015,"1,410억원",USD
BGM,BGM Group Ltd,56201040,제약,103320764,"1,396억원",USD
SUNS,Sunrise Realty Trust Inc,60102040,특수 REITs,102855626,"1,390억원",USD
NSAIU,NorthStrive Acquisition I Units,55601010,투자 지주 회사,102726770,"1,388억원",USD
TLAC,Three Lions Acquisition Corp,55601010,투자 지주 회사,102544000,"1,386억원",USD
AMPG,Amplitech Group Inc,57102010,통신 및 네트워킹,102299435,"1,383억원",USD
BVC,BitVentures Ltd,57301030,블록 체인 및 암호화폐,102240000,"1,382억원",USD
LAKE,Lakeland Industries Inc,53202020,의류 및 액세서리,101548013,"1,372억원",USD
USGO,US GoldMining Inc,51201060,금,101057299,"1,366억원",USD
FTHAU,Forefront Tech Holdings Acquisition Units,55601010,투자 지주 회사,100800000,"1,362억원",USD
RACC,Research Alliance Corporation III,55601010,투자 지주 회사,100629731,"1,360억원",USD
SPKL,Spark I Acquisition Corp,55601010,투자 지주 회사,100355388,"1,356억원",USD
FSHPU,Flag Ship Acquisition Units,55601010,투자 지주 회사,99708750,"1,348억원",USD
VLYPO,Valley National 5.50% Fixed to Floating Rate Non Cum Perp Pref Shs Series B,55101010,은행,99600000,"1,346억원",USD
CTOR,Citius Oncology Inc,56202010,생명 공학 및 의학 연구,99489888,"1,345억원",USD
NTHI,NeOnc Technologies Holdings Inc,56202010,생명 공학 및 의학 연구,99378561,"1,343억원",USD
RNAQ,Rainier Acquisition Corp,55601010,투자 지주 회사,99294300,"1,342억원",USD
SLNG,Stabilis Solutions Inc,50103030,오일 및 가스 수송 서비스,99118284,"1,340억원",USD
KEQU,Kewaunee Scientific Corp,52203060,비즈니스 지원 용품,98731333,"1,334억원",USD
DCOMP,Dime Community Bancshares Cumulative Perpetual Pref Shs Series A,55101010,은행,98088192,"1,326억원",USD
CSTE,Caesarstone Ltd,53203020,건설 자재 및 비품,97853122,"1,322억원",USD
MBAI,Mbody Ai Ltd,56202010,생명 공학 및 의학 연구,97573066,"1,319억원",USD
FNWB,First Northwest Bancorp,55101010,은행,97303821,"1,315억원",USD
ANIX,Anixa Biosciences Inc,56202010,생명 공학 및 의학 연구,96991008,"1,311억원",USD
ASPCU,A SPAC III Acquisition Units,55601010,투자 지주 회사,96579450,"1,305억원",USD
PARK,Park Dental Partners Inc,56102010,의료 시설 및 서비스,96532225,"1,305억원",USD
FDSB,Fifth District Bancorp Inc,55101030,소비자 대출,96021968,"1,298억원",USD
DWSN,Dawson Geophysical Co,50103020,오일 관련 서비스 및 장비,95651303,"1,293억원",USD
MNTS,Momentus Inc,52101010,항공우주 및 방위,95540794,"1,291억원",USD
CIGL,Concorde International Group Ltd,52203040,경영 지원 서비스,95379294,"1,289억원",USD
PLCIU,Pelican Acquisition II Units,55601010,투자 지주 회사,95354993,"1,289억원",USD
REGCO,Regency Centers 5 875 Series B Cumulative Redeemable Preferred Stock Series B,60102020,상업용 REITs,95260000,"1,287억원",USD
ULBI,Ultralife Corp,52102030,전기 부품 및 장비,94980633,"1,284억원",USD
WCT,Wellchange Holdings Co Ltd,57201020,소프트웨어,94597345,"1,278억원",USD
LCCCU,Lakeshore Acquisition III Units,55601010,투자 지주 회사,94482050,"1,277억원",USD
AGFY,Agrify Corp,54102010,어업 및 농업,94361004,"1,275억원",USD
MCAHU,Mountain Crest Acquisition 6 Units,55601010,투자 지주 회사,94271230,"1,274억원",USD
TAVI,Tavia Acquisition Corp,55601010,투자 지주 회사,94188822,"1,273억원",USD
MDIA,Mediaco Holding Inc,53302020,방송,94102241,"1,272억원",USD
AUBN,Auburn National Bancorporation Inc,55101010,은행,93762298,"1,267억원",USD
CGTX,Cognition Therapeutics Inc,56202010,생명 공학 및 의학 연구,93315493,"1,261억원",USD
GRWG,GrowGeneration Corp,53403020,주택 개조 제품 및 서비스 소매,93094309,"1,258억원",USD
SPAI,Safe Pro Group Inc,57201010,IT 서비스 및 컨설팅,93058279,"1,258억원",USD
WRAP,Wrap Technologies Inc,57102010,통신 및 네트워킹,92046958,"1,244억원",USD
CCLD,CareCloud Inc,57201020,소프트웨어,91361797,"1,235억원",USD
JATT,JATT II Acquisition Corp,55601010,투자 지주 회사,91299000,"1,234억원",USD
ONCY,Oncolytics Biotech Inc,56202010,생명 공학 및 의학 연구,90953243,"1,229억원",USD
FWACU,Futurewave Acquisition Units,55601010,투자 지주 회사,90936320,"1,229억원",USD
BZFD,BuzzFeed  Inc.,57201030,온라인 서비스,90834859,"1,228억원",USD
ICCC,ImmuCell Corp,56201040,제약,90731148,"1,226억원",USD
HERE,Here Group Ltd ADR,53205010,장난감 및 어린이 제품,89734615,"1,213억원",USD
ATRA,Atara Biotherapeutics  Inc.,56202010,생명 공학 및 의학 연구,89636750,"1,211억원",USD
SWVL,Swvl Holdings Corp,52406020,지상 및 해상 여객 운송,89220390,"1,206억원",USD
GUTS,Fractyl Health  Inc.,56202010,생명 공학 및 의학 연구,88026456,"1,190억원",USD
WFF,WF Holding Ltd,51101010,상품 화학,86355064,"1,167억원",USD
NTRB,Nutriband Inc,56101020,"의료 장비, 물품 및 유통",82172417,"1,111억원",USD
MBOT,Microbot Medical Inc,56202010,생명 공학 및 의학 연구,92687425,"1,253억원",USD
ACRV,Acrivon Therapeutics  Inc.,56202010,생명 공학 및 의학 연구,92134728,"1,245억원",USD
ATLX,Atlas Lithium Corporation,51201050,특수 채굴 및 금속,92105403,"1,245억원",USD
UBCP,United Bancorp Inc,55101010,은행,91653578,"1,239억원",USD
AEYE,AudioEye Inc,57201010,IT 서비스 및 컨설팅,91632923,"1,238억원",USD
RFIL,RF Industries Ltd,52102030,전기 부품 및 장비,91555103,"1,237억원",USD
FUSB,First US Bancshares Inc,55101010,은행,90882746,"1,228억원",USD
ATGL,Alpha Technology Group Ltd,57201010,IT 서비스 및 컨설팅,90543750,"1,224억원",USD
ARQ,Arq  Inc.,51101010,상품 화학,90393760,"1,222억원",USD
CHPGU,Championsgate Acquisition Units,55601010,투자 지주 회사,90307470,"1,221억원",USD
FXACU,FortuneX Acquisition Units,55601010,투자 지주 회사,90246000,"1,220억원",USD
MMTX,Miluna Acquisition Corp,55601010,투자 지주 회사,89958339,"1,216억원",USD
RNAQU,Rainier Acquisition Units,55601010,투자 지주 회사,89957625,"1,216억원",USD
SIMA,SIM Acquisition I Corp,55601010,투자 지주 회사,89920619,"1,215억원",USD
RLYB,Rallybio Corp,56202010,생명 공학 및 의학 연구,89853643,"1,214억원",USD
ORIQ,Origin Investment Corp I,55601010,투자 지주 회사,89743125,"1,213억원",USD
ORIQU,Origin Investment I Units,55601010,투자 지주 회사,89268750,"1,206억원",USD
MMTXU,Miluna Acquisition Units,55601010,투자 지주 회사,89163810,"1,205억원",USD
LNSR,LENSAR Inc,56101010,첨단 의료 장비 및 기술,89072521,"1,204억원",USD
GLIBA,Liberty Capital Corporation Series A,57401010,통합 통신 서비스,88863831,"1,201억원",USD
LUNG,Pulmonx Corporation,56101020,"의료 장비, 물품 및 유통",88473434,"1,196억원",USD
PFX,PhenixFIN Corp,55501030,폐쇄형 펀드,88179801,"1,192억원",USD
GCL,GCL Global Holdings Ltd,57201030,온라인 서비스,88044386,"1,190억원",USD
THRY,Thryv Holdings Inc,53302010,광고 및 마케팅,87989440,"1,189억원",USD
BCIC,BCP Investment Corp,55501030,폐쇄형 펀드,87800093,"1,187억원",USD
SKIN,Skinhealth Systems Inc,54201020,개인 생활 필수 용품,87610762,"1,184억원",USD
ARBE,Arbe Robotics Ltd,52101010,항공우주 및 방위,87535501,"1,183억원",USD
FTLF,FitLife Brands Inc,54102020,식품 가공,87430880,"1,182억원",USD
MMLP,Martin Midstream Partners Units,50103030,오일 및 가스 수송 서비스,87248050,"1,179억원",USD
ALIS,Calisa Acquisition Corp,55601010,투자 지주 회사,87140350,"1,178억원",USD
VIOT,Viomi Technology Co Ltd ADR,53204030,"가전제품, 도구 및 가정 용품",87091695,"1,177억원",USD
YHNAU,YHN Acquisition I Units,55601010,투자 지주 회사,87007250,"1,176억원",USD
MCAH,Mountain Crest Acquisition 6 Corp,55601010,투자 지주 회사,86874133,"1,174억원",USD
SSBI,Summit State Bank,55101010,은행,86612685,"1,171억원",USD
BTCS,BTCS Inc,57301030,블록 체인 및 암호화폐,86578703,"1,170억원",USD
ICG,Intchains Group Ltd ADR,57301030,블록 체인 및 암호화폐,86533368,"1,169억원",USD
TELO,Telomir Pharmaceuticals Inc,56201040,제약,85968695,"1,162억원",USD
DTI,Drilling Tools International Corp,50103020,오일 관련 서비스 및 장비,85735804,"1,159억원",USD
GIBO,Gibo Holdings Ltd,57201030,온라인 서비스,85694762,"1,158억원",USD
ACET,ADICET Bio  Inc.,56202010,생명 공학 및 의학 연구,85610826,"1,157억원",USD
EMPD,Empery Digital Inc,55102020,투자 관리 및 펀드 운영,85454737,"1,155억원",USD
HYPR,Hyperfine  Inc.,56101010,첨단 의료 장비 및 기술,85379783,"1,154억원",USD
AIRT,Air T Inc,52405010,"배달, 우편, 항공 화물 및 육상 물류",85020929,"1,149억원",USD
BLNK,Blink Charging Co,59101010,전력 유틸리티,84977569,"1,148억원",USD
HFFG,Hf Foods Group Inc,54301020,식품 소매 및 유통,84516280,"1,142억원",USD
PECE,Peace Acquisition Corp,55601010,투자 지주 회사,84375000,"1,140억원",USD
BRKHU,Burtech Acquisition II Units,55601010,투자 지주 회사,84069880,"1,136억원",USD
SERA,Sera Prognostics  Inc.,52203040,경영 지원 서비스,84027363,"1,136억원",USD
SEV,Aptera Motors Corp,53101010,자동차 및 트럭 제조,83924269,"1,134억원",USD
LSE,Leishen Energy Holding Co Ltd,50103020,오일 관련 서비스 및 장비,83773215,"1,132억원",USD
TRBG,Turbogen Ltd,52102030,전기 부품 및 장비,83735294,"1,132억원",USD
CPBI,Central Plains Bancshares Inc,55101010,은행,83444720,"1,128억원",USD
SIEB,Siebert Financial Corp,55102010,투자 은행 및 중개 서비스,83434900,"1,128억원",USD
BZAI,Blaize Holdings Inc,57201010,IT 서비스 및 컨설팅,83263939,"1,125억원",USD
DTCX,Datacentrex Inc,57301030,블록 체인 및 암호화폐,83097306,"1,123억원",USD
HNNA,Hennessy Advisors Inc,55102020,투자 관리 및 펀드 운영,82838217,"1,120억원",USD
APAC,StoneBridge Acquisition II Corporation,55601010,투자 지주 회사,82597278,"1,116억원",USD
BSIN,Big Sky Industrial Inc,50102020,"오일, 가스 탐사 및 생산",79790011,"1,078억원",USD
GLBS,Globus Maritime Limited,52405020,해양 화물 및 물류,79638691,"1,076억원",USD
CNTB,Connect Biopharma Holdings Ltd,56202010,생명 공학 및 의학 연구,76513785,"1,034억원",USD
AVAT,Avalanche Treasury Corp,57301030,블록 체인 및 암호화폐,98808203,"1,335억원",USD
IBIO,iBio Inc,56202010,생명 공학 및 의학 연구,85528650,"1,156억원",USD
GANX,Gain Therapeutics Inc,56202010,생명 공학 및 의학 연구,85105057,"1,150억원",USD
LINK,Interlink Electronics Inc,57101010,반도체,84438272,"1,141억원",USD
ALDX,Aldeyra Therapeutics Inc,56202010,생명 공학 및 의학 연구,84155357,"1,137억원",USD
YDDL,One and one Green Technologies.INC,52203010,환경 서비스 및 장비,83489666,"1,128억원",USD
MAYS,J W Mays Inc,60101010,"부동산 임대, 개발 및 운영",82344613,"1,113억원",USD
JFIN,Jiayin Group Inc ADR,57301010,핀테크,82157387,"1,110억원",USD
WSTN,Westin Acquisition Corp,55601010,투자 지주 회사,82040175,"1,109억원",USD
FBIO,Fortress Biotech Inc,56201040,제약,81709933,"1,104억원",USD
BYRN,Byrna Technologies Inc,52101010,항공우주 및 방위,81214496,"1,098억원",USD
LNZA,Lanzatech Global Inc,52203010,환경 서비스 및 장비,81152811,"1,097억원",USD
CPHC,Canterbury Park Holding Corp,53301030,카지노 및 도박,81120116,"1,096억원",USD
ROC,Rank One Computing Corp,57201020,소프트웨어,81090540,"1,096억원",USD
VRCA,Verrica Pharmaceuticals Inc,56201040,제약,81083870,"1,096억원",USD
LPAA,Launch One Acquisition Corp,55601010,투자 지주 회사,80954054,"1,094억원",USD
FSEA,First Seacoast Bancorp Inc,55101010,은행,80869066,"1,093억원",USD
GOODO,Gladstone Commercial 6 00 Cum Red Prf Shs Series G,60102010,복합부동산 REITs,80740000,"1,091억원",USD
OBTC,OSPREY BITCOIN ETP,57301030,블록 체인 및 암호화폐,80606976,"1,089억원",USD
SCATU,Southern Cross Acquisition II Units,55601010,투자 지주 회사,80547068,"1,089억원",USD
RML,Resolution Minerals Ltd ADR,51201050,특수 채굴 및 금속,80137649,"1,083억원",USD
INTG,InterGroup Corp,53301010,"호텔, 모텔 및 크루즈 라인",79978783,"1,081억원",USD
JXG,JX Luxventure Group Inc,52202010,다각적 산업용 제품 도매,79956985,"1,081억원",USD
SSEAU,Starry Sea Acquisition Units,55601010,투자 지주 회사,79642135,"1,076억원",USD
NDLS,Noodles & Co,53301020,레스토랑 및 바,79475911,"1,074억원",USD
NAAS,NaaS Technology Inc ADR,59101010,전력 유틸리티,79321914,"1,072억원",USD
WTGUU,Wintergreen Acquisition Units,55601010,투자 지주 회사,79122363,"1,069억원",USD
SSEA,Starry Sea Acquisition Corp,55601010,투자 지주 회사,79107624,"1,069억원",USD
CCAQ,Collective Acquisition Corp,55601010,투자 지주 회사,78853661,"1,066억원",USD
NAMM,Namib Minerals,51201060,금,78751892,"1,064억원",USD
AFCG,Advanced Flower Capital Inc,60102040,특수 REITs,78640643,"1,063억원",USD
LFVN,LifeVantage Corp,56201040,제약,78306342,"1,058억원",USD
MBNKO,Medallion Bank Fixed Rate Reset Non Cumulative Perpetual Pref Shs Series G,55101010,은행,78306000,"1,058억원",USD
AZI,Autozi Internet Technology (Global) Ltd,53403010,"자동차 차량, 부품 및 서비스 소매",78293076,"1,058억원",USD
CSPI,CSP Inc,57201010,IT 서비스 및 컨설팅,78225805,"1,057억원",USD
FATN,FatPipe Inc,57201020,소프트웨어,77565289,"1,048억원",USD
WTG,Wintergreen Acquisition Corp,55601010,투자 지주 회사,77271824,"1,044억원",USD
CPSH,CPS Technologies Corp,52102030,전기 부품 및 장비,77164009,"1,043억원",USD
KLRS,Kalaris Therapeutics Inc,56202010,생명 공학 및 의학 연구,77128138,"1,042억원",USD
NEXM,NexMetals Mining Corp,51201050,특수 채굴 및 금속,77012994,"1,041억원",USD
CVRX,CVRx  Inc.,56101020,"의료 장비, 물품 및 유통",76994215,"1,041억원",USD
SKYA,Skyai  Inc,57301090,기타 핀테크 인프라,76980561,"1,040억원",USD
ASRV,Ameriserv Financial Inc,55101010,은행,76916080,"1,040억원",USD
HFBL,Home Federal Bancorp Inc of Louisiana,55101010,은행,76882737,"1,039억원",USD
ANTA,Antalpha Platform Holding Co,57301030,블록 체인 및 암호화폐,76776051,"1,038억원",USD
RNXT,RenovoRx Inc,56101020,"의료 장비, 물품 및 유통",76720164,"1,037억원",USD
AEC,Anfield Energy Inc,50301010,우라늄,76408408,"1,033억원",USD
NBRG,Newbridge Acquisition Limited,55601010,투자 지주 회사,76141663,"1,029억원",USD
NTIC,Northern Technologies International Corp,52102010,산업용 기계 및 장비,75496690,"1,020억원",USD
BPAC,Blueport Acquisition Ltd,55601010,투자 지주 회사,75250603,"1,017억원",USD
GECC,Great Elm Capital Corp,55501030,폐쇄형 펀드,75004650,"1,014억원",USD
TYGO,Tigo Energy  Inc.,57101010,반도체,74862046,"1,012억원",USD
CING,Cingulate Inc,56202010,생명 공학 및 의학 연구,74817695,"1,011억원",USD
RDACU,Rising Dragon Acquisition Units,55601010,투자 지주 회사,74618781,"1,008억원",USD
AMCI,AMC Robotics Corp,57201030,온라인 서비스,74538122,"1,007억원",USD
SOTK,Sono-Tek Corp,52102010,산업용 기계 및 장비,74182933,"1,003억원",USD
BYFC,Broadway Financial Corp,55101010,은행,74166948,"1,002억원",USD
BSEM,BioStem Technologies  Inc.,56201040,제약,71040895,960억원,USD
ZSTK,ZeroStack Corp,57201010,IT 서비스 및 컨설팅,70833803,957억원,USD
ESYN,EnerSyn Global Inc.,53301020,레스토랑 및 바,68370720,924억원,USD
GOAI,Eva Live Inc,53302030,엔터테인먼트 제작,85187518,"1,151억원",USD
HWH,EnerSyn Global Inc.,53301020,레스토랑 및 바,79666752,"1,077억원",USD
DGNX,Diginex Limited,57201020,소프트웨어,76699099,"1,037억원",USD
SSTI,SoundThinking Inc,57201020,소프트웨어,76086706,"1,028억원",USD
MEGL,Magic Empire Global Ltd,55102010,투자 은행 및 중개 서비스,75474298,"1,020억원",USD
KXIN,Kaixin Holdings,53403010,"자동차 차량, 부품 및 서비스 소매",75162396,"1,016억원",USD
INV,Innventure Inc,55102020,투자 관리 및 펀드 운영,74467599,"1,006억원",USD
NSTS,NSTS Bancorp Inc,55101010,은행,74384335,"1,005억원",USD
CSBR,Champions Oncology Inc,56202010,생명 공학 및 의학 연구,73629230,995억원,USD
KELYB,Kelly Services Inc Class B,52203030,고용 서비스,73534675,994억원,USD
SCOR,Comscore Inc,53302010,광고 및 마케팅,73492138,993억원,USD
OPXS,Optex Systems Holdings Inc,52101010,항공우주 및 방위,72939469,986억원,USD
JRSH,Jerash Holdings (US) Inc,53202010,직물 및 가죽제품,72897656,985억원,USD
CLST,Catalyst Bancorp Inc,55101010,은행,72809524,984억원,USD
EURKU,Eureka Acquisition Units,55601010,투자 지주 회사,72757760,983억원,USD
TENX,Tenax Therapeutics Inc,56202010,생명 공학 및 의학 연구,72602399,981억원,USD
RANG,Range Capital Acquisition Corp,55601010,투자 지주 회사,72539696,980억원,USD
NHPBP,National Healthcare 7.125 Cumulative Redeemable Perpetual Pref Shs Series B,60102040,특수 REITs,72301081,977억원,USD
ATHE,Alterity Therapeutics Limited ADR,56202010,생명 공학 및 의학 연구,72182517,976억원,USD
ISPR,Ispire Technology Inc,54102030,담배,71904316,972억원,USD
WATT,Energous Corp,52102030,전기 부품 및 장비,71686111,969억원,USD
GNSS,Genasys Inc,57102010,통신 및 네트워킹,71500954,966억원,USD
GOSS,Gossamer Bio  Inc.,56202010,생명 공학 및 의학 연구,71500611,966억원,USD
FTAIM,FTAI Aviation Fixed Rate Reset Cum Perp Pfd Series D,52101010,항공우주 및 방위,71214000,962억원,USD
NVX,NOVONIX Ltd ADR,52102030,전기 부품 및 장비,71097003,961억원,USD
RSSS,Research Solutions Inc,57201030,온라인 서비스,70901605,958억원,USD
OKYO,OKYO Pharma Ltd,56201040,제약,70847361,958억원,USD
FLL,Full House Resorts Inc,53301030,카지노 및 도박,70723846,956억원,USD
PLRX,Pliant Therapeutics  Inc.,56201040,제약,70590963,954억원,USD
CAPNU,Cayson Acquisition Units,55601010,투자 지주 회사,70087500,947억원,USD
IPWR,Ideal Power Inc,57101010,반도체,70011630,946억원,USD
MB,Masterbeef Group,53301020,레스토랑 및 바,69992400,946억원,USD
MOB,Mobilicom Limited,57201020,소프트웨어,69871356,944억원,USD
AIRG,Airgain Inc,57102010,통신 및 네트워킹,69824247,944억원,USD
SGLD,Scorpio Gold Corp ADR,51201060,금,69632340,941억원,USD
OCCI,OFS Credit Company Inc,55501030,폐쇄형 펀드,69612590,941억원,USD
HYFT,Mindwalk Holdings Corp.,56201040,제약,69545638,940억원,USD
INSG,Inseego Corp.,57102010,통신 및 네트워킹,69459104,939억원,USD
YIBO,Planet Image International Ltd,57105010,사무기기,69304039,937억원,USD
APLM,Apollomics Inc,55601010,투자 지주 회사,69142970,934억원,USD
GEOS,Geospace Technologies Corp,50103020,오일 관련 서비스 및 장비,69076120,934억원,USD
GDHG,Golden Heaven Group Holdings Ltd,53301040,여가 및 오락시설,69009444,933억원,USD
PSIG,PS International Group Ltd,52405010,"배달, 우편, 항공 화물 및 육상 물류",68733277,929억원,USD
RNTX,Rein Therapeutics Inc,56202010,생명 공학 및 의학 연구,68556410,927억원,USD
PXS,Pyxis Tankers Inc,52405020,해양 화물 및 물류,68193032,922억원,USD
GOODN,Gladstone Coml Pref Shs Series E,60102010,복합부동산 REITs,68117218,921억원,USD
PRTS,Carparts.Com Inc,53403010,"자동차 차량, 부품 및 서비스 소매",68072246,920억원,USD
AISP,Airship AI Holdings Inc,57201010,IT 서비스 및 컨설팅,68018135,919억원,USD
ELOX,Eloxx Pharmaceuticals Inc,56202010,생명 공학 및 의학 연구,67529959,913억원,USD
DRIO,DarioHealth Corp,56101020,"의료 장비, 물품 및 유통",67518424,913억원,USD
RGS,Regis Corp,54201030,개인 서비스,67504239,912억원,USD
ALISU,Calisa Acquisition Units,55601010,투자 지주 회사,67464475,912억원,USD
UYSCU,UY Scuti Acquisition Units,55601010,투자 지주 회사,67397040,911억원,USD
COLAU,Columbus Acquisition Units,55601010,투자 지주 회사,67330332,910억원,USD
ATLCP,Atlanticus Holdings 7.625 Cumulative Perpetual Pref Shs Series B,55101030,소비자 대출,67270000,909억원,USD
CAST,Freecast Inc,57201030,온라인 서비스,66137676,894억원,USD
ODYS,Odysight.AI Inc,57201030,온라인 서비스,65794316,889억원,USD
PODC,Podcastone Inc,57201010,IT 서비스 및 컨설팅,62623081,846억원,USD
MKDW,MKDWELL Tech Inc,53101020,"자동차, 트럭 및 오토바이 부품",58821320,795억원,USD
AIFU,AIFU Inc.,55301010,복합보험 및 중개인,52802286,714억원,USD
ZKIN,ZK International Group Co Ltd,53203020,건설 자재 및 비품,88032847,"1,190억원",USD
SPRO,Spero Therapeutics  Inc.,56202010,생명 공학 및 의학 연구,79199365,"1,070억원",USD
AIFC,AI Financial Corp,57301010,핀테크,71316621,964억원,USD
PCLA,Picocela Inc ADR,57102010,통신 및 네트워킹,69315534,937억원,USD
LGO,Largo Inc,50301010,우라늄,67414902,911억원,USD
YTRA,Yatra Online Inc,53301040,여가 및 오락시설,67189687,908억원,USD
UEIC,Universal Electronics Inc,57106030,가정용 전자 제품,67002322,906억원,USD
GEG,Great Elm Group Inc,55102020,투자 관리 및 펀드 운영,66854014,904억원,USD
ALPS,Alps Group Inc,56102010,의료 시설 및 서비스,66543486,899억원,USD
XBIT,XBiotech Inc,56202010,생명 공학 및 의학 연구,66463254,898억원,USD
FRMM,Forum Markets  Inc,57301090,기타 핀테크 인프라,66390708,897억원,USD
NPT,Texxon Holding Ltd,51101010,상품 화학,66111300,893억원,USD
PDSB,PDS Biotechnology Corp,56202010,생명 공학 및 의학 연구,65951529,891억원,USD
DXR,Daxor Corp,55501030,폐쇄형 펀드,65563256,886억원,USD
BOLD,Boundless Bio  Inc.,56202010,생명 공학 및 의학 연구,65514197,885억원,USD
USIO,Usio Inc,52203040,경영 지원 서비스,65254498,882억원,USD
PECEU,Peace Acquisition Units,55601010,투자 지주 회사,65130000,880억원,USD
SPWR,SunPower Inc,53203020,건설 자재 및 비품,64727050,875억원,USD
HOUR,Hour Loop Inc,53402010,백화점,64415671,871억원,USD
STKE,Sol Strategies Inc,57301030,블록 체인 및 암호화폐,64363613,870억원,USD
ASPS,Altisource Portfolio Solutions S.A.,60101020,부동산 서비스,64181558,867억원,USD
INCR,InterCure Ltd,56102010,의료 시설 및 서비스,63848382,863억원,USD
WHLRD,Wheeler Real Estate Investment Trust Cumulative Pref Shs Series D,60102020,상업용 REITs,63847348,863억원,USD
OXLCO,Oxford Lane Capital 6 Pref Shs Series 2029,55501030,폐쇄형 펀드,63813875,862억원,USD
APACU,StoneBridge Acquisition II Units,55601010,투자 지주 회사,63729663,861억원,USD
ZOOZ,Zooz Strategy Ltd,59101010,전력 유틸리티,63626614,860억원,USD
RENT,Rent the Runway  Inc.,57201030,온라인 서비스,63495347,858억원,USD
REKR,Rekor Systems Inc,57201020,소프트웨어,63395370,857억원,USD
BSAAU,Best SPAC I Acquistion Units,55601010,투자 지주 회사,62969300,851억원,USD
MCHX,Marchex Inc,53302010,광고 및 마케팅,62959804,851억원,USD
OXLCN,Oxford Lane Capital 7 125 Prf Shs Series 2029,55501030,폐쇄형 펀드,62436750,844억원,USD
DOMH,Dominari Holdings Inc,55102010,투자 은행 및 중개 서비스,62306170,842억원,USD
CLNN,Clene Inc,56202010,생명 공학 및 의학 연구,62257237,841억원,USD
HYPD,Hyperion DeFi Inc,56201040,제약,62002342,838억원,USD
WNW,Meiwu Technology Co Ltd,53402010,백화점,61876607,836억원,USD
INKT,Mink Therapeutics Inc,56202010,생명 공학 및 의학 연구,61797354,835억원,USD
TTEC,TTEC Holdings Inc (Texas),57201010,IT 서비스 및 컨설팅,61619925,833억원,USD
ELBM,Electra Battery Materials Corporation,51201050,특수 채굴 및 금속,61549806,832억원,USD
WSTNU,Westin Acquisition Units,55601010,투자 지주 회사,61525800,832억원,USD
NMAD,NOMAD Power Solutions  Inc,52102030,전기 부품 및 장비,61506080,831억원,USD
BPACU,Blueport Acquisition Units,55601010,투자 지주 회사,61257270,828억원,USD
NBRGU,Newbridge Acquisition Units,55601010,투자 지주 회사,61084013,826억원,USD
ADBT,Advasa Holdings  Inc.,57201020,소프트웨어,60785800,822억원,USD
TLPH,Talphera Inc,56201040,제약,60729781,821억원,USD
SPCB,Supercom Ltd,57201020,소프트웨어,60355144,816억원,USD
INVE,INVE Technologies Inc,57201010,IT 서비스 및 컨설팅,60347025,816억원,USD
CCNEP,CNB FINL Depositary Shs REP 1 40 Prf Series A,55101010,은행,60254250,814억원,USD
OXLCM,OXFORD LANE CAP 8.25 Term Pref Shs,55501030,폐쇄형 펀드,60168000,813억원,USD
RIBBU,Ribbon Acquisition Units,55601010,투자 지주 회사,59977800,811억원,USD
INMB,INmune Bio Inc,56202010,생명 공학 및 의학 연구,59948184,810억원,USD
BOF,BranchOut Food Inc,54102020,식품 가공,59835718,809억원,USD
XLO,Xilio Therapeutics Inc,56202010,생명 공학 및 의학 연구,59484583,804억원,USD
NCTY,The9 Ltd ADR,57301030,블록 체인 및 암호화폐,59259721,801억원,USD
CAPN,Cayson Acquisition Corp,55601010,투자 지주 회사,59067988,798억원,USD
FBIOP,Fortress Biotech 9 375 Cumulative Redeemable Perpetual Pref Shs Series A,56201040,제약,58775417,794억원,USD
STI,Solidion Technology  Inc,52102030,전기 부품 및 장비,58397609,789억원,USD
LONA,LeonaBio Inc,56202010,생명 공학 및 의학 연구,57001061,770억원,USD
VHUB,Venhub Global  Inc.,57201020,소프트웨어,56683527,766억원,USD
VGAS,Verde Clean Fuels Inc,59101010,전력 유틸리티,54796034,741억원,USD
NFE,New Fortress Energy Inc.,59102010,천연가스 유틸리티,46558448,629억원,USD
GRML,Greenland Mines Ltd,51201080,다각적 채굴,82784179,"1,119억원",USD
TELA,TELA Bio Inc,56101020,"의료 장비, 물품 및 유통",63652208,860억원,USD
SVRN,SVRN  Inc.,52405020,해양 화물 및 물류,63646437,860억원,USD
OM,Outset Medical  Inc.,56101010,첨단 의료 장비 및 기술,61842670,836억원,USD
METCB,Ramaco Resources  Inc. Class B,51201020,철 및 강철,60693171,820억원,USD
WATR,Inflection Point Acquisition Corp III,55601010,투자 지주 회사,59165779,800억원,USD
SLNHP,Soluna Holdings 9.0 Cumulative Perpetual Pref Shs Series A,57201010,IT 서비스 및 컨설팅,59040540,798억원,USD
WFCF,Where Food Comes From Inc,57201010,IT 서비스 및 컨설팅,58262057,787억원,USD
JZXN,Jiuzi Holdings Inc,53403010,"자동차 차량, 부품 및 서비스 소매",58209418,787억원,USD
SGA,Saga Communications Inc,53302020,방송,58175590,786억원,USD
TZOO,Travelzoo,53301040,여가 및 오락시설,57847251,782억원,USD
IBAC,IB Acquisition Corp,55601010,투자 지주 회사,57594634,778억원,USD
RILYL,BRC Group Holdings Depositary Shares representing 1 1000 Cum Pref Series B,55102010,투자 은행 및 중개 서비스,57585060,778억원,USD
DLHC,DLH Holdings Corp,57201010,IT 서비스 및 컨설팅,57537349,778억원,USD
NNOX,Nano-X Imaging Ltd,56101010,첨단 의료 장비 및 기술,57519024,777억원,USD
EXOZ,eXoZymes Inc,56202010,생명 공학 및 의학 연구,57451612,776억원,USD
FLX,BingEx Ltd ADR,52405010,"배달, 우편, 항공 화물 및 육상 물류",57446530,776억원,USD
UYSC,UY Scuti Acquisition Corp,55601010,투자 지주 회사,57431660,776억원,USD
MDXH,MDxHealth SA,56202010,생명 공학 및 의학 연구,57240887,774억원,USD
GGR,Gogoro Inc,53205020,오락용 제품,57209512,773억원,USD
RPID,Rapid Micro Biosystems  Inc.,56101010,첨단 의료 장비 및 기술,57181894,773억원,USD
TOUR,Tuniu Corp ADR,53301040,여가 및 오락시설,57034719,771억원,USD
SLSN,Solesence Inc,54201020,개인 생활 필수 용품,56941518,770억원,USD
LIDR,AEye Inc,57104010,전자 장비 및 부품,56940046,770억원,USD
SELF,Global Self Storage Inc,60102040,특수 REITs,56764457,767억원,USD
GRSD,Grandstand Limited,53302010,광고 및 마케팅,56425989,763억원,USD
KNDI,Kandi Technologies Group Inc,53101010,자동차 및 트럭 제조,56333020,761억원,USD
FNUC,Frontier Nuclear and Minerals Inc,50301010,우라늄,56004101,757억원,USD
LFS,Leifras Co Ltd ADR,63101010,기타 교육 서비스 제공,55983725,757억원,USD
ELTK,Eltek Ltd,57101010,반도체,55514031,750억원,USD
HIT,Health In Tech Inc,55301030,생명 및 건강 보험,55481641,750억원,USD
GENK,GEN Restaurant Group Inc,53301020,레스토랑 및 바,55380558,748억원,USD
MYPS,PLAYSTUDIOS  Inc.,57201020,소프트웨어,55375957,748억원,USD
COCH,Envoy Medical Inc,56101010,첨단 의료 장비 및 기술,55368093,748억원,USD
FTEK,Fuel Tech Inc,52203010,환경 서비스 및 장비,55253717,747억원,USD
VSA,VisionSys AI Inc ADR,56202010,생명 공학 및 의학 연구,55243051,747억원,USD
NCEW,New Century Logistics (BVI) Ltd,52405010,"배달, 우편, 항공 화물 및 육상 물류",55104000,745억원,USD
IMA,ImageneBio Inc,56202010,생명 공학 및 의학 연구,55054562,744억원,USD
PGAC,Pantages Capital Acquisition Corp,55601010,투자 지주 회사,55010908,743억원,USD
EDSA,Edesa Biotech Inc,56202010,생명 공학 및 의학 연구,54960153,743억원,USD
APWC,Asia Pacific Wire & Cable Corporation Ltd,52102030,전기 부품 및 장비,54839164,741억원,USD
AACG,ATA Creativity Global ADR,63101010,기타 교육 서비스 제공,54771216,740억원,USD
PIII,P3 Health Partners Inc,56202010,생명 공학 및 의학 연구,54602585,738억원,USD
ADAMZ,Adamas 7 000 Fixed To Floating Rate Cumulative Redeemable Pref Shs Series G,60102040,특수 REITs,54476483,736억원,USD
SOWG,Sow Good Inc,54102020,식품 가공,54269711,733억원,USD
TREO,Tactical Resources Corp.,51201010,금 제외 귀금속 및 광물,54175895,732억원,USD
BWBBP,Bridgewater Bancshares DS 1 100th Int 5 875 Non Cumu Perpl Prf Shs Series A,55101010,은행,53985600,730억원,USD
SORA,AsiaStrategy,53202020,의류 및 액세서리,53954880,729억원,USD
CRGO,Freightos Ltd,52405010,"배달, 우편, 항공 화물 및 육상 물류",53896057,728억원,USD
BRID,Bridgford Foods Corp,54102020,식품 가공,53507925,723억원,USD
MDAI,Spectral AI Inc,56101010,첨단 의료 장비 및 기술,53426980,722억원,USD
NTWK,NetSol Technologies Inc,57201010,IT 서비스 및 컨설팅,53325099,721억원,USD
BAER,Bridger Aerospace Group Holdings Inc,51301010,임업 및 목재 제품,52943526,716억원,USD
LASE,Laser Photonics Corp,52102030,전기 부품 및 장비,52916669,715억원,USD
TACT,TransAct Technologies Inc,57106010,컴퓨터 하드웨어,52758047,713억원,USD
QTEX,Qtrex Quantum Ltd,56101010,첨단 의료 장비 및 기술,52318535,707억원,USD
VHC,VirnetX Holding Corp,57201010,IT 서비스 및 컨설팅,52286249,707억원,USD
BNAI,Brand Engagement Network Inc,57201010,IT 서비스 및 컨설팅,52222161,706억원,USD
DWTX,Dogwood Therapeutics Inc,56202010,생명 공학 및 의학 연구,51328755,694억원,USD
ZBAO,Zhibao Technology Inc,55301010,복합보험 및 중개인,48969844,662억원,USD
HRTX,Heron Therapeutics Inc,56202010,생명 공학 및 의학 연구,56765840,767억원,USD
ABLV,Able View Global Inc,53403090,기타 전문 소매,55773034,754억원,USD
KBSX,FST Ltd,51201020,철 및 강철,55062184,744억원,USD
TPCS,TechPrecision Corp,52102010,산업용 기계 및 장비,53632651,725억원,USD
FBDT,First Breach Inc.,52101010,항공우주 및 방위,52914882,715억원,USD
ACFN,Acorn Energy Inc,57201010,IT 서비스 및 컨설팅,52902747,715억원,USD
WYHG,Wing Yip Food Holdings Group Ltd ADR,54102020,식품 가공,52840897,714억원,USD
SCWO,374Water Inc,52102040,중전기장비,52800120,714억원,USD
STKS,One Group Hospitality Inc,53301020,레스토랑 및 바,51969999,702억원,USD
NA,Nano Labs Ltd,57101010,반도체,51935673,702억원,USD
EUDA,EUDA Health Holdings Ltd,56101010,첨단 의료 장비 및 기술,51756908,699억원,USD
RYM,RYTHM Inc,54102010,어업 및 농업,51144134,691억원,USD
HAIN,Hain Celestial Group Inc,54102020,식품 가공,51079574,690억원,USD
OCLT,OceanLight Acquisition Corp,55601010,투자 지주 회사,51067015,690억원,USD
SRTS,Sensus Healthcare Inc,56101010,첨단 의료 장비 및 기술,51032383,690억원,USD
TVGN,Tevogen Inc,56202010,생명 공학 및 의학 연구,50855127,687억원,USD
MVIS,MicroVision Inc,57104010,전자 장비 및 부품,50652045,685억원,USD
DSWL,Deswell Industries Inc,51101010,상품 화학,50515060,683억원,USD
MREO,Mereo BioPharma Group PLC ADR,56202010,생명 공학 및 의학 연구,50510255,683억원,USD
NEWTP,NewtekOne Depositary Shs Non Cumulative Perpetual Pref Shs Series B,55101050,기업 금융 서비스,50380000,681억원,USD
BKHA,Black Hawk Acquisition Corp,55601010,투자 지주 회사,50258282,679억원,USD
POCI,Precision Optics Corporation Inc,56101020,"의료 장비, 물품 및 유통",50182224,678억원,USD
SDA,SunCar Technology Group Inc,57201030,온라인 서비스,49984586,676억원,USD
TDTH,Trident Digital Tech Holdings Ltd,57201010,IT 서비스 및 컨설팅,49882898,674억원,USD
VRM,Vroom  Inc.,55101030,소비자 대출,49778726,673억원,USD
SAIH,SAIHEAT Ltd,57106010,컴퓨터 하드웨어,49606884,670억원,USD
CNVS,Cineverse Corp,53302030,엔터테인먼트 제작,49444485,668억원,USD
IDN,Intellicheck Inc,57201020,소프트웨어,49248185,666억원,USD
ELTX,Elicio Therapeutics Inc,56202010,생명 공학 및 의학 연구,49147119,664억원,USD
SOGP,Sound Group Inc ADR,57201030,온라인 서비스,49051574,663억원,USD
OFS,OFS Capital Corp,55501030,폐쇄형 펀드,49036965,663억원,USD
TC,Token Cat Ltd ADR,52203040,경영 지원 서비스,48863717,660억원,USD
WKEY,Wisekey International Holding AG ADR,57101010,반도체,48851821,660억원,USD
TCBS,Texas Community Bancshares Inc,55101010,은행,48836646,660억원,USD
SFWL,SHENGFENG DEVELOPMENT Ltd,52405010,"배달, 우편, 항공 화물 및 육상 물류",48536035,656억원,USD
SPWH,Sportsman's Warehouse Holdings Inc,53403090,기타 전문 소매,48535417,656억원,USD
TIL,Instil Bio  Inc.,56202010,생명 공학 및 의학 연구,48355489,654억원,USD
COLA,Columbus Acquisition Corp,55601010,투자 지주 회사,48270275,652억원,USD
ELWT,Elauwit Connection Inc,57401010,통합 통신 서비스,47927323,648억원,USD
HOWL,Werewolf Therapeutics Inc,56202010,생명 공학 및 의학 연구,47724283,645억원,USD
BTMD,Biote Corp,52203070,전문 정보 서비스,47424258,641억원,USD
PLCE,Children's Place Inc,53403040,의류 및 액세서리 소매,47364953,640억원,USD
EFSCP,Enterprise Finl Svcs DRC Rep Non Cum Perp Pfd Series A,55101010,은행,47334000,640억원,USD
MATH,Metalpha Technology Holding Ltd,57201030,온라인 서비스,47113236,637억원,USD
AIOS,AIOS Tech Inc,57301010,핀테크,47082893,636억원,USD
PRPO,Precipio Inc,56101010,첨단 의료 장비 및 기술,47019288,635억원,USD
CULP,Culp Inc,53202010,직물 및 가죽제품,45847166,620억원,USD
HGBL,Heritage Global Inc,55102020,투자 관리 및 펀드 운영,45724067,618억원,USD
MBBC,Marathon Bancorp Inc,55101010,은행,45660229,617억원,USD
CIRC,Circle8 Group Inc,52203030,고용 서비스,45316582,612억원,USD
NEPH,Nephros Inc,52203010,환경 서비스 및 장비,45286700,612억원,USD
PROP,Prairie Operating Co,50102020,"오일, 가스 탐사 및 생산",45141764,610억원,USD
KFFB,Kentucky First Federal Bancorp,55101010,은행,45068071,609억원,USD
PTLE,PTL Ltd,50102030,"오일, 가스 정제 및 마케팅",44595767,603억원,USD
TEAD,Teads Holding Co,57201030,온라인 서비스,44531390,602억원,USD
ZIONP,Zions Bancorporation DS Representing 1/40th Floating Rate Non Cum Perpetual,55101010,은행,44339586,599억원,USD
CMTL,Comtech Telecommunications Corp,57102010,통신 및 네트워킹,43743689,591억원,USD
IPEX,Inflection Point Acquisition Corp V,55601010,투자 지주 회사,42564144,575억원,USD
RYOJ,rYojbaba Co Ltd,56102010,의료 시설 및 서비스,42388500,573억원,USD
DCX,Digital Currency X Technology Inc,53101010,자동차 및 트럭 제조,39190627,530억원,USD
SCYX,SCYNEXIS Inc,56201040,제약,48355100,654억원,USD
SLMT,Brera Holdings PLC,53301040,여가 및 오락시설,46459221,628억원,USD
IZEA,IZEA Worldwide Inc,53302010,광고 및 마케팅,45630669,617억원,USD
THCH,TH International Ltd,54102020,식품 가공,45543707,616억원,USD
SCLX,Scilex Holding Co,56201040,제약,45437550,614억원,USD
ATHR,Aether Holdings Inc,57301010,핀테크,45280818,612억원,USD
GRCE,Grace Therapeutics  Inc,56202010,생명 공학 및 의학 연구,45016890,608억원,USD
LOAN,Manhattan Bridge Capital Inc,60102040,특수 REITs,44445230,601억원,USD
QETA,Quetta Acquisition Corp,55601010,투자 지주 회사,44410814,600억원,USD
LITS,Lite Strategy Inc,55102020,투자 관리 및 펀드 운영,44232760,598억원,USD
OMEX,Odyssey Marine Exploration Inc,51201050,특수 채굴 및 금속,44106579,596억원,USD
SEAT,Vivid Seats Inc,57201030,온라인 서비스,44065484,596억원,USD
BRAG,Bragg Gaming Group Inc,57201030,온라인 서비스,43273686,585억원,USD
FTCI,FTC Solar Inc,52102030,전기 부품 및 장비,43271648,585억원,USD
YSXT,YSX Tech Co Ltd,54201030,개인 서비스,43200788,584억원,USD
MGX,Metagenomi Therapeutics Inc,56202010,생명 공학 및 의학 연구,43065900,582억원,USD
MLGO,MicroAlgo Inc,57201010,IT 서비스 및 컨설팅,43033615,582억원,USD
PXLW,Pixelworks  Inc.,57101010,반도체,42829702,579억원,USD
PN,PN Smart Energy Ltd,50201010,재생 가능 에너지 장비 및 서비스,42639132,576억원,USD
VERU,Veru Inc.,56202010,생명 공학 및 의학 연구,42625800,576억원,USD
RDI,Reading International Inc Class A,53301040,여가 및 오락시설,42419074,573억원,USD
GMHS,Gamehaus Holdings Inc,57201030,온라인 서비스,42318775,572억원,USD
GAME,GameSquare Holdings Inc,57201020,소프트웨어,42314984,572억원,USD
KAZR,Skyline Builders Group Holding Ltd,52201020,건설 및 엔지니어링,42259799,571억원,USD
KG,Kestrel Group Ltd,55301010,복합보험 및 중개인,42093281,569억원,USD
DTSQ,DT Cloud Star Acquisition Corp,55601010,투자 지주 회사,42014204,568억원,USD
IMMP,Immutep Ltd ADR,56202010,생명 공학 및 의학 연구,41721050,564억원,USD
ZTG,Zenta Group Co Ltd,52203040,경영 지원 서비스,41670820,563억원,USD
KPTI,Karyopharm Therapeutics Inc.,56201040,제약,41280257,558억원,USD
AFJKU,Aimei Health Technology Units,55601010,투자 지주 회사,41162316,556억원,USD
AURE,Aurelion Inc,55102020,투자 관리 및 펀드 운영,41016589,554억원,USD
PHUN,Phunware Inc,57201020,소프트웨어,40925350,553억원,USD
HOLO,MicroCloud Hologram Inc,57201020,소프트웨어,40784001,551억원,USD
PCTTU,PureCycle Technologies Units,52203010,환경 서비스 및 장비,40650000,549억원,USD
IXHL,Incannex Healthcare Inc,56202010,생명 공학 및 의학 연구,40619661,549억원,USD
AIRTP,Air T Funding Alpha Income Pref Shs,55101050,기업 금융 서비스,40421669,546억원,USD
LCCC,Lakeshore Acquisition III Corp,55601010,투자 지주 회사,40215719,544억원,USD
RAVE,Rave Restaurant Group Inc,53301020,레스토랑 및 바,40076616,542억원,USD
YQ,17 Education and Technology Group Inc ADR,63101010,기타 교육 서비스 제공,40057489,541억원,USD
MCRB,Seres Therapeutics  Inc.,56202010,생명 공학 및 의학 연구,39963869,540억원,USD
SNWV,SANUWAVE Health Inc,56101020,"의료 장비, 물품 및 유통",39914714,539억원,USD
SYPR,Sypris Solutions Inc,53101020,"자동차, 트럭 및 오토바이 부품",39835729,538억원,USD
FSHP,Flag Ship Acquisition Corp,55601010,투자 지주 회사,39773929,538억원,USD
RMCO,Royalty Management Holding Corp,51201010,금 제외 귀금속 및 광물,39752495,537억원,USD
MIND,Mind Technology Inc,50103020,오일 관련 서비스 및 장비,39628280,536억원,USD
CUBA,Herzfeld Caribbean Basin Fund，Inc.,55501030,폐쇄형 펀드,39616660,535억원,USD
LVO,LiveOne Inc,53302030,엔터테인먼트 제작,39489952,534억원,USD
NOEM,CO2 Energy Transition Corp,55601010,투자 지주 회사,39320200,531억원,USD
MAMO,Massimo Group,53101010,자동차 및 트럭 제조,39271580,531억원,USD
ESHA,ESH Acquisition Corp,55601010,투자 지주 회사,39056271,528억원,USD
DTSQU,DT Cloud Star Acquisition Units,55601010,투자 지주 회사,39014373,527억원,USD
ACCL,Acco Group Holdings Ltd,52203040,경영 지원 서비스,38780722,524억원,USD
XTIA,XTI Aerospace Inc,52101010,항공우주 및 방위,38670178,523억원,USD
ONMD,Onemednet Corp,52203040,경영 지원 서비스,38536193,521억원,USD
XBP,XBP Global Holdings Inc,57301010,핀테크,38495538,520억원,USD
ZYBT,Zhengye Biotechnology Holding Ltd,56201040,제약,38048000,514억원,USD
VTIX,Virtuix Holdings Inc,55601010,투자 지주 회사,38047911,514억원,USD
ITOC,iTonic Holdings Ltd,56101010,첨단 의료 장비 및 기술,37514525,507억원,USD
NWGL,CL Workshop Group Ltd ADR,51301010,임업 및 목재 제품,36354988,491억원,USD
SNT,Senstar Technologies Corp,52102030,전기 부품 및 장비,34764163,470억원,USD
FLNA,Filana Therapeutics  Inc.,56202010,생명 공학 및 의학 연구,49757133,672억원,USD
RIBB,Ribbon Acquisition Corp,55601010,투자 지주 회사,40725726,550억원,USD
WAVE,Eco Wave Power Global AB (publ) ADR,59101010,전력 유틸리티,40620213,549억원,USD
AHMA,Ambitions Enterprise Management Co LLC,53301040,여가 및 오락시설,40426000,546억원,USD
JG,Aurora Mobile Ltd ADR,57201010,IT 서비스 및 컨설팅,38516891,521억원,USD
CRVO,CervoMed Inc,56202010,생명 공학 및 의학 연구,38251313,517억원,USD
MIRA,MIRA Pharmaceuticals Inc,56202010,생명 공학 및 의학 연구,38072011,515억원,USD
AFJK,Aimei Health Technology Co Ltd,55601010,투자 지주 회사,38059311,514억원,USD
QTI,QT Imaging Holdings Inc,56101010,첨단 의료 장비 및 기술,38054962,514억원,USD
FGNX,FG Nexus Inc,55301050,재보험,38037529,514억원,USD
PPSI,Pioneer Power Solutions Inc,52102040,중전기장비,37848497,512억원,USD
WPRT,Westport Fuel Systems Inc,53101020,"자동차, 트럭 및 오토바이 부품",37611553,508억원,USD
WVVIP,Willamette Valley Vineyards Redeemable Pref Shs Series A,54101020,증류주 및 포도주,37467565,506억원,USD
FVN,Future Vision II Acquisition Corp,55601010,투자 지주 회사,37282531,504억원,USD
GROW,US Global Investors Inc,55102020,투자 관리 및 펀드 운영,37017570,500억원,USD
MLCI,Mount Logan Capital Inc,55102020,투자 관리 및 펀드 운영,36531328,494억원,USD
STRR,Star Equity Holdings Inc,53203010,주택 건설,36525090,494억원,USD
YOUL,Youlife Group Inc ADR,52203030,고용 서비스,36514051,493억원,USD
PLUT,Plutus Financial Group Ltd,55102010,투자 은행 및 중개 서비스,36379500,492억원,USD
BODI,Beachbody Company  Inc,57201030,온라인 서비스,36277985,490억원,USD
AERT,Aeries Technology Inc,52203040,경영 지원 서비스,36210186,489억원,USD
HBIO,Harvard Bioscience Inc,56101010,첨단 의료 장비 및 기술,36054256,487억원,USD
ELUT,Elutia Inc,56201040,제약,35883134,485억원,USD
NCI,Neo-Concept International Group Holdings Ltd,53202020,의류 및 액세서리,35835846,484억원,USD
XOS,Xos Inc,53101010,자동차 및 트럭 제조,35828987,484억원,USD
CNTX,Context Therapeutics Inc,56202010,생명 공학 및 의학 연구,35750188,483억원,USD
RMTI,Rockwell Medical Inc,56201040,제약,35689768,482억원,USD
COSM,Cosmos Health Inc,56201040,제약,35644482,482억원,USD
BCTX,Briacell Therapeutics Corp,56202010,생명 공학 및 의학 연구,35582129,481억원,USD
ANGH,Anghami Inc,57201030,온라인 서비스,35486910,480억원,USD
ALGS,Aligos Therapeutics  Inc.,56202010,생명 공학 및 의학 연구,35469089,479억원,USD
DCGO,DocGo Inc.,56102010,의료 시설 및 서비스,35446035,479억원,USD
NSPR,InspireMD Inc,56101020,"의료 장비, 물품 및 유통",35280592,477억원,USD
CREX,Creative Realities Inc,57201010,IT 서비스 및 컨설팅,35168916,475억원,USD
BGDE,Big Digital Energy Inc,57201010,IT 서비스 및 컨설팅,35118902,475억원,USD
ATYR,aTyr Pharma Inc,56202010,생명 공학 및 의학 연구,34958358,472억원,USD
OCCIN,OFS Credit Company 5 25 Prf Shs Series E Due 2026,55501030,폐쇄형 펀드,34818000,471억원,USD
ARBK,Argo Blockchain PLC ADR,57301030,블록 체인 및 암호화폐,34736088,469억원,USD
RILYP,BRC Group Holdings Depositary Shares representing 1 1000 Cum Pref Series A,55102010,투자 은행 및 중개 서비스,34576557,467억원,USD
VIP,Vulcan Infrastructure and Power Inc,57201010,IT 서비스 및 컨설팅,34463917,466억원,USD
HHS,Harte Hanks Inc,53302010,광고 및 마케팅,34438589,465억원,USD
POWWP,AMMO 8 75 Cumulative Redeemable Perpetual Prf Shs Series A,53205020,오락용 제품,34300000,464억원,USD
BHST,BioHarvest Sciences Inc,56201040,제약,34228441,463억원,USD
CELU,Celularity Inc,56201040,제약,34156234,462억원,USD
PETS,PetMed Express  Inc.,54301010,의약품 소매,34035895,460억원,USD
DXLG,Destination XL Group Inc,53403040,의류 및 액세서리 소매,33893210,458억원,USD
PFAI,Pinnacle Food Group Ltd,53403020,주택 개조 제품 및 서비스 소매,33727012,456억원,USD
TAOX,TAO Synergies Inc,57301030,블록 체인 및 암호화폐,33599757,454억원,USD
BOSC,BOS Better Online Solutions Ltd,52102010,산업용 기계 및 장비,33393800,451억원,USD
BDMD,Baird Medical Investment Holdings Ltd,56101020,"의료 장비, 물품 및 유통",33349144,451억원,USD
UG,United-Guardian Inc,56201040,제약,33308813,450억원,USD
FIEE,FiEE Inc,57201010,IT 서비스 및 컨설팅,33176246,448억원,USD
KOSS,Koss Corp,57106030,가정용 전자 제품,33132533,448억원,USD
WKHS,Workhorse Group Inc,53101010,자동차 및 트럭 제조,33113613,448억원,USD
QVCGP,Qurate Retail 8 0 Cumulative Redeemable Pref Shs,53402010,백화점,32698773,442억원,USD
AVX,AVAX One Technology Ltd,57301030,블록 체인 및 암호화폐,32622459,441억원,USD
VTSI,VirTra Inc,52101010,항공우주 및 방위,32600517,441억원,USD
FTFT,Future Fintech Group Inc,57301030,블록 체인 및 암호화폐,32471518,439억원,USD
BLNE,Beeline Holdings Inc,55101030,소비자 대출,32062138,433억원,USD
EHLD,Euroholdings Ltd,52405020,해양 화물 및 물류,31546088,426억원,USD
PAVM,PAVmed Inc,56101010,첨단 의료 장비 및 기술,33442927,452억원,USD
GAIA,Gaia Inc,57201030,온라인 서비스,32799273,443억원,USD
NSYS,Nortech Systems Inc,57101010,반도체,32746965,443억원,USD
LFMDP,LifeMD 8.875 Cumulative Perpetual Pref Shs Series A,56101010,첨단 의료 장비 및 기술,32690000,442억원,USD
CCG,Cheche Group Inc,55301020,손해보험,32570538,440억원,USD
CNTY,Century Casinos Inc,53301030,카지노 및 도박,32499034,439억원,USD
LVLU,Lulu's Fashion Lounge Holdings Inc,53403040,의류 및 액세서리 소매,32420093,438억원,USD
PGACU,Pantages Capital Acquisition Units,55601010,투자 지주 회사,32334693,437억원,USD
AEI,Alset Inc,52201020,건설 및 엔지니어링,32162962,435억원,USD
KLXE,KLX Energy Services Holdings Inc,50103020,오일 관련 서비스 및 장비,32143083,434억원,USD
QNCX,Quince Therapeutics  Inc.,56202010,생명 공학 및 의학 연구,31884925,431억원,USD
FLD,Fold Holdings Inc,57301030,블록 체인 및 암호화폐,31875913,431억원,USD
GTEC,Greenland Technologies Holding Corp,53101020,"자동차, 트럭 및 오토바이 부품",31853066,430억원,USD
HERZ,Herzfeld Credit Income Fund，Inc.,55501030,폐쇄형 펀드,31708018,429억원,USD
MNY,MoneyHero Ltd,57201030,온라인 서비스,31343192,424억원,USD
BBGI,Beasley Broadcast Group Inc,53302020,방송,31330019,423억원,USD
PDC,Perpetuals.com Ltd ADR,57301030,블록 체인 및 암호화폐,31320573,423억원,USD
ABVC,ABVC Biopharma Inc,56202010,생명 공학 및 의학 연구,30919063,418억원,USD
ASTI,Ascent Solar Technologies Inc,50201010,재생 가능 에너지 장비 및 서비스,30823593,417억원,USD
CVV,CVD Equipment Corp,52102010,산업용 기계 및 장비,30793829,416억원,USD
RAND,Rand Capital Corp,55102020,투자 관리 및 펀드 운영,30648480,414억원,USD
RYET,Ruanyun Edai Technology Inc,57201020,소프트웨어,30644163,414억원,USD
VAI,Valor Energy Inc.,53403010,"자동차 차량, 부품 및 서비스 소매",30570727,413억원,USD
QNTM,Quantum Biopharma Ltd,56202010,생명 공학 및 의학 연구,30450978,412억원,USD
BYSI,Beyondspring Inc,56202010,생명 공학 및 의학 연구,30441003,411억원,USD
BRNS,Barinthus Biotherapeutics PLC ADR,56202010,생명 공학 및 의학 연구,30232266,409억원,USD
DRK,Sphere 3D Corp,57301030,블록 체인 및 암호화폐,30228759,409억원,USD
JFU,9f Inc ADR,57201010,IT 서비스 및 컨설팅,30198599,408억원,USD
CLPS,CLPS Inc,57201010,IT 서비스 및 컨설팅,29991037,405억원,USD
RNAZ,Transcode Therapeutics Inc,56202010,생명 공학 및 의학 연구,29967408,405억원,USD
DAIO,Data I/O Corp,57106010,컴퓨터 하드웨어,29939406,405억원,USD
OCCIM,OFS Credit Company 7 875 Prf Shs Series F,55501030,폐쇄형 펀드,29935880,405억원,USD
EDHL,Everbright Digital Holding Ltd,53302010,광고 및 마케팅,29766579,402억원,USD
ANPA,Rich Sparkle Holdings Ltd,52203020,상업 인쇄 서비스,29750457,402억원,USD
QRHC,Quest Resource Holding Corp,52203010,환경 서비스 및 장비,29635463,401억원,USD
EVAX,Evaxion A/S ADR,56202010,생명 공학 및 의학 연구,29500249,399억원,USD
KYNB,Kyntra Bio  Inc.,56201040,제약,29477623,398억원,USD
USEA,United Maritime Corp,52405020,해양 화물 및 물류,29472850,398억원,USD
NTRP,Nexttrip Inc,53301040,여가 및 오락시설,29267036,396억원,USD
BEEM,Beam Global,50201010,재생 가능 에너지 장비 및 서비스,28970643,392억원,USD
MNSBP,MainStreet Bancshares Depositary Shares Representing Pref Shs,55101010,은행,28761500,389억원,USD
PRHI,Presurance Holdings Inc,55301020,손해보험,28470299,385억원,USD
OPTH,Optimi Health Corp,56201040,제약,28400300,384억원,USD
FKWL,Franklin Wireless Corp,57102010,통신 및 네트워킹,28400115,384억원,USD
BANFP,BancFirst 7.2% Cumulative Pref Shs,55101050,기업 금융 서비스,28340000,383억원,USD
EHTH,eHealth Inc,55301010,복합보험 및 중개인,28217565,381억원,USD
EWAV,East West Ave Acquisition Corp,55601010,투자 지주 회사,28190250,381억원,USD
SWAG,Stran & Company Inc,53302010,광고 및 마케팅,28145779,380억원,USD
BRLS,Borealis Foods Inc (Oakville),54102020,식품 가공,28116931,380억원,USD
RCON,Recon Technology Ltd,50103020,오일 관련 서비스 및 장비,27881088,377억원,USD
BIRD,Smartbird Inc,57201010,IT 서비스 및 컨설팅,27869695,377억원,USD
CRWS,Crown Crafts Inc,53204040,가정용 가구,27761540,375억원,USD
AAME,Atlantic American Corp,55301030,생명 및 건강 보험,27740230,375억원,USD
RDIB,Reading International Inc Class B,53301040,여가 및 오락시설,27645706,374억원,USD
MDBH,MDB Capital Holdings LLC,55102010,투자 은행 및 중개 서비스,27505795,372억원,USD
ARAY,Accuray Incorporated,56101010,첨단 의료 장비 및 기술,27471041,371억원,USD
SJ,Scienjoy Holding Corp,57201030,온라인 서비스,27379993,370억원,USD
YHNA,YHN Acquisition I Ltd,55601010,투자 지주 회사,27214614,368억원,USD
REFR,Research Frontiers Inc,53302030,엔터테인먼트 제작,27175952,367억원,USD
KSCP,Knightscope Inc,57102010,통신 및 네트워킹,25862101,350억원,USD
AIXC,Aixcrypto Holdings Inc,57301030,블록 체인 및 암호화폐,29763526,402억원,USD
QNME,Quanome Technologies  Inc,56201040,제약,29294410,396억원,USD
GRDX,GridAI Technologies Corp,57201010,IT 서비스 및 컨설팅,27740068,375억원,USD
RADX,Radiopharm Theranostics Ltd ADR,56201040,제약,25909856,350억원,USD
MRNO,Murano Global Investments Plc,60101010,"부동산 임대, 개발 및 운영",25872351,350억원,USD
CLIR,ClearSign Technologies Corp,52102010,산업용 기계 및 장비,25527956,345억원,USD
AWRE,Aware Inc,57201020,소프트웨어,25520785,345억원,USD
NXPL,NextPlat Corp,57401020,무선 통신 서비스,25395758,343억원,USD
KTCC,Key Tronic Corp,57104010,전자 장비 및 부품,25301470,342억원,USD
ASPC,A SPAC III Acquisition Corp,55601010,투자 지주 회사,25292626,342억원,USD
PLRZ,Polyrizon Ltd,56202010,생명 공학 및 의학 연구,25286234,342억원,USD
DFNS,T3 Defense Inc,52101010,항공우주 및 방위,25123271,340억원,USD
TXMD,TherapeuticsMD Inc,56201040,제약,25000622,338억원,USD
EURK,Eureka Acquisition Corp,55601010,투자 지주 회사,24961912,337억원,USD
FGBIP,First Guaranty Bancshares 6.75 Dep Shs Rep Non Cumulative Perpetual Prf Shs,55101010,은행,24860700,336억원,USD
ORIO,Orion Digital Corp,57301010,핀테크,24851352,336억원,USD
MF,MindForge Inc,53302010,광고 및 마케팅,24543432,332억원,USD
BEAT,HeartBeam  Inc.,56101010,첨단 의료 장비 및 기술,24438635,330억원,USD
GIFT,Giftify Inc,57201030,온라인 서비스,24124545,326억원,USD
TCRX,TScan Therapeutics Inc,56202010,생명 공학 및 의학 연구,24048080,325억원,USD
AYTU,Aytu Biopharma Inc,56201040,제약,23935054,323억원,USD
TRSG,Tungray Technologies Inc,52102010,산업용 기계 및 장비,23802497,322억원,USD
NXTC,NextCure Inc,56202010,생명 공학 및 의학 연구,23710720,320억원,USD
NOMA,Nomadar Corp,63101010,기타 교육 서비스 제공,23689470,320억원,USD
SOHOO,Sotherly Hotels Cum Redeemable Perptual 7.875 Pref Shs Series C,60102040,특수 REITs,23684805,320억원,USD
DUO,Fangdd Network Group Ltd,60101020,부동산 서비스,23645597,320억원,USD
SNAL,Snail Inc,57201020,소프트웨어,23643341,320억원,USD
PMEC,Primech Holdings Ltd,52203040,경영 지원 서비스,23638587,319억원,USD
JVA,Coffee Holding Co Inc,54102020,식품 가공,23633600,319억원,USD
LIVE,Live Ventures Inc,55601010,투자 지주 회사,23605676,319억원,USD
UPC,Universe Pharmaceuticals Inc,56201040,제약,23438779,317억원,USD
BLIV,Belive Holdings,57107010,통합 하드웨어 및 소프트웨어,23359324,316억원,USD
BSAA,BEST SPAC I Acquistion Corp,55601010,투자 지주 회사,23348207,316억원,USD
PBM,Psyence Biomedical Ltd,56202010,생명 공학 및 의학 연구,23267401,314억원,USD
LOOP,Loop Industries Inc,52203010,환경 서비스 및 장비,23154846,313억원,USD
NEXR,Nexera Technologies Ltd,53402010,백화점,23110467,312억원,USD
STRRP,Star Equity Holdings 10 Cumulative Perpetual Prf Shs Series A,53203010,주택 건설,23060100,312억원,USD
RPGL,Republic Power Group Ltd,57201020,소프트웨어,23010742,311억원,USD
OCCIO,OFS Credit Company 6 125 Prf Series C,55501030,폐쇄형 펀드,22981600,311억원,USD
BIOX,Bioceres Crop Solutions Corp,51101020,농화학제,22967339,310억원,USD
SKYQ,Sky Quarry Inc,52203010,환경 서비스 및 장비,22966814,310억원,USD
SOHOB,Sotherly Hotels 8.0% Cumulative Redeemable Perpetual Pref Shs Series B,60102040,특수 REITs,22929417,310억원,USD
COCP,Cocrystal Pharma Inc,56202010,생명 공학 및 의학 연구,22923208,310억원,USD
SPPL,Simpple Ltd,57201020,소프트웨어,22899671,309억원,USD
PSHG,Performance Shipping Inc,50103030,오일 및 가스 수송 서비스,22626528,306억원,USD
YFOR,YYForce Inc.,52203030,고용 서비스,22593789,305억원,USD
ATOS,Atossa Therapeutics Inc,56202010,생명 공학 및 의학 연구,22553213,305억원,USD
AZIO,Azio AI Holdings Inc,53101020,"자동차, 트럭 및 오토바이 부품",22231595,300억원,USD
HSCS,HeartSciences Inc,56101010,첨단 의료 장비 및 기술,22128793,299억원,USD
HKIT,Biddance AI Systems  Inc,57107010,통합 하드웨어 및 소프트웨어,22119976,299억원,USD
LIQT,LiqTech International Inc,52203010,환경 서비스 및 장비,22075053,298억원,USD
YAAS,Youxin Technology Ltd,57201020,소프트웨어,21686199,293억원,USD
MERC,Mercer International Inc,51301020,종이 제품,21606614,292억원,USD
BNGO,Bionano Genomics  Inc.,56101010,첨단 의료 장비 및 기술,21434140,290억원,USD
ESLA,Estrella Immunopharma Inc,56202010,생명 공학 및 의학 연구,21096464,285억원,USD
CDLX,Cardlytics Inc,57201020,소프트웨어,21081603,285억원,USD
CLRB,Cellectar Biosciences Inc,56201040,제약,21078201,285억원,USD
TVRD,Tvardi Therapeutics  Inc.,56202010,생명 공학 및 의학 연구,20942141,283억원,USD
GRAN,Grande Group Ltd,55102020,투자 관리 및 펀드 운영,20304375,274억원,USD
ACTU,Actuate Therapeutics Inc,56202010,생명 공학 및 의학 연구,19389067,262억원,USD
ZEO,Zeo Energy Corp.,50201010,재생 가능 에너지 장비 및 서비스,28792153,389억원,USD
UTSI,UTStarcom Holdings Corp.,57102010,통신 및 네트워킹,22232482,300억원,USD
JDZG,JIADE Ltd,63101010,기타 교육 서비스 제공,21617418,292억원,USD
COOT,Australian Oilseeds Holdings Ltd,54102020,식품 가공,21574725,292억원,USD
ELWS,Earlyworks Co Ltd ADR,57301030,블록 체인 및 암호화폐,21537024,291억원,USD
FEMY,Femasys Inc,56101020,"의료 장비, 물품 및 유통",21440069,290억원,USD
KMRK,K-Tech Solutions Co Ltd,53205010,장난감 및 어린이 제품,21372190,289억원,USD
TLF,Tandy Leather Factory Inc,53202010,직물 및 가죽제품,21217474,287억원,USD
MWYN,Marwynn Holdings Inc,54301020,식품 소매 및 유통,21204544,287억원,USD
TGHL,Growhub Ltd,57201010,IT 서비스 및 컨설팅,21003902,284억원,USD
BCG,Binah Capital Group Inc,55102020,투자 관리 및 펀드 운영,20983961,284억원,USD
CTRM,Castor Maritime Inc,52405020,해양 화물 및 물류,20967308,283억원,USD
RECT,Rectitude Holdings Ltd,52102010,산업용 기계 및 장비,20901713,282억원,USD
BMR,Beamr Imaging Ltd,57201020,소프트웨어,20810004,281억원,USD
AIFA,All in Futuretech Alliance Inc,57201030,온라인 서비스,20801824,281억원,USD
IMPPP,Imperial Petroleum 8.75 Cumulative Redeemable Perpetual Pref Shs Series A,50201020,재생 가능 연료,20772336,281억원,USD
JSPR,Jasper Therapeutics  Inc.,56202010,생명 공학 및 의학 연구,20726724,280억원,USD
EXYN,Exyn Technologies Inc,57201020,소프트웨어,20600749,278억원,USD
MRKR,Marker Therapeutics Inc,56202010,생명 공학 및 의학 연구,20341215,275억원,USD
NEUP,Neuphoria Therapeutics Inc,56202010,생명 공학 및 의학 연구,20211332,273억원,USD
STAK,STAK Inc,50103020,오일 관련 서비스 및 장비,20170866,273억원,USD
HTCO,High-Trend International Group,52407020,항만 운영 및 서비스,19938653,269억원,USD
LEDS,SemiLEDs Corp,57101010,반도체,19856167,268억원,USD
CCHH,CCH Holdings Ltd,53301020,레스토랑 및 바,19815727,268억원,USD
MNDO,Mind CTI Ltd,57201010,IT 서비스 및 컨설팅,19783481,267억원,USD
LFWD,Lifeward Ltd,56101020,"의료 장비, 물품 및 유통",19654191,266억원,USD
AKTX,Akari Therapeutics PLC ADR,56201040,제약,19567169,264억원,USD
RKTO,Rocket One Inc,56201040,제약,19454970,263억원,USD
MSGM,Motorsport Games Inc,57201030,온라인 서비스,19410632,262억원,USD
FTHM,Fathom Holdings Inc,60101020,부동산 서비스,19121846,258억원,USD
RDAC,Rising Dragon Acquisition Corp,55601010,투자 지주 회사,18997524,257억원,USD
GMM,Global Mofy AI Ltd,57201010,IT 서비스 및 컨설팅,18887696,255억원,USD
WHLRP,Wheeler Real Estate Investment Trust Series B Conv Prf Shs,60102020,상업용 REITs,18881997,255억원,USD
AIFF,Firefly Neuroscience Inc,57201010,IT 서비스 및 컨설팅,18828379,254억원,USD
FOXX,Foxx Development Holdings Inc,53403050,컴퓨터 및 전자 제품 소매,18518335,250억원,USD
DUKR,DUKE Robotics Corp,52101010,항공우주 및 방위,18466021,250억원,USD
YI,111 Inc ADR,57201030,온라인 서비스,18449222,249억원,USD
GRNQ,GreenPro Capital Corp,55101050,기업 금융 서비스,18408842,249억원,USD
INTZ,Intrusion Inc,57201010,IT 서비스 및 컨설팅,18404722,249억원,USD
SOHON,SOTHERLY HOTELS Perpetual Pref Shs Series D,60102040,특수 REITs,18318825,248억원,USD
PTN,Palatin Technologies Inc,56202010,생명 공학 및 의학 연구,18273154,247억원,USD
TWG,Top Wealth Group Holding Ltd,54102010,어업 및 농업,18202774,246억원,USD
LHAI,Linkhome Holdings Inc,60101020,부동산 서비스,18183000,246억원,USD
MODD,Modular Medical Inc,56101020,"의료 장비, 물품 및 유통",18094827,245억원,USD
JF,J and Friends Holdings Limited ADR,57301010,핀테크,18025520,244억원,USD
NFEGP,New Fortress Energy Mandatorily Convertible Prf Shs Series A,59102010,천연가스 유틸리티,18005540,243억원,USD
BRFH,Barfresh Food Group Inc,54101030,무알콜 음료,17938989,242억원,USD
SCAG,Scage Future ADR,52102020,중장비 및 차량,17934587,242억원,USD
LPCN,Lipocine Inc,56202010,생명 공학 및 의학 연구,17807586,241억원,USD
ALLR,Allarity Therapeutics Inc,56202010,생명 공학 및 의학 연구,17660904,239억원,USD
CMMB,Chemomab Therapeutics Ltd ADR,56202010,생명 공학 및 의학 연구,17439831,236억원,USD
NIKI,Aptorum Group Ltd,56202010,생명 공학 및 의학 연구,17390396,235억원,USD
LTRN,Lantern Pharma Inc,56202010,생명 공학 및 의학 연구,17386439,235억원,USD
MDRR,Medalist Diversified Inc,60102020,상업용 REITs,17376095,235억원,USD
LICN,Lichen International Ltd,54201030,개인 서비스,17094298,231억원,USD
PBK,PowerBank Corp,50201010,재생 가능 에너지 장비 및 서비스,16806179,227억원,USD
WIMI,WiMi Hologram Cloud Inc,57201020,소프트웨어,16730399,226억원,USD
NUR,NuRAN Wireless Inc,57102010,통신 및 네트워킹,15437798,209억원,USD
VRME,VerifyMe Inc,57201020,소프트웨어,13691804,185억원,USD
MAXN,Maxeon Solar Technologies Ltd,50201010,재생 가능 에너지 장비 및 서비스,12857045,174억원,USD
EPSM,Epsium Enterprise Ltd,54301020,식품 소매 및 유통,21635235,292억원,USD
SHPH,Shuttle Pharmaceuticals Holdings Inc,56202010,생명 공학 및 의학 연구,17915257,242억원,USD
EPOW,E-Power Inc,52102030,전기 부품 및 장비,17870564,242억원,USD
PRZO,Parazero Technologies Ltd,52101010,항공우주 및 방위,17636615,238억원,USD
BFRI,Biofrontera Inc,56201040,제약,17377260,235억원,USD
KTTA,Pasithea Therapeutics Corp,56202010,생명 공학 및 의학 연구,17178368,232억원,USD
FUSE,FUSEMACHINES INC.,57201010,IT 서비스 및 컨설팅,17098430,231억원,USD
EFOI,Energy Focus Inc,53203020,건설 자재 및 비품,17069515,231억원,USD
TLIH,Ten-League International Holdings Ltd,52102010,산업용 기계 및 장비,16995714,230억원,USD
MGIH,Millennium Group International Holdings Ltd,51302020,종이 포장재,16987500,230억원,USD
DSY,Big Tree Cloud Holdings Ltd,54201020,개인 생활 필수 용품,16964187,229억원,USD
IDAI,T Stamp Inc,57201020,소프트웨어,16917873,229억원,USD
UFG,Uni-Fuels Holdings Ltd,50102030,"오일, 가스 정제 및 마케팅",16807131,227억원,USD
OPAD,Offerpad Solutions Inc,60101020,부동산 서비스,16769639,227억원,USD
CTSO,Cytosorbents Corp,56101010,첨단 의료 장비 및 기술,16763857,227억원,USD
DARE,Dare Bioscience Inc,56201040,제약,16718721,226억원,USD
EDTK,Skillful Craftsman Education Technology Ltd,63103010,전문 및 비즈니스 교육,16685435,226억원,USD
ATTT,Atlas Trinity Tech Limited,57106030,가정용 전자 제품,16684270,225억원,USD
GNTA,Genenta Science SpA ADR,56202010,생명 공학 및 의학 연구,16608078,224억원,USD
ARTW,Art's Way Manufacturing Co Inc,52102020,중장비 및 차량,16592421,224억원,USD
CTXR,Citius Pharmaceuticals Inc,56202010,생명 공학 및 의학 연구,16422127,222억원,USD
NCEL,NewcelX AG,56202010,생명 공학 및 의학 연구,16343817,221억원,USD
IPM,Intelligent Protection Management Corp,52203040,경영 지원 서비스,16332984,221억원,USD
ONEG,OneConstruction Group Ltd,52201020,건설 및 엔지니어링,16320000,221억원,USD
ARKR,Ark Restaurants Corp,53301020,레스토랑 및 바,16300190,220억원,USD
JL,J-Long Group Ltd,53202020,의류 및 액세서리,16292969,220억원,USD
PASW,Ping An Biomedical Co Ltd,53202010,직물 및 가죽제품,16290233,220억원,USD
ATCX,Atlas Critical Minerals Corp,51202010,건설 자재,16165008,218억원,USD
SUNE,Sunation Energy Inc,59101010,전력 유틸리티,16087377,217억원,USD
DOGZ,Dogness International Corp,53202020,의류 및 액세서리,16034799,217억원,USD
DYAI,Dyadic International Inc,56202010,생명 공학 및 의학 연구,16025481,217억원,USD
LSTA,Lisata Therapeutics  Inc.,56202010,생명 공학 및 의학 연구,15990018,216억원,USD
FGI,FGI Industries Ltd,53403020,주택 개조 제품 및 서비스 소매,15952298,216억원,USD
GTIM,Good Times Restaurants Inc,53301020,레스토랑 및 바,15942423,215억원,USD
TULP,Bloomia Holdings  Inc,54102010,어업 및 농업,15942185,215억원,USD
PASG,Passage Bio Inc,56202010,생명 공학 및 의학 연구,15928160,215억원,USD
SKK,Skk Holdings Ltd,52201020,건설 및 엔지니어링,15921596,215억원,USD
BCDA,BioCardia Inc,56202010,생명 공학 및 의학 연구,15895721,215억원,USD
YXT,YXT.Com Group Holding Ltd ADR,63103010,전문 및 비즈니스 교육,15666330,212억원,USD
BTCT,BTC Digital Ltd,57301030,블록 체인 및 암호화폐,15576748,211억원,USD
ICU,SeaStar Medical Holding Corp,56101020,"의료 장비, 물품 및 유통",15556149,210억원,USD
SDOT,Sadot Group Inc,57301010,핀테크,15549777,210억원,USD
MTEX,Mannatech Inc,54102020,식품 가공,15437360,209억원,USD
FGNXP,Fundamental Global 8 00 Cumulative Pref Shs,55301050,재보험,15421989,208억원,USD
PLSM,Pulsenmore Ltd,56101010,첨단 의료 장비 및 기술,15411740,208억원,USD
FABC,Fabric.AI  Inc,57101010,반도체,15267876,206억원,USD
GIGM,GigaMedia Ltd,57201030,온라인 서비스,15248769,206억원,USD
HODO,House of Doge Inc,57301030,블록 체인 및 암호화폐,15147092,205억원,USD
MOBX,MOBIX LABS  INC.,57101010,반도체,14993548,203억원,USD
SMSI,Smith Micro Software Inc,57201020,소프트웨어,14924980,202억원,USD
ALAR,Alarum Technologies Ltd ADR,57201020,소프트웨어,14844629,201억원,USD
VWAV,VisionWave Holdings Inc,52101010,항공우주 및 방위,14748750,199억원,USD
LAZR,Luminar Technologies Inc,53101020,"자동차, 트럭 및 오토바이 부품",14668650,198억원,USD
DTSS,Datasea Intelligent Technology Ltd,57201020,소프트웨어,14666133,198억원,USD
ADAP,Adaptimmune Therapeutics PLC ADR,56201040,제약,14551332,197억원,USD
NXXT,NextNRG Inc,50102030,"오일, 가스 정제 및 마케팅",14499828,196억원,USD
LRE,Lead Real Estate Co Ltd ADR,60101010,"부동산 임대, 개발 및 운영",14460414,195억원,USD
RCT,Redcloud Holdings PLC,57201030,온라인 서비스,14360317,194억원,USD
BTLN,Brightline Interactive  Inc.,57201020,소프트웨어,13780916,186억원,USD
TURB,Turbo Energy SA ADR,50201010,재생 가능 에너지 장비 및 서비스,13613654,184억원,USD
TPST,Tempest Therapeutics Inc,56202010,생명 공학 및 의학 연구,15979411,216억원,USD
NEON,Neonode Inc,57104010,전자 장비 및 부품,15759164,213억원,USD
CNSY,Cerenome  Inc,56202010,생명 공학 및 의학 연구,15407241,208억원,USD
ASTC,Astrotech Corp,57104010,전자 장비 및 부품,14668868,198억원,USD
SAGT,Sagtec Global Ltd,57201020,소프트웨어,14528150,196억원,USD
FOFO,Hang Feng Technology Innovation Co Ltd,52203040,경영 지원 서비스,14403930,195억원,USD
TOMZ,TOMI Environmental Solutions Inc,52203010,환경 서비스 및 장비,14297146,193억원,USD
FMST,Foremost Clean Energy Ltd,51201080,다각적 채굴,14221816,192억원,USD
CRMT,America's CAR-MART Inc,53403010,"자동차 차량, 부품 및 서비스 소매",14175413,192억원,USD
HUIZ,Huize Holding Ltd ADR,55301010,복합보험 및 중개인,14148506,191억원,USD
UONEK,Urban One Inc Class D,53302020,방송,14142398,191억원,USD
EBON,Ebang International Holdings Inc,57106010,컴퓨터 하드웨어,14134906,191억원,USD
QNRX,Quoin Pharmaceuticals Ltd ADR,56202010,생명 공학 및 의학 연구,14079010,190억원,USD
DLPN,Dolphin Entertainment Inc,53302030,엔터테인먼트 제작,14067595,190억원,USD
HTOO,Fusion Fuel Green PLC,50201020,재생 가능 연료,14024579,190억원,USD
CUPR,Cuprina Holdings (Cayman) Ltd,56201040,제약,13937478,188억원,USD
PETZ,TDH Holdings Inc,60101020,부동산 서비스,13936412,188억원,USD
ZDAI,DirectBooking Technology Co Ltd,52203010,환경 서비스 및 장비,13924865,188억원,USD
BIVI,BioVie Inc,56202010,생명 공학 및 의학 연구,13905771,188억원,USD
FRTT,Fort Technology Inc,51101020,농화학제,13840680,187억원,USD
UCL,Ucloudlink Group Inc ADR,57401020,무선 통신 서비스,13827487,187억원,USD
WETH,Wetouch Technology Inc,57104010,전자 장비 및 부품,13782980,186억원,USD
HIND,Vyome Holdings Inc,56202010,생명 공학 및 의학 연구,13686130,185억원,USD
MEDS,DataMeds AI Inc,56101010,첨단 의료 장비 및 기술,13669881,185억원,USD
NRSN,Neurosense Therapeutics Ltd,56202010,생명 공학 및 의학 연구,13619756,184억원,USD
CABR,Caring Brands Inc,54201020,개인 생활 필수 용품,13582376,184억원,USD
PLUR,Pluri Inc,56202010,생명 공학 및 의학 연구,13579210,184억원,USD
SLE,Super League Enterprise Inc,57201030,온라인 서비스,13355123,180억원,USD
BIYA,Baiya International Group Inc,52203030,고용 서비스,13165351,178억원,USD
SLGB,Smart Logistics Global Ltd,52405030,지상 화물 및 물류,13095000,177억원,USD
INTS,Intensity Therapeutics Inc,56202010,생명 공학 및 의학 연구,13092165,177억원,USD
DFLI,Dragonfly Energy Holdings Corp,52102030,전기 부품 및 장비,13033056,176억원,USD
ARAI,Arrive AI Inc,57201020,소프트웨어,12963865,175억원,USD
GTBP,GT Biopharma Inc,56202010,생명 공학 및 의학 연구,12955441,175억원,USD
WXM,WF International Ltd,52201020,건설 및 엔지니어링,12926867,175억원,USD
GIXI,Gix Internet Ltd,57201020,소프트웨어,12810684,173억원,USD
CALC,CalciMedica Inc,56202010,생명 공학 및 의학 연구,12768906,173억원,USD
BMRA,Biomerica Inc,56101020,"의료 장비, 물품 및 유통",12757331,172억원,USD
NMTC,NeuroOne Medical Technologies Corp,56101010,첨단 의료 장비 및 기술,12565953,170억원,USD
BIOT,Instinct Bio Technical Company Holdings Inc,54201020,개인 생활 필수 용품,12528475,169억원,USD
ICMB,Investcorp Credit Management BDC Inc,55501030,폐쇄형 펀드,12448007,168억원,USD
XCH,XCHG Ltd ADR,59101010,전력 유틸리티,12392359,167억원,USD
DETX,Liberty Defense Holdings Ltd,57104010,전자 장비 및 부품,12273083,166억원,USD
BNKK,Bonk Inc,54102020,식품 가공,12161429,164억원,USD
CHAD,Defi Development Variable Rate Perpetual Preferred Shs Series C,57301030,블록 체인 및 암호화폐,12113750,164억원,USD
KPRX,Kiora Pharmaceuticals  Inc.,56202010,생명 공학 및 의학 연구,11990089,162억원,USD
NAII,Natural Alternatives International Inc,56201040,제약,11922935,161억원,USD
BTOC,Armlogi Holding Corp,52405010,"배달, 우편, 항공 화물 및 육상 물류",11815201,160억원,USD
ATER,Aterian Inc,53204030,"가전제품, 도구 및 가정 용품",11807853,160억원,USD
BLRX,BioLine RX Ltd ADR,56202010,생명 공학 및 의학 연구,11783048,159억원,USD
SCNX,Scienture Holdings Inc,56201040,제약,11707388,158억원,USD
PRPL,Purple Innovation Inc,53204040,가정용 가구,11640217,157억원,USD
PHIO,Phio Pharmaceuticals Corp,56202010,생명 공학 및 의학 연구,11617250,157억원,USD
CJMB,Callan JMB Inc,52405030,지상 화물 및 물류,11562260,156억원,USD
ASBP,Aspire-lakewood Holdings  Inc.,56201040,제약,11500967,155억원,USD
CLRO,Clearone Inc,57102010,통신 및 네트워킹,11450763,155억원,USD
NVNI,Nvni Group Ltd,55102020,투자 관리 및 펀드 운영,11366275,154억원,USD
ENLV,Enlivex Ltd,56202010,생명 공학 및 의학 연구,11302603,153억원,USD
SMX,SMX (Security Matters) PLC,57301030,블록 체인 및 암호화폐,10417979,141억원,USD
GTI,Graphjet Technology,52102030,전기 부품 및 장비,8667167,117억원,USD
HCTI,Healthcare Triangle Inc,57201020,소프트웨어,12948296,175억원,USD
CETY,Clean Energy Technologies Inc,59102010,천연가스 유틸리티,12287767,166억원,USD
SINT,SINTX Technologies Inc,56101020,"의료 장비, 물품 및 유통",12196097,165억원,USD
GYGY,Game Your Game Inc,57201020,소프트웨어,11956874,162억원,USD
CYN,CYNGN Inc,57201020,소프트웨어,11919475,161억원,USD
KALA,KALA BIO Inc,56202010,생명 공학 및 의학 연구,11584532,157억원,USD
OXBR,Oxbridge Re Holdings Ltd,55301050,재보험,11556779,156억원,USD
FLUX,Flux Power Holdings Inc,52102030,전기 부품 및 장비,11550281,156억원,USD
JBDI,JBDI Holdings Ltd,51302010,용기(종이 제외) 및 포장재,11322293,153억원,USD
CISO,CISO Global Inc,57201030,온라인 서비스,11313125,153억원,USD
SEED,Origin Agritech Ltd,54102010,어업 및 농업,11305623,153억원,USD
CHEK,Check Cap Ltd,56202010,생명 공학 및 의학 연구,11303008,153억원,USD
BANL,CBL International Ltd,52407020,항만 운영 및 서비스,11271399,152억원,USD
INAB,IN8bio  Inc.,56202010,생명 공학 및 의학 연구,11238557,152억원,USD
CLWT,Euro Tech Holdings Company Ltd,52203010,환경 서비스 및 장비,11191311,151억원,USD
VEEA,Veea Inc,57201010,IT 서비스 및 컨설팅,11167442,151억원,USD
IRIX,IRIDEX Corp,56101010,첨단 의료 장비 및 기술,11162502,151억원,USD
VTGN,Vistagen Therapeutics  Inc.,56202010,생명 공학 및 의학 연구,11156355,151억원,USD
GYRO,Gyrodyne LLC,60101010,"부동산 임대, 개발 및 운영",11106505,150억원,USD
CENN,Cenntro Inc (The Corporation),53101010,자동차 및 트럭 제조,11103163,150억원,USD
EDUC,Educational Development Corp,53302040,소비자 출판,11082453,150억원,USD
MTVA,MetaVia Inc,56202010,생명 공학 및 의학 연구,11068010,150억원,USD
ADIL,Adial Pharmaceuticals Inc,56202010,생명 공학 및 의학 연구,11028738,149억원,USD
MBRX,Moleculin Biotech Inc,56202010,생명 공학 및 의학 연구,11004720,149억원,USD
HPAI,Helport AI Ltd,57201010,IT 서비스 및 컨설팅,10947721,148억원,USD
BTBD,Bt Brands Inc,53301020,레스토랑 및 바,10946961,148억원,USD
UPLD,Upland Software Inc,57201020,소프트웨어,10941607,148억원,USD
IQST,iQSTEL Inc,57401020,무선 통신 서비스,10910401,147억원,USD
MSAI,MultiSensor AI Holdings Inc,57104010,전자 장비 및 부품,10873624,147억원,USD
HUDI,Huadi International Group Co.  Ltd.,51201020,철 및 강철,10867378,147억원,USD
SMXT,SolarMax Technology Inc,59101010,전력 유틸리티,10859672,147억원,USD
MIMI,Mint Incorporation Ltd,52201020,건설 및 엔지니어링,10849362,147억원,USD
ADGM,Adagio Medical Holdings Inc,56101010,첨단 의료 장비 및 기술,10783178,146억원,USD
GDTC,CytoMed Therapeutics Ltd,56202010,생명 공학 및 의학 연구,10767880,146억원,USD
GLE,Global Engine Group Holding Ltd,55601010,투자 지주 회사,10766070,146억원,USD
NIXX,Nixxy Inc,57201010,IT 서비스 및 컨설팅,10696270,145억원,USD
MTEK,Maris Tech Ltd,57102010,통신 및 네트워킹,10664893,144억원,USD
GFAI,Guardforce AI Co Ltd,52203040,경영 지원 서비스,10664317,144억원,USD
BLIN,Bridgeline Digital Inc,57201020,소프트웨어,10646898,144억원,USD
LZMH,LZ Technology Holdings Ltd,53302010,광고 및 마케팅,10594630,143억원,USD
FNGR,FingerMotion Inc,57201020,소프트웨어,10586613,143억원,USD
ADVB,Advanced Biomed Inc,56102010,의료 시설 및 서비스,10540609,142억원,USD
AEMD,Aethlon Medical Inc,56101010,첨단 의료 장비 및 기술,10538904,142억원,USD
CYCU,Cycurion Inc,57201010,IT 서비스 및 컨설팅,10433032,141억원,USD
AIMD,Ainos Inc,56101010,첨단 의료 장비 및 기술,10411543,141억원,USD
MDCX,Medicus Pharma Ltd,56201040,제약,10361620,140억원,USD
JCTC,Jewett-Cameron Trading Company Ltd,51301010,임업 및 목재 제품,10313931,139억원,USD
CLIK,Click Holdings Limited,52203030,고용 서비스,10190009,138억원,USD
IMRN,Immuron Ltd ADR,56201040,제약,10129359,137억원,USD
LNAI,Lunai Bioworks Inc,56202010,생명 공학 및 의학 연구,10110575,137억원,USD
XTLB,X T L Biopharmaceuticals Ltd ADR,56202010,생명 공학 및 의학 연구,10092683,136억원,USD
BGL,Blue Gold Ltd,51201060,금,9812170,133억원,USD
WVVI,Willamette Valley Vineyards Inc,54101020,증류주 및 포도주,9809672,133억원,USD
SEGG,Sports Entertainment Gaming Global Corp,53301030,카지노 및 도박,9778449,132억원,USD
NHTC,Natural Health Trends Corp,53403090,기타 전문 소매,9435633,128억원,USD
NXTT,Next Technology Holding Inc,57201020,소프트웨어,9206013,124억원,USD
LOBO,Lobo Technologies Ltd,57201010,IT 서비스 및 컨설팅,8926562,121억원,USD
ILLR,Triller Group Inc,57301010,핀테크,8809574,119억원,USD
BTTC,Black Titan Corp,55601010,투자 지주 회사,7750726,105억원,USD
HUBC,Hub Cyber Security Ltd,57201020,소프트웨어,7614281,103억원,USD
RAIN,Rain Enhancement Technologies Holdco Inc,52102010,산업용 기계 및 장비,11938132,161억원,USD
BFRG,Bullfrog AI Holdings Inc,56202010,생명 공학 및 의학 연구,11124991,150억원,USD
TANH,Tantech Holdings Ltd,54201020,개인 생활 필수 용품,10065274,136억원,USD
BIAF,bioAffinity Technologies Inc,56101020,"의료 장비, 물품 및 유통",9980477,135억원,USD
SNTI,Senti Biosciences Holdings Inc,56202010,생명 공학 및 의학 연구,9829284,133억원,USD
GITS,Global Interactive Technologies Inc,57201020,소프트웨어,9667139,131억원,USD
MYSE,Myseum AI Inc,57201010,IT 서비스 및 컨설팅,9561431,129억원,USD
IOTR,iOThree Ltd,57401020,무선 통신 서비스,9435916,128억원,USD
AMOD,Alpha Modus Holdings Inc,57201010,IT 서비스 및 컨설팅,9366555,127억원,USD
ALZN,Alzamend Neuro Inc,56202010,생명 공학 및 의학 연구,9361903,127억원,USD
NDRA,ENDRA Life Sciences Inc,56202010,생명 공학 및 의학 연구,9343991,126억원,USD
FBLG,Fibrobiologics Inc,56202010,생명 공학 및 의학 연구,9321979,126억원,USD
YJ,Yunji Inc ADR,57201030,온라인 서비스,9309271,126억원,USD
MGRX,Mangoceuticals Inc,56102010,의료 시설 및 서비스,9297716,126억원,USD
APRE,Aprea Therapeutics Inc,56202010,생명 공학 및 의학 연구,9221748,125억원,USD
AMSS,Amass Brands Inc,53301040,여가 및 오락시설,9113470,123억원,USD
SFHG,Samfine Creation Holdings Group Ltd,52203020,상업 인쇄 서비스,9094400,123억원,USD
BAOS,Baosheng Media Group Holdings Ltd,53302010,광고 및 마케팅,8978730,121억원,USD
MARPS,Marine Petroleum Units,50102020,"오일, 가스 탐사 및 생산",8900000,120억원,USD
RETO,ReTo Eco-Solutions Inc,52102010,산업용 기계 및 장비,8861302,120억원,USD
AQMS,Aqua Metals Inc,51201050,특수 채굴 및 금속,8837913,119억원,USD
CLGN,Collplant Biotechnologies Ltd,56202010,생명 공학 및 의학 연구,8717432,118억원,USD
LGVN,Longeveron Inc,56202010,생명 공학 및 의학 연구,8671901,117억원,USD
BYAH,Park Ha Biological Technology Co Ltd,54201010,가정용 제품,8632328,117억원,USD
VEEE,Twin Vee PowerCats Co (Nevada),53205020,오락용 제품,8611785,116억원,USD
INEO,INNEOVA Holdings Ltd,53101020,"자동차, 트럭 및 오토바이 부품",8597921,116억원,USD
JYD,Jayud Global Logistics Ltd,52405010,"배달, 우편, 항공 화물 및 육상 물류",8547867,116억원,USD
SURG,Surgepays Inc,57401010,통합 통신 서비스,8539419,115억원,USD
DLXY,Delixy Holdings Ltd,50102030,"오일, 가스 정제 및 마케팅",8502000,115억원,USD
WOK,WORK Medical Technology Group Ltd,56101020,"의료 장비, 물품 및 유통",8488398,115억원,USD
IMNN,Imunon Inc,56202010,생명 공학 및 의학 연구,8473219,115억원,USD
XCUR,Exicure Inc,56202010,생명 공학 및 의학 연구,8444334,114억원,USD
INHD,Inno Holdings Inc,52201020,건설 및 엔지니어링,8418741,114억원,USD
AIRE,reAlpha Tech Corp,57201020,소프트웨어,8414513,114억원,USD
SNGX,Soligenix Inc,56202010,생명 공학 및 의학 연구,8379709,113억원,USD
ENSC,Ensysce Biosciences Inc,56202010,생명 공학 및 의학 연구,8346965,113억원,USD
BENF,Beneficient,57301010,핀테크,8319815,112억원,USD
RVSN,Rail Vision Ltd,57104010,전자 장비 및 부품,8242619,111억원,USD
CMCT,Creative Media & Community Trust Corporation,60102020,상업용 REITs,8203847,111억원,USD
AMIX,Autonomix Medical Inc,56101010,첨단 의료 장비 및 기술,8094544,109억원,USD
LUCY,Innovative Eyewear Inc,56101020,"의료 장비, 물품 및 유통",8083174,109억원,USD
ARBB,ARB IOT Group Ltd,57201010,IT 서비스 및 컨설팅,8049567,109억원,USD
MTEN,Mingteng International Corp Inc,52102010,산업용 기계 및 장비,8032358,109억원,USD
RMCF,Rocky Mountain Chocolate Factory Inc (Delaware),54102020,식품 가공,8023649,108억원,USD
JZ,Jianzhi Education Technology Group Co Ltd ADR,57201010,IT 서비스 및 컨설팅,7924572,107억원,USD
THH,TryHard Holdings Ltd,53301040,여가 및 오락시설,7907308,107억원,USD
GP,GreenPower Motor Company Inc,53101010,자동차 및 트럭 제조,7803448,105억원,USD
UCAR,U Power Ltd,52102030,전기 부품 및 장비,7720976,104억원,USD
AUUD,Auddia Inc.,57201020,소프트웨어,7718057,104억원,USD
TRAW,Traws Pharma Inc,56202010,생명 공학 및 의학 연구,7684139,104억원,USD
XWEL,XWELL Inc,54201030,개인 서비스,7665920,104억원,USD
CNSP,CNS Pharmaceuticals Inc,56202010,생명 공학 및 의학 연구,7656824,103억원,USD
INM,InMed Pharmaceuticals Inc,56202010,생명 공학 및 의학 연구,7636292,103억원,USD
NCPL,Netcapital Inc,57301090,기타 핀테크 인프라,7612462,103억원,USD
SKYE,Skye Bioscience  Inc.,56202010,생명 공학 및 의학 연구,7571326,102억원,USD
OBAI,Our Bond  Inc,57201020,소프트웨어,7526855,102억원,USD
JCSE,JE Cleantech Holdings Ltd,52102010,산업용 기계 및 장비,7404783,100억원,USD
CYAB,Cyabra Inc,57201020,소프트웨어,7333445,99.1억원,USD
AUID,Authid Inc,57201020,소프트웨어,6855339,92.6억원,USD
ADN,Advent Technologies Holdings Inc,50201010,재생 가능 에너지 장비 및 서비스,3023366,40.9억원,USD
ZCMD,Zhongchao Inc,63103010,전문 및 비즈니스 교육,9139680,124억원,USD
REBN,Reborn Coffee Inc,53301020,레스토랑 및 바,8058090,109억원,USD
EVGN,Evogene Ltd,56202010,생명 공학 및 의학 연구,7797994,105억원,USD
IFBD,Infobird Co Ltd,57201020,소프트웨어,7779145,105억원,USD
FEBO,Fenbo Holdings Ltd,53204030,"가전제품, 도구 및 가정 용품",7706138,104억원,USD
GWAV,Greenwave Technology Solutions Inc,52203010,환경 서비스 및 장비,7694809,104억원,USD
ACON,Aclarion Inc,56202010,생명 공학 및 의학 연구,7580636,102억원,USD
PRSO,Peraso Inc,57101010,반도체,7563255,102억원,USD
ACXP,Acurx Pharmaceuticals Inc,56202010,생명 공학 및 의학 연구,7560791,102억원,USD
CHAI,Core AI Holdings Inc,57201020,소프트웨어,7488452,101억원,USD
BON,Bon Natural Life Ltd,56201040,제약,7464060,101억원,USD
POM,PomDoctor Ltd ADR,56201040,제약,7404856,100억원,USD
NCT,Intercont (Cayman) Ltd,52405020,해양 화물 및 물류,7344648,99.3억원,USD
GAUZ,Gauzy Ltd,53203020,건설 자재 및 비품,7327495,99억원,USD
QCLS,Q/C Technologies Inc,57301030,블록 체인 및 암호화폐,7310249,98.8억원,USD
CDZIP,Cadiz Depositary Shares,59103010,수자원 유틸리티,7238000,97.8억원,USD
CURX,Curanex Pharmaceuticals Inc,56202010,생명 공학 및 의학 연구,7182544,97.1억원,USD
BOLT,Bolt Biotherapeutics  Inc.,56202010,생명 공학 및 의학 연구,7146740,96.6억원,USD
YHGJ,Yunhong Green CTI Ltd,51302010,용기(종이 제외) 및 포장재,7123497,96.3억원,USD
CNEY,CN Energy Group Inc,51101010,상품 화학,7109700,96.1억원,USD
TKLF,Tokyo Lifestyle Co Ltd ADR,54301010,의약품 소매,7089908,95.8억원,USD
CCTG,CCSC Technology International Holdings Ltd,57104010,전자 장비 및 부품,7039968,95.1억원,USD
AMST,Amesite Inc,57201020,소프트웨어,7008341,94.7억원,USD
ENVB,Enveric Biosciences Inc,56202010,생명 공학 및 의학 연구,6892861,93.2억원,USD
DTST,Data Storage Corp,57301020,온라인 소액 투자 중개,6826195,92.3억원,USD
VS,Versus Systems Inc,57201020,소프트웨어,6802847,91.9억원,USD
DAIC,CID HoldCo Inc,57101010,반도체,6800423,91.9억원,USD
CODX,Co-Diagnostics Inc,56101010,첨단 의료 장비 및 기술,6752505,91.3억원,USD
ALP,Alpha Compute Corp,57201010,IT 서비스 및 컨설팅,6741839,91.1억원,USD
NAMI,Jinxin Technology Holding Co ADR,53302040,소비자 출판,6716785,90.8억원,USD
ICCM,Icecure Medical Ltd,56101010,첨단 의료 장비 및 기술,6682094,90.3억원,USD
GDC,GD Culture Group Ltd,57201010,IT 서비스 및 컨설팅,6660000,90억원,USD
TDIC,Dreamland Ltd,52203040,경영 지원 서비스,6656487,90억원,USD
WKSP,Worksport Ltd,52203040,경영 지원 서비스,6651715,89.9억원,USD
BMGL,Basel Medical Group Ltd,56102010,의료 시설 및 서비스,6559361,88.6억원,USD
ELOG,Eastern International Ltd,52405010,"배달, 우편, 항공 화물 및 육상 물류",6543037,88.4억원,USD
GELS,Gelteq Ltd,56201040,제약,6533746,88.3억원,USD
SONM,DNA X Inc,57106020,전화 및 소형 장치,6533497,88.3억원,USD
EEIQ,EpicQuest Education Group International Ltd,63102010,"초, 중, 고등 교육기관",6454762,87.2억원,USD
NWTG,Newton Golf Company Inc,53205020,오락용 제품,6344063,85.7억원,USD
SQFTP,Presidio Property Trus 9.375 Cumulative Redeemable Perpetual Cumulative,60102010,복합부동산 REITs,6329284,85.5억원,USD
CGTL,Creative Global Technology Holdings Ltd,53403090,기타 전문 소매,6292473,85억원,USD
ZNB,Zeta Network Group,51202010,건설 자재,6279174,84.9억원,USD
GXAI,Gaxos.ai Inc.,57201020,소프트웨어,6232962,84.2억원,USD
NVNO,enVVeno Medical Corp,56202010,생명 공학 및 의학 연구,6212770,84억원,USD
FRSX,Foresight Autonomous Holdings Ltd ADR,57201020,소프트웨어,6209426,83.9억원,USD
PULM,Pulmatrix Inc,56202010,생명 공학 및 의학 연구,6208885,83.9억원,USD
ERNA,Ernexa Therapeutics Inc,56202010,생명 공학 및 의학 연구,6203162,83.8억원,USD
CELZ,Creative Medical Technology Holdings Inc,56202010,생명 공학 및 의학 연구,6197004,83.8억원,USD
BGMS,Bio Green Med Solution Inc,56202010,생명 공학 및 의학 연구,6143966,83억원,USD
WAFU,Wah Fu Education Group Ltd,57201010,IT 서비스 및 컨설팅,6130677,82.9억원,USD
XBIO,Xenetic Biosciences Inc,56202010,생명 공학 및 의학 연구,6021975,81.4억원,USD
AIDX,20/20 Biolabs Inc,56101010,첨단 의료 장비 및 기술,6008428,81.2억원,USD
INBS,Intelligent Bio Solutions Inc,56202010,생명 공학 및 의학 연구,5970245,80.7억원,USD
ORKT,Orangekloud Technology Inc,57201020,소프트웨어,5956565,80.5억원,USD
CRE,Cre8 Enterprise Ltd,52203020,상업 인쇄 서비스,5941256,80.3억원,USD
TWAV,TaoWeave Inc,57301030,블록 체인 및 암호화폐,5854601,79.1억원,USD
YMAT,J-Star Holding Co Ltd,53205020,오락용 제품,5834536,78.9억원,USD
HXHX,Haoxin Holdings Ltd,52405030,지상 화물 및 물류,5789376,78.2억원,USD
FFAI,Faraday Future Intelligent Electric Inc,53101010,자동차 및 트럭 제조,5474527,74억원,USD
LHSW,Lianhe Sowell International Group Ltd,57201020,소프트웨어,11997218,162억원,USD
CWD,CaliberCos Inc,55102020,투자 관리 및 펀드 운영,7833212,106억원,USD
SVRE,Saverone 2014 Ltd ADR,57201020,소프트웨어,6999535,94.6억원,USD
GURE,Gulf Resources Inc,51101010,상품 화학,6728200,90.9억원,USD
JTAI,Jet.AI Inc,57201020,소프트웨어,6403538,86.5억원,USD
ILAG,Intelligent Living Application Group Inc,52102010,산업용 기계 및 장비,6210075,83.9억원,USD
FBGL,FBS Global Ltd,52201020,건설 및 엔지니어링,6205950,83.9억원,USD
SNOA,Sonoma Pharmaceuticals Inc,56201040,제약,6201010,83.8억원,USD
MRM,Medirom Healthcare Technologies Inc ADR,54201030,개인 서비스,6085292,82.2억원,USD
TRIB,Trinity Biotech PLC ADR,56101020,"의료 장비, 물품 및 유통",6017177,81.3억원,USD
SMCIP,Super Micro Computer Depositary Shs representing 1 20th Mandatory Convert Prf,57106010,컴퓨터 하드웨어,5979543,80.8억원,USD
GLXG,Galaxy Payroll Group Ltd,52203030,고용 서비스,5933496,80.2억원,USD
KRKR,36Kr Holdings Inc ADR,57201030,온라인 서비스,5908544,79.9억원,USD
CXAI,CXApp Inc,57201020,소프트웨어,5890266,79.6억원,USD
HCAI,Huachen AI Parking Management Technology Holding Co Ltd,52102010,산업용 기계 및 장비,5881164,79.5억원,USD
TAOP,Taoping Inc,57106010,컴퓨터 하드웨어,5868516,79.3억원,USD
UZX,Linkage Global Inc,53402010,백화점,5805005,78.5억원,USD
SGLY,Singularity Future Technology Ltd,52405010,"배달, 우편, 항공 화물 및 육상 물류",5782053,78.1억원,USD
POLA,Polar Power Inc,52102030,전기 부품 및 장비,5774487,78억원,USD
NCNA,NuCana PLC ADR,56202010,생명 공학 및 의학 연구,5731708,77.5억원,USD
CDIO,Cardio Diagnostics Holdings Inc,56202010,생명 공학 및 의학 연구,5682180,76.8억원,USD
XELB,Xcel Brands Inc,53302030,엔터테인먼트 제작,5648396,76.3억원,USD
AQB,AquaBounty Technologies Inc,54102010,어업 및 농업,5610452,75.8억원,USD
JWEL,Jowell Global Ltd,53402010,백화점,5583908,75.5억원,USD
FAMI,Farmmi Inc,54102020,식품 가공,5579714,75.4억원,USD
LIMN,Liminatus Pharma Inc,56202010,생명 공학 및 의학 연구,5466857,73.9억원,USD
XPON,Expion Energy  Inc,52102030,전기 부품 및 장비,5366239,72.5억원,USD
DKI,DarkIris Inc,57201020,소프트웨어,5327871,72억원,USD
LEXX,Lexaria Bioscience Corp,56201040,제약,5321066,71.9억원,USD
VVOS,Vivos Therapeutics Inc,56101020,"의료 장비, 물품 및 유통",5263231,71.1억원,USD
NTCL,NetClass Technology Inc,63101010,기타 교육 서비스 제공,5259343,71.1억원,USD
PCSA,Processa Pharmaceuticals Inc,56202010,생명 공학 및 의학 연구,5251566,71억원,USD
VMAR,Vision Marine Technologies Inc,53205020,오락용 제품,5230898,70.7억원,USD
AGRZ,Agroz Inc,52201020,건설 및 엔지니어링,5186465,70.1억원,USD
DFSC,DEFSEC Technologies Inc,52101010,항공우주 및 방위,5175744,70억원,USD
HKPD,Cellyan Biotechnology Co Ltd,56201040,제약,5144430,69.5억원,USD
OLB,OLB Group Inc,57201030,온라인 서비스,5118729,69.2억원,USD
MGN,Megan Holdings Ltd,54102010,어업 및 농업,5105953,69억원,USD
SPHL,Springview Holdings Ltd,53203010,주택 건설,4976356,67.3억원,USD
MSGY,Masonglory Ltd,52201020,건설 및 엔지니어링,4970463,67.2억원,USD
PMCB,PharmaCyte Biotech Inc,56202010,생명 공학 및 의학 연구,4922295,66.5억원,USD
NCRA,Nocera Inc,52102020,중장비 및 차량,4918626,66.5억원,USD
YDKG,Yueda Digital Holding,57301030,블록 체인 및 암호화폐,4860010,65.7억원,USD
UONE,Urban One Inc Class A,53302020,방송,4853953,65.6억원,USD
HYFM,Hydrofarm Holdings Group Inc,52102020,중장비 및 차량,4843420,65.5억원,USD
CNET,ZW Data Action Technologies Inc,53302010,광고 및 마케팅,4805642,64.9억원,USD
CHNR,China Natural Resources Inc,59103010,수자원 유틸리티,4736583,64억원,USD
DXST,Decent Holding Inc,52203010,환경 서비스 및 장비,4719333,63.8억원,USD
LABT,Lakewood-Amedex Biotherapeutics Inc,56202010,생명 공학 및 의학 연구,4715679,63.7억원,USD
WBUY,Webuy Global Ltd,53301040,여가 및 오락시설,4713749,63.7억원,USD
SNTG,Sentage Holdings Inc,52203040,경영 지원 서비스,4712946,63.7억원,USD
DPU,Top KingWin Ltd,52203070,전문 정보 서비스,4689170,63.4억원,USD
KITT,Nauticus Robotics Inc,52102010,산업용 기계 및 장비,4676700,63.2억원,USD
DRMA,Dermata Therapeutics Inc,56202010,생명 공학 및 의학 연구,4625464,62.5억원,USD
EHGO,Eshallgo Inc,52203060,비즈니스 지원 용품,4596982,62.1억원,USD
FCUV,Focus Universal Inc,57201020,소프트웨어,4576176,61.8억원,USD
BRNX,Brenx Ltd,50201010,재생 가능 에너지 장비 및 서비스,4536445,61.3억원,USD
VIVK,Vivakor Inc,50103030,오일 및 가스 수송 서비스,4495920,60.8억원,USD
TGL,Treasure Global Inc,57201020,소프트웨어,4085599,55.2억원,USD
ZYXI,Zynex Inc,56101010,첨단 의료 장비 및 기술,3798579,51.3억원,USD
TRNR,Interactive Strength Inc,53301040,여가 및 오락시설,4794318,64.8억원,USD
CPOP,Pop Culture Group Co Ltd,53302010,광고 및 마케팅,4749969,64.2억원,USD
RENX,RenX Enterprises Corp,53203010,주택 건설,4630866,62.6억원,USD
OMH,Ohmyhome Ltd,57201020,소프트웨어,4628856,62.6억원,USD
RMSG,Real Messenger Corp,57201020,소프트웨어,4517546,61.1억원,USD
GRI,GRI Bio Inc,56202010,생명 공학 및 의학 연구,4481536,60.6억원,USD
BJDX,Bluejay Diagnostics Inc,56202010,생명 공학 및 의학 연구,4468051,60.4억원,USD
EZGO,EZGO Technologies Ltd,53205020,오락용 제품,4449527,60.1억원,USD
SCKT,Socket Mobile Inc,57104010,전자 장비 및 부품,4446829,60.1억원,USD
LCFY,Locafy Ltd,57201020,소프트웨어,4407685,59.6억원,USD
DBGI,Digital Brands Group Inc,57201030,온라인 서비스,4396827,59.4억원,USD
STFS,Star Fashion Culture Holdings Ltd,53302010,광고 및 마케팅,4369220,59.1억원,USD
EZRA,Reliance Global Group Inc,55301010,복합보험 및 중개인,4308761,58.2억원,USD
BGLC,BioNexus Gene Lab Corp,56202010,생명 공학 및 의학 연구,4282825,57.9억원,USD
KUST,Kustom Entertainment Inc,52203040,경영 지원 서비스,4279562,57.8억원,USD
SNES,Senestech Inc,51101020,농화학제,4235786,57.2억원,USD
INTJ,Intelligent Group Ltd,53302010,광고 및 마케팅,4228120,57.1억원,USD
HIHO,Highway Holdings Ltd,51201020,철 및 강철,4211200,56.9억원,USD
ABTS,Abits Group Inc,57201030,온라인 서비스,4146634,56억원,USD
LESL,Leslie's Inc,53403090,기타 전문 소매,4137667,55.9억원,USD
IBG,Innovation Beverage Group Ltd,54101020,증류주 및 포도주,4051701,54.8억원,USD
MLEC,Moolec Science SA,54102010,어업 및 농업,4029955,54.5억원,USD
MBIO,Mustang Bio Inc,56202010,생명 공학 및 의학 연구,4023656,54.4억원,USD
CVKD,Cadrenal Therapeutics Inc,56202010,생명 공학 및 의학 연구,3995703,54억원,USD
ATXG,Addentax Group Corp,52405010,"배달, 우편, 항공 화물 및 육상 물류",3993332,54억원,USD
JUNS,Jupiter Neurosciences Inc,56202010,생명 공학 및 의학 연구,3929193,53.1억원,USD
REVB,Revelation Biosciences Inc,56202010,생명 공학 및 의학 연구,3903748,52.8억원,USD
VIVS,VivoSim Labs Inc,56202010,생명 공학 및 의학 연구,3902802,52.7억원,USD
IVDA,Iveda Solutions Inc,57102010,통신 및 네트워킹,3890914,52.6억원,USD
CAPS,Capstone Holding Corp,51202010,건설 자재,3883231,52.5억원,USD
FGL,Founder Group Ltd,59101010,전력 유틸리티,3854425,52.1억원,USD
NXL,Nexalin Technology Inc,56101010,첨단 의료 장비 및 기술,3840117,51.9억원,USD
WLDS,Wearable Devices Ltd,57107010,통합 하드웨어 및 소프트웨어,3838561,51.9억원,USD
NXAT,Nexus Advanced Technologies Inc.,53302030,엔터테인먼트 제작,3819149,51.6억원,USD
EJH,E-Home Household Service Holdings Ltd,54201030,개인 서비스,3776183,51억원,USD
EOCN,Eocene Ltd,56202010,생명 공학 및 의학 연구,3775673,51억원,USD
CDTG,CDT Environmental Technology Investment Holdings Ltd,59103010,수자원 유틸리티,3746073,50.6억원,USD
TCRT,Alaunos Therapeutics Inc,56202010,생명 공학 및 의학 연구,3717461,50.2억원,USD
FMFC,Kandal M Venture Ltd,53202010,직물 및 가죽제품,3714900,50.2억원,USD
CETX,Cemtrex Inc,52203040,경영 지원 서비스,3666030,49.5억원,USD
SXTP,60 Degrees Pharmaceuticals Inc,56201040,제약,3657668,49.4억원,USD
ICON,Icon Energy Corp,52405020,해양 화물 및 물류,3639942,49.2억원,USD
LGCL,Lucas GC Ltd,52203030,고용 서비스,3607354,48.8억원,USD
PSNYW,Polestar Automotive Holding UK PLC ADR Class C,53101010,자동차 및 트럭 제조,3583328,48.4억원,USD
TNON,Tenon Medical Inc,56101020,"의료 장비, 물품 및 유통",3541743,47.9억원,USD
BOXL,Boxlight Corp,57104010,전자 장비 및 부품,3541172,47.9억원,USD
PAVS,Paranovus Entertainment Technology Ltd,57201020,소프트웨어,3530730,47.7억원,USD
BRTX,BioRestorative Therapies Inc,56202010,생명 공학 및 의학 연구,3521876,47.6억원,USD
SBFM,Sunshine Biopharma Inc,56201040,제약,3514031,47.5억원,USD
YYAI,AiRWA Inc,57201020,소프트웨어,3482257,47.1억원,USD
ADXN,Addex Therapeutics Ltd ADR,56202010,생명 공학 및 의학 연구,3480134,47억원,USD
ELAB,PMGC Holdings Inc,51302010,용기(종이 제외) 및 포장재,3448828,46.6억원,USD
BKYI,BIO-Key International Inc,57104010,전자 장비 및 부품,3418499,46.2억원,USD
XRTX,XORTX Therapeutics Inc,56202010,생명 공학 및 의학 연구,3378811,45.7억원,USD
SGRX,Sangrix Inc,54102010,어업 및 농업,3328702,45억원,USD
HCWB,HCW Biologics Inc,56202010,생명 공학 및 의학 연구,3323746,44.9억원,USD
RDHL,Redhill Biopharma Ltd ADR,56201040,제약,3289778,44.5억원,USD
RIME,Algorhythm Holdings Inc,57201010,IT 서비스 및 컨설팅,3117690,42.1억원,USD
QVCGA,QVC Group Inc Series A,53402010,백화점,2690035,36.4억원,USD
DHAI,DIH Holding US Inc,56101020,"의료 장비, 물품 및 유통",1563002,21.1억원,USD
MASK,3 E Network Technology Group Ltd,57201020,소프트웨어,3363135,45.5억원,USD
APVO,Aptevo Therapeutics Inc,56202010,생명 공학 및 의학 연구,3348898,45.3억원,USD
RDGT,Ridgetech Inc,54301010,의약품 소매,3339177,45.1억원,USD
VRAX,Virax Biolabs Group Ltd,56202010,생명 공학 및 의학 연구,3310213,44.7억원,USD
GOVX,GeoVax Labs Inc,56202010,생명 공학 및 의학 연구,3303803,44.7억원,USD
SXTC,China SXT Pharmaceuticals Inc,56201040,제약,3263613,44.1억원,USD
AGMH,AGM Group Holdings Inc,57201020,소프트웨어,3198387,43.2억원,USD
RBNE,Robin Energy Ltd,50103030,오일 및 가스 수송 서비스,3197513,43.2억원,USD
XAIR,Beyond Air Inc,56101020,"의료 장비, 물품 및 유통",3150102,42.6억원,USD
ISPC,iSpecimen Inc,57201020,소프트웨어,3148238,42.5억원,USD
PARA,Banzai International Inc,57201010,IT 서비스 및 컨설팅,3141180,42.5억원,USD
HTCR,HeartCore Enterprises Inc,57201020,소프트웨어,3121576,42.2억원,USD
OCG,Oriental Culture Holding Ltd,53302010,광고 및 마케팅,3075132,41.6억원,USD
INLF,INLIF Ltd,52102010,산업용 기계 및 장비,3052834,41.3억원,USD
CSAI,Cloudastructure Inc,52203040,경영 지원 서비스,3018803,40.8억원,USD
SILO,Silo Pharma Inc,56202010,생명 공학 및 의학 연구,3015590,40.8억원,USD
NUWE,Nuwellis Inc,56101010,첨단 의료 장비 및 기술,3013734,40.7억원,USD
MKZR,Mackenzie Realty Capital Inc,60102020,상업용 REITs,2999302,40.5억원,USD
ONCO,Onconetix Inc,56201040,제약,2992335,40.4억원,USD
TNMG,TNL Mediagene,53302010,광고 및 마케팅,2973840,40.2억원,USD
IZM,ICZOOM Group Inc,57104010,전자 장비 및 부품,2932419,39.6억원,USD
GNPX,Genprex Inc,56202010,생명 공학 및 의학 연구,2901770,39.2억원,USD
CHR,Cheer Holding Inc,53302010,광고 및 마케팅,2897361,39.2억원,USD
PRFX,PRF Technologies Ltd,56201040,제약,2830423,38.3억원,USD
QH,Quhuo Ltd,52405010,"배달, 우편, 항공 화물 및 육상 물류",2820642,38.1억원,USD
GVH,Globavend Holdings Ltd,52405010,"배달, 우편, 항공 화물 및 육상 물류",2753638,37.2억원,USD
CDT,CDT Equity Inc,56202010,생명 공학 및 의학 연구,2741868,37.1억원,USD
PWCM,PowerCompute Inc,57301030,블록 체인 및 암호화폐,2736263,37억원,USD
NXGL,Nexgel Inc,56201040,제약,2678658,36.2억원,USD
CMND,Clearmind Medicine Inc,56202010,생명 공학 및 의학 연구,2630354,35.5억원,USD
SPRC,Scisparc Ltd,56201040,제약,2619721,35.4억원,USD
LXEH,Lixiang Education Holding Co Ltd ADR,63102010,"초, 중, 고등 교육기관",2618984,35.4억원,USD
JEM,707 Cayman Holdings Ltd,53202020,의류 및 액세서리,2604058,35.2억원,USD
IPDN,Professional Diversity Network Inc,52203030,고용 서비스,2596663,35.1억원,USD
KIDZ,KIDZ AI Inc,57201020,소프트웨어,2560514,34.6억원,USD
CHSN,Chanson International Holding,54102020,식품 가공,2543018,34.4억원,USD
IVF,INVO Fertility Inc,56101020,"의료 장비, 물품 및 유통",2505716,33.9억원,USD
EDBL,Edible Garden AG Inc,54102010,어업 및 농업,2478416,33.5억원,USD
CIIT,Tianci International Inc,52405010,"배달, 우편, 항공 화물 및 육상 물류",2437825,32.9억원,USD
CRIS,Curis Inc,56202010,생명 공학 및 의학 연구,2425078,32.8억원,USD
GSUN,Golden Sun Technology Group Ltd,63101010,기타 교육 서비스 제공,2399909,32.4억원,USD
ELPW,eLong Power Holding Ltd,52102030,전기 부품 및 장비,2376827,32.1억원,USD
PPBT,Purple Biotech Ltd ADR,56202010,생명 공학 및 의학 연구,2366634,32억원,USD
CHGA,Change Agents Corp,56101020,"의료 장비, 물품 및 유통",2318847,31.3억원,USD
PPCB,Propanc Biopharma Inc,56202010,생명 공학 및 의학 연구,2281180,30.8억원,USD
ARTL,Artelo Biosciences Inc,56202010,생명 공학 및 의학 연구,2273262,30.7억원,USD
SLXN,Silexion Therapeutics Corp,56202010,생명 공학 및 의학 연구,2258029,30.5억원,USD
VSME,VS Media Holdings Ltd,53302010,광고 및 마케팅,2256002,30.5억원,USD
OFAL,OFA Group,52201020,건설 및 엔지니어링,2253444,30.5억원,USD
ATPC,Agape ATP Corp,56101020,"의료 장비, 물품 및 유통",2211383,29.9억원,USD
VBIO,Valion Bio Inc,56101010,첨단 의료 장비 및 기술,2210099,29.9억원,USD
FLYE,Fly-E Group Inc,53101020,"자동차, 트럭 및 오토바이 부품",2203721,29.8억원,USD
SSM,Sono Group NV,53101020,"자동차, 트럭 및 오토바이 부품",2169584,29.3억원,USD
STKH,Steakholder Foods Ltd ADR,54102010,어업 및 농업,2115895,28.6억원,USD
NXTS,Nexentis Technologies Inc,51101020,농화학제,2049200,27.7억원,USD
RUBI,Rubico Inc,50103030,오일 및 가스 수송 서비스,2042203,27.6억원,USD
ONFO,Onfolio Holdings Inc,52203040,경영 지원 서비스,2001658,27.1억원,USD
GIPR,Generation Income Properties Inc,60102020,상업용 REITs,1731132,23.4억원,USD
SOBR,Sobr Safe Inc,57201020,소프트웨어,1093604,14.8억원,USD
FEED,ENvue Medical  Inc.,56101010,첨단 의료 장비 및 기술,951430,12.9억원,USD
JAGX,Jaguar Health Inc,56201040,제약,17922232,242억원,USD
IMCC,IM Cannabis Corp,54301010,의약품 소매,2562242,34.6억원,USD
SHFS,SHF Holdings Inc,55101010,은행,2176767,29.4억원,USD
VCIG,VCI Global Ltd,57201010,IT 서비스 및 컨설팅,2064388,27.9억원,USD
DCOY,Decoy Therapeutics Inc,56202010,생명 공학 및 의학 연구,2031074,27.4억원,USD
TRUG,TruGolf Holdings Inc,53205020,오락용 제품,1949957,26.4억원,USD
IPST,IP Strategy Holdings Inc,54101020,증류주 및 포도주,1941606,26.2억원,USD
RAYA,Erayak Power Solution Group Inc,52102030,전기 부품 및 장비,1919572,25.9억원,USD
YHC,LQR House Inc.,53302010,광고 및 마케팅,1838438,24.8억원,USD
SQFT,Presidio Property Trust Inc,60102010,복합부동산 REITs,1793040,24.2억원,USD
WETO,Wetour Robotics Ltd,52406020,지상 및 해상 여객 운송,1778372,24억원,USD
GNLN,Greenlane Holdings Inc,54301020,식품 소매 및 유통,1778033,24억원,USD
SDST,Stardust Power Inc,51201050,특수 채굴 및 금속,1776277,24억원,USD
GCTK,GlucoTrack Inc,56202010,생명 공학 및 의학 연구,1772426,24억원,USD
IMTE,Integrated Media Technology Ltd,57104010,전자 장비 및 부품,1749065,23.6억원,USD
AKAN,Akanda Corp,56102010,의료 시설 및 서비스,1746916,23.6억원,USD
HAO,Haoxi Health Technology Ltd,53302010,광고 및 마케팅,1741712,23.5억원,USD
PMAX,Powell Max Ltd,52203040,경영 지원 서비스,1711045,23.1억원,USD
NIVF,NewGenIvf Group Ltd,56102010,의료 시설 및 서비스,1710904,23.1억원,USD
CISS,C3is Inc,52405020,해양 화물 및 물류,1696286,22.9억원,USD
MNDR,Mobile-health Network Solutions,57201020,소프트웨어,1660406,22.4억원,USD
LNKS,Linkers Industries Ltd,52102010,산업용 기계 및 장비,1654811,22.4억원,USD
KAVL,Kaival Brands Innovations Group Inc,54301020,식품 소매 및 유통,1576703,21.3억원,USD
OLOX,Olenox Industries Inc,53203010,주택 건설,1526599,20.6억원,USD
LBGJ,Li Bang International Corporation Inc,52102010,산업용 기계 및 장비,1456373,19.7억원,USD
UK,Ucommune International Ltd,60101010,"부동산 임대, 개발 및 운영",1420850,19.2억원,USD
MYSZ,My Size Inc,57201020,소프트웨어,1406049,19억원,USD
LRHC,La Rosa Holdings,60101020,부동산 서비스,1384223,18.7억원,USD
BBLG,Bone Biologics Corp,56202010,생명 공학 및 의학 연구,1336412,18.1억원,USD
MSS,Maison Solutions Inc,54301020,식품 소매 및 유통,1334329,18억원,USD
FCHL,Fitness Champs Holdings Ltd,63101010,기타 교육 서비스 제공,1331929,18억원,USD
PFSA,Profusa Inc,56101020,"의료 장비, 물품 및 유통",1314254,17.8억원,USD
DRCT,Direct Digital Holdings Inc,53302010,광고 및 마케팅,1300418,17.6억원,USD
XXII,22nd Century Group Inc,54102030,담배,1292329,17.5억원,USD
IPW,iPower Inc,57201030,온라인 서비스,1148080,15.5억원,USD
SCNI,Scinai Immunotherapeutics Ltd ADR,56202010,생명 공학 및 의학 연구,1088742,14.7억원,USD
RKDA,Arcadia Biosciences Inc,54102020,식품 가공,1079327,14.6억원,USD
WHLR,Wheeler Real Estate Investment Trust Inc,60102020,상업용 REITs,1062555,14.4억원,USD
SMTK,SmartKem Inc,57101010,반도체,955313,12.9억원,USD
YMT,Yimutian Inc ADR,57201030,온라인 서비스,929188,12.6억원,USD
SUGP,SU Group Holdings Ltd,52203040,경영 지원 서비스,781550,10.6억원,USD
BDRX,Biodexa Pharmaceuticals PLC ADR,56202010,생명 공학 및 의학 연구,700793,9.47억원,USD
GMEX,GMEX Robotics Corp,53403090,기타 전문 소매,389018,5.26억원,USD
LGHL,Lion Group Holding Ltd ADR,55102010,투자 은행 및 중개 서비스,358077,4.84억원,USD
FRMEP,First Merchants Depository Shares Reprs 1 100Th 7 50 Non Cum Perp Prf Shs A,55101010,은행,315000,4.26억원,USD
FRGT,Freight Technologies Inc,52405030,지상 화물 및 물류,304441,4.11억원,USD
AIXI,Xiao-I Corp ADR,57201020,소프트웨어,268284,3.63억원,USD
CTNT,Cheetah Net Supply Chain Service Inc,52405010,"배달, 우편, 항공 화물 및 육상 물류",139645,1.89억원,USD
BUSEP,First Busey Corp Dep Shs Repstg 1 40Th Int Non Cum Perp Pfd Depositary Shares,55101010,은행,139159,1.88억원,USD
SWKHL,SWK Holdings 9 00 Senior Notes due 2027,55101050,기업 금융 서비스,,,USD
ESHAR,ESH Acquisition Rights Exp 13 June 2028,55601010,투자 지주 회사,,,USD
RILYG,BRC Group Holdings 5 00 Senior Notes due 2026,55102010,투자 은행 및 중개 서비스,,,USD
ATLCL,Atlanticus Holdings 6 125 Senior Notes due 2026,55101030,소비자 대출,,,USD
GREEL,Vulcan Infrastructure and Power 8 50 Senior Notes due 2026,57201010,IT 서비스 및 컨설팅,,,USD
WHLRL,Wheeler Real Estate Investment Trust 7 00 Senior Conv Notes Due 2031,60102020,상업용 REITs,,,USD
RILYZ,BRC Group Holdings 5 25 Senior Notes due 2028,55102010,투자 은행 및 중개 서비스,,,USD
RILYT,BRC Group Holdings 6 00 Senior Notes Due 2028,55102010,투자 은행 및 중개 서비스,,,USD
RILYN,BRC Group Holdings 6 50 Senior Notes Due 2026,55102010,투자 은행 및 중개 서비스,,,USD
JSM,Navient 6 Prcnt Senior Notes Exp 15 Dec 2043,55101030,소비자 대출,,,USD
BHFAL,Brighthouse Financial Junior Subordinated Debentures Exp 2058,55301030,생명 및 건강 보험,,,USD
SPEGR,Silver Pegasus Acquisition Rights Exp 26 Jun 2030,55601010,투자 지주 회사,,,USD
TMUSL,T Mobile US 6 250 Senior Notes due 2069,57401020,무선 통신 서비스,,,USD
TMUSZ,T Mobile US 5 500 Senior Notes due March 2070,57401020,무선 통신 서비스,,,USD
BHFAL,Brighthouse Financial Junior Subordinated Debentures Exp 2058,55301030,생명 및 건강 보험,,,USD
JSM,Navient 6 Prcnt Senior Notes Exp 15 Dec 2043,55101030,소비자 대출,,,USD
RILYN,BRC Group Holdings 6 50 Senior Notes Due 2026,55102010,투자 은행 및 중개 서비스,,,USD
RILYT,BRC Group Holdings 6 00 Senior Notes Due 2028,55102010,투자 은행 및 중개 서비스,,,USD
RILYZ,BRC Group Holdings 5 25 Senior Notes due 2028,55102010,투자 은행 및 중개 서비스,,,USD
WHLRL,Wheeler Real Estate Investment Trust 7 00 Senior Conv Notes Due 2031,60102020,상업용 REITs,,,USD
GREEL,Vulcan Infrastructure and Power 8 50 Senior Notes due 2026,57201010,IT 서비스 및 컨설팅,,,USD
ATLCL,Atlanticus Holdings 6 125 Senior Notes due 2026,55101030,소비자 대출,,,USD
RILYG,BRC Group Holdings 5 00 Senior Notes due 2026,55102010,투자 은행 및 중개 서비스,,,USD
ESHAR,ESH Acquisition Rights Exp 13 June 2028,55601010,투자 지주 회사,,,USD
SWKHL,SWK Holdings 9 00 Senior Notes due 2027,55101050,기업 금융 서비스,,,USD
QETAR,Quetta Acquisition Rights,55601010,투자 지주 회사,,,USD
AFJKR,Aimei Health Technology Rights Exp 17 November 2028,55601010,투자 지주 회사,,,USD
ATLCZ,Atlanticus Holding 9 25 Senior Notes due 2029,55101030,소비자 대출,,,USD
IBACR,IB Acquisition Rights Exp 28th Sep 2026,55601010,투자 지주 회사,,,USD
BKHAR,Black Hawk Acquisition Rights,55601010,투자 지주 회사,,,USD
NEWTG,NewtekOne 8 50 Fixed Rate Senior Notes due 2029,55101050,기업 금융 서비스,,,USD
RFAIR,RF Acquisition Corp II Rights Exp 15th Feb 2027,55601010,투자 지주 회사,,,USD
FSHPR,Flag Ship Acquisition Rights,55601010,투자 지주 회사,,,USD
EURKR,Eureka Acquisition Right Exp 3rd Jul 2027,55601010,투자 지주 회사,,,USD
DTSQR,DT Cloud Star Acquisition Rights,55601010,투자 지주 회사,,,USD
NEWTH,NewtekOne 8 625 Fixed Rate Senior Notes due 2029,55101050,기업 금융 서비스,,,USD
CAPNR,Cayson Acquisition Rights,55601010,투자 지주 회사,,,USD
FVNNR,Future Vision II Acquisition Rights Expiry 20th June 2029,55601010,투자 지주 회사,,,USD
YHNAR,YHN Acquisition I Rights,55601010,투자 지주 회사,,,USD
CHARR,Charlton Aria Acquisition Rights,55601010,투자 지주 회사,,,USD
RDACR,Rising Dragon Acquisition Rights,55601010,투자 지주 회사,,,USD
METCZ,Ramaco Resources 8 375 Senior Notes due 2029,51201020,철 및 강철,,,USD
BEAGR,Bold Eagle Acquisition Rights,55601010,투자 지주 회사,,,USD
TAVIR,Tavia Acquisition Rights,55601010,투자 지주 회사,,,USD
ASPCR,A Spac III Acquisition Rights Exp 05th Nov 2029,55601010,투자 지주 회사,,,USD
RANGR,Range Capital Acquisition Rights Exp 23rd Jun 2026,55601010,투자 지주 회사,,,USD
NOEMR,CO2 Energy Transition Rights,55601010,투자 지주 회사,,,USD
HVIIR,Hennessy Capital Investment VII Rights,55601010,투자 지주 회사,,,USD
DMAAR,Drugs Made In America Acquisition Rights Exp 09th Dec 2029,55601010,투자 지주 회사,,,USD
RIBBR,Ribbon Acquisition Rights,55601010,투자 지주 회사,,,USD
KFIIR,K F Growth Acquisition Rights,55601010,투자 지주 회사,,,USD
COLAR,Columbus Acquisition Rights,55601010,투자 지주 회사,,,USD
GENVR,Gen Digital Contingent Value Rights,57201020,소프트웨어,,,USD
FERAR,Fifth Era Acquisition I Rights,55601010,투자 지주 회사,,,USD
QSEAR,Quartzsea Acquisition Rights,55601010,투자 지주 회사,,,USD
SZZLR,Sizzle Acquisition II Rights Exp 02nd April 2030,55601010,투자 지주 회사,,,USD
UYSCR,UY Scuti Acquisition Rights Exp 03rd March 2030,55601010,투자 지주 회사,,,USD
SDHIR,Siddhi Acquisition Rights,55601010,투자 지주 회사,,,USD
CHPGR,ChampionsGate Acquisition Rights Exp 14th May 2030,55601010,투자 지주 회사,,,USD
SSEAR,Starry Sea Acquisition Rights Exp 07th Jul 2030,55601010,투자 지주 회사,,,USD
MKLYR,McKinley Acquisition Rights,55601010,투자 지주 회사,,,USD
PRHIZ,Conifer Holdings 9 75 Senior Unsecured Notes 2028,55301020,손해보험,,,USD
TMUSI,T Mobile US 5 500 Senior Notes due June 2070,57401020,무선 통신 서비스,,,USD
GTERR,Globa Terra Acquisition Rights Exp 17 June 2030,55601010,투자 지주 회사,,,USD
WTGUR,Wintergreen Acquisition Rights,55601010,투자 지주 회사,,,USD
KCHVR,Kochav Defense Acquisition Rights Expiry 21st May 2030,55601010,투자 지주 회사,,,USD
CRAQR,Cal Redwood Acquisition Right Exp 15th May 2030,55601010,투자 지주 회사,,,USD
LCCCR,Lakeshore Acquisition III Rights,55601010,투자 지주 회사,,,USD
EGHAR,EGH Acquisition Rights Exp 08th May 2025,55601010,투자 지주 회사,,,USD
TVAIR,Thayer Ventures Acquisition II Rights Exp 15th May 2030,55601010,투자 지주 회사,,,USD
OYSER,Oyster Enterprises II Acquisition Rights Exp 22nd May 2030,55601010,투자 지주 회사,,,USD
AXINR,Axiom Intelligence Acquisition 1 Rights Exp 10 June 2030,55601010,투자 지주 회사,,,USD
BACCR,Blue Acquisition Rights Exp 11 June 2030,55601010,투자 지주 회사,,,USD
TMUSI,T Mobile US 5 500 Senior Notes due June 2070,57401020,무선 통신 서비스,,,USD
TMUSZ,T Mobile US 5 500 Senior Notes due March 2070,57401020,무선 통신 서비스,,,USD
TMUSL,T Mobile US 6 250 Senior Notes due 2069,57401020,무선 통신 서비스,,,USD
BSAAR,BEST SPAC I Acquisition Rights Exp 27 May 2030,55601010,투자 지주 회사,,,USD
PGACR,Pantages Capital Acquisition Rights,55601010,투자 지주 회사,,,USD
ADAMH,Adamas 9 875 Senior Notes Due 2030,60102040,특수 REITs,,,USD
NMPAR,NMP Acquisition Rights Expiry 27th June 2030,55601010,투자 지주 회사,,,USD
ADAMI,Adamas 9 125 Senior Notes Due 2029,60102040,특수 REITs,,,USD
ADAMG,Adamas 9 125 Senior Notes Due 2030,60102040,특수 REITs,,,USD
SPEGR,Silver Pegasus Acquisition Rights Exp 26 Jun 2030,55601010,투자 지주 회사,,,USD
QUMSR,Quantumsphere Acquisition Rights,55601010,투자 지주 회사,,,USD
PRHIZ,Conifer Holdings 9 75 Senior Unsecured Notes 2028,55301020,손해보험,,,USD
MKLYR,McKinley Acquisition Rights,55601010,투자 지주 회사,,,USD
SSEAR,Starry Sea Acquisition Rights Exp 07th Jul 2030,55601010,투자 지주 회사,,,USD
GSRFR,GSR IV Acquisition Rights Exp 22nd Aug 2030,55601010,투자 지주 회사,,,USD
EMISR,Emmis Acquisition Rights Exp 12th Sep 2030,55601010,투자 지주 회사,,,USD
GIWWR,GigCapital8 Rights Exp 30th Sep 2030,55601010,투자 지주 회사,,,USD
LKSPR,Lake Superior Acquisition Rights Exp 19th Sep 2030,55601010,투자 지주 회사,,,USD
ALISR,Calisa Acquisition Rights Exp 11 Sep 2030,55601010,투자 지주 회사,,,USD
APACR,StoneBridge Acquisition II Rights Exp 09 Sep 2030,55601010,투자 지주 회사,,,USD
IPEXR,Inflection Point Acquisition V Rights,55601010,투자 지주 회사,,,USD
LAFAR,LaFayette Acquisition Rights Exp 24 Oct 2030,55601010,투자 지주 회사,,,USD
DMIIR,Drugs Made In America Acquisition II Rights Exp 16 Sep 2030,55601010,투자 지주 회사,,,USD
TDWDR,Tailwind 2.0 Acquisition Rights Exp 07 Nov 2030,55601010,투자 지주 회사,,,USD
CRACR,Crown Reserve Acquisition I Rights Exp 06 Oct 2030,55601010,투자 지주 회사,,,USD
HAVAR,Harvard Ave Acquisition Rights Expiry 03rd October 2025,55601010,투자 지주 회사,,,USD
IGACR,Invest Green Acquisition Rights Exp 17 Nov 2030,55601010,투자 지주 회사,,,USD
WSTNR,Westin Acquisition Rights Exp 17 Sep 2030,55601010,투자 지주 회사,,,USD
BPACR,Blueport Acquisition Rights Exp 13 Feb 2027,55601010,투자 지주 회사,,,USD
TWLVR,Twelve Seas Investment III Rights Exp 21 Nov 2030,55601010,투자 지주 회사,,,USD
CRANR,Crane Harbor Acquisition II Rights Exp 09 Dec 2030,55601010,투자 지주 회사,,,USD
ADAMO,Adamas Trust 9 250 Senior Notes Due 2031,60102040,특수 REITs,,,USD
SCIIR,SC II Acquisition Rights Exp 26 Nov 2030,55601010,투자 지주 회사,,,USD
HCACR,Hall Chadwick Acquisition Rights Exp 20th Nov 2030,55601010,투자 지주 회사,,,USD
NEWTO,Newtekone 8 50  Fixed Rate Senior Notes Due 2031,55101050,기업 금융 서비스,,,USD
AMPGZ,Amplitech Group Rights Series B,57102010,통신 및 네트워킹,,,USD
VSECU,Vse Corporation Tangible Equity Units,52101010,항공우주 및 방위,,,USD
IRHOR,Iron Horse Acquisitions II Rights Exp 11th July 2030,55601010,투자 지주 회사,,,USD
KTWOR,K2 Capital Acquisition Rights,55601010,투자 지주 회사,,,USD
RFAMR,RF Acquisition III Rights,55601010,투자 지주 회사,,,USD
SSACR,SPACSphere Acquisition Rights,55601010,투자 지주 회사,,,USD
IEAGR,Infinite Eagle Acquisition Rights,55601010,투자 지주 회사,,,USD
GIXXR,GigCapital9 Rights,55601010,투자 지주 회사,,,USD
NBRGR,Newbridge Acquisition Rights,55601010,투자 지주 회사,,,USD
HCICR,Hennessy Capital Investment VIII Share Rights Exp 2nd Feb 2031,55601010,투자 지주 회사,,,USD
ANABV,AnaptysBio Inc,56202010,생명 공학 및 의학 연구,,,USD
KLXER,KLX Energy Services Holdings Rights,50103020,오일 관련 서비스 및 장비,,,USD
ADAMK,Adamas 9 600 Senior Notes Due 2031,60102040,특수 REITs,,,USD
THEOR,BOA Acquisition II Rights Exp 27th July 2031,55601010,투자 지주 회사,,,USD
MCAHR,Mountain Crest Acquisition 6 Rights Exp 29th April 2027,55601010,투자 지주 회사,,,USD
FBYDP,Falcon's Beyond Global 11 Cumulative Convertible Pref Shs Series B,53302030,엔터테인먼트 제작,,,USD
FMACR,Future Money Acquisition Rights,55601010,투자 지주 회사,,,USD
MYXXR,Maywood Acquisition 2 Rights 24th Feb 2031,55601010,투자 지주 회사,,,USD
BHAVR,BHAV Acquisition Rights,55601010,투자 지주 회사,,,USD
CTAAR,ClearThink 1 Acquisition Rights,55601010,투자 지주 회사,,,USD
SUMAR,SUMA Acquisition Rights Exp 05th Mar 2031,55601010,투자 지주 회사,,,USD
TRGSR,TRG Latin America Acquisitions Rights Exp 20th Feb 2031,55601010,투자 지주 회사,,,USD
PONOR,Pono Capital Four Rights,55601010,투자 지주 회사,,,USD
ACLX,Arcellx Inc,56202010,생명 공학 및 의학 연구,6729271967,9조 946억원,USD
DAWN,Day One Biopharmaceuticals Inc,56201040,제약,2224784659,3조 68억원,USD
IAS,Integral Ad Science Holding Corp,53302010,광고 및 마케팅,1735615830,"2조 3,457억원",USD
CTLP,Cantaloupe Inc,57301010,핀테크,825815950,"1조 1,161억원",USD
GDEN,Golden Entertainment Inc,53301030,카지노 및 도박,753686054,1조 186억원,USD
OPT,Opthea Ltd ADR,56202010,생명 공학 및 의학 연구,583100698,"7,881억원",USD
SVA,Sinovac Biotech Ltd,56201040,제약,464938742,"6,284억원",USD
MCTA,Charming Medical Ltd,56102010,의료 시설 및 서비스,445550190,"6,022억원",USD
EWCZ,European Wax Center Inc,54201030,개인 서비스,319137814,"4,313억원",USD
PLTS,Platinum Analytics Cayman Ltd,57301010,핀테크,316034408,"4,271억원",USD
EM,Smart Share Global Ltd ADR,57106020,전화 및 소형 장치,303015261,"4,095억원",USD
UCFI,CN Healthy Food Tech Group Corp,54102020,식품 가공,287814756,"3,890억원",USD
MAGH,Magnitude International Ltd,52201020,건설 및 엔지니어링,236600000,"3,198억원",USD
EFTY,Etoiles Capital Group Co Ltd,53302010,광고 및 마케팅,226952200,"3,067억원",USD
MAMK,MaxsMaking Inc,53202010,직물 및 가죽제품,216125000,"2,921억원",USD
LAWR,Robot Consulting Co Ltd ADR,57201020,소프트웨어,172350000,"2,329억원",USD
EMPG,Empro Group Inc,53403090,기타 전문 소매,144630500,"1,955억원",USD
HCHL,Happy City Holdings Ltd,53301020,레스토랑 및 바,117897120,"1,593억원",USD
PC,Premium Catering Holdings Ltd,53301020,레스토랑 및 바,30497783,412억원,USD
OST,Ostin Technology Group Co.  Ltd,57104010,전자 장비 및 부품,10156304,137억원,USD
ATLQR,JAB Acquisition I Rights Exp 5th June 2031,55601010,투자 지주 회사,,,USD
NSAIR,NorthStrive Acquisition I Rights,55601010,투자 지주 회사,,,USD
JONER,Jones Ventures INTL Acquisition1 Rights Exp 06th Jul 2031,55601010,투자 지주 회사,,,USD
OCLTR,OceanLight Acquisition Rights Exp 09th July 2031,55601010,투자 지주 회사,,,USD
CATLR,Catalyst Acquisition Rights Exp 28th July 2031,55601010,투자 지주 회사,,,USD
RNBW,Rainbow Capital Holdings Ltd,,,,,USD
FGXCU,FG Merger III Units,55601010,투자 지주 회사,,,USD
CLRS,Clear Street Group Inc,,,,,USD
HONIV,Honeywell International Inc,54401010,소비재 대기업,,,USD
