Symbol,Name,IndustryCode,Industry,MarketCapLocal,MarketCapKrwText,Currency
300750,Contemporary Amperex Technology Co.  Limited Class A,52102030,전기 부품 및 장비,1343093635094,271조 766억원,CNY
300308,Zhongji Innolight Co.  Ltd. Class A,57102010,통신 및 네트워킹,1034625481149,"208조 8,185억원",CNY
300502,Eoptolink Technology Inc.  Ltd. Class A,57104010,전자 장비 및 부품,634605460580,128조 824억원,CNY
000333,Midea Group Co.  Ltd. Class A,53204030,"가전제품, 도구 및 가정 용품",574692212194,"115조 9,901억원",CNY
002371,Naura Technology Group Co Ltd Class A,57101020,반도체 장비 및 테스트,488330776464,"98조 5,598억원",CNY
002594,BYD Company Limited Class A,53101010,자동차 및 트럭 제조,470458193178,"94조 9,526억원",CNY
002475,Luxshare Precision Industry Co Ltd Class A,57104010,전자 장비 및 부품,402627716083,"81조 2,624억원",CNY
002384,Suzhou Dongshan Precision Manufacturing Co Ltd Class A,57101010,반도체,362878084240,"73조 2,397억원",CNY
002415,Hangzhou Hikvision Digital Technology Co Ltd Class A,57102010,통신 및 네트워킹,304090438029,"61조 3,746억원",CNY
300394,Suzhou TFC Optical Communication Co.  Ltd. Class A,57104010,전자 장비 및 부품,300893193653,"60조 7,293억원",CNY
300059,East Money Information Co Ltd Class A,55102010,투자 은행 및 중개 서비스,296982691654,"59조 9,400억원",CNY
000858,Wuliangye Yibin Co Ltd Class A,54101020,증류주 및 포도주,273808628673,"55조 2,628억원",CNY
002916,Shennan Circuits Co Ltd Class A,57101010,반도체,272466638000,"54조 9,919억원",CNY
300408,Chaozhou Three-circle (Group) Co Ltd Class A,57104010,전자 장비 및 부품,248148079597,50조 837억원,CNY
002463,WUS Printed Circuit (Kunshan) Co.  Ltd. Class A,57101010,반도체,240814853020,"48조 6,037억원",CNY
002142,Bank of Ningbo Co.  Ltd. Class A,55101010,은행,229276672298,"46조 2,749억원",CNY
002714,Muyuan Foods Group Co Ltd Class A,54102010,어업 및 농업,228671679622,"46조 1,528억원",CNY
000001,Ping An Bank Co Ltd Class A,55101010,은행,227243302099,"45조 8,645억원",CNY
002379,Shandong Hongqiao Aluminum Industry Holding Co Ltd Class A,51201030,알루미늄,222832121254,"44조 9,742억원",CNY
000725,BOE Technology Group Co Ltd Class A,57104010,전자 장비 및 부품,218108663622,44조 209억원,CNY
000651,Gree Electric Appliances  Inc. of Zhuhai Class A,53204030,"가전제품, 도구 및 가정 용품",213861671191,"43조 1,637억원",CNY
300476,Victory Giant Technology (HuiZhou) Co Ltd Class A,57101010,반도체,211246125477,"42조 6,358억원",CNY
002938,Avary Holding Shenzhen Co Ltd Class A,57101010,반도체,206840146727,"41조 7,465억원",CNY
300760,Shenzhen Mindray Bio-Medical Electronics Co.  Ltd. Class A,56101010,첨단 의료 장비 및 기술,189864734849,"38조 3,204억원",CNY
300274,Sungrow Power Supply Co Ltd Class A,50201010,재생 가능 에너지 장비 및 서비스,182857247597,"36조 9,061억원",CNY
000338,Weichai Power Co Ltd Class A,53101020,"자동차, 트럭 및 오토바이 부품",181024792186,"36조 5,362억원",CNY
300604,Hangzhou Changchuan Technology Co Ltd Class A,57101020,반도체 장비 및 테스트,176147101633,"35조 5,518억원",CNY
001399,HKC Corp Ltd Class A,57101010,반도체,174219748591,"35조 1,628억원",CNY
300433,Lens Technology Co.  Ltd. Class A,57104010,전자 장비 및 부품,171412896875,"34조 5,963억원",CNY
003816,CGN Power Co Ltd Class A,59101020,민자 발전 사업,165207835934,"33조 3,439억원",CNY
301377,Guangdong Dtech Technology Co Ltd Class A,52102010,산업용 기계 및 장비,163742347732,33조 481억원,CNY
302132,AVIC Chengdu Aircraft Co Ltd Class A,52102030,전기 부품 및 장비,160191877991,"32조 3,315억원",CNY
001248,China Resources New Energy Holdings Co Ltd Class A,59101020,민자 발전 사업,159193273677,"32조 1,300억원",CNY
300033,Hithink RoyalFlush Information Network Co.  Ltd. Class A,57301010,핀테크,158332876800,"31조 9,563억원",CNY
002281,Accelink Technologies Co Ltd Class A,57104010,전자 장비 및 부품,157597583290,"31조 8,079억원",CNY
301308,Shenzhen Longsys Electronics Co.  Ltd. Class A,57101010,반도체,149640526252,"30조 2,019억원",CNY
002352,S.F. Holding Co Ltd Class A,52405010,"배달, 우편, 항공 화물 및 육상 물류",148494376854,"29조 9,706억원",CNY
300124,Shenzhen Inovance Technology Co.  Ltd. Class A,52102030,전기 부품 및 장비,146450653377,"29조 5,581억원",CNY
000657,China Tungsten and Hightech Materials Co Ltd Class A,51201050,특수 채굴 및 금속,137307518843,"27조 7,128억원",CNY
300999,Yihai Kerry Arawana Holdings Co Ltd Class A,54102020,식품 가공,136190379384,"27조 4,873억원",CNY
002050,Zhejiang Sanhua Intelligent Controls Co Ltd Class A,52102010,산업용 기계 및 장비,135079486767,"27조 2,631억원",CNY
300857,Sharetronic Data Technology Co Ltd Class A,57106010,컴퓨터 하드웨어,133767386984,"26조 9,983억원",CNY
000063,ZTE Corp Class A,57102010,통신 및 네트워킹,132562544737,"26조 7,551억원",CNY
000792,Qinghai Yanhu Industry Co Ltd Class A,51101020,농화학제,131601409095,"26조 5,611억원",CNY
002493,Rongsheng Petrochemical Co Ltd Class A,51101010,상품 화학,131161376795,"26조 4,723억원",CNY
001280,China National Uranium Co Ltd Class A,50301010,우라늄,130522954534,"26조 3,434억원",CNY
301165,Ruijie Networks Co Ltd Class A,57401010,통합 통신 서비스,126431136291,"25조 5,176억원",CNY
000776,GF Securities Co.  Ltd. Class A,55102020,투자 관리 및 펀드 운영,123748873559,"24조 9,762억원",CNY
002353,Yantai Jereh Oilfield Services Group Co Ltd Class A,50103020,오일 관련 서비스 및 장비,121756935660,"24조 5,742억원",CNY
301526,Chongqing Polycomp International Corp Class A,51101010,상품 화학,116897219488,"23조 5,934억원",CNY
000408,Zangge Mining Co Ltd Class A,51101010,상품 화학,115315234419,"23조 2,741억원",CNY
301200,Shenzhen Han's Cnc Technology Co Ltd Class A,57101020,반도체 장비 및 테스트,111595785242,"22조 5,234억원",CNY
000100,TCL Technology Group Corporation Class A,57104010,전자 장비 및 부품,110390473240,"22조 2,801억원",CNY
300014,EVE Energy Co.  Ltd. Class A,52102030,전기 부품 및 장비,109860160064,"22조 1,731억원",CNY
001232,Shenzhen JLC Technology Group Co.  Ltd. Class A,57104010,전자 장비 및 부품,109684210800,"22조 1,376억원",CNY
002602,Zhejiang Century Huatong Group Co Ltd Class A,57201020,소프트웨어,107759375548,"21조 7,491억원",CNY
000988,HGTECH COMPANY LIMITED Class A,57104010,전자 장비 및 부품,107679284893,"21조 7,329억원",CNY
000568,Luzhou Laojiao Co Ltd Class A,54101020,증류주 및 포도주,105211516575,"21조 2,348억원",CNY
002080,Sinoma Science and Technology Co.  Ltd. Class A,51101030,특수 화학제,104882724000,"21조 1,685억원",CNY
002028,Sieyuan Electric Co Ltd Class A,52102030,전기 부품 및 장비,100482409409,"20조 2,804억원",CNY
300442,Range Intelligent Computing Technology Group Company Limited Class A,57401010,통합 통신 서비스,109506730858,"22조 1,017억원",CNY
000977,IEIT SYSTEMS Co Ltd Class A,57106010,컴퓨터 하드웨어,105950590658,"21조 3,840억원",CNY
002736,Guosen Securities Co.  Ltd. Class A,55102010,투자 은행 및 중개 서비스,102110178308,"20조 6,089억원",CNY
300757,RoboTechnik Intelligent Technology Co Ltd Class A,52102010,산업용 기계 및 장비,101550402293,"20조 4,959억원",CNY
002156,TongFu Microelectronics Co Ltd Class A,57101020,반도체 장비 및 테스트,101238030285,"20조 4,329억원",CNY
000166,Shenwan Hongyuan Group Co Ltd Class A,55102010,투자 은행 및 중개 서비스,101186391074,"20조 4,224억원",CNY
300498,Wens Foodstuff Group Co.  Ltd. Class A,54102010,어업 및 농업,99143546645,20조 101억원,CNY
002008,Han's Laser Technology Industry Group Co Ltd Class A,52102010,산업용 기계 및 장비,97050417238,"19조 5,877억원",CNY
000938,Unisplendour Corp Ltd Class A,57107010,통합 하드웨어 및 소프트웨어,96584897345,"19조 4,937억원",CNY
301217,Anhui Tongguan Copper Foil Group Co Ltd Class A,51201050,특수 채굴 및 금속,94955440410,"19조 1,649억원",CNY
002230,iFLYTEK Co Ltd Class A,57201020,소프트웨어,93969363380,"18조 9,658억원",CNY
000807,Yunnan Aluminium Co Ltd Class A,51201030,알루미늄,93461452065,"18조 8,633억원",CNY
001309,Shenzhen Techwinsemi Technology Co Ltd Class A,57101010,반도체,93361720006,"18조 8,432억원",CNY
000958,SPIC Industry Finance Holdings Co Ltd Class A,59104010,복합 유틸리티,93047946761,"18조 7,799억원",CNY
002600,Lingyi iTech (Guangdong) Co Class A,57104010,전자 장비 및 부품,92452456070,"18조 6,597억원",CNY
000538,Yunnan Baiyao Group Co Ltd Class A,56201040,제약,91568356786,"18조 4,812억원",CNY
002648,Satellite Chemical Co Ltd Class A,51101010,상품 화학,90818687802,"18조 3,299억원",CNY
000301,Jiangsu Eastern Shenghong Co Ltd Class A,51101010,상품 화학,90573884839,"18조 2,805억원",CNY
002128,Inner Mongolia Dian Tou Energy Corp Ltd Class A,51201030,알루미늄,88291712400,"17조 8,199억원",CNY
002241,Goertek Inc. Class A,57104010,전자 장비 및 부품,87526377425,"17조 6,654억원",CNY
000617,CNPC Capital Co Ltd Class A,55101010,은행,87230345645,"17조 6,057억원",CNY
000425,XCMG Construction Machinery Co.  Ltd. Class A,52102020,중장비 및 차량,85491836278,"17조 2,548억원",CNY
300475,Shannon Semiconductor Technology Co Ltd Class A,57106010,컴퓨터 하드웨어,85080968180,"17조 1,719억원",CNY
001389,Delton Technology (Guangzhou) Inc Class A,57101010,반도체,84768695584,"17조 1,089억원",CNY
000630,Tongling Nonferrous Metals Group Co Ltd Class A,51201050,특수 채굴 및 금속,82602344502,"16조 6,716억원",CNY
002001,Zhejiang NHU Co.  Ltd. Class A,54102020,식품 가공,81937421989,"16조 5,374억원",CNY
000895,Henan Shuanghui Investment & Development Co Ltd Class A,54102020,식품 가공,81003779160,"16조 3,490억원",CNY
002837,Shenzhen Envicool Technology Co Ltd Class A,52102010,산업용 기계 및 장비,78569138308,"15조 8,576억원",CNY
001289,China Longyuan Power Group Corporation Limited Class A,59101010,전력 유틸리티,76334883243,"15조 4,067억원",CNY
300661,SG Micro Corp Class A,57101010,반도체,75871489721,"15조 3,131억원",CNY
002653,Haisco Pharmaceutical Group Co.  Ltd. Class A,56201040,제약,75652580349,"15조 2,690억원",CNY
002436,Shenzhen Fastprint Circuit Tech Co Ltd Class A,57101010,반도체,75176561691,"15조 1,729억원",CNY
300015,Aier Eye Hospital Group Co Ltd Class A,56102010,의료 시설 및 서비스,75047487403,"15조 1,468억원",CNY
002460,Ganfeng Lithium Group Co.  Ltd Class A,51101010,상품 화학,74854611697,"15조 1,079억원",CNY
002179,Jonhon Optronic Technology Co Ltd Class A,57104010,전자 장비 및 부품,73886664728,"14조 9,125억원",CNY
300620,Advanced Fiber Resources Zhuhai Ltd Class A,52102030,전기 부품 및 장비,72760719140,"14조 6,853억원",CNY
002851,Shenzhen Megmeet Electrical Co Ltd Class A,57104010,전자 장비 및 부품,71956272312,"14조 5,229억원",CNY
300223,Ingenic Semiconductor Co.  Ltd. Class A,57101010,반도체,70663364019,"14조 2,620억원",CNY
301511,Jiujiang Defu Technology Co Ltd Class A,51201050,특수 채굴 및 금속,70028774200,"14조 1,339억원",CNY
002311,Guangdong Haid Group Co Ltd Class A,54102010,어업 및 농업,69760133504,14조 797억원,CNY
300548,EverProX Technologies Co Ltd Class A,57102010,통신 및 네트워킹,69632894469,14조 540억원,CNY
301638,CSG Digital Power Grid Research Institute Co Ltd Class A,57201020,소프트웨어,69348171516,"13조 9,965억원",CNY
000703,Hengyi Petrochemical Co Ltd Class A,51101010,상품 화학,69115810552,"13조 9,496억원",CNY
300666,Konfoong Materials International Co Ltd Class A,57104010,전자 장비 및 부품,68885142028,"13조 9,031억원",CNY
002027,Focus Media Information Technology Co Ltd Class A,53302010,광고 및 마케팅,68600448699,"13조 8,456억원",CNY
002709,Guangzhou Tinci Materials Technology Co Ltd Class A,51101010,상품 화학,67904491693,"13조 7,052억원",CNY
300054,Hubei Dinglong Co Ltd Class A,51101030,특수 화학제,67835871523,"13조 6,913억원",CNY
300765,CSPC Innovation Pharmaceutical Co.  Ltd. Class A,54102020,식품 가공,67223818300,"13조 5,678억원",CNY
000975,Shanjin International Gold Co Ltd Class A,51201080,다각적 채굴,67095163951,"13조 5,418억원",CNY
300866,Anker Innovations Technology Co Ltd Class A,52102030,전기 부품 및 장비,66826212984,"13조 4,875억원",CNY
002422,Sichuan Kelun Pharmaceutical Co Ltd Class A,56201040,제약,66812810736,"13조 4,848억원",CNY
001965,China Merchants Expressway Network Technology Holdings Co Ltd Class A,52407030,고속도로 및 철도,66591930922,"13조 4,402억원",CNY
000636,Guangdong Fenghua Advanced Technology Holding Co Ltd Class A,57104010,전자 장비 및 부품,66267571697,"13조 3,748억원",CNY
300285,Shandong Sinocera Functional Material Co Ltd Class A,52102030,전기 부품 및 장비,66004597394,"13조 3,217억원",CNY
300759,Pharmaron Beijing Co Ltd Class A,56202010,생명 공학 및 의학 연구,65681013245,"13조 2,564억원",CNY
001979,China Merchants Shekou Industrial Zone Holdings Co Ltd Class A,60101010,"부동산 임대, 개발 및 운영",65546553883,"13조 2,293억원",CNY
000708,CITIC Pacific Special Steel Group Co Ltd Class A,51201020,철 및 강철,64906465460,"13조 1,001억원",CNY
002409,Jiangsu Yoke Technology Co.  Ltd. Class A,51101010,상품 화학,64488200369,13조 157억원,CNY
002466,Tianqi Lithium Corporation Class A,51201050,특수 채굴 및 금속,63686500970,"12조 8,538억원",CNY
000768,Avic XiAn Aircraft Industry Group Co Ltd Class A,52101010,항공우주 및 방위,63509135483,"12조 8,180억원",CNY
300454,Sangfor Technologies Inc Class A,57201020,소프트웨어,65221519982,"13조 1,637억원",CNY
002821,Asymchem Laboratories (Tianjin) Co Ltd Class A,56201040,제약,62458682634,"12조 6,060억원",CNY
002636,Goldenmax International Group Ltd Class A,57101010,반도체,62302240000,"12조 5,745억원",CNY
002202,Goldwind Science & Technology Co Ltd Class A,50201010,재생 가능 에너지 장비 및 서비스,62000385977,"12조 5,135억원",CNY
002428,Yunnan Lincang Xinyuan Germanium Industry Co Ltd Class A,51201050,특수 채굴 및 금속,61876588800,"12조 4,886억원",CNY
000426,Inner Mongolia Xingye Silver&Tin Mining Co Ltd Class A,51201050,특수 채굴 및 금속,61188407566,"12조 3,497억원",CNY
002185,Tianshui Huatian Technology Co Ltd Class A,57101020,반도체 장비 및 테스트,60813134558,"12조 2,739억원",CNY
003031,Hebei Sinopack Electronic Technology Co Ltd Class A,57104010,전자 장비 및 부품,60287725134,"12조 1,679억원",CNY
000625,Chongqing Changan Automobile Co Ltd Class A,53101010,자동차 및 트럭 제조,59387867736,"11조 9,863억원",CNY
300567,Wuhan Jingce Electronic Group Co Ltd Class A,52102010,산업용 기계 및 장비,59381859816,"11조 9,850억원",CNY
000933,Henan Shenhuo Coal & Power Co Ltd Class A,51201030,알루미늄,59328736046,"11조 9,743억원",CNY
002625,Kuang-Chi Technologies Co Ltd Class A,52101010,항공우주 및 방위,59143436812,"11조 9,369억원",CNY
002532,Tianshan Aluminum Group Co Ltd Class A,51201030,알루미늄,58507240926,"11조 8,085억원",CNY
000021,Shenzhen Kaifa Technology Co Ltd Class A,57106010,컴퓨터 하드웨어,58267425558,"11조 7,601억원",CNY
000831,China Rare Earth Resources and Technology Co Ltd Class A,51201050,특수 채굴 및 금속,57963880478,"11조 6,988억원",CNY
002304,Jiangsu Yanghe Distillery Co Ltd Class A,54101020,증류주 및 포도주,57772168588,"11조 6,602억원",CNY
300418,Kunlun Tech Co.  Ltd. Class A,57201030,온라인 서비스,57479602802,"11조 6,011억원",CNY
300136,Shenzhen Sunway Communication Co Ltd Class A,57104010,전자 장비 및 부품,57260711997,"11조 5,569억원",CNY
300751,Suzhou Maxwell Technologies Co Ltd Class A,52102010,산업용 기계 및 장비,56759295550,"11조 4,557억원",CNY
301536,SigmaStar Technology Ltd Class A,57101010,반도체,56225858840,"11조 3,481억원",CNY
000960,Yunnan Tin Co Ltd Class A,51201050,특수 채굴 및 금속,55434602463,"11조 1,884억원",CNY
300316,Zhejiang Jingsheng Mechanical & Electrical Co Ltd Class A,57101020,반도체 장비 및 테스트,54201603858,"10조 9,395억원",CNY
300037,Shenzhen Capchem Technology Co Ltd Class A,51101030,특수 화학제,53337464781,"10조 7,651억원",CNY
300628,Yealink Xiamen Network Technology Co Ltd Class A,57102010,통신 및 네트워킹,52881173056,"10조 6,730억원",CNY
001872,China Merchants Port Group Co Ltd Class A,52407020,항만 운영 및 서비스,52744612908,"10조 6,454억원",CNY
002414,Wuhan Guide Infrared Co Ltd Class A,52102010,산업용 기계 및 장비,52231102601,"10조 5,418억원",CNY
002049,Unigroup Guoxin Microelectronics Co Ltd Class A,57101010,반도체,52162435197,"10조 5,279억원",CNY
002236,Zhejiang Dahua Technology Co Ltd Class A,57102010,통신 및 네트워킹,51948574356,"10조 4,848억원",CNY
002484,Nantong Jianghai Capacitor Co Ltd Class A,57104010,전자 장비 및 부품,51864949922,"10조 4,679억원",CNY
300803,Beijing Compass Technology Development Co Ltd Class A,57301010,핀테크,51725525884,"10조 4,398억원",CNY
300570,T&S Communications Co Ltd Class A,57104010,전자 장비 및 부품,51662277168,"10조 4,270억원",CNY
000066,China Greatwall Technology Group Co Ltd Class A,57106010,컴퓨터 하드웨어,51193431527,"10조 3,324억원",CNY
300395,Hubei Feilihua Quartz Glass Co Ltd Class A,51101010,상품 화학,51037585121,"10조 3,009억원",CNY
300450,Wuxi Lead Intelligent Equipment Co Ltd Class A,52102010,산업용 기계 및 장비,50587065998,"10조 2,100억원",CNY
002920,Huizhou Desay SV Automotive Co Ltd Class A,53101020,"자동차, 트럭 및 오토바이 부품",50555715295,"10조 2,037억원",CNY
300058,BlueFocus Intelligent Communications Group Co Ltd Class A,53302010,광고 및 마케팅,50442608239,"10조 1,808억원",CNY
002074,Gotion High tech Co Ltd Class A,52102030,전기 부품 및 장비,50322333734,"10조 1,566억원",CNY
300373,Yangzhou Yangjie Electronic Technology Co Ltd Class A,57101010,반도체,49857592935,10조 628억원,CNY
002064,Huafon Chemical Co Ltd Class A,51101030,특수 화학제,49327686336,"9조 9,558억원",CNY
301269,Empyrean Technology Co Ltd Class A,57201020,소프트웨어,49106004700,"9조 9,111억원",CNY
002850,Shenzhen Kedali Industry Co.  Ltd. Class A,57104010,전자 장비 및 부품,49077335138,"9조 9,053억원",CNY
001391,Air China Cargo Co Ltd Class A,52405010,"배달, 우편, 항공 화물 및 육상 물류",47980903214,"9조 6,840억원",CNY
300903,Guangdong Kingshine Electronic Technology Co Ltd Class A,57101010,반도체,47596459067,"9조 6,064억원",CNY
000783,Changjiang Securities Co Ltd Class A,55102010,투자 은행 및 중개 서비스,47060920787,"9조 4,983억원",CNY
002812,Yunnan Energy New Material (Group) Co Ltd Class A,51101010,상품 화학,46769640568,"9조 4,395억원",CNY
000963,Huadong Medicine Co.  Ltd. Class A,56201040,제약,46684474894,"9조 4,223억원",CNY
002558,Giant Network Group Co.  Ltd. Class A,57201020,소프트웨어,46240672754,"9조 3,328억원",CNY
002595,Himile Mechanical Science and Technology Shandong Co Ltd Class A,52102010,산업용 기계 및 장비,46063600000,"9조 2,970억원",CNY
300390,Canmax Technologies Co Ltd Class A,51101010,상품 화학,45051615233,9조 928억원,CNY
301358,Hunan Yuneng New Energy Battery Material Co Ltd Class A,51101030,특수 화학제,44972164457,9조 767억원,CNY
300672,Hunan Goke Microelectronics Co Ltd Class A,57101010,반도체,44110876197,"8조 9,029억원",CNY
002138,Shenzhen Sunlord Electronics Co Ltd Class A,57104010,전자 장비 및 부품,43823402540,"8조 8,449억원",CNY
000157,Zoomlion Heavy Industry Science and Technology Co Ltd Class A,52102020,중장비 및 차량,43782490835,"8조 8,366억원",CNY
300782,Maxscend Microelectronics Co Ltd Class A,57101010,반도체,42980277204,"8조 6,747억원",CNY
001257,Luoyang Shenglong Mining Group Co Ltd Class A,51201050,특수 채굴 및 금속,42796013544,"8조 6,375억원",CNY
300347,Hangzhou Tigermed Consulting Co Ltd Class A,56202010,생명 공학 및 의학 연구,42680208300,"8조 6,141억원",CNY
301205,Linktel Technologies Co Ltd Class A,57102010,통신 및 네트워킹,42602673750,"8조 5,985억원",CNY
301611,Suzhou Kematek Inc Class A,52102010,산업용 기계 및 장비,42156840000,"8조 5,085억원",CNY
002203,Zhejiang Hailiang Co Ltd Class A,51201050,특수 채굴 및 금속,41595358223,"8조 3,952억원",CNY
002966,Bank of Suzhou Co Ltd Class A,55101010,은행,40727730920,"8조 2,201억원",CNY
000878,Yunnan Copper Co Ltd Class A,51201050,특수 채굴 및 금속,42101194934,"8조 4,973억원",CNY
301396,GloryView Technology Co Ltd Class A,57201020,소프트웨어,41908140929,"8조 4,583억원",CNY
002945,ChinaLin Securities Co Ltd Class A,55102010,투자 은행 및 중개 서비스,40743000000,"8조 2,232억원",CNY
300017,Wangsu Science & Technology Co Ltd Class A,57201010,IT 서비스 및 컨설팅,39731301650,8조 190억원,CNY
000999,China Resources Sanjiu Medical & Pharmaceutical Co Ltd Class A,56201040,제약,39674953735,8조 76억원,CNY
000811,Moon Environment Technology Co Ltd Class A,52102030,전기 부품 및 장비,39649495501,8조 25억원,CNY
002555,37 Interactive Entertainment Network Technology Group Co Ltd Class A,57201030,온라인 서비스,39444197852,"7조 9,610억원",CNY
300979,Huali Industrial Group Co Ltd Class A,53202030,제화,39269550000,"7조 9,258억원",CNY
000596,Anhui Gujing Distillery Co Ltd Class A,54101020,증류주 및 포도주,39168396000,"7조 9,054억원",CNY
301236,iSoftStone Information Technology Group Co Ltd Class A,57201010,IT 서비스 및 컨설팅,39150858570,"7조 9,018억원",CNY
002155,Hunan Gold Corp Ltd Class A,51201060,금,39066282900,"7조 8,847억원",CNY
002078,Shandong Sun Paper Co Ltd Class A,51301020,종이 제품,39045252428,"7조 8,805억원",CNY
300832,Shenzhen New Industries Biomedical Engineering Co Ltd Class A,56101020,"의료 장비, 물품 및 유통",38869508294,"7조 8,450억원",CNY
002407,Do-Fluoride New Materials Co Ltd Class A,51101090,다각적 화학 산업,38867623378,"7조 8,447억원",CNY
002129,TCL Zhonghuan Renewable Energy Technology Co Ltd Class A,50201010,재생 가능 에너지 장비 및 서비스,38854228354,"7조 8,419억원",CNY
301626,Suzhou Tianmai Thermal Technology Co Ltd Class A,57104010,전자 장비 및 부품,38404603200,"7조 7,512억원",CNY
301018,Guangdong Shenling Environmental Systems Co Ltd Class A,52102030,전기 부품 및 장비,38259038473,"7조 7,218억원",CNY
300346,Jiangsu Nata Opto-Electronic Material Co Ltd Class A,51101010,상품 화학,38158772615,"7조 7,016억원",CNY
000559,Wanxiang Qianchao Co Ltd Class A,53101020,"자동차, 트럭 및 오토바이 부품",37894547015,"7조 6,483억원",CNY
301696,Nanchang Sanrui Intelligence Technology Co Ltd Class A,52101010,항공우주 및 방위,37840946000,"7조 6,374억원",CNY
001203,Dazhong Mining Co Ltd Class A,51201020,철 및 강철,37621793875,"7조 5,932억원",CNY
000983,Shanxi Coking Coal Energy Group Co Ltd Class A,50101010,석탄,37582409011,"7조 5,853억원",CNY
000987,Guangzhou Yuexiu Capital Holdings Group Co Ltd Class A,55102010,투자 은행 및 중개 서비스,37427808167,"7조 5,541억원",CNY
002429,Shenzhen MTC Co.  Ltd. Class A,57106030,가정용 전자 제품,37347260008,"7조 5,378억원",CNY
002831,ShenZhen YUTO Packaging Technology Co Ltd Class A,51302020,종이 포장재,37103933635,"7조 4,887억원",CNY
000002,China Vanke Co.  Ltd. Class A,60101010,"부동산 임대, 개발 및 운영",37049188791,"7조 4,776억원",CNY
301717,Chengdu Ultra Pure Applied Materials Co.  Ltd. Class A,57101020,반도체 장비 및 테스트,36798033902,"7조 4,269억원",CNY
000893,Asia Potash International Investment Guangzhou Co Ltd Class A,51101020,농화학제,36731034683,"7조 4,134억원",CNY
002601,LB Group Co Ltd Class A,51101030,특수 화학제,36359782854,"7조 3,385억원",CNY
300001,Qingdao TGOOD Electric Co Ltd Class A,52102040,중전기장비,36292720050,"7조 3,250억원",CNY
300413,Mango Excellent Media Co.  Ltd. Class A,53302030,엔터테인먼트 제작,36142326146,"7조 2,946억원",CNY
002517,Kingnet Network Co Ltd Class A,57201020,소프트웨어,36084526222,"7조 2,829억원",CNY
300919,CNGR Advanced Material Co.  Ltd. Class A,52102030,전기 부품 및 장비,35992418283,"7조 2,643억원",CNY
002273,Zhejiang Crystal-Optech Co.  Ltd. Class A,57104010,전자 장비 및 부품,35947842913,"7조 2,554억원",CNY
001286,Shaanxi Energy Investment Group Co.  Ltd. Class A,59101020,민자 발전 사업,35925000000,"7조 2,507억원",CNY
000876,New Hope Liuhe Co Ltd Class A,54102010,어업 및 농업,35826658850,"7조 2,309억원",CNY
300207,Sunwoda Electronic Co Ltd Class A,52102030,전기 부품 및 장비,35619075959,"7조 1,890억원",CNY
300209,Xingyun Technology Co Ltd Class A,57201030,온라인 서비스,35427468207,"7조 1,503억원",CNY
301656,Suzhou Inovance Automotive Co Ltd Class A,53101020,"자동차, 트럭 및 오토바이 부품",35405101820,"7조 1,458억원",CNY
300776,Wuhan DR Laser Technology Corp Ltd Class A,57101020,반도체 장비 및 테스트,35374777233,"7조 1,397억원",CNY
300487,Sunresin New Materials Co Ltd Class A,51101030,특수 화학제,35262740106,"7조 1,171억원",CNY
300806,Jiangsu Sidike New Materials Science & Technology Co Ltd Class A,51101010,상품 화학,35203807878,"7조 1,052억원",CNY
002195,Shanghai Stonehill Technology Co Ltd Class A,57201020,소프트웨어,35189230763,"7조 1,022억원",CNY
300811,POCO Holding Co Ltd Class A,57104010,전자 장비 및 부품,35151840901,7조 947억원,CNY
301297,Ferrotec An Hui Technology Development Co Ltd Class A,52203040,경영 지원 서비스,35144393877,7조 932억원,CNY
002294,Shenzhen Salubris Pharmaceuticals Co Ltd Class A,56201040,제약,34759979561,7조 156억원,CNY
300489,Optics Technology Holding Co Ltd Class A,57104010,전자 장비 및 부품,34651692493,"6조 9,938억원",CNY
002046,Sinomach Precision Industry Group Co Ltd Class A,52102010,산업용 기계 및 장비,34471710004,"6조 9,574억원",CNY
002444,Hangzhou GreatStar Industrial Co Ltd Class A,53204030,"가전제품, 도구 및 가정 용품",33564836914,"6조 7,744억원",CNY
002738,Sinomine Resource Group Co Ltd Class A,51201050,특수 채굴 및 금속,33435002762,"6조 7,482억원",CNY
300677,Intco Medical Technology Co.  Ltd. Class A,56101020,"의료 장비, 물품 및 유통",33326941087,"6조 7,264억원",CNY
002025,Guizhou Space Appliance Co Ltd Class A,57104010,전자 장비 및 부품,33234247310,"6조 7,077억원",CNY
002056,Hengdian Group DMEGC Magnetics Co Ltd Class A,57101010,반도체,33071056464,"6조 6,747억원",CNY
300115,Shenzhen Everwin Precision Technology Co Ltd Class A,57104010,전자 장비 및 부품,33026353450,"6조 6,657억원",CNY
300251,Beijing Enlight Media Co Ltd Class A,53302030,엔터테인먼트 제작,32944198091,"6조 6,491억원",CNY
002252,Shanghai RAAS Blood Products Co Ltd Class A,56201040,제약,32831510967,"6조 6,264억원",CNY
000728,Guoyuan Securities Co Ltd Class A,55102010,투자 은행 및 중개 서비스,32684696404,"6조 5,968억원",CNY
002126,Zhejiang Yinlun Machinery Co Ltd Class A,53101020,"자동차, 트럭 및 오토바이 부품",32636490705,"6조 5,870억원",CNY
301550,Zhejiang Sling Intelligent Drive Group Co Ltd Class A,53101020,"자동차, 트럭 및 오토바이 부품",31968796338,"6조 4,523억원",CNY
000962,Ningxia Orient Tantalum Industry Co Ltd Class A,51201050,특수 채굴 및 금속,31922623735,"6조 4,429억원",CNY
002841,Guangzhou Shiyuan Electronic Technology Co Ltd Class A,57104010,전자 장비 및 부품,33588921622,"6조 7,793억원",CNY
300684,Jones Tech PLC Class A,57104010,전자 장비 및 부품,33473150762,"6조 7,559억원",CNY
002222,Castech Inc Class A,57104010,전자 장비 및 부품,33458287500,"6조 7,529억원",CNY
300458,All Winner Technology Co Ltd Class A,57101010,반도체,33416024047,"6조 7,444억원",CNY
002261,Talkweb Information System Co Ltd Class A,57201020,소프트웨어,32606941143,"6조 5,811억원",CNY
300870,Shenzhen Honor Electronic Co Ltd Class A,57104010,전자 장비 및 부품,32360430904,"6조 5,313억원",CNY
300972,Fujian Wanchen Food Group Co Ltd Class A,54102010,어업 및 농업,32334411892,"6조 5,261억원",CNY
002472,Zhejiang Shuanghuan Driveline Co Ltd Class A,53101020,"자동차, 트럭 및 오토바이 부품",32087412873,"6조 4,762억원",CNY
300122,Chongqing Zhifei Biological Products Co Ltd Class A,56201040,제약,31957093122,"6조 4,499억원",CNY
002340,GEM Co.  Ltd. Class A,51101030,특수 화학제,31940771478,"6조 4,466억원",CNY
002939,China Great Wall Securities Co Ltd Class A,55102010,투자 은행 및 중개 서비스,31912317222,"6조 4,409억원",CNY
002131,Leo Group Co Ltd Class A,53302010,광고 및 마케팅,31556488756,"6조 3,690억원",CNY
000688,GuoCheng Mining Co Ltd Class A,51201050,특수 채굴 및 금속,31499099625,"6조 3,575억원",CNY
002032,Zhejiang Supor Co Ltd Class A,53204030,"가전제품, 도구 및 가정 용품",31436310870,"6조 3,448억원",CNY
002815,Suntak Technology Co Ltd Class A,57101010,반도체,31335102116,"6조 3,244억원",CNY
000883,Hubei Energy Group Co Ltd Class A,59101020,민자 발전 사업,31220099448,"6조 3,012억원",CNY
000729,Beijing Yanjing Brewery Co Ltd Class A,54101010,양조업,31116674325,"6조 2,803억원",CNY
002859,Zhejiang Jiemei Electronic and Technology Co Ltd Class A,57104010,전자 장비 및 부품,30421230039,"6조 1,399억원",CNY
002673,Western Securities Co Ltd Class A,55102030,다각적 투자 서비스,30393155594,"6조 1,343억원",CNY
301707,Jiangsu X-chip Semiconductor Technology Co.  Ltd. Class A,57101010,반도체,30033312487,6조 616억원,CNY
000661,Changchun High-Tech Industry Group Co Ltd Class A,56201040,제약,30024202134,6조 598억원,CNY
002432,Andon Health Co Ltd Class A,56101020,"의료 장비, 물품 및 유통",29989710680,6조 528억원,CNY
001267,Hui Lyu Ecological Technology Groups Co Ltd Class A,52201020,건설 및 엔지니어링,29979023133,6조 507억원,CNY
002536,Feilong Auto Components Co Ltd Class A,53101020,"자동차, 트럭 및 오토바이 부품",29975084059,6조 499억원,CNY
000027,Shenzhen Energy Group Co.  Ltd. Class A,59101010,전력 유틸리티,29876408672,6조 300억원,CNY
002491,Tongding Interconnection Information Co Ltd Class A,52102030,전기 부품 및 장비,29556767835,"5조 9,654억원",CNY
300748,Jl Mag Rare-Earth Co Ltd Class A,51101010,상품 화학,29478933013,"5조 9,497억원",CNY
000973,FSPG Hi-Tech Co Ltd Class A,51101010,상품 화학,29425094089,"5조 9,389억원",CNY
002768,Qingdao Gon Technology Co Ltd Class A,51101010,상품 화학,29360092000,"5조 9,257억원",CNY
000423,Dong-E-E-Jiao Co Ltd Class A,56201040,제약,29272077198,"5조 9,080억원",CNY
000800,FAW Jiefang Group Co Ltd Class A,53101010,자동차 및 트럭 제조,29183196182,"5조 8,900억원",CNY
300623,Jiangsu JieJie Microelectronics Co Ltd Class A,57101010,반도체,29097595604,"5조 8,728억원",CNY
002245,Jiangsu Azure Corp Class A,52102030,전기 부품 및 장비,28847989725,"5조 8,224억원",CNY
000981,Sensteed Hi-Tech Group Class A,53101020,"자동차, 트럭 및 오토바이 부품",28792716157,"5조 8,112억원",CNY
000737,North Copper Co Ltd Class A,51201050,특수 채굴 및 금속,28780265333,"5조 8,087억원",CNY
002396,Fujian Star-net Communication Co Ltd Class A,57102010,통신 및 네트워킹,28569697798,"5조 7,662억원",CNY
002378,Chongyi Zhangyuan Tungsten Co Ltd Class A,51201050,특수 채굴 및 금속,28353456918,"5조 7,226억원",CNY
300896,Imeik Technology Development Co Ltd Class A,56101020,"의료 장비, 물품 및 유통",28246968894,"5조 7,011억원",CNY
301486,Shenzhen Zesum Technology Co Ltd Class A,57104010,전자 장비 및 부품,28178033814,"5조 6,872억원",CNY
300456,Sai MicroElectronics Inc Class A,57101010,반도체,28131628608,"5조 6,778억원",CNY
300339,Jiangsu Hoperun Software Co Ltd Class A,57201020,소프트웨어,27985876953,"5조 6,484억원",CNY
300236,Shanghai Sinyang Semiconductor Materials Co Ltd Class A,51101010,상품 화학,27985026263,"5조 6,482억원",CNY
002913,Aoshikang Technology Co Ltd Class A,57101010,반도체,27965807612,"5조 6,443억원",CNY
002157,Jiangxi Zhengbang Technology Co Ltd Class A,54102010,어업 및 농업,27842989393,"5조 6,196억원",CNY
000739,Apeloa Pharmaceutical Co Ltd Class A,56201040,제약,27802645824,"5조 6,114억원",CNY
002608,Jiangsu Guoxin Corp Ltd Class A,59101020,민자 발전 사업,27579981839,"5조 5,665억원",CNY
300474,Changsha Jingjia Microelectronics Co Ltd Class A,57101010,반도체,27557711629,"5조 5,620억원",CNY
000060,Shenzhen Zhongjin Lingnan Nonfemet Co Ltd Class A,51201050,특수 채굴 및 금속,27535269240,"5조 5,574억원",CNY
000564,CCOOP Group Co.  Ltd. Class A,53402010,백화점,27448256298,"5조 5,399억원",CNY
000967,Infore Environment Technology Group Co Ltd Class A,52203010,환경 서비스 및 장비,27444572668,"5조 5,391억원",CNY
300814,Shenzhen Jove Enterprise Ltd Class A,57101010,반도체,27422366409,"5조 5,347억원",CNY
000786,Beijing New Building Materials Public Limited Company Class A,53203020,건설 자재 및 비품,27320888474,"5조 5,142억원",CNY
000959,Beijing Shougang Co Ltd Class A,51201020,철 및 강철,27297485142,"5조 5,095억원",CNY
002244,Hangzhou Binjiang Real Estate Group Co Ltd Class A,60101010,"부동산 임대, 개발 및 운영",27225134038,"5조 4,948억원",CNY
002716,Hunan Silver Co Ltd Class A,51201050,특수 채굴 및 금속,27158112775,"5조 4,813억원",CNY
000629,Pangang Group Vanadium & Titanium Resources Co Ltd Class A,51101030,특수 화학제,26943748751,"5조 4,381억원",CNY
002797,First Capital Securities Co Ltd Class A,55102030,다각적 투자 서비스,26727264000,"5조 3,944억원",CNY
301345,Zhejiang Taotao Vehicles Co Ltd Class A,53101010,자동차 및 트럭 제조,26279735620,"5조 3,040억원",CNY
000877,Tianshan Material Co Ltd Class A,51202010,건설 자재,26237714351,"5조 2,956억원",CNY
000415,Bohai Leasing Co Ltd Class A,52203040,경영 지원 서비스,25789453746,"5조 2,051억원",CNY
001339,Jwipc Technology Co Ltd Class A,57106010,컴퓨터 하드웨어,26587762738,"5조 3,662억원",CNY
002223,Jiangsu Yuyue Medical Equipment and Supply Co.  Ltd. Class A,56101020,"의료 장비, 물품 및 유통",26427764812,"5조 3,339억원",CNY
000887,Anhui Zhongding Sealing Parts Co Ltd Class A,53101020,"자동차, 트럭 및 오토바이 부품",26158651273,"5조 2,796억원",CNY
300496,Thunder Software Technology Co Ltd Class A,57201020,소프트웨어,26133185256,"5조 2,745억원",CNY
002015,GCL Energy Technology Co Ltd Class A,59101020,민자 발전 사업,26070593301,"5조 2,618억원",CNY
002266,Zhefu Holding Group Co Ltd Class A,52203010,환경 서비스 및 장비,26044164296,"5조 2,565억원",CNY
002603,Shijiazhuang Yiling Pharmaceutical Co Ltd Class A,56201040,제약,26029589758,"5조 2,536억원",CNY
300438,Guangzhou Great Power Energy and Technology Co Ltd Class A,52102030,전기 부품 및 장비,26007751411,"5조 2,491억원",CNY
003022,Levima Advanced Materials Corp Class A,51101090,다각적 화학 산업,25923374880,"5조 2,321억원",CNY
002747,Estun Automation Co Ltd Class A,52102010,산업용 기계 및 장비,25877578053,"5조 2,229억원",CNY
300260,Kunshan Kinglai Hygienic Materials Co Ltd Class A,52102010,산업용 기계 및 장비,25830479672,"5조 2,134억원",CNY
002271,Beijing Oriental Yuhong Waterproof Technology Co Ltd Class A,51202010,건설 자재,25606862564,"5조 1,682억원",CNY
002465,Guangzhou Haige Communications Group Inc Co Class A,57102010,통신 및 네트워킹,25587708004,"5조 1,644억원",CNY
301583,Tolerance Technology (Jiangsu) Co Ltd Class A,57101010,반도체,25259662113,5조 982억원,CNY
000738,Aecc Aero Engine Control Co Ltd Class A,52101010,항공우주 및 방위,25251532819,5조 965억원,CNY
002180,Pantum Technology Co Ltd Class A,57106010,컴퓨터 하드웨어,25195694516,5조 852억원,CNY
002240,Chengxin Lithium Group Co Ltd Class A,51101010,상품 화학,25124816786,5조 709억원,CNY
002430,Hangzhou Oxygen Plant Group Co Ltd Class A,51101010,상품 화학,25046007706,5조 550억원,CNY
300012,Centre Testing International Group Co Ltd Class A,52203040,경영 지원 서비스,24788059592,5조 30억원,CNY
000921,Hisense Home Appliances Group Co Ltd Class A,53204030,"가전제품, 도구 및 가정 용품",24704745392,"4조 9,862억원",CNY
000582,Beibu Gulf Port Co Ltd Class A,52407020,항만 운영 및 서비스,24617086214,"4조 9,685억원",CNY
000062,Shenzhen Huaqiang Industry Co Ltd Class A,57104010,전자 장비 및 부품,24547491787,"4조 9,544억원",CNY
301183,Hubei DOTI Micro Technology Co Ltd Class A,57104010,전자 장비 및 부품,24521780661,"4조 9,492억원",CNY
000932,Hunan Valin Steel Co Ltd Class A,51201020,철 및 강철,24463814701,"4조 9,375억원",CNY
002456,OFILM Group Co Ltd Class A,57104010,전자 장비 및 부품,24331569903,"4조 9,108억원",CNY
002487,Dajin Heavy Industry Co Ltd Class A,50201010,재생 가능 에너지 장비 및 서비스,24285495210,"4조 9,015억원",CNY
002007,Hualan Biological Engineering Inc Class A,56201040,제약,24226919384,"4조 8,897억원",CNY
300726,Zhuzhou Hongda Electronics Corp Ltd Class A,57104010,전자 장비 및 부품,24183235698,"4조 8,809억원",CNY
000034,Digital China Group Co Ltd Class A,57106030,가정용 전자 제품,24035725633,"4조 8,511억원",CNY
301606,Ugreen Group Ltd Class A,57104010,전자 장비 및 부품,23712095413,"4조 7,858억원",CNY
000951,Sinotruk Jinan Truck Co Ltd Class A,52102020,중장비 및 차량,23660457808,"4조 7,754억원",CNY
000088,Shenzhen Yan Tian Port Holdings Co Ltd Class A,52407020,항만 운영 및 서비스,23657649224,"4조 7,748억원",CNY
000547,Addsino Co Ltd Class A,52101010,항공우주 및 방위,23577406968,"4조 7,586억원",CNY
000750,Sealand Securities Co.  Ltd. Class A,55102010,투자 은행 및 중개 서비스,23564983820,"4조 7,561억원",CNY
000791,GEPIC Energy Development Co Ltd Class A,59101020,민자 발전 사업,23388084540,"4조 7,204억원",CNY
300953,Ningbo Zhenyu Technology Co Ltd Class A,52102030,전기 부품 및 장비,23333653212,"4조 7,094억원",CNY
002152,GRG Banking Equipment Co Ltd Class A,57106010,컴퓨터 하드웨어,23169962438,"4조 6,764억원",CNY
000539,Guangdong Electric Power Development Co Ltd Class A,59101020,민자 발전 사업,23060717607,"4조 6,543억원",CNY
000603,Shengda Resources Co Ltd Class A,51201050,특수 채굴 및 금속,23044976156,"4조 6,512억원",CNY
300835,Sinomag Technology Co Ltd Class A,52102030,전기 부품 및 장비,23041009679,"4조 6,504억원",CNY
300432,Fulin Precision Co Ltd Class A,51101010,상품 화학,22979177652,"4조 6,379억원",CNY
002670,GUOSHENG SECURITIES Inc Class A,55102020,투자 관리 및 펀드 운영,22930753138,"4조 6,281억원",CNY
000733,China Zhenhua Group Science & Technology Co Ltd Class A,57104010,전자 장비 및 부품,22903822583,"4조 6,227억원",CNY
002459,JA Solar Technology Co Ltd Class A,50201010,재생 가능 에너지 장비 및 서비스,22903246567,"4조 6,226억원",CNY
002335,Kehua Data Co.  Ltd. Class A,52203040,경영 지원 서비스,22828458976,"4조 6,075억원",CNY
300602,Shenzhen FRD Science & Technology Co Ltd Class A,57104010,전자 장비 및 부품,22800928373,"4조 6,019억원",CNY
002518,Shenzhen Kstar Science & Technology Co Ltd Class A,52102030,전기 부품 및 장비,22799934681,"4조 6,017억원",CNY
300747,Wuhan Raycus Fiber Laser Technologies Co Ltd Class A,52102010,산업용 기계 및 장비,22744800000,"4조 5,906억원",CNY
002468,STO Express Co Ltd Class A,52405010,"배달, 우편, 항공 화물 및 육상 물류",22732412165,"4조 5,881억원",CNY
000830,Luxi Chemical Group Co Ltd Class A,51101010,상품 화학,22661396231,"4조 5,737억원",CNY
300085,Shenzhen InfoGem Technologies Co Ltd Class A,57401020,무선 통신 서비스,22407571365,"4조 5,225억원",CNY
002975,Zhuhai Bojay Electronics Co Ltd Class A,52102010,산업용 기계 및 장비,22374054120,"4조 5,158억원",CNY
300843,Shenglan Technology Co Ltd Class A,57104010,전자 장비 및 부품,22346123846,"4조 5,101억원",CNY
300763,Ginlong Technologies Co. ltd Class A,52102030,전기 부품 및 장비,22202838591,"4조 4,812억원",CNY
002262,Jiangsu Nhwa Pharmaceutical Co Ltd Class A,56201040,제약,22123295878,"4조 4,651억원",CNY
300255,Hebei Changshan Biochemical Pharmaceutical Co Ltd Class A,56201040,제약,22048270463,"4조 4,500억원",CNY
002756,Yongxing Special Materials Technology Co.  Ltd. Class A,51201020,철 및 강철,21957605724,"4조 4,317억원",CNY
301086,Shenzhen hongfuhan Technology Co Ltd Class A,57104010,전자 장비 및 부품,21900370800,"4조 4,202억원",CNY
002498,Qingdao Hanhe Cable Co Ltd Class A,52102030,전기 부품 및 장비,21624174000,"4조 3,644억원",CNY
002980,Shenzhen Everbest Machinery Industry Co Ltd Class A,52102010,산업용 기계 및 장비,21309309434,"4조 3,009억원",CNY
301171,Easy Click Worldwide Network Technology Co Ltd Class A,53302010,광고 및 마케팅,22687349987,"4조 5,790억원",CNY
300142,Walvax Biotechnology Co Ltd Class A,56201040,제약,22422866545,"4조 5,256억원",CNY
002926,Huaxi Securities Co Ltd Class A,55102010,투자 은행 및 중개 서비스,22128750000,"4조 4,662억원",CNY
000429,Guangdong Provincial Expressway Development Co Ltd Class A,52407030,고속도로 및 철도,21827963259,"4조 4,055억원",CNY
002065,DHC Software Co Ltd Class A,57201010,IT 서비스 및 컨설팅,21797280150,"4조 3,993억원",CNY
001359,Pamica Technology Corp Class A,52102030,전기 부품 및 장비,21727985671,"4조 3,854억원",CNY
002317,Guangdong Zhongsheng Pharmaceutical Co Ltd Class A,56201040,제약,21681726468,"4조 3,760억원",CNY
002683,Guangdong Hongda Holdings Group Co Ltd Class A,51201070,채굴 지원 서비스 및 장비,21641526594,"4조 3,679억원",CNY
300398,PhiChem Corp Class A,51101030,특수 화학제,21615660840,"4조 3,627억원",CNY
002153,Beijing Shiji Information Technology Co Ltd Class A,57201020,소프트웨어,21587923282,"4조 3,571억원",CNY
002423,COFCO Capital Holdings Co Ltd Class A,55301030,생명 및 건강 보험,21543387126,"4조 3,481억원",CNY
300568,Shenzhen Senior Technology Material Co Ltd Class A,51101010,상품 화학,21480494398,"4조 3,354억원",CNY
300558,Betta Pharmaceuticals Co.  Ltd. Class A,56201040,제약,21471383063,"4조 3,336억원",CNY
300003,Lepu Medical Technology (Beijing) Co.  Ltd. Class A,56101020,"의료 장비, 물품 및 유통",21402160953,"4조 3,196억원",CNY
000155,Sichuan New Energy Power Co Ltd Class A,59101020,민자 발전 사업,21378629400,"4조 3,148억원",CNY
002948,Bank of Qingdao Co Ltd Class A,55101010,은행,21346875963,"4조 3,084억원",CNY
000519,North Industries Group Red Arrow Co.  Ltd. Class A,52101010,항공우주 및 방위,21334003604,"4조 3,058억원",CNY
300627,Shanghai Huace Navigation Technology Ltd Class A,52101010,항공우주 및 방위,21302232861,"4조 2,994억원",CNY
301285,HONG RI DA Technology Co Ltd Class A,57104010,전자 장비 및 부품,21301476900,"4조 2,993억원",CNY
000623,Jilin Aodong Pharmaceutical Group Co Ltd Class A,56201040,제약,21251061027,"4조 2,891억원",CNY
000683,Inner Mongolia Berun Chemical Co Ltd Class A,51101010,상품 화학,21223108208,"4조 2,835억원",CNY
002130,Shenzhen Woer Heat-shrinkable Material Co.  Ltd Class A,57104010,전자 장비 및 부품,21216691784,"4조 2,822억원",CNY
000709,HBIS Co Ltd Class A,51201020,철 및 강철,21191098239,"4조 2,770억원",CNY
000628,Chengdu Hi-tech Development Co Ltd Class A,52201020,건설 및 엔지니어링,21168505200,"4조 2,724억원",CNY
300083,Guangdong Create Century Intelligent Equipment Group Corp Ltd Class A,52102010,산업용 기계 및 장비,21120206746,"4조 2,627억원",CNY
000158,Shijiazhuang ChangShan BeiMing Technology Co Ltd Class A,57201010,IT 서비스 및 컨설팅,21085754550,"4조 2,557억원",CNY
000598,Chengdu Xingrong Environment Co Ltd Class A,59103010,수자원 유틸리티,21067101570,"4조 2,520억원",CNY
300199,Hybio Pharmaceutical Co Ltd Class A,56201040,제약,21065305864,"4조 2,516억원",CNY
300073,Beijing Easpring Material Technology Co Ltd Class A,52102030,전기 부품 및 장비,20917205661,"4조 2,217억원",CNY
000400,Xj Electric Co Ltd Class A,52102040,중전기장비,20798959240,"4조 1,979억원",CNY
000039,China International Marine Containers Group Co Ltd Class A,52102020,중장비 및 차량,20770196060,"4조 1,920억원",CNY
003035,China Southern Power Grid Energy Efficiency&Clean Energy Co Ltd Class A,52201020,건설 및 엔지니어링,20757575753,"4조 1,895억원",CNY
001337,Sichuan Gold Co Ltd Class A,51201060,금,20752200000,"4조 1,884억원",CNY
300024,SIASUN Robot & Automation Co Ltd Class A,52102010,산업용 기계 및 장비,20744464338,"4조 1,869억원",CNY
002552,Baoding Technology Co Ltd Class A,51201050,특수 채굴 및 금속,20691257702,"4조 1,761억원",CNY
002364,Hangzhou Zhonhen Electric Co Ltd Class A,52102030,전기 부품 및 장비,20626477536,"4조 1,630억원",CNY
001270,Zhejiang Chengchang Technology Co Ltd Class A,57101010,반도체,20609428951,"4조 1,596억원",CNY
300383,Beijing Sinnet Technology Co Ltd Class A,57201010,IT 서비스 및 컨설팅,20600414027,"4조 1,578억원",CNY
002827,Xizang GaoZheng Explosive Co.  Ltd. Class A,51201070,채굴 지원 서비스 및 장비,20578976880,"4조 1,535억원",CNY
300179,SF Diamond Co Ltd Class A,52102010,산업용 기계 및 장비,20478120889,"4조 1,331억원",CNY
002085,Zhejiang Wanfeng Auto Wheel Co Ltd Class A,53101020,"자동차, 트럭 및 오토바이 부품",20447355118,"4조 1,269억원",CNY
002265,Jianshe Industry Group (Yunnan) Co Ltd Class A,52101010,항공우주 및 방위,20443869655,"4조 1,262억원",CNY
300503,Guangzhou Haozhi Industrial Co Ltd Class A,52102030,전기 부품 및 장비,20294188889,4조 960억원,CNY
002299,Fujian Sunner Development Co Ltd Class A,54102020,식품 가공,20033457591,4조 434억원,CNY
000997,Newland Digital Technology Co Ltd Class A,57301010,핀테크,20018814800,4조 404억원,CNY
300277,Hangzhou Turbine Power Group Co Ltd Class A,57201010,IT 서비스 및 컨설팅,20003876931,4조 374억원,CNY
301080,Acrobiosystems Co Ltd Class A,56201040,제약,19920272090,4조 205억원,CNY
002120,YUNDA Holding Group Co Ltd Class A,52405010,"배달, 우편, 항공 화물 및 육상 물류",19917513110,4조 200억원,CNY
300699,Weihai Guangwei Composites Co Ltd Class A,51101010,상품 화학,19686415360,"3조 9,733억원",CNY
002545,Qingdao East Steel Tower Stock Co Ltd Class A,51101020,농화학제,19631299670,"3조 9,622억원",CNY
001386,MarcoPolo Holdings Co Ltd Class A,53203020,건설 자재 및 비품,19596688000,"3조 9,552억원",CNY
002237,Shandong Humon Smelting Co Ltd Class A,51201060,금,19433297845,"3조 9,222억원",CNY
000825,Shanxi Taigang Stainless Steel Co Ltd Class A,51201020,철 및 강철,19424204984,"3조 9,204억원",CNY
002624,Perfect World Co Ltd Class A,57201030,온라인 서비스,19419083724,"3조 9,194억원",CNY
300679,Electric Connector Technology Co Ltd Class A,57104010,전자 장비 및 부품,19257090600,"3조 8,867억원",CNY
300323,BOE HC SemiTek Corp Class A,57101010,반도체,19216305756,"3조 8,784억원",CNY
001365,Tianhai Auto Electronics Group Co Ltd Class A,53101020,"자동차, 트럭 및 오토바이 부품",19204500000,"3조 8,760억원",CNY
300257,Kaishan Group Co Ltd Class A,52102010,산업용 기계 및 장비,19167219497,"3조 8,685억원",CNY
301286,Sichuan Qiaoyuan Gas Co Ltd Class A,51101010,상품 화학,19140784000,"3조 8,632억원",CNY
301035,Shandong Weifang Rainbow Chemical Co Ltd Class A,51101020,농화학제,18228908353,"3조 6,791억원",CNY
000029,ShenZhen Special Economic Zone Real Estate & Properties Group Co Ltd Class A,60101010,"부동산 임대, 개발 및 운영",19848351600,4조 60억원,CNY
000620,Winnovation Culturaltainment Development Ltd Class A,60101010,"부동산 임대, 개발 및 운영",19788016685,"3조 9,938억원",CNY
300738,Guangdong Aofei Data Technology Co Ltd Class A,57201010,IT 서비스 및 컨설팅,19753341784,"3조 9,868억원",CNY
300613,Shanghai Fullhan Microelectronics Co Ltd Class A,57101010,반도체,19502638186,"3조 9,362억원",CNY
002290,Suzhou Hesheng Special Material Co Ltd Class A,52102010,산업용 기계 및 장비,19315544891,"3조 8,985억원",CNY
002497,Sichuan Yahua Industrial Group Co Ltd Class A,51101010,상품 화학,19305422210,"3조 8,964억원",CNY
002925,Xiamen Intretech Inc Class A,57106030,가정용 전자 제품,19276292944,"3조 8,905억원",CNY
002957,Shenzhen Colibri Technologies Co Ltd Class A,52102010,산업용 기계 및 장비,19079803430,"3조 8,509억원",CNY
002568,Shanghai Bairun Investment Holding Group Co Ltd Class A,54101020,증류주 및 포도주,19051297491,"3조 8,451억원",CNY
001287,Shenzhen CECport Technologies Co Ltd Class A,57104010,전자 장비 및 부품,18974705422,"3조 8,297억원",CNY
300724,Shenzhen S.C New Energy Technology Corp Class A,50201010,재생 가능 에너지 장비 및 서비스,18964499727,"3조 8,276억원",CNY
002500,Shanxi Securities Co Ltd Class A,55102010,투자 은행 및 중개 서비스,18953993768,"3조 8,255억원",CNY
300319,Shenzhen Microgate Technology Co Ltd Class A,57104010,전자 장비 및 부품,18879003651,"3조 8,103억원",CNY
300364,Col Global Co Ltd Class A,53302040,소비자 출판,18788018043,"3조 7,920억원",CNY
002773,Chengdu Kanghong Pharmaceutical Group Co Ltd Class A,56201040,제약,18712138250,"3조 7,767억원",CNY
300821,Shandong Dongyue Organosilicon Materials Co Ltd Class A,51101030,특수 화학제,18684000000,"3조 7,710억원",CNY
002895,Guizhou Chanhen Chemical Corp Class A,51101010,상품 화학,18666804880,"3조 7,675억원",CNY
002389,Aerospace CH UAV Co Ltd Class A,52101010,항공우주 및 방위,18654309438,"3조 7,650억원",CNY
001331,Senton Energy Co Ltd Class A,59102010,천연가스 유틸리티,18641246400,"3조 7,624억원",CNY
002461,Guangzhou Zhujiang Brewery Co Ltd Class A,54101010,양조업,18636225802,"3조 7,613억원",CNY
301123,YD Electronic Technology Co Ltd Class A,57104010,전자 장비 및 부품,18606952000,"3조 7,554억원",CNY
002745,MLS Co Ltd Class A,57101010,반도체,18552079988,"3조 7,444억원",CNY
001896,Henan Yuneng Holdings Co Ltd Class A,59101010,전력 유틸리티,18522985346,"3조 7,385억원",CNY
301301,Yili Chuanning Biotechnology Co Ltd Class A,56201040,제약,18349448460,"3조 7,035억원",CNY
300676,BGI Genomics Co Ltd Class A,56202010,생명 공학 및 의학 연구,18326471056,"3조 6,988억원",CNY
002792,Tongyu Communication Inc Class A,57102010,통신 및 네트워킹,18318545969,"3조 6,972억원",CNY
300657,Xiamen Hongxin Electronics Technology Group Inc Class A,57101010,반도체,18301489522,"3조 6,938억원",CNY
300975,Nanjing Sunlord Electronics Corp Ltd Class A,57104010,전자 장비 및 부품,18281219122,"3조 6,897억원",CNY
001301,Shijiazhuang Shangtai Technology Co Ltd Class A,52102030,전기 부품 및 장비,18259977794,"3조 6,854억원",CNY
000686,Northeast Securities Co Ltd Class A,55102010,투자 은행 및 중개 서비스,18255532737,"3조 6,845억원",CNY
002739,Ruyi Film Entertainment Company Limited Class A,53301040,여가 및 오락시설,18224650250,"3조 6,783억원",CNY
001696,Chongqing Zonsen Power Machinery Co Ltd Class A,53101020,"자동차, 트럭 및 오토바이 부품",18217378297,"3조 6,768억원",CNY
300990,Sanhe Tongfei Refrigeration Co Ltd Class A,52102030,전기 부품 및 장비,18195187019,"3조 6,723억원",CNY
000009,China Baoan Group Co Ltd Class A,51101030,특수 화학제,18157666314,"3조 6,648억원",CNY
300088,Wuhu Token Sciences Co Ltd Class A,57104010,전자 장비 및 부품,18133545784,"3조 6,599억원",CNY
000969,Advanced Technology & Materials Co Ltd Class A,51201020,철 및 강철,18131964792,"3조 6,596억원",CNY
300593,Beijing Relpow Technology Co.  Ltd. Class A,52102030,전기 부품 및 장비,18130298834,"3조 6,592억원",CNY
002044,Meinian Onehealth Healthcare Holdings Co.  Ltd. Class A,56102010,의료 시설 및 서비스,17966425507,"3조 6,262억원",CNY
002145,Tinergy Chemical Co.  Ltd. Class A,51101010,상품 화학,17891359260,"3조 6,110억원",CNY
301319,Shenzhen Vital New Material Co Ltd Class A,57104010,전자 장비 및 부품,17868700219,"3조 6,064억원",CNY
002318,Zhejiang JIULI Hi-tech Metals Co Ltd Class A,51201020,철 및 강철,17823593933,"3조 5,973억원",CNY
002439,Venustech Group Inc Class A,57201020,소프트웨어,17795469011,"3조 5,917억원",CNY
300762,Jushri Technologies  Inc Class A,57102010,통신 및 네트워킹,17728669858,"3조 5,782억원",CNY
300131,ShenZhen Yitoa Intelligent Control Co Ltd Class A,57104010,전자 장비 및 부품,17683603576,"3조 5,691억원",CNY
300761,Jiangsu Lihua Foods Group Co Ltd Class A,54102010,어업 및 농업,17663059889,"3조 5,649억원",CNY
000032,Shenzhen Sed Industry Co Ltd Class A,52201020,건설 및 엔지니어링,17620100010,"3조 5,563억원",CNY
301128,ShenZhen QiangRui Precision Technology Co Ltd Class A,52102010,산업용 기계 및 장비,17604049094,"3조 5,530억원",CNY
002402,Shenzhen H&T Intelligent Control Co Ltd Class A,57104010,전자 장비 및 부품,17507464636,"3조 5,335억원",CNY
301071,Henan Liliang Diamond Co Ltd Class A,53203020,건설 자재 및 비품,17429845071,"3조 5,179억원",CNY
000937,Jizhong Energy Resources Co Ltd Class A,50101010,석탄,17413318877,"3조 5,145억원",CNY
000875,SPIC Green Energy Co Ltd Class A,59101020,민자 발전 사업,17410899005,"3조 5,140억원",CNY
000902,YONFER Agricultural Technology Co Ltd Class A,51101020,농화학제,17302785473,"3조 4,922억원",CNY
000506,Zhaojin International Gold Co Ltd Class A,51201060,금,17261149999,"3조 4,838억원",CNY
002171,Anhui Truchum Advanced Materials and Technology Co Ltd Class A,51201050,특수 채굴 및 금속,17235600201,"3조 4,787억원",CNY
300888,Winner Medical Co Ltd Class A,56101020,"의료 장비, 물품 및 유통",17209301795,"3조 4,734억원",CNY
301275,Hanshow Technology Co.  Ltd. Class A,57107010,통합 하드웨어 및 소프트웨어,17149440000,"3조 4,613억원",CNY
002979,China Leadshine Technology Co Ltd Class A,52102030,전기 부품 및 장비,17085019686,"3조 4,483억원",CNY
002947,Suzhou Hengmingda Electronic Technology Co Ltd Class A,57104010,전자 장비 및 부품,17003518865,"3조 4,318억원",CNY
000833,Guangxi Yuegui Guangye Holdings Co Ltd Class A,54102020,식품 가공,16939867532,"3조 4,190억원",CNY
301392,Guangdong Huicheng Vacuum Technology Co Ltd Class A,52102010,산업용 기계 및 장비,16933000000,"3조 4,176억원",CNY
300741,Huabao Technology Co.  Ltd. Class A,54102020,식품 가공,18162301200,"3조 6,657억원",CNY
003021,Shenzhen Zhaowei Machinery & Electronics Co Ltd Class A,52102010,산업용 기계 및 장비,17361647555,"3조 5,041억원",CNY
301362,Up-shine Lighting Co Ltd Class A,53203020,건설 자재 및 비품,17139742749,"3조 4,593억원",CNY
002611,Guangdong Dongfang Precision Science & Technology Co Ltd Class A,52102010,산업용 기계 및 장비,16932446980,"3조 4,175억원",CNY
301389,Long Young Electronic (Kunshan) Co Ltd Class A,52102030,전기 부품 및 장비,16902270000,"3조 4,114억원",CNY
300170,Hand Enterprise Solutions Co Ltd Class A,57201010,IT 서비스 및 컨설팅,16854799318,"3조 4,018억원",CNY
002901,Double Medical Technology Inc Class A,56101020,"의료 장비, 물품 및 유통",16796771358,"3조 3,901억원",CNY
300140,Cecep Environmental Protection Co Ltd Class A,52203010,환경 서비스 및 장비,16734961886,"3조 3,776억원",CNY
300773,Lakala Payment Co Ltd Class A,52203040,경영 지원 서비스,16690529591,"3조 3,686억원",CNY
000591,CECEP Solar Energy Co Ltd Class A,59101020,민자 발전 사업,16673722203,"3조 3,653억원",CNY
000592,Zhongfu Straits Pingtan Development Co Ltd Class A,51301010,임업 및 목재 제품,16613315671,"3조 3,531억원",CNY
301498,Gambol Pet Group Co.  Ltd. Class A,54102020,식품 가공,16579575576,"3조 3,463억원",CNY
002149,Western Metal Materials Co Ltd Class A,51201050,특수 채굴 및 금속,16399117464,"3조 3,098억원",CNY
000543,An Hui Wenergy Co Ltd Class A,59101020,민자 발전 사업,16366753250,"3조 3,033억원",CNY
002270,Huaming Power Equipment Co Ltd Class A,52102040,중전기장비,16338189607,"3조 2,975억원",CNY
002312,Sichuan Development Lomon Co Ltd Class A,51101010,상품 화학,16328684961,"3조 2,956억원",CNY
301500,Guangdong Feinan Resources Recycling Co Ltd Class A,52203010,환경 서비스 및 장비,16327508520,"3조 2,954억원",CNY
002958,Qingdao Rural Commercial Bank Corp Class A,55101010,은행,16278217552,"3조 2,854억원",CNY
002192,Youngy Co.  Ltd. Class A,51201050,특수 채굴 및 금속,16277784676,"3조 2,853억원",CNY
300002,Beijing Ultrapower Software Co Ltd Class A,57201020,소프트웨어,16248856133,"3조 2,795억원",CNY
301316,Hydsoft Technology Co Ltd Class A,57201010,IT 서비스 및 컨설팅,16224760200,"3조 2,746억원",CNY
000050,Tianma Microelectronics Co Ltd Class A,57104010,전자 장비 및 부품,16197907733,"3조 2,692억원",CNY
000070,Shenzhen SDG Information Co Ltd Class A,57102010,통신 및 네트워킹,16178160640,"3조 2,652억원",CNY
000723,Shanxi Meijin Energy Co Ltd Class A,51201020,철 및 강철,16160853302,"3조 2,617억원",CNY
002151,Beijing BDStar Navigation Co Ltd Class A,53101020,"자동차, 트럭 및 오토바이 부품",16151599662,"3조 2,599억원",CNY
300820,Sichuan Injet Electric Co Ltd Class A,52102030,전기 부품 및 장비,16149796750,"3조 2,595억원",CNY
300779,Qingdao Huicheng Environmental Technology Group Co Ltd Class A,51101030,특수 화학제,16084365613,"3조 2,463억원",CNY
000898,Angang Steel Co Ltd Class A,51201020,철 및 강철,16074516141,"3조 2,443억원",CNY
000685,Zhongshan Public Utilities Group Co Ltd Class A,59103010,수자원 유틸리티,16056978562,"3조 2,408억원",CNY
002249,Zhongshan Broad-Ocean Motor Co Ltd Class A,52102030,전기 부품 및 장비,16035416495,"3조 2,364억원",CNY
301529,WuHu Foresight Technology Co Ltd Class A,53403010,"자동차 차량, 부품 및 서비스 소매",16027474927,"3조 2,348억원",CNY
301029,Dongguan Yiheda Automation Co Ltd Class A,52102010,산업용 기계 및 장비,15991243007,"3조 2,275억원",CNY
300146,Byhealth Co Ltd Class A,54102020,식품 가공,15952514402,"3조 2,197억원",CNY
301219,Ganzhou Tengyuan Cobalt New Material Co Ltd Class A,51201050,특수 채굴 및 금속,15929612349,"3조 2,151억원",CNY
002326,Zhejiang Yongtai Technology Co Ltd Class A,51101010,상품 화학,15893692786,"3조 2,078억원",CNY
300718,Zhejiang Changsheng Sliding Bearings Co Ltd Class A,52102010,산업용 기계 및 장비,15883093235,"3조 2,057억원",CNY
002011,Zhejiang DunAn Artificial Environment Co Ltd Class A,52102030,전기 부품 및 장비,15859285524,"3조 2,009억원",CNY
300638,Fibocom Wireless Inc. Class A,57102010,통신 및 네트워킹,15842684013,"3조 1,975억원",CNY
300951,Shenzhen BSC Technology Co Ltd Class A,57104010,전자 장비 및 부품,15798299676,"3조 1,886억원",CNY
002508,Hangzhou Robam Appliances Co Ltd Class A,53204030,"가전제품, 도구 및 가정 용품",15752881880,"3조 1,794억원",CNY
300253,Winning Health Technology Group Co Ltd Class A,57201010,IT 서비스 및 컨설팅,15739115392,"3조 1,766억원",CNY
000513,Livzon Pharmaceutical Group Inc Class A,56201040,제약,15731676445,"3조 1,751억원",CNY
300607,Guangdong Topstar Technology Co Ltd Class A,52102010,산업용 기계 및 장비,15687622631,"3조 1,662억원",CNY
003018,JinFu Technology Co Ltd Class A,51302010,용기(종이 제외) 및 포장재,15659825102,"3조 1,606억원",CNY
300723,ApicHope Pharmaceutical Group Co.  Ltd. Class A,56201040,제약,15619535848,"3조 1,525억원",CNY
000935,SICHUAN HEXIE SHUANGMA Co Ltd Class A,51202010,건설 자재,15612354810,"3조 1,510억원",CNY
300102,Xiamen Changelight Co Ltd Class A,57101010,반도체,15608862316,"3조 1,503억원",CNY
000528,Guangxi Liugong Machinery Co Ltd Class A,52102020,중장비 및 차량,15605903885,"3조 1,497억원",CNY
001213,China Railway Special Cargo Logistics Co Ltd Class A,52405030,지상 화물 및 물류,15599999998,"3조 1,485억원",CNY
301093,Jiangsu Hualan New Pharmaceutical Material Co Ltd Class A,53101030,타이어 및 고무 제품,15590559935,"3조 1,466억원",CNY
301095,Semitronix Corp Class A,57101020,반도체 장비 및 테스트,15475719670,"3조 1,235억원",CNY
000537,Green Development Electricity Group of Tianjin Co.  Ltd. Class A,59101010,전력 유틸리티,15438441421,"3조 1,159억원",CNY
000069,Shenzhen Overseas Chinese Town Co Ltd Class A,60101010,"부동산 임대, 개발 및 운영",15352117881,3조 985억원,CNY
002408,Zibo Qixiang Tengda Chemical Co Ltd Class A,51101010,상품 화학,15269802910,3조 819억원,CNY
301338,GKG Precision Machine Co Ltd Class A,57101020,반도체 장비 및 테스트,15260952000,3조 801억원,CNY
002779,Zhejiang Zhongjian Technology Co Ltd Class A,53204030,"가전제품, 도구 및 가정 용품",15227520000,3조 734억원,CNY
301603,Jirfine Intelligent Equipment Co Ltd Class A,52102010,산업용 기계 및 장비,15101038000,3조 478억원,CNY
002048,Ningbo Huaxiang Electronic Co Ltd Class A,53101020,"자동차, 트럭 및 오토바이 부품",15066334523,3조 408억원,CNY
301489,Guangdong Suqun New Material Co Ltd Class A,57104010,전자 장비 및 부품,14978618771,3조 231억원,CNY
301196,Xiamen Voke Mold & Plastic Engineering Co Ltd Class A,51101010,상품 화학,14867883228,3조 8억원,CNY
301047,Sino Biological Inc Class A,56202010,생명 공학 및 의학 연구,16569356995,"3조 3,442억원",CNY
301251,Jiangxi Welgao Electronics Co Ltd Class A,57101010,반도체,16216511396,"3조 2,730억원",CNY
300735,DBG Technology Co Ltd Class A,57104010,전자 장비 및 부품,15437434910,"3조 1,157억원",CNY
000766,Tonghua Golden-Horse Pharmaceutical Industry Co Ltd Class A,56201040,제약,15367265841,"3조 1,016억원",CNY
002929,Runjian Co Ltd Class A,52201020,건설 및 엔지니어링,15283985001,3조 848억원,CNY
300144,Songcheng Performance Development Co Ltd Class A,53302030,엔터테인먼트 제작,15183651324,3조 645억원,CNY
301366,Shenzhen Edadoc Technology Co Ltd Class A,57101010,반도체,15120132264,3조 517억원,CNY
000563,Shaanxi International Trust Co Ltd Class A,55102020,투자 관리 및 펀드 운영,15035072853,3조 345억원,CNY
002246,North Chemical Industries Co Ltd Class A,51101030,특수 화학제,15005120920,3조 285억원,CNY
000927,China Railway Materials Co Ltd Class A,52407030,고속도로 및 철도,15004877030,3조 284억원,CNY
000823,Guangdong Goworld Co Ltd Class A,57101010,반도체,15004762855,3조 284억원,CNY
002158,Shanghai Hanbell Precise Machinery Co Ltd Class A,52102010,산업용 기계 및 장비,15004359340,3조 283억원,CNY
000672,Gansu Shangfeng Materials Co Ltd Class A,51202010,건설 자재,14967465748,3조 209억원,CNY
002961,Ruida Futures Co Ltd Class A,55102010,투자 은행 및 중개 서비스,14928970302,3조 131억원,CNY
002320,Hainan Strait Shipping Co Ltd Class A,52406020,지상 및 해상 여객 운송,14919684941,3조 112억원,CNY
300655,Crystal Clear Electronic Material Co Ltd Class A,51101030,특수 화학제,14905268211,3조 83억원,CNY
000600,HCIG Energy Investment Co Ltd Class A,59101010,전력 유틸리티,14891629795,3조 56억원,CNY
002583,Hytera Communications Corp Ltd Class A,57102010,통신 및 네트워킹,14876306537,3조 25억원,CNY
002539,Chengdu Wintrue Holding Co Ltd Class A,51101020,농화학제,14830847797,"2조 9,933억원",CNY
000711,Kingland Technology Co Ltd Class A,51201050,특수 채굴 및 금속,14767486115,"2조 9,805억원",CNY
002563,Zhejiang Semir Garment Co Ltd Class A,53202020,의류 및 액세서리,14763614077,"2조 9,797억원",CNY
002534,Xizi Clean Energy Equipment Manufacturing Co.  Ltd Class A,52102030,전기 부품 및 장비,14754255874,"2조 9,779억원",CNY
300436,Fujian Cosunter Pharmaceutical Co Ltd Class A,56201040,제약,14745995899,"2조 9,762억원",CNY
002906,Foryou Corp Class A,53101020,"자동차, 트럭 및 오토바이 부품",14681985577,"2조 9,633억원",CNY
301589,XiAn NovaStar Tech Co Ltd Class A,57104010,전자 장비 및 부품,14679817920,"2조 9,628억원",CNY
301312,Shenzhen iN Cube Automation Co Ltd Class A,52102010,산업용 기계 및 장비,14646108659,"2조 9,560억원",CNY
002176,Jiangxi Special Electric Motor Co Ltd Class A,52102040,중전기장비,14639354997,"2조 9,547억원",CNY
002832,BIEM.L.FDLKK Garment Co Ltd Class A,53202020,의류 및 액세서리,14638636705,"2조 9,545억원",CNY
002911,Foran Energy Group Co Ltd Class A,59102010,천연가스 유틸리티,14630441604,"2조 9,529억원",CNY
300601,Shenzhen Kangtai Biological Products Co Ltd Class A,56201040,제약,14609447892,"2조 9,486억원",CNY
002506,GCL System Integration Technology Co Ltd Class A,50201010,재생 가능 에너지 장비 및 서비스,14567287903,"2조 9,401억원",CNY
002405,Seeway.ai Co Ltd Class A,57201020,소프트웨어,14552633898,"2조 9,372억원",CNY
002440,Zhejiang Runtu Co Ltd Class A,51101030,특수 화학제,14544558771,"2조 9,355억원",CNY
002226,Anhui Jiangnan Chemical Industry Co Ltd Class A,51101010,상품 화학,14436629560,"2조 9,137억원",CNY
000682,Dongfang Electronics Co Ltd Class A,52102040,중전기장비,14426222595,"2조 9,116억원",CNY
000905,Xiamen Port Development Co Ltd Class A,52202010,다각적 산업용 제품 도매,14405155907,"2조 9,074억원",CNY
001369,Inner Mongolia Shuangxin Environment-Friendly Material Co Ltd Class A,51101010,상품 화학,14360440000,"2조 8,984억원",CNY
300913,Zhejiang Zhaolong Interconnect Technology Co Ltd Class A,52102030,전기 부품 및 장비,14359101117,"2조 8,981억원",CNY
002655,Gettop Acoustic Co Ltd Class A,52102030,전기 부품 및 장비,14346380400,"2조 8,955억원",CNY
301599,Wuxi Rich Intelligent Equipment Co.  Ltd Class A,52102010,산업용 기계 및 장비,14311856000,"2조 8,886억원",CNY
000778,Xinxing Ductile Iron Pipes Co Ltd Class A,51201020,철 및 강철,14307088049,"2조 8,876억원",CNY
000970,Beijing Zhong Ke San Huan High-Tech Co Ltd Class A,52102030,전기 부품 및 장비,14296935090,"2조 8,856억원",CNY
001221,Higold Group Co Ltd Class A,53204030,"가전제품, 도구 및 가정 용품",14284357100,"2조 8,830억원",CNY
300827,Sineng Electric Co Ltd Class A,52102030,전기 부품 및 장비,14273572086,"2조 8,808억원",CNY
000581,Weifu High-Technology Group Co Ltd Class A,53101020,"자동차, 트럭 및 오토바이 부품",14267526246,"2조 8,796억원",CNY
002410,Glodon Co Ltd Class A,57201020,소프트웨어,14239760228,"2조 8,740억원",CNY
000785,Easyhome New Retail Group Corp Ltd Class A,53403020,주택 개조 제품 및 서비스 소매,14197671296,"2조 8,655억원",CNY
000410,Shenyang Machine Tool Co Ltd Class A,52102010,산업용 기계 및 장비,14146049868,"2조 8,551억원",CNY
002174,YOOZOO Interactive Co Ltd Class A,57201030,온라인 서비스,14109277925,"2조 8,477억원",CNY
301031,XiAn Sinofuse Electric Co Ltd Class A,52102030,전기 부품 및 장비,14105356608,"2조 8,469억원",CNY
301682,Chengdu Hongming Electronics Co Ltd Class A,57104010,전자 장비 및 부품,14072984669,"2조 8,404억원",CNY
301369,PowerTECH Co Ltd Class A,57101020,반도체 장비 및 테스트,14049943614,"2조 8,357억원",CNY
000966,Chn Energy Changyuan Electric Power Co Ltd Class A,59101010,전력 유틸리티,14028571114,"2조 8,314억원",CNY
300184,Wuhan P&S Information Technology Co Ltd Class A,57101010,반도체,13920226948,"2조 8,095억원",CNY
002645,Jiangsu Huahong Technology Co Ltd Class A,52203010,환경 서비스 및 장비,13864947153,"2조 7,984억원",CNY
000680,Shantui Construction Machinery Co Ltd Class A,52102020,중장비 및 차량,13861317735,"2조 7,976억원",CNY
300855,Jiangsu ToLand Alloy Co Ltd Class A,51201020,철 및 강철,13835691870,"2조 7,925억원",CNY
300302,Toyou Feiji Electronics Co Ltd Class A,57201010,IT 서비스 및 컨설팅,13826760572,"2조 7,907억원",CNY
002585,Jiangsu Shuangxing Color Plastic New Materials Co Ltd Class A,51101010,상품 화학,13581739083,"2조 7,412억원",CNY
301021,Inno Laser Technology Co Ltd Class A,52102010,산업용 기계 및 장비,13518288883,"2조 7,284억원",CNY
300166,Business-intelligence of Oriental Nations Corp Ltd Class A,57201020,소프트웨어,14325421510,"2조 8,913억원",CNY
300009,Anhui Anke Biotechnology Group Co Ltd Class A,56201040,제약,14234370032,"2조 8,729억원",CNY
300133,Zhejiang Huace Film & TV Co Ltd Class A,53302030,엔터테인먼트 제작,14154526071,"2조 8,568억원",CNY
002990,Maxvision Technology Corp Class A,57107010,통합 하드웨어 및 소프트웨어,13906637411,"2조 8,068억원",CNY
301015,Qingdao Baheal Medical INC. Class A,56201040,제약,13892244355,"2조 8,039억원",CNY
002081,Suzhou Gold Mantis Construction Decoration Co Ltd Class A,52201020,건설 및 엔지니어링,13887342893,"2조 8,029억원",CNY
301363,Mehow Innovative Ltd. Class A,56101010,첨단 의료 장비 및 기술,13810024535,"2조 7,873억원",CNY
300957,Yunnan Botanee Bio-Technology Group Co Ltd Class A,54201020,개인 생활 필수 용품,13796652000,"2조 7,846억원",CNY
300660,Jiangsu Leili Motor Co Ltd Class A,52102030,전기 부품 및 장비,13776277034,"2조 7,805억원",CNY
300201,Xuzhou Handler Special Vehicle Co Ltd Class A,52102020,중장비 및 차량,13773445236,"2조 7,799억원",CNY
002690,Hefei Meyer Optoelectronic Technology Inc Class A,52102010,산업용 기계 및 장비,13753948551,"2조 7,760억원",CNY
002385,Beijing Dabeinong Technology Group Co Ltd Class A,54102010,어업 및 농업,13697190288,"2조 7,645억원",CNY
300182,Beijing Jetsen Technology Co Ltd Class A,53302030,엔터테인먼트 제작,13692063748,"2조 7,635억원",CNY
002310,Beijing Orient EcoEnergy Co Ltd Class A,52203010,환경 서비스 및 장비,13678454427,"2조 7,607억원",CNY
300457,Shenzhen Yinghe Technology Co Ltd Class A,52102010,산업용 기계 및 장비,13643164258,"2조 7,536억원",CNY
300342,Changshu Tianyin Electromechanical Co Ltd Class A,52102030,전기 부품 및 장비,13596873265,"2조 7,443억원",CNY
002984,Qingdao Sentury Tire Co Ltd Class A,53101030,타이어 및 고무 제품,13596083748,"2조 7,441억원",CNY
000156,Wasu Media Holding Co Ltd Class A,53302020,방송,13526406827,"2조 7,300억원",CNY
002292,Alpha Group Class A,53205010,장난감 및 어린이 제품,13500528234,"2조 7,248억원",CNY
000089,Shenzhen Airport Co Ltd Class A,52407010,공항 운영 및 서비스,13494063369,"2조 7,235억원",CNY
000552,Gansu Energy Chemical Co Ltd Class A,50101010,석탄,13486578276,"2조 7,220억원",CNY
300409,Guangdong Dowstone Technology Co Ltd Class A,51101010,상품 화학,13470326971,"2조 7,187억원",CNY
301571,Teemsun Technology Co Ltd Class A,52101010,항공우주 및 방위,13456943100,"2조 7,160억원",CNY
300296,Leyard Optoelectronic Co Ltd Class A,57104010,전자 장비 및 부품,13451407021,"2조 7,149억원",CNY
300428,Lizhong Sitong Light Alloys Group Co Ltd Class A,51201030,알루미늄,13451110070,"2조 7,148억원",CNY
002897,Wenzhou Yihua Connector Co Ltd Class A,57104010,전자 장비 및 부품,13438304216,"2조 7,123억원",CNY
301292,Shandong Hi-tech Spring Material Technology Co Ltd Class A,51101030,특수 화학제,13432357456,"2조 7,111억원",CNY
002003,Zhejiang Weixing Industrial Development Co Ltd Class A,53202020,의류 및 액세서리,13422564182,"2조 7,091억원",CNY
002354,Tianyu Digital Technology Group Co Ltd Class A,57201030,온라인 서비스,13418691000,"2조 7,083억원",CNY
002647,Rendong Holdings Group Co Ltd Class A,52203040,경영 지원 서비스,13413809076,"2조 7,073억원",CNY
000612,JiaoZuo WanFang Aluminum Manufacturing Co Ltd Class A,51201030,알루미늄,13328789225,"2조 6,901억원",CNY
300671,Fine Made Microelectronics Group Co Ltd Class A,57101010,반도체,13318609434,"2조 6,881억원",CNY
301150,Hubei Zhongyi Technology Inc Class A,51201050,특수 채굴 및 금속,13280059777,"2조 6,803억원",CNY
000422,Hubei Yihua Chemical Industry Co Ltd Class A,51101090,다각적 화학 산업,13257657639,"2조 6,758억원",CNY
002617,Roshow Technology Co Ltd Class A,52102030,전기 부품 및 장비,13249667234,"2조 6,742억원",CNY
000998,Yuan Long Ping High-Tech Agriculture Co.  Ltd. Class A,54102010,어업 및 농업,13239727030,"2조 6,722억원",CNY
300244,Dian Diagnostics Group Co Ltd Class A,56102010,의료 시설 및 서비스,13237064454,"2조 6,716억원",CNY
300077,Nsing Technologies Inc Class A,57101010,반도체,13236976090,"2조 6,716억원",CNY
000656,Jinke Property Group Co Ltd Class A,60101010,"부동산 임대, 개발 및 운영",13235914540,"2조 6,714억원",CNY
002531,Titan Wind Energy Suzhou Co Ltd Class A,50201010,재생 가능 에너지 장비 및 서비스,13189089350,"2조 6,620억원",CNY
300573,Shenyang Xingqi Pharmaceutical Co Ltd Class A,56201040,제약,13188744482,"2조 6,619억원",CNY
300969,Ningbo Hengshuai Co Ltd Class A,53101020,"자동차, 트럭 및 오토바이 부품",13132870877,"2조 6,506억원",CNY
300363,Porton Pharma Solutions Ltd Class A,56201040,제약,13064349911,"2조 6,368억원",CNY
002372,Zhejiang Weixing New Building Materials Co Ltd Class A,53203020,건설 자재 및 비품,13022870742,"2조 6,284억원",CNY
002250,Lianhe Chemical Technology Co.  Ltd. Class A,51101020,농화학제,13003167986,"2조 6,244억원",CNY
301373,Guangzhou Lingwe Technology Co Ltd Class A,51101030,특수 화학제,12990617618,"2조 6,219억원",CNY
300139,Beijing Xiaocheng Technology Stock Co Ltd Class A,51201060,금,12932800000,"2조 6,102억원",CNY
300331,SVG Tech Group Co Ltd Class A,57105010,사무기기,12920795351,"2조 6,078억원",CNY
300459,Zhejiang Jinke Tom Culture Industry Co Ltd Class A,57201020,소프트웨어,12903026146,"2조 6,042억원",CNY
300049,Inner Mongolia Furui Medical Science Co Ltd Class A,56101010,첨단 의료 장비 및 기술,12861646392,"2조 5,959억원",CNY
002507,Chongqing Fuling Zhacai Group Co Ltd Class A,54102020,식품 가공,12854657972,"2조 5,945억원",CNY
002167,Guangdong Orient Zirconic Ind Sci & Tech Co Ltd Class A,51201050,특수 채굴 및 금속,12851830047,"2조 5,939억원",CNY
300034,Gaona Aero Material Co Ltd Class A,52101010,항공우주 및 방위,12791233086,"2조 5,817억원",CNY
001308,Shenzhen KTC Technology Co Ltd Class A,57106030,가정용 전자 제품,12786297845,"2조 5,807억원",CNY
300469,Transportation Telecommunication & Information Development Inc Ltd Zhejiang,57201010,IT 서비스 및 컨설팅,12759475554,"2조 5,752억원",CNY
000697,Ligeance Aerospace Technology Co Ltd Class A,52101010,항공우주 및 방위,12732325296,"2조 5,698억원",CNY
301267,Huaxia Eye Hospital Group Co Ltd Class A,56102010,의료 시설 및 서비스,12709200000,"2조 5,651억원",CNY
002297,Hunan Boyun New Materials Co Ltd Class A,52101010,항공우주 및 방위,12528071343,"2조 5,285억원",CNY
301307,Chongqing Millison Technologies Inc Class A,51201050,특수 채굴 및 금속,12442248000,"2조 5,112억원",CNY
002541,Anhui Honglu Steel Construction (Group) Co Ltd Class A,52201020,건설 및 엔지니어링,12397065704,"2조 5,021억원",CNY
002268,CETC Cyberspace Security Technology Co Ltd Class A,52203040,경영 지원 서비스,12777561214,"2조 5,789억원",CNY
002010,Transfar Zhilian Co Ltd Class A,52405030,지상 화물 및 물류,12659261559,"2조 5,550억원",CNY
000719,Central China Land Media Co Ltd Class A,53302040,소비자 출판,12636566300,"2조 5,504억원",CNY
002597,Anhui Jinhe Industrial Co Ltd Class A,51101010,상품 화학,12599651695,"2조 5,430억원",CNY
301669,Hangzhou Gold Electronic Equipment Co Ltd Class A,52102030,전기 부품 및 장비,12585600000,"2조 5,402억원",CNY
002881,MeiG Smart Technology Co Ltd Class A,57102010,통신 및 네트워킹,12556146750,"2조 5,342억원",CNY
002741,Guangdong Guanghua Sci-Tech Co Ltd Class A,51101010,상품 화학,12549169862,"2조 5,328억원",CNY
300687,Guangzhou Sie Consulting Co Ltd Class A,57201020,소프트웨어,12538236427,"2조 5,306억원",CNY
301061,MotoMotion China Corp Class A,53204040,가정용 가구,12473679657,"2조 5,176억원",CNY
002946,New Hope Dairy Co Ltd Class A,54102020,식품 가공,12462689666,"2조 5,153억원",CNY
300720,Guang Dong High Dream Intellectualized Machinery Co Ltd Class A,52102010,산업용 기계 및 장비,12413681207,"2조 5,055억원",CNY
301678,HENGHUI Technology Corp Ltd Class A,57101010,반도체,12408973191,"2조 5,045억원",CNY
002969,Jiamei Food Packaging (Chuzhou) Co Ltd Class A,51302010,용기(종이 제외) 및 포장재,12402016566,"2조 5,031억원",CNY
000510,Sichuan Xinjinlu Group Co.  Ltd. Class A,51101010,상품 화학,12374211678,"2조 4,975억원",CNY
300070,Beijing Originwater Technology Co Ltd Class A,52203010,환경 서비스 및 장비,12358553928,"2조 4,943억원",CNY
300455,Beijing Aerospace Shenzhou Intelligent Equipment Technology Co Ltd Class A,52102010,산업용 기계 및 장비,12345608499,"2조 4,917억원",CNY
000801,Sichuan Jiuzhou Electric Co Ltd Class A,57102010,통신 및 네트워킹,12307692831,"2조 4,841억원",CNY
002936,Bank of Zhengzhou Co Ltd Class A,55101010,은행,12304642043,"2조 4,834억원",CNY
002091,Jiangsu Guotai International Group Co Ltd Class A,53202010,직물 및 가죽제품,12289344392,"2조 4,804억원",CNY
000799,Jiugui Liquor Co Ltd Class A,54101020,증류주 및 포도주,12256321126,"2조 4,737억원",CNY
000553,ADAMA Ltd Class A,51101020,농화학제,12213373701,"2조 4,650억원",CNY
300529,Jafron Biomedical Co Ltd Class A,56101020,"의료 장비, 물품 및 유통",12194702549,"2조 4,613억원",CNY
002399,Shenzhen Hepalink Pharmaceutical Group Co Ltd Class A,56201040,제약,12160216614,"2조 4,543억원",CNY
002838,Shandong Dawn Polymer Co Ltd Class A,51101010,상품 화학,12113047539,"2조 4,448억원",CNY
002643,Valiant Co Ltd Class A,51101030,특수 화학제,12108198331,"2조 4,438억원",CNY
300171,Tofflon Science and Technology Group Co Ltd Class A,52102010,산업용 기계 및 장비,12107741312,"2조 4,437억원",CNY
300468,Shenzhen Forms Syntron Information Co.  Ltd. Class A,57201020,소프트웨어,12077577499,"2조 4,376억원",CNY
000758,China Nonferrous Metal Industry's Foreign Engineering and Construction Co Ltd,51201050,특수 채굴 및 금속,12057861166,"2조 4,336억원",CNY
002217,Holitech Technology Co Ltd Class A,57104010,전자 장비 및 부품,12041832274,"2조 4,304억원",CNY
002896,Ningbo ZhongDa Leader Intelligent Transmission Co Ltd Class A,52102030,전기 부품 및 장비,12037013538,"2조 4,294억원",CNY
002366,RongFa Nuclear Equipment Co Ltd Class A,52102010,산업용 기계 및 장비,12027819559,"2조 4,276억원",CNY
002607,Offcn Education Technology Co Ltd Class A,63103010,전문 및 비즈니스 교육,12026428809,"2조 4,273억원",CNY
002139,Shenzhen Topband Co Ltd Class A,57104010,전자 장비 및 부품,12019489284,"2조 4,259억원",CNY
001227,Bank of Lanzhou Co Ltd Class A,55101010,은행,12017921024,"2조 4,256억원",CNY
000061,Shenzhen Agricultural Power Group Co Ltd Class A,54102010,어업 및 농업,12009015248,"2조 4,238억원",CNY
300976,Dongguan Tarry Electronics Co Ltd Class A,57104010,전자 장비 및 부품,12006385591,"2조 4,232억원",CNY
300093,Gansu Jingang Solar Co Ltd Class A,50201010,재생 가능 에너지 장비 및 서비스,12005108960,"2조 4,230억원",CNY
300480,GL Tech Co Ltd Class A,52102010,산업용 기계 및 장비,11987807788,"2조 4,195억원",CNY
300693,Shenzhen Sinexcel Electric Co Ltd Class A,52102030,전기 부품 및 장비,11967568188,"2조 4,154억원",CNY
000567,Hainan Haide Capital Management Co Ltd Class A,55102020,투자 관리 및 펀드 운영,11962103989,"2조 4,143억원",CNY
000880,Weichai Heavy Machinery Co Ltd Class A,52102010,산업용 기계 및 장비,11958023095,"2조 4,135억원",CNY
300576,Shenzhen Rongda Photosensitive & Technology Co Ltd Class A,51101030,특수 화학제,11957249608,"2조 4,133억원",CNY
002458,Shandong Yisheng Livestock & Poultry Breeding Co Ltd Class A,54102010,어업 및 농업,11950461876,"2조 4,120억원",CNY
300100,Shuanglin Co Ltd Class A,53101020,"자동차, 트럭 및 오토바이 부품",11915757025,"2조 4,050억원",CNY
002258,Lier Chemical Co Ltd Class A,51101020,농화학제,11894497208,"2조 4,007억원",CNY
002978,Sichuan Anning Iron and Titanium Co Ltd Class A,51201050,특수 채굴 및 금속,11894146942,"2조 4,006억원",CNY
002062,Hongrun Construction Group Co Ltd Class A,52201020,건설 및 엔지니어링,11865427826,"2조 3,948억원",CNY
300850,Luoyang Xinqianglian Slewing Bearing Co Ltd Class A,52102010,산업용 기계 및 장비,11846995739,"2조 3,911억원",CNY
301238,Jiangsu Ruitai New Energy Materials Co Ltd Class A,51101010,상품 화학,11821332796,"2조 3,859억원",CNY
000035,China Tianying Inc Class A,52203010,환경 서비스 및 장비,11820762207,"2조 3,858억원",CNY
000534,Wedge Industrial Co Ltd Class A,56201040,제약,11816430086,"2조 3,849억원",CNY
301629,Sidea Semiconductor Equipment Shenzhen Co Ltd Class A,57101020,반도체 장비 및 테스트,11779609450,"2조 3,775억원",CNY
002654,Shenzhen Mason Technologies Co Ltd Class A,53302010,광고 및 마케팅,11775064438,"2조 3,766억원",CNY
002847,Yankershop Food Co Ltd Class A,54102020,식품 가공,11772066717,"2조 3,760억원",CNY
000065,NORINCO International Cooperation Ltd Class A,52201020,건설 및 엔지니어링,11707336963,"2조 3,629억원",CNY
301005,Essence Fastening Systems (Shanghai) Co Ltd Class A,52102010,산업용 기계 및 장비,11659494692,"2조 3,532억원",CNY
300775,XiAn Triangle Defense Co Ltd Class A,52101010,항공우주 및 방위,11651935607,"2조 3,517억원",CNY
002092,Xinjiang Zhongtai Chemical Co Ltd Class A,51101030,특수 화학제,11642342617,"2조 3,498억원",CNY
301531,Shandong Chunguang Technology Group Co Ltd Class A,57104010,전자 장비 및 부품,11610709686,"2조 3,434억원",CNY
002579,Huizhou China Eagle Electronic Technology Inc Class A,57101010,반도체,11566239546,"2조 3,344억원",CNY
300725,PharmaBlock Sciences Nanjing Inc Class A,56201040,제약,12508692744,"2조 5,246억원",CNY
002755,Beijing Aosaikang Pharmaceutical Co Ltd Class A,56201040,제약,12428067100,"2조 5,084억원",CNY
301189,Shenzhen Aoni Electronic Co Ltd Class A,57106030,가정용 전자 제품,12150264877,"2조 4,523억원",CNY
301127,Wuhan Tianyuan Group Co Ltd Class A,52203010,환경 서비스 및 장비,12086255548,"2조 4,394억원",CNY
300229,TRS Information Technology Co Ltd Class A,57201020,소프트웨어,11994815396,"2조 4,209억원",CNY
300674,Yusys Technologies Co.  Ltd. Class A,57201020,소프트웨어,11856320890,"2조 3,930억원",CNY
003036,Zhejiang Taitan Co Ltd Class A,52102010,산업용 기계 및 장비,11852704670,"2조 3,922억원",CNY
002373,China TransInfo Technology Co Ltd Class A,57201010,IT 서비스 및 컨설팅,11835609730,"2조 3,888억원",CNY
300852,Sihui Fuji Electronics Technology Co Ltd Class A,57101010,반도체,11827199437,"2조 3,871억원",CNY
002400,Guangdong Advertising Group Co Ltd Class A,53302010,광고 및 마케팅,11784958985,"2조 3,786억원",CNY
000681,Visual China Group Co Ltd Class A,52203040,경영 지원 서비스,11783712474,"2조 3,783억원",CNY
002698,Harbin Boshi Automation Co Ltd Class A,52102010,산업용 기계 및 장비,11749232497,"2조 3,713억원",CNY
002019,Yifan Pharmaceutical Co Ltd Class A,56201040,제약,11665180915,"2조 3,544억원",CNY
300769,Shenzhen Dynanonic Co Ltd Class A,51101010,상품 화학,11636208886,"2조 3,485억원",CNY
002096,Explosive Co Ltd Class A,51201070,채굴 지원 서비스 및 장비,11635334423,"2조 3,484억원",CNY
002031,Greatoo Intelligent Equipment Inc Class A,52102010,산업용 기계 및 장비,11612809138,"2조 3,438억원",CNY
301207,Hualan Biological Vaccine Inc Class A,56201040,제약,11605841025,"2조 3,424억원",CNY
002987,Northking Information Technology Co Ltd Class A,57301010,핀테크,11590691938,"2조 3,393억원",CNY
300739,Sunshine Global Circuits Co Ltd Class A,57101010,반도체,11576211822,"2조 3,364억원",CNY
301087,Cofoe Medical Technology Co Ltd Class A,56101020,"의료 장비, 물품 및 유통",11568715860,"2조 3,349억원",CNY
002182,Baowu Magnesium Technology Co.  Ltd. Class A,51201050,특수 채굴 및 금속,11534535761,"2조 3,280억원",CNY
000839,CITIC Guoan Information Industry Co Ltd Class A,57401010,통합 통신 서비스,11524289475,"2조 3,259억원",CNY
000762,Tibet Mineral Development Co Ltd Class A,51201050,특수 채굴 및 금속,11499688819,"2조 3,210억원",CNY
000901,Aerospace Hi-Tech Holding Group Co Ltd Class A,53101020,"자동차, 트럭 및 오토바이 부품",11486118232,"2조 3,182억원",CNY
000949,Xinxiang Chemical Fiber Co Ltd Class A,53202010,직물 및 가죽제품,11482316459,"2조 3,175억원",CNY
002183,Eternal Asia Supply Chain Management Ltd Class A,52202010,다각적 산업용 제품 도매,11478780182,"2조 3,168억원",CNY
301510,Googol Technology Co Ltd Class A,52102030,전기 부품 및 장비,11465275248,"2조 3,140억원",CNY
002060,Guangdong Construction Engineering Group Co Ltd Class A,52201020,건설 및 엔지니어링,11450899388,"2조 3,111억원",CNY
002416,Shenzhen Aisidi Co Ltd Class A,57106020,전화 및 소형 장치,11438571069,"2조 3,086억원",CNY
300065,Beijing Highlander Digital Technology Co Ltd Class A,57102010,통신 및 네트워킹,11421964903,"2조 3,053억원",CNY
002287,Tibet Cheezheng Tibetan Medicine Co Ltd Class A,56201040,제약,11408036968,"2조 3,025억원",CNY
002169,Guangzhou Zhiguang Electric Co Ltd Class A,52102040,중전기장비,11341382322,"2조 2,890억원",CNY
300224,Yantai Zhenghai Magnetic Material Co Ltd Class A,51201050,특수 채굴 및 금속,11335931079,"2조 2,879억원",CNY
300868,Shenzhen Jame Technology Corp Ltd Class A,57104010,전자 장비 및 부품,11329076458,"2조 2,865억원",CNY
301630,Tongyu Advanced Materials (Guangdong) Co Ltd Class A,51101010,상품 화학,11315920000,"2조 2,839억원",CNY
300909,Shenzhen Hui Chuang Da Technology Co Ltd Class A,57104010,전자 장비 및 부품,11291676069,"2조 2,790억원",CNY
300151,Shenzhen Changhong Technology Co Ltd Class A,52102010,산업용 기계 및 장비,11289201379,"2조 2,785억원",CNY
002842,Guangdong Xianglu Tungsten Co Ltd Class A,51201050,특수 채굴 및 금속,11284176835,"2조 2,775억원",CNY
002631,Der Future Science and Technology Holding Group Co Ltd Class A,53204040,가정용 가구,11265607109,"2조 2,737억원",CNY
002701,ORG Technology Co Ltd Class A,51302010,용기(종이 제외) 및 포장재,11262946064,"2조 2,732억원",CNY
000990,Chengzhi Co Ltd Class A,51101010,상품 화학,11228794823,"2조 2,663억원",CNY
002807,Jiangsu Jiangyin Rural Commercial Bank Co Ltd Class A,55101010,은행,11209182757,"2조 2,623억원",CNY
300863,Ningbo KBE Electrical Technology Co Ltd Class A,52102030,전기 부품 및 장비,11206483451,"2조 2,618억원",CNY
300008,Bestway Marine & Energy Technology Co Ltd Class A,52102050,조선,11180348491,"2조 2,565억원",CNY
300204,Staidson (Beijing) BioPharmaceuticals Co Ltd Class A,56201040,제약,11178760724,"2조 2,562억원",CNY
000700,Jiangnan Mould & Plastic Technology Co Ltd Class A,53101020,"자동차, 트럭 및 오토바이 부품",11172247284,"2조 2,549억원",CNY
000690,Guangdong Baolihua New Energy Stock Co Ltd Class A,59101010,전력 유틸리티,11162304732,"2조 2,529억원",CNY
000810,Skyworth Digital Co Ltd Class A,57102010,통신 및 네트워킹,11156897116,"2조 2,518억원",CNY
002214,Zhe Jiang Dali Technology Co Ltd Class A,57104010,전자 장비 및 부품,11153085859,"2조 2,510억원",CNY
002867,Chow Tai Seng Jewellery Co Ltd Class A,53202020,의류 및 액세서리,11136962142,"2조 2,478억원",CNY
300185,Tongyu Heavy Industry Co Ltd Class A,51201020,철 및 강철,11099555533,"2조 2,402억원",CNY
300499,Guangzhou Goaland Energy Conservation Tech Co Ltd Class A,52102030,전기 부품 및 장비,11080522873,"2조 2,364억원",CNY
000599,Qingdao Doublestar Co Ltd Class A,53101030,타이어 및 고무 제품,11067302429,"2조 2,337억원",CNY
300497,Jiangxi Fushine Pharmaceutical Co Ltd Class A,56201040,제약,11053076126,"2조 2,308억원",CNY
002051,China CAMC Engineering Co Ltd Class A,52201020,건설 및 엔지니어링,11026083474,"2조 2,254억원",CNY
002544,Cetc Potevio Science&Technology Co Ltd Class A,57102010,통신 및 네트워킹,11024649018,"2조 2,251억원",CNY
300010,Doushen Beijing Education & Technology Inc Class A,57201010,IT 서비스 및 컨설팅,10994379346,"2조 2,190억원",CNY
000980,Zotye Automobile Co Ltd Class A,53101010,자동차 및 트럭 제조,10992754071,"2조 2,187억원",CNY
002639,Fujian Snowman Group Co Ltd Class A,52102010,산업용 기계 및 장비,10950913213,"2조 2,102억원",CNY
301566,Dalian Dalicap Technology Co Ltd Class A,57104010,전자 장비 및 부품,10784269600,"2조 1,766억원",CNY
300113,Hangzhou Shunwang Technology Co Ltd Class A,57201030,온라인 서비스,11696743353,"2조 3,608억원",CNY
002181,Guangdong Guangzhou Daily Media Co Ltd Class A,53302010,광고 및 마케팅,11285485451,"2조 2,777억원",CNY
000815,MCC Meili Cloud Computing Industry Investment Co Ltd Class A,57201010,IT 서비스 및 컨설팅,11221545385,"2조 2,648억원",CNY
300315,Ourpalm Co Ltd Class A,57201030,온라인 서비스,11101205112,"2조 2,406억원",CNY
301371,Harbin Fuerjia Technology Co Ltd Class A,54201020,개인 생활 필수 용품,11052210000,"2조 2,307억원",CNY
300446,Aerospace Intelligent Manufacturing Technology Co Ltd Class A,53101020,"자동차, 트럭 및 오토바이 부품",10990331443,"2조 2,182억원",CNY
300938,EMTEK (Shenzhen) Co Ltd Class A,52203040,경영 지원 서비스,10985983324,"2조 2,173억원",CNY
300263,Longhua Technology Group Luoyang Co Ltd Class A,52102010,산업용 기계 및 장비,10981416864,"2조 2,164억원",CNY
002413,Beijing LeiKe Defense Technology Co Ltd Class A,52101010,항공우주 및 방위,10950528018,"2조 2,101억원",CNY
001258,Xinjiang Lixin Energy Co Ltd Class A,59101020,민자 발전 사업,10929333341,"2조 2,059억원",CNY
002967,GRG Metrology & Test Group Co Ltd Class A,52203040,경영 지원 서비스,10918333065,"2조 2,036억원",CNY
301291,Guangdong Mingyang Electric Co Ltd Class A,52102040,중전기장비,10883093619,"2조 1,965억원",CNY
002348,Goldlok Holdings (Guangdong) Co Ltd Class A,53205010,장난감 및 어린이 제품,10874874240,"2조 1,949억원",CNY
002718,Zhejiang Youpon Integrated Ceiling Co Ltd Class A,53203020,건설 자재 및 비품,10858083897,"2조 1,915억원",CNY
301263,Guangdong Taienkang Pharmaceutical Co Ltd Class A,56201040,제약,10850186250,"2조 1,899억원",CNY
301382,Fengzhushou Co Ltd Class A,57201020,소프트웨어,10842441314,"2조 1,883억원",CNY
002024,Suning.Com Co Ltd Class A,53403050,컴퓨터 및 전자 제품 소매,10839778113,"2조 1,878억원",CNY
002338,Changchun UP Optotech Co Ltd Class A,52102010,산업용 기계 및 장비,10836000000,"2조 1,870억원",CNY
000923,HBIS Resources Co Ltd Class A,51201020,철 및 강철,10835300753,"2조 1,869억원",CNY
300861,Yangling Metron New Material Co Ltd Class A,52102010,산업용 기계 및 장비,10809912680,"2조 1,818억원",CNY
300910,Xinxiang Richful Lube Additive Co Ltd Class A,51101010,상품 화학,10809453057,"2조 1,817억원",CNY
300377,Shenzhen Ysstech Info-Tech Co Ltd Class A,57201020,소프트웨어,10784404229,"2조 1,766억원",CNY
000908,CSPC Hunan Jingfeng Pharmaceutical Co Ltd Class A,56201040,제약,10733247082,"2조 1,663억원",CNY
002100,Tecon Biology Co Ltd Class A,54102010,어업 및 농업,10717224393,"2조 1,631억원",CNY
002254,Tayho Advanced Materials Group Co Ltd Class A,53202010,직물 및 가죽제품,10703709260,"2조 1,603억원",CNY
300007,Hanwei Electronics Group Corp Class A,52102030,전기 부품 및 장비,10687825004,"2조 1,571억원",CNY
301039,CIMC Vehicles Group Co Ltd Class A,52102020,중장비 및 차량,10670011200,"2조 1,535억원",CNY
300378,Digiwin Co Ltd Class A,57201020,소프트웨어,10636796111,"2조 1,468억원",CNY
000028,China National Accord Medicines Corp Ltd Class A,56201040,제약,10621330002,"2조 1,437억원",CNY
300357,Zhejiang Wolwo Bio-Pharmaceutical Co Ltd Class A,56201040,제약,10571160960,"2조 1,336억원",CNY
301293,Sanbo Hospital Management Group Ltd Class A,56102010,의료 시설 및 서비스,10548593604,"2조 1,290억원",CNY
001393,Beijing Victory Electric Co Ltd Class A,57104010,전자 장비 및 부품,10546800028,"2조 1,287억원",CNY
301091,Shenzhen Urban Transport Planning Center Co Ltd Class A,52201020,건설 및 엔지니어링,10545600000,"2조 1,284억원",CNY
002675,Yantai Dongcheng Biochemicals Co Ltd Class A,56201040,제약,10530087153,"2조 1,253억원",CNY
002204,Dalian Huarui Heavy Industry Group Co.  Ltd Class A,52102020,중장비 및 차량,10525966674,"2조 1,245억원",CNY
300118,Risen Energy Co Ltd Class A,50201010,재생 가능 에너지 장비 및 서비스,10522327955,"2조 1,237억원",CNY
301090,China Resources Chemical Innovative Materials Co Ltd Class A,51101010,상품 화학,10517173066,"2조 1,227억원",CNY
002170,Shenzhen Batian Ecotypic Engineering Co Ltd Class A,51101020,농화학제,10515208499,"2조 1,223억원",CNY
002839,Jiangsu Zhangjiagang Rural Commercial Bank Co Ltd Class A,55101010,은행,10461796489,"2조 1,115억원",CNY
000767,Jinneng Holding Shanxi Electric Power Co Ltd Class A,59101010,전력 유틸리티,10461603545,"2조 1,115억원",CNY
300130,Xgd Inc Class A,52203040,경영 지원 서비스,10461112203,"2조 1,114억원",CNY
000828,Dongguan Development Holdings Co Ltd Class A,52201020,건설 및 엔지니어링,10436750600,"2조 1,064억원",CNY
300304,Jiangsu Yunyi Electric Co Ltd Class A,53101020,"자동차, 트럭 및 오토바이 부품",10423565933,"2조 1,038억원",CNY
300382,Suzhou SLAC Precision Equipment Co Ltd Class A,52102010,산업용 기계 및 장비,10419787904,"2조 1,030억원",CNY
301458,Juneway Electronic Technology Co Ltd Class A,57104010,전자 장비 및 부품,10405334634,"2조 1,001억원",CNY
002713,Dong Yi Ri Sheng Home Decoration Group Co Ltd Class A,53403020,주택 개조 제품 및 서비스 소매,10351288402,2조 892억원,CNY
300790,DongGuan YuTong Optical Technology Co Ltd Class A,57106030,가정용 전자 제품,10350079203,2조 890억원,CNY
300846,Capitalonline Data Service Co Ltd Class A,57201010,IT 서비스 및 컨설팅,10323398488,2조 836억원,CNY
002289,Shenzhen Success Electronics Co Ltd Class A,57104010,전자 장비 및 부품,10316139912,2조 821억원,CNY
002063,YGSOFT Inc Class A,57201010,IT 서비스 및 컨설팅,10305243755,2조 799억원,CNY
002216,Sanquan Food Co Ltd Class A,54102020,식품 가공,10286453362,2조 761억원,CNY
000555,Digital China Information Service Group Co Ltd Class A,57301010,핀테크,10284662566,2조 758억원,CNY
002626,Xiamen Kingdomway Group Co Class A,54102020,식품 가공,10222527896,2조 632억원,CNY
002324,Shanghai Pret Composites Co Ltd Class A,51101010,상품 화학,10222370119,2조 632억원,CNY
300191,Sino Geophysical Co Ltd Class A,50102020,"오일, 가스 탐사 및 생산",10217600000,2조 622억원,CNY
301607,Zhejiang EV-Tech Co Ltd Class A,53101020,"자동차, 트럭 및 오토바이 부품",10215036446,2조 617억원,CNY
000727,TPV Technology Co Ltd Class A,57104010,전자 장비 및 부품,10191525705,2조 570억원,CNY
002276,Zhejiang Wanma Co Ltd Class A,52102030,전기 부품 및 장비,10130975969,2조 447억원,CNY
300353,Kyland Technology Co Ltd Class A,57102010,통신 및 네트워킹,10102690035,2조 390억원,CNY
000536,Hua Ying Technology Group Co Ltd Class A,57104010,전자 장비 및 부품,10040699075,2조 265억원,CNY
002315,Focus Technology Co Ltd Class A,57201030,온라인 서비스,10689035725,"2조 1,574억원",CNY
301310,Wuxi Xinhongye Wire & Cable Co Ltd Class A,52102030,전기 부품 및 장비,10617310170,"2조 1,429억원",CNY
002303,MYS Group Co Ltd Class A,51302020,종이 포장재,10566133427,"2조 1,326억원",CNY
000048,Shenzhen Kingkey Smart Agriculture Times Co Ltd Class A,54102010,어업 및 농업,10323047543,2조 835억원,CNY
000031,Grandjoy Holdings Group Co Ltd Class A,60101010,"부동산 임대, 개발 및 운영",10287152014,2조 763억원,CNY
300740,SYoung Group Co Ltd Class A,54201020,개인 생활 필수 용품,10236528359,2조 660억원,CNY
300624,Wondershare Technology Group Co Ltd Class A,57201020,소프트웨어,10198491091,2조 584억원,CNY
301216,Wankai New Materials Co.  Ltd. Class A,51101010,상품 화학,10194190588,2조 575억원,CNY
000922,Harbin Electric Corporation Jiamusi Electric Machine Co Ltd Class A,52102040,중전기장비,10182922467,2조 552억원,CNY
301109,Hunan Junxin Environmental Protection Co Ltd Class A,52203010,환경 서비스 및 장비,10163618845,2조 513억원,CNY
301381,Sailvan Times Co Ltd Class A,57201030,온라인 서비스,10153993751,2조 494억원,CNY
000099,Citic Offshore Helicopter Co Ltd Class A,52406010,항공사,10147073392,2조 480억원,CNY
301665,CAC Nantong Chemical Co Ltd Class A,51101020,농화학제,10102500000,2조 390억원,CNY
000917,Hunan TV & Broadcast Intermediary Co Ltd Class A,53302010,광고 및 마케팅,10078825563,2조 342억원,CNY
002635,Suzhou Anjie Technology Co Ltd Class A,57104010,전자 장비 및 부품,10066820202,2조 318억원,CNY
300634,Richinfo Technology Co Ltd Class A,57201010,IT 서비스 및 컨설팅,10052978852,2조 290억원,CNY
000930,COFCO Biotechnology Co Ltd Class A,51101090,다각적 화학 산업,10043353362,2조 271억원,CNY
300026,Tianjin Chase Sun Pharmaceutical Co Ltd Class A,56201040,제약,10033877156,2조 251억원,CNY
002922,Eaglerise Electric and Electronic (China) Co.  Ltd. Class A,52102040,중전기장비,10032118616,2조 248억원,CNY
002020,Zhejiang Jingxin Pharmaceutical Co Ltd Class A,56201040,제약,10013768898,2조 211억원,CNY
300618,Nanjing Hanrui Cobalt Co Ltd Class A,51201050,특수 채굴 및 금속,10009409981,2조 202억원,CNY
000837,Qinchuan Machine Tool & Tool Group Share Co Ltd Class A,52102010,산업용 기계 및 장비,9985903369,2조 155억원,CNY
002703,Zhejiang Shibao Co Ltd Class A,53101020,"자동차, 트럭 및 오토바이 부품",9954072519,2조 90억원,CNY
002993,Dongguan Aohai Technology Co Ltd Class A,52102030,전기 부품 및 장비,9951242000,2조 85억원,CNY
301099,Shanghai Yct Electronics Group Co Ltd Class A,57101010,반도체,9933703263,2조 49억원,CNY
301209,Longkou Union Chemical Co Ltd Class A,51101030,특수 화학제,9928576000,2조 39억원,CNY
300376,East Group Co Ltd Class A,52102030,전기 부품 및 장비,9918304428,2조 18억원,CNY
002361,Anhui Shenjian New Materials Co Ltd Class A,51101010,상품 화학,9909784377,2조 1억원,CNY
300303,Shenzhen Jufei Optoelectronics Co Ltd Class A,57101010,반도체,9889302578,"1조 9,960억원",CNY
300145,Nanfang Pump Industry Co Ltd Class A,52102010,산업용 기계 및 장비,9889246485,"1조 9,959억원",CNY
002706,Shanghai Liangxin Electrical Co Ltd Class A,52102030,전기 부품 및 장비,9872268926,"1조 9,925억원",CNY
002215,Shenzhen Noposion Crop Science Co Ltd Class A,51101020,농화학제,9841736338,"1조 9,864억원",CNY
000006,Shenzhen Zhenye (Group) Co Ltd Class A,60101010,"부동산 임대, 개발 및 운영",9841463885,"1조 9,863억원",CNY
300682,Longshine Technology Group Co Ltd Class A,57201020,소프트웨어,9822728329,"1조 9,825억원",CNY
300768,Hangzhou DPtech Technologies Co Ltd Class A,57201020,소프트웨어,9818392845,"1조 9,816억원",CNY
300005,Toread Holdings Group Co.  Ltd. Class A,53202020,의류 및 액세서리,9800257243,"1조 9,780억원",CNY
002387,Visionox Technology Inc Class A,57104010,전자 장비 및 부품,9777572301,"1조 9,734억원",CNY
301282,Camelot Electronics Technology Co Ltd Class A,57101010,반도체,9772566429,"1조 9,724억원",CNY
002668,Guangdong TCL Smart Home Appliances Co Ltd Class A,53204030,"가전제품, 도구 및 가정 용품",9767843966,"1조 9,714억원",CNY
002882,Jinlongyu Group Co Ltd Class A,52102030,전기 부품 및 장비,9740250000,"1조 9,659억원",CNY
301563,ICkey (Shanghai) Internet and Technology Co Ltd Class A,57401010,통합 통신 서비스,9688298710,"1조 9,554억원",CNY
002761,Zhejiang Construction Investment Group Co Ltd Class A,52201020,건설 및 엔지니어링,9684813574,"1조 9,547억원",CNY
301232,Finework (HuNan) New Energy Technology Co Ltd Class A,52102010,산업용 기계 및 장비,9672665702,"1조 9,522억원",CNY
000516,XiAn International Medical Investment Co Ltd Class A,56102010,의료 시설 및 서비스,9672033973,"1조 9,521억원",CNY
300159,Xinjiang Machinery Research Institute Co Ltd Class A,52102020,중장비 및 차량,9640933621,"1조 9,458억원",CNY
001914,China Merchants Property Operation & Service Co Ltd Class A,60101020,부동산 서비스,9630999502,"1조 9,438억원",CNY
002565,Shanghai Shunho New Materials Technology Co Ltd Class A,51302020,종이 포장재,9624699412,"1조 9,426억원",CNY
000829,Telling Telecommunication Holding Co Ltd Class A,53403050,컴퓨터 및 전자 제품 소매,9615442108,"1조 9,407억원",CNY
002705,Guangdong Xinbao Electrical Appliances Holdings Co Ltd Class A,53204030,"가전제품, 도구 및 가정 용품",9572015446,"1조 9,319억원",CNY
002251,Better Life Commercial Chain Share Co Ltd Class A,54301020,식품 소매 및 유통,9571770893,"1조 9,319억원",CNY
000403,Pacific Shuanglin Bio-pharmacy Co.  Ltd. Class A,56201040,제약,9541989755,"1조 9,259억원",CNY
002891,Yantai China Pet Foods Co Ltd Class A,54102020,식품 가공,9534611237,"1조 9,244억원",CNY
002708,Changzhou NRB Corp Class A,52102010,산업용 기계 및 장비,9505076622,"1조 9,184억원",CNY
301188,Shandong Linuo Pharmaceutical Packaging Co Ltd Class A,51302010,용기(종이 제외) 및 포장재,9441367143,"1조 9,056억원",CNY
301357,North Long Dragon New Materials Tech Co Ltd Class A,52101010,항공우주 및 방위,9435272000,"1조 9,043억원",CNY
000401,BBMG Jidong Cement Group Co Ltd Class A,51202010,건설 자재,9429321807,"1조 9,031억원",CNY
300181,Zhejiang Jolly Pharmaceutical Co Ltd Class A,56201040,제약,9419631909,"1조 9,012억원",CNY
002785,Xiamen Wanli Stone Stock Co Ltd Class A,51202010,건설 자재,9413782130,"1조 9,000억원",CNY
002043,Dehua TB New Decoration Material Co Ltd Class A,51301010,임업 및 목재 제품,9409415803,"1조 8,991억원",CNY
002515,Jinzi Ham Co Ltd Class A,54102020,식품 가공,9382259771,"1조 8,936억원",CNY
301132,JiAn Mankun Technology Co Ltd Class A,57101010,반도체,10118733394,2조 423억원,CNY
000993,Fujian Mindong Electric Power Group Co Ltd Class A,60101010,"부동산 임대, 개발 및 운영",9575764924,"1조 9,327억원",CNY
000795,Innuovo Technology Co Ltd Class A,51101010,상품 화학,9476968562,"1조 9,127억원",CNY
003006,Chongqing Baiya Sanitary Products Co Ltd Class A,54201020,개인 생활 필수 용품,9452251380,"1조 9,077억원",CNY
300596,Rianlon Corp Class A,51101010,상품 화학,9446553100,"1조 9,066억원",CNY
301488,Longhorn Auto Co Ltd Class A,53101020,"자동차, 트럭 및 오토바이 부품",9427324406,"1조 9,027억원",CNY
301155,Jiangsu Haili Wind Power Equipment Technology Co Ltd Class A,50201010,재생 가능 에너지 장비 및 서비스,9400007509,"1조 8,972억원",CNY
300777,Sinofibers Technology Co Ltd Class A,51101030,특수 화학제,9387755915,"1조 8,947억원",CNY
301177,Dr Corp Ltd Class A,53202020,의류 및 액세서리,9354416234,"1조 8,880억원",CNY
002549,Hunan Kaimeite Gases Co Ltd Class A,51101010,상품 화학,9338522310,"1조 8,848억원",CNY
002960,Jade Bird Integrated Technologies Co Ltd Class A,57102010,통신 및 네트워킹,9336088786,"1조 8,843억원",CNY
301551,Hebei Broadcasting Wireless Media Co Ltd Class A,53302020,방송,9312232800,"1조 8,795억원",CNY
301658,Shenzhen SOFARSOLAR Co Ltd Class A,50201010,재생 가능 에너지 장비 및 서비스,9311340228,"1조 8,793억원",CNY
301421,Nanjing Wavelength Opto-Electronic Science & Technology Co Ltd Class A,52102030,전기 부품 및 장비,9306041560,"1조 8,782억원",CNY
002083,Sunvim Group Co Ltd Class A,53202010,직물 및 가죽제품,9305461488,"1조 8,781억원",CNY
300580,Wuxi Best Precision Machinery Co Ltd Class A,53101020,"자동차, 트럭 및 오토바이 부품",9303017552,"1조 8,776억원",CNY
002985,Beijing Bei Mo Gao Ke Friction Material Co Ltd Class A,52101010,항공우주 및 방위,9291900800,"1조 8,754억원",CNY
300842,Wuxi DK Electronic Materials Co Ltd Class A,57101010,반도체,9260130819,"1조 8,690억원",CNY
000712,Guangdong Golden Dragon Development Inc Class A,55102010,투자 은행 및 중개 서비스,9255680000,"1조 8,681억원",CNY
002283,Tianrun Industry Technology Co Ltd Class A,53101020,"자동차, 트럭 및 오토바이 부품",9240997714,"1조 8,651억원",CNY
300188,SDIC Intelligence Information Technology Co Ltd Class A,52203040,경영 지원 서비스,9239381083,"1조 8,648억원",CNY
300516,Hubei Jiuzhiyang Infrared System Co Ltd Class A,57104010,전자 장비 및 부품,9228240000,"1조 8,625억원",CNY
002041,Shandong Denghai Seeds Co.  Ltd. Class A,54102010,어업 및 농업,9213600000,"1조 8,596억원",CNY
002557,Chacha Food Co Ltd Class A,54102020,식품 가공,9196448554,"1조 8,561억원",CNY
002392,Beijing Lirr High-temperature Materials Co Ltd Class A,51202010,건설 자재,9190589277,"1조 8,549억원",CNY
002119,Ningbo Kangqiang Electronics Co Ltd Class A,57101010,반도체,9183199480,"1조 8,534억원",CNY
300483,Sino Prima Gas Technology Co Ltd Class A,50102020,"오일, 가스 탐사 및 생산",9173266367,"1조 8,514억원",CNY
003043,Suzhou Huaya Intelligence Technology Co Ltd Class A,51201020,철 및 강철,9161067874,"1조 8,490억원",CNY
301617,Shandong Boyuan Advanced Materials Co Ltd Class A,56201040,제약,9160888360,"1조 8,489억원",CNY
002426,Suzhou Victory Precision Manufacture Co Ltd Class A,57104010,전자 장비 및 부품,9153063714,"1조 8,474억원",CNY
300595,Autek China Inc Class A,56101020,"의료 장비, 물품 및 유통",9140324534,"1조 8,448억원",CNY
000793,Huawen Media Group Class A,53302020,방송,9139395210,"1조 8,446억원",CNY
002734,Limin Group Co Ltd Class A,51101020,농화학제,9125914996,"1조 8,419억원",CNY
301376,Ziel Home Furnishing Technology Co Ltd Class A,53403030,가정용 가구 소매,9119946974,"1조 8,407억원",CNY
000059,North Huajin Chemical Industries Co Ltd Class A,51101010,상품 화학,9116822461,"1조 8,400억원",CNY
002955,Hitevision Co Ltd Class A,57106010,컴퓨터 하드웨어,9105903814,"1조 8,378억원",CNY
300298,Sinocare Inc Class A,56101020,"의료 장비, 물품 및 유통",9098861892,"1조 8,364억원",CNY
000899,Jiangxi Ganneng Co Ltd Class A,59101010,전력 유틸리티,9093316723,"1조 8,353억원",CNY
000722,Hunan Energy Group Development Co Ltd Class A,59101020,민자 발전 사업,9085008713,"1조 8,336억원",CNY
301248,Nexwise Intelligence China Ltd Class A,57201010,IT 서비스 및 컨설팅,9068595000,"1조 8,303억원",CNY
002221,Oriental Energy Co Ltd Class A,51101010,상품 화학,9062734660,"1조 8,291억원",CNY
000950,C.Q. Pharmaceutical Holding Co Ltd Class A,56201040,제약,9060596128,"1조 8,287억원",CNY
002511,C&S Paper Co Ltd Class A,54201020,개인 생활 필수 용품,9057649994,"1조 8,281억원",CNY
002351,Edifier Technology Co Ltd Class A,57106030,가정용 전자 제품,9051109260,"1조 8,268억원",CNY
002931,Zhejiang Fenglong Electric Co Ltd Class A,52102010,산업용 기계 및 장비,9046142438,"1조 8,258억원",CNY
301013,Shenzhen Lihexing Co Ltd Class A,57104010,전자 장비 및 부품,9041181406,"1조 8,248억원",CNY
002293,Luolai Lifestyle Technology Co Ltd Class A,53204040,가정용 가구,9002639971,"1조 8,170억원",CNY
300031,Wuxi Boton Technology Ltd Class A,57201030,온라인 서비스,8948616872,"1조 8,061억원",CNY
300401,Zhejiang Garden Biopharmaceutical Co Ltd Class A,56201040,제약,8929544369,"1조 8,022억원",CNY
002004,Huapont Life Sciences Co Ltd Class A,51101090,다각적 화학 산업,8929435551,"1조 8,022억원",CNY
002824,Guangdong Hoshion Industrial Aluminium Co Ltd Class A,53101020,"자동차, 트럭 및 오토바이 부품",8924436994,"1조 8,012억원",CNY
002588,Stanley Agriculture Group Co Ltd Class A,51101020,농화학제,8915643925,"1조 7,994억원",CNY
001208,Hunan Valin Wire & Cable Co Ltd Class A,52102030,전기 부품 및 장비,8911372031,"1조 7,986억원",CNY
002309,Jiangsu Zhongli Group Co Ltd Class A,50201010,재생 가능 에너지 장비 및 서비스,8902689540,"1조 7,968억원",CNY
301225,Hengbo Holdings Co Ltd Class A,53101020,"자동차, 트럭 및 오토바이 부품",8854464522,"1조 7,871억원",CNY
003010,Guangzhou Ruoyuchen Technology Co Ltd Class A,57201030,온라인 서비스,8852752687,"1조 7,868억원",CNY
300153,Shanghai Cooltech Power Co Ltd Class A,52102040,중전기장비,8835200000,"1조 7,832억원",CNY
002053,Yunnan Energy Investment Co Ltd Class A,51101010,상품 화학,8792966381,"1조 7,747억원",CNY
002580,Shandong Sacred Sun Power Sources Co Ltd Class A,52102030,전기 부품 및 장비,8714284666,"1조 7,588억원",CNY
001233,Haian Rubber Group Co Ltd Class A,53101030,타이어 및 고무 제품,8645900298,"1조 7,450억원",CNY
000676,Genimous Technology Co Ltd Class A,53302010,광고 및 마케팅,9385429652,"1조 8,943억원",CNY
002106,Shenzhen Laibao Hi-Tech Co Ltd Class A,57104010,전자 장비 및 부품,9337947797,"1조 8,847억원",CNY
300328,Dongguan Eontec Co Ltd Class A,51201050,특수 채굴 및 금속,9134304228,"1조 8,436억원",CNY
002099,Zhejiang Hisoar Pharmaceutical Co Ltd Class A,56201040,제약,9113366874,"1조 8,394억원",CNY
300192,Suzhou Kingswood Education Technology Co Ltd Class A,51101010,상품 화학,9040908949,"1조 8,247억원",CNY
301628,Shenzhen Q&D Circuits Co Ltd Class A,57101010,반도체,9034543388,"1조 8,234억원",CNY
300731,Shenzhen Cotran New Material Co.  Ltd Class A,53101030,타이어 및 고무 제품,9009599561,"1조 8,184억원",CNY
300766,Merit Interactive Co Ltd Class A,52203040,경영 지원 서비스,8976609474,"1조 8,117억원",CNY
301078,Kidswant Digital Technology Co Ltd Class A,54102020,식품 가공,8940530658,"1조 8,045억원",CNY
300327,Sino Wealth Electronic Ltd Class A,57101010,반도체,8923416296,"1조 8,010억원",CNY
300708,Focus Lightings Tech Co Ltd Class A,57101010,반도체,8886142262,"1조 7,935억원",CNY
002787,Suzhou Hycan Holdings Co Ltd Class A,51302010,용기(종이 제외) 및 포장재,8885017866,"1조 7,933억원",CNY
002061,Zhejiang Communications Technology Co Ltd Class A,52201020,건설 및 엔지니어링,8854559153,"1조 7,871억원",CNY
300415,Yizumi Holdings Co Ltd Class A,52102010,산업용 기계 및 장비,8851137767,"1조 7,864억원",CNY
002865,Hainan Drinda New Energy Technology Co Ltd Class A,50201010,재생 가능 에너지 장비 및 서비스,8842966110,"1조 7,848억원",CNY
002239,Aotecar New Energy Technology Group Co Ltd Class A,53101020,"자동차, 트럭 및 오토바이 부품",8818872234,"1조 7,799억원",CNY
000420,Jilin Chemical Fibre Stock Co Ltd Class A,51101030,특수 화학제,8778159985,"1조 7,717억원",CNY
301522,Zhonghe Shangda Aeronautic Materials Co Ltd Class A,51201020,철 및 강철,8757460008,"1조 7,675억원",CNY
301680,Goode EIS (Suzhou) Corp Ltd Class A,52102030,전기 부품 및 장비,8722152000,"1조 7,604억원",CNY
002190,Sichuan Chengfei Integration Technology Corp Ltd Class A,53101020,"자동차, 트럭 및 오토바이 부품",8713535741,"1조 7,587억원",CNY
002965,Lucky Harvest Co Ltd Class A,53101020,"자동차, 트럭 및 오토바이 부품",8709783382,"1조 7,579억원",CNY
300252,Kingsignal Technology Co Ltd Class A,57102010,통신 및 네트워킹,8703201482,"1조 7,566억원",CNY
002017,Eastcompeace Technology Co Ltd Class A,57101010,반도체,8671652720,"1조 7,502억원",CNY
301262,Hicon Network Technology (Shandong) Co Ltd Class A,53302020,방송,8661090000,"1조 7,481억원",CNY
300322,Huizhou Speed Wireless Technology Co Ltd Class A,57102010,통신 및 네트워킹,8657918039,"1조 7,474억원",CNY
002243,Shenzhen Leaguer Co Ltd Class A,51302010,용기(종이 제외) 및 포장재,8655820166,"1조 7,470억원",CNY
002937,Ningbo Sunrise Elc Technology Co Ltd Class A,57104010,전자 장비 및 부품,8655506477,"1조 7,469억원",CNY
300400,Shenzhen JT Automation Equipment Co Ltd Class A,52102030,전기 부품 및 장비,8647557260,"1조 7,453억원",CNY
000049,Shenzhen Desay Battery Technology Co Ltd Class A,52102030,전기 부품 및 장비,8646674244,"1조 7,452억원",CNY
002332,Zhejiang Xianju Pharmaceutical Co Ltd Class A,56201040,제약,8645650529,"1조 7,450억원",CNY
300486,OMH SCIENCE Group Co Ltd Class A,52102010,산업용 기계 및 장비,8641167231,"1조 7,440억원",CNY
002212,Topsec Technologies Group Inc Class A,57201030,온라인 서비스,8633602394,"1조 7,425억원",CNY
300053,Zhuhai Aerospace Microchips Science & Technology Co Ltd Class A,57101010,반도체,8613366632,"1조 7,384억원",CNY
300035,Hunan Zhongke Electric Co Ltd Class A,51101010,상품 화학,8602104721,"1조 7,362억원",CNY
301070,Kale Environment Technology (Shanghai) Co Ltd Class A,52102030,전기 부품 및 장비,8574807875,"1조 7,307억원",CNY
002651,Chengdu Leejun Industrial Co Ltd Class A,52102010,산업용 기계 및 장비,8567383400,"1조 7,292억원",CNY
000550,Jiangling Motors Corp Ltd Class A,53101010,자동차 및 트럭 제조,8567031000,"1조 7,291억원",CNY
000859,Anhui Guofeng New Materials Co Ltd Class A,51302010,용기(종이 제외) 및 포장재,8547613625,"1조 7,252억원",CNY
301584,Shanghai C&D INNOSTIC Medical Technology Group Co Ltd Class A,56101020,"의료 장비, 물품 및 유통",8520873174,"1조 7,198억원",CNY
002971,Hubei Heyuan Gas Co Ltd Class A,51101010,상품 화학,8495341790,"1조 7,146억원",CNY
300072,Beijing Haixin Energy Technology Co Ltd Class A,51101010,상품 화학,8482490290,"1조 7,120억원",CNY
300276,SanFeng Intelligent Equipment Group Co Ltd Class A,52102010,산업용 기계 및 장비,8434278800,"1조 7,023억원",CNY
300633,SonoScape Medical Corp Class A,56101010,첨단 의료 장비 및 기술,8433024474,"1조 7,020억원",CNY
002346,Shanghai Zhezhong Group Co Ltd Class A,52102030,전기 부품 및 장비,8425258937,"1조 7,005억원",CNY
000761,Bengang Steel Plates Co.  Ltd. Class A,51201020,철 및 강철,8418045532,"1조 6,990억원",CNY
301580,Aidite Qinhuangdao Technology Co Ltd Class A,56101020,"의료 장비, 물품 및 유통",8409860086,"1조 6,974억원",CNY
002818,Chengdu Fusen Noble-House Industrial Co Ltd Class A,60101010,"부동산 임대, 개발 및 운영",8397709307,"1조 6,949억원",CNY
301191,Shenzhen Phoenix Telecom Technology Co Ltd Class A,57102010,통신 및 네트워킹,8383535362,"1조 6,920억원",CNY
002233,Guangdong Tapai Group Co Ltd Class A,51202010,건설 자재,8383434627,"1조 6,920억원",CNY
300129,TSP Wind Power Group Co Ltd Class A,50201010,재생 가능 에너지 장비 및 서비스,8382930532,"1조 6,919억원",CNY
002550,Changzhou Qianhong Biopharma Co Ltd Class A,56201040,제약,8382690000,"1조 6,919억원",CNY
002516,Kuangda Technology Group Co Ltd Class A,53101020,"자동차, 트럭 및 오토바이 부품",8369072101,"1조 6,891억원",CNY
301179,Jiangsu Zeyu Intelligent Electric Power Co Ltd Class A,57107010,통합 하드웨어 및 소프트웨어,8334839997,"1조 6,822억원",CNY
002730,Dianguang Explosion-proof Technology Co Ltd Class A,52102030,전기 부품 및 장비,8284387654,"1조 6,720억원",CNY
002104,Hengbao Co Ltd Class A,57104010,전자 장비 및 부품,8273529799,"1조 6,698억원",CNY
301328,Wcon Electronics Co Ltd Class A,57104010,전자 장비 및 부품,8233392887,"1조 6,617억원",CNY
002079,Suzhou Good-Ark Electronics Co Ltd Class A,50201010,재생 가능 에너지 장비 및 서비스,8230906018,"1조 6,612억원",CNY
002077,Jiangsu Dagang Co Ltd Class A,57101010,반도체,8177110548,"1조 6,504억원",CNY
301306,XiAn Xice Testing Technology Co Ltd Class A,52203040,경영 지원 서비스,8134472000,"1조 6,418억원",CNY
301280,Zhejiang Zuch Technology Co Ltd Class A,57104010,전자 장비 및 부품,8057991608,"1조 6,263억원",CNY
002437,HARBIN GLORIA PHARMACEUTICALS Co Ltd Class A,56201040,제약,8428901516,"1조 7,012억원",CNY
002681,Shenzhen Fenda Technology Co Ltd Class A,57106030,가정용 전자 제품,8416918968,"1조 6,988억원",CNY
002208,Hefei Urban Construction Development Co Ltd Class A,60101010,"부동산 임대, 개발 및 운영",8370301535,"1조 6,894억원",CNY
002368,Taiji Computer Corp Ltd Class A,57201010,IT 서비스 및 컨설팅,8357531545,"1조 6,868억원",CNY
002943,Hunan Yujing Machinery Co Ltd Class A,52102010,산업용 기계 및 장비,8325282826,"1조 6,803억원",CNY
002970,Streamax Technology Co Ltd Class A,57107010,통합 하드웨어 및 소프트웨어,8310540826,"1조 6,773억원",CNY
000402,Financial Street Holdings Co Ltd Class A,60101010,"부동산 임대, 개발 및 운영",8309225141,"1조 6,771억원",CNY
300895,Beijing Topnew Info & Tech Co Ltd Class A,57201010,IT 서비스 및 컨설팅,8308646770,"1조 6,769억원",CNY
300527,China Harzone Industry Corp Ltd Class A,52102020,중장비 및 차량,8307013939,"1조 6,766억원",CNY
301175,Beijing China Sciences Runyu Environmental Technology Co Ltd Class A,52203010,환경 서비스 및 장비,8271965600,"1조 6,695억원",CNY
000848,CHENG DE LOLO Co Ltd Class A,54101030,무알콜 음료,8262000599,"1조 6,675억원",CNY
300964,Jiangsu Allfavor Intelligent Circuits Technology Co Ltd Class A,57101010,반도체,8254903868,"1조 6,661억원",CNY
002173,Innovative Medical Management Co Ltd Class A,56102010,의료 시설 및 서비스,8243191695,"1조 6,637억원",CNY
002115,Sunwave Communications Co Ltd Class A,53302010,광고 및 마케팅,8227481533,"1조 6,606억원",CNY
002928,China Express Airlines Co Ltd Class A,52406010,항공사,8219093167,"1조 6,589억원",CNY
301323,Guangzhou Newlife New Material Co Ltd Class A,53101030,타이어 및 고무 제품,8216590625,"1조 6,584억원",CNY
301592,Sichuan 6912 Communication Technology Co Ltd Class A,52101010,항공우주 및 방위,8211700000,"1조 6,574억원",CNY
000593,Delong Composite Energy Group Co Ltd Class A,59102010,천연가스 유틸리티,8209063796,"1조 6,568억원",CNY
002039,Guizhou Qianyuan Power Co Ltd Class A,59101020,민자 발전 사업,8200564857,"1조 6,551억원",CNY
002434,Zhejiang Wanliyang Co Ltd Class A,53101020,"자동차, 트럭 및 오토바이 부품",8177498000,"1조 6,505억원",CNY
003040,Chutian Dragon Co Ltd Class A,57101010,반도체,8152883985,"1조 6,455억원",CNY
000818,Hangjin Technology Co Ltd Class A,51101010,상품 화학,8085000478,"1조 6,318억원",CNY
301631,Shenzhen Uniconn Technology Co Ltd Class A,52102030,전기 부품 및 장비,8075563997,"1조 6,299억원",CNY
300981,Zhonghong Pulin Medical Products Co Ltd Class A,56101020,"의료 장비, 물품 및 유통",8062661229,"1조 6,273억원",CNY
300101,Chengdu CORPRO Technology Co Ltd Class A,57102010,통신 및 네트워킹,8058581883,"1조 6,265억원",CNY
300180,Huafon Microfibre Shanghai Co Ltd Class A,51101030,특수 화학제,8048044908,"1조 6,243억원",CNY
300042,Netac Technology Co Ltd Class A,57106010,컴퓨터 하드웨어,8034036000,"1조 6,215억원",CNY
300196,Jiangsu Changhai Composite Materials Co Ltd Class A,51202010,건설 자재,8031926086,"1조 6,211억원",CNY
301600,Flaircomm Microelectronics Inc Class A,57102010,통신 및 네트워킹,8027404800,"1조 6,202억원",CNY
002803,Xiamen Jihong Co Ltd Class A,57201030,온라인 서비스,8023791871,"1조 6,194억원",CNY
300959,Wuxi Online Offline Communication Information Technology Co Ltd Class A,57201030,온라인 서비스,8016688050,"1조 6,180억원",CNY
300119,Tianjin Ringpu Bio-Technology Co Ltd Class A,56201040,제약,8003076037,"1조 6,153억원",CNY
300770,Guangdong South New Media Co Ltd Class A,53302020,방송,8001691316,"1조 6,150억원",CNY
002533,Gold Cup Electric Apparatus Co Ltd Class A,52102030,전기 부품 및 장비,7999957576,"1조 6,146억원",CNY
300222,Csg Smart Science&Technology Co Ltd Class A,52102040,중전기장비,7994301011,"1조 6,135억원",CNY
300045,Hwa Create Corp Class A,57102010,통신 및 네트워킹,7991863346,"1조 6,130억원",CNY
002267,Shaanxi Provincial Natural Gas Co Ltd Class A,50103030,오일 및 가스 수송 서비스,7984701695,"1조 6,116억원",CNY
002272,Sichuan Crun Co Ltd Class A,52102010,산업용 기계 및 장비,7961685266,"1조 6,069억원",CNY
301565,Sinolong New Materials Co Ltd Class A,51302010,용기(종이 제외) 및 포장재,7960199000,"1조 6,066억원",CNY
301317,Xinlei Compressor Co Ltd Class A,52102030,전기 부품 및 장비,7958529700,"1조 6,063억원",CNY
301687,Suzhou Xinguangyi Electronics Co Ltd Class A,57104010,전자 장비 및 부품,7948279680,"1조 6,042억원",CNY
300592,Huakai Yibai Technology Co Ltd Class A,57201030,온라인 서비스,7938043085,"1조 6,021억원",CNY
002386,Yibin Tianyuan Group Co Ltd Class A,51101010,상품 화학,7927030675,"1조 5,999억원",CNY
000498,Shandong Hi Speed Road&Bridge Co Ltd Class A,52201020,건설 및 엔지니어링,7917454322,"1조 5,980억원",CNY
003039,Guangdong Shunkong Development Co Ltd Class A,59103010,수자원 유틸리티,7910414931,"1조 5,966억원",CNY
002988,Guangdong Haomei New Materials Co Ltd Class A,51201030,알루미늄,7908810343,"1조 5,962억원",CNY
002345,Guangdong CHJ Industry Co Ltd Class A,53202020,의류 및 액세서리,7907763092,"1조 5,960억원",CNY
002833,Guangzhou Kdt Machinery Group Co Ltd Class A,52102010,산업용 기계 및 장비,7907753815,"1조 5,960억원",CNY
002796,Suzhou Shijia Science & Technology Inc Class A,52102040,중전기장비,7899085472,"1조 5,943억원",CNY
301326,J.Pond Precision Technology Co Ltd Class A,57104010,전자 장비 및 부품,7886097099,"1조 5,917억원",CNY
002471,Jiangsu Zhongchao Holding Co Ltd Class A,52102030,전기 부품 및 장비,7870370000,"1조 5,885억원",CNY
300802,Jutze Intelligence Technology Co Ltd Class A,57101010,반도체,7868967664,"1조 5,882억원",CNY
003009,Shaanxi Zhongtian Rocket Technology Co Ltd Class A,52101010,항공우주 및 방위,7861962361,"1조 5,868억원",CNY
000860,Beijing Shunxin Agriculture Co Ltd Class A,54101020,증류주 및 포도주,7847894744,"1조 5,839억원",CNY
002030,Daan Gene Co Ltd Class A,56101020,"의료 장비, 물품 및 유통",7831228859,"1조 5,806억원",CNY
301662,Ongoal Technology Co Ltd Class A,52102010,산업용 기계 및 장비,7769680000,"1조 5,682억원",CNY
000928,Sinosteel Engineering & Technology Co Ltd Class A,52201020,건설 및 엔지니어링,7761427400,"1조 5,665억원",CNY
003013,Guangzhou Metro Design & Research Institute Co Ltd Class A,52201020,건설 및 엔지니어링,7727820108,"1조 5,597억원",CNY
002885,Shenzhen JingQuanHua Electronics Co Ltd Class A,52102030,전기 부품 및 장비,7710296909,"1조 5,562억원",CNY
000019,Shenzhen Cereals Holdings Co Ltd Class A,54102020,식품 가공,7683486099,"1조 5,508억원",CNY
000560,5I5j Holding Group Co Ltd Class A,60101020,부동산 서비스,8267807987,"1조 6,687억원",CNY
300369,NSFOCUS Technologies Group Co Ltd Class A,57201020,소프트웨어,8025156681,"1조 6,197억원",CNY
300127,Chengdu Galaxy Magnets Co Ltd Class A,52102030,전기 부품 및 장비,7936474602,"1조 6,018억원",CNY
300348,Shenzhen Sunline Tech Co Ltd Class A,57201020,소프트웨어,7896278342,"1조 5,937억원",CNY
300440,Chengdu Yunda Technology Co Ltd Class A,57201010,IT 서비스 및 컨설팅,7883793928,"1조 5,912억원",CNY
001314,Emdoor Information Co Ltd Class A,57106010,컴퓨터 하드웨어,7835540300,"1조 5,814억원",CNY
002075,Jiangsu Shagang Co Ltd Class A,51201020,철 및 강철,7831956839,"1조 5,807억원",CNY
002150,Jiangsu Chint Power Technology Co Ltd Class A,50201010,재생 가능 에너지 장비 및 서비스,7830853025,"1조 5,805억원",CNY
002093,Guomai Technologies Inc Class A,63102010,"초, 중, 고등 교육기관",7808125000,"1조 5,759억원",CNY
301413,Shenzhen Ampron Technology Co Ltd Class A,57104010,전자 장비 및 부품,7794251110,"1조 5,731억원",CNY
001212,Sinostone Guangdong Co Ltd Class A,51202010,건설 자재,7767089468,"1조 5,676억원",CNY
300834,Rastar Environmental Protection Materials Co Ltd Class A,51101010,상품 화학,7758179738,"1조 5,658억원",CNY
300482,Guangzhou Wondfo Biotech Co Ltd Class A,56101020,"의료 장비, 물품 및 유통",7752616313,"1조 5,647억원",CNY
300872,Tansun Technology Co Ltd Class A,57301010,핀테크,7741600376,"1조 5,625억원",CNY
300706,Fujian Acetron New Materials Co Ltd Class A,51201050,특수 채굴 및 금속,7739764833,"1조 5,621억원",CNY
300109,Boai NKY Medical Holdings Ltd Class A,51101030,특수 화학제,7729877448,"1조 5,601억원",CNY
001323,DeRucci Healthy Sleep Co Ltd Class A,53204040,가정용 가구,7727034369,"1조 5,595억원",CNY
002941,Xinjiang Communications Construction Group Co Ltd Class A,52201020,건설 및 엔지니어링,7720767400,"1조 5,583억원",CNY
001285,Guangzhou Ruili Kormee Automotive Electronic Co Ltd Class A,53101020,"자동차, 트럭 및 오토바이 부품",7719472164,"1조 5,580억원",CNY
000869,Yantai Changyu Pioneer Wine Co Ltd Class A,54101020,증류주 및 포도주,7702534280,"1조 5,546억원",CNY
002125,Xiangtan Electrochemical Scientific Co Ltd Class A,51101010,상품 화학,7699065079,"1조 5,539억원",CNY
301559,CIMC Safeway Technologies Co Ltd Class A,52102010,산업용 기계 및 장비,7686000000,"1조 5,513억원",CNY
300756,Guangdong Jinma Entertainment Corp Ltd Class A,53205020,오락용 제품,7678183121,"1조 5,497억원",CNY
002097,Sunward Intelligent Equipment Co Ltd Class A,52102020,중장비 및 차량,7662021092,"1조 5,464억원",CNY
300337,Yinbang Clad Material Co Ltd Class A,51201030,알루미늄,7660561670,"1조 5,461억원",CNY
301568,XiaMen Sinictek Intelligent Technology Co Ltd Class A,52102010,산업용 기계 및 장비,7659708112,"1조 5,460억원",CNY
002350,Beijing Creative Group Co Ltd Class A,52102040,중전기장비,7652295363,"1조 5,445억원",CNY
300098,Gosuncn Technology Group Co Ltd Class A,57201010,IT 서비스 및 컨설팅,7646242010,"1조 5,432억원",CNY
002612,Lancy Co Ltd Class A,53202020,의류 및 액세서리,7636607173,"1조 5,413억원",CNY
300689,Shenzhen Chengtian Weiye Technology Co Ltd Class A,57101010,반도체,7631912000,"1조 5,403억원",CNY
300900,Guanglian Aviation Industry Co Ltd Class A,52101010,항공우주 및 방위,7616220562,"1조 5,372억원",CNY
002870,Guangdong Senssun Weighing Apparatus Group Ltd Class A,53101020,"자동차, 트럭 및 오토바이 부품",7611948431,"1조 5,363억원",CNY
002277,Hunan Friendship&Apollo Commercial Co Ltd Class A,53402010,백화점,7598241760,"1조 5,336억원",CNY
002446,Guangdong Shenglu Telecommunication Tech Co Ltd Class A,57102010,통신 및 네트워킹,7597950509,"1조 5,335억원",CNY
002782,Shenzhen Click Technology Co Ltd Class A,57104010,전자 장비 및 부품,7589055379,"1조 5,317억원",CNY
001330,Bona Film Group Co Ltd Class A,53301040,여가 및 오락시설,7587344792,"1조 5,314억원",CNY
001237,Ningbo Hicon Industry Technology Co Ltd Class A,53204030,"가전제품, 도구 및 가정 용품",7586692130,"1조 5,312억원",CNY
002488,Zhejiang Jingu Co Ltd Class A,53101020,"자동차, 트럭 및 오토바이 부품",7585245675,"1조 5,309억원",CNY
300143,INKON Life Technology Co Ltd Class A,56102010,의료 시설 및 서비스,7579138301,"1조 5,297억원",CNY
002810,Shandong Head Group Co Ltd Class A,51101030,특수 화학제,7559687550,"1조 5,258억원",CNY
000989,Jiuzhitang Co Ltd Class A,56201040,제약,7557967966,"1조 5,254억원",CNY
000533,Guangdong Shunna Electric Co Ltd Class A,52102040,중전기장비,7550618880,"1조 5,239억원",CNY
002342,Juli Sling Co Ltd Class A,52102010,산업용 기계 및 장비,7545600000,"1조 5,229억원",CNY
000751,Huludao Zinc Industry Co Ltd Class A,51201050,특수 채굴 및 금속,7544994879,"1조 5,228억원",CNY
000885,CEVIA Enviro Inc Class A,52203010,환경 서비스 및 장비,7537998714,"1조 5,214억원",CNY
002452,Changgao Electric Group Co Ltd Class A,52102040,중전기장비,7537034833,"1조 5,212억원",CNY
002445,Zhong Nan Hong Culture Group Co Ltd Class A,52102010,산업용 기계 및 장비,7533845873,"1조 5,206억원",CNY
002194,Wuhan Fingu Electronic Technology Co Ltd Class A,57102010,통신 및 네트워킹,7495645292,"1조 5,128억원",CNY
300294,China Resources Boya Bio pharmaceutical Group Co Ltd Class A,56201040,제약,7493136247,"1조 5,123억원",CNY
002034,Wangneng Environment Co Ltd Class A,52203010,환경 서비스 및 장비,7492167444,"1조 5,121억원",CNY
002127,NanJi E-Commerce Co Ltd Class A,53302010,광고 및 마케팅,7487354729,"1조 5,112억원",CNY
002219,New Journey Health Technology Group Co Ltd Class A,56102010,의료 시설 및 서비스,7456150986,"1조 5,049억원",CNY
002023,Sichuan Haite High-tech Co Ltd Class A,52203040,경영 지원 서비스,7453053964,"1조 5,042억원",CNY
002759,Tonze New Energy Technology Co Ltd Class A,51101010,상품 화학,7440517858,"1조 5,017억원",CNY
001298,Shenzhen Best of Best Holdings Co Ltd Class A,57101010,반도체,7391664721,"1조 4,919억원",CNY
300772,Windey Energy Technology Group Co Ltd Class A,50201010,재생 가능 에너지 장비 및 서비스,7388499950,"1조 4,912억원",CNY
000650,Renhe Pharmacy Co Ltd Class A,56201040,제약,7377674493,"1조 4,890억원",CNY
000012,CSG Holding Co Ltd Class A,51101010,상품 화학,7374574657,"1조 4,884억원",CNY
002121,ShenZhen Clou Electronics Co Ltd Class A,52102030,전기 부품 및 장비,7342497169,"1조 4,819억원",CNY
301487,Tianjin Guoan Mengguli New Materials Science & Technology Co Ltd Class A,51101010,상품 화학,7335478350,"1조 4,805억원",CNY
000756,Shandong Xinhua Pharmaceutical Co Ltd Class A,56201040,제약,8097170641,"1조 6,343억원",CNY
300685,Amoy Diagnostics Co Ltd Class A,56101020,"의료 장비, 물품 및 유통",7774796018,"1조 5,692억원",CNY
002141,Infund Holding Co Ltd Class A,56201040,제약,7674712979,"1조 5,490억원",CNY
002068,Jiangxi Black Cat Carbon Black Inc Ltd Class A,51101030,특수 화학제,7610822779,"1조 5,361억원",CNY
002650,Jiajia Food Group Co Ltd Class A,54102020,식품 가공,7572453356,"1조 5,283억원",CNY
300702,Zhejiang Tianyu Pharmaceutical Co Ltd Class A,56201040,제약,7565023437,"1조 5,268억원",CNY
001288,Sichuan Zigong Conveying Machine Group Co Ltd Class A,52102040,중전기장비,7431352887,"1조 4,999억원",CNY
301327,Shenzhen Hello Tech Energy Co Ltd Class A,52102030,전기 부품 및 장비,7374587545,"1조 4,884억원",CNY
300488,EST Tools Co Ltd Class A,52102010,산업용 기계 및 장비,7335229773,"1조 4,805억원",CNY
300819,Jiangsu Jujie Microfiber Technology Group Co Ltd Class A,53202010,직물 및 가죽제품,7334917800,"1조 4,804억원",CNY
002892,Keli Motor Group Co Ltd Class A,52102030,전기 부품 및 장비,7328664798,"1조 4,791억원",CNY
002721,Beijing Kingee Culture Development Co Ltd Class A,53202020,의류 및 액세서리,7313291191,"1조 4,760억원",CNY
300709,Jiangsu Gian Technology Co Ltd Class A,57104010,전자 장비 및 부품,7303371151,"1조 4,740억원",CNY
003033,Qingdao CHOHO Industrial Co Ltd Class A,52102010,산업용 기계 및 장비,7300275000,"1조 4,734억원",CNY
301069,Shandong Kaisheng New Materials Co Ltd Class A,51101010,상품 화학,7287041602,"1조 4,707억원",CNY
000026,FIYTA Precision Technology Co Ltd Class A,53202020,의류 및 액세서리,7285402306,"1조 4,704억원",CNY
002242,Joyoung Co Ltd Class A,53204030,"가전제품, 도구 및 가정 용품",7279182180,"1조 4,692억원",CNY
300444,Beijing Sojo Electric Co Ltd Class A,52102040,중전기장비,7273765614,"1조 4,681억원",CNY
002349,Jinghua Pharmaceutical Group Co Ltd Class A,56201040,제약,7264061412,"1조 4,661억원",CNY
002284,Zhejiang Asia-Pacific Mechanical & Electronic Co Ltd Class A,53101020,"자동차, 트럭 및 오토바이 부품",7250574414,"1조 4,634억원",CNY
002108,Cangzhou Mingzhu Plastic Co Ltd Class A,53203020,건설 자재 및 비품,7237346124,"1조 4,607억원",CNY
300416,Suzhou Sushi Testing Group Co Ltd Class A,52102010,산업용 기계 및 장비,7236635279,"1조 4,606억원",CNY
002572,Suofeiya Home Collection Co Ltd Class A,53204040,가정용 가구,7232484202,"1조 4,597억원",CNY
000058,Shenzhen SEG Co Ltd Class A,60101020,부동산 서비스,7227986858,"1조 4,588억원",CNY
002528,Shenzhen Infinova Ltd Class A,57201020,소프트웨어,7216023994,"1조 4,564억원",CNY
002275,Guilin Sanjin Pharmaceutical Co Ltd Class A,56201040,제약,7215342408,"1조 4,563억원",CNY
301246,Hubei Hongyuan Pharmaceutical Technology Co Ltd Class A,56201040,제약,7212122604,"1조 4,556억원",CNY
300926,Jiangsu Bojun Industrial Technology Co Ltd Class A,52102010,산업용 기계 및 장비,7209814671,"1조 4,552억원",CNY
300641,Jiangsu Zhengdan Chemical Industry Co Ltd Class A,51101010,상품 화학,7199963897,"1조 4,532억원",CNY
301230,PharmaResources (Shanghai) Co Ltd Class A,56202010,생명 공학 및 의학 연구,7165268590,"1조 4,462억원",CNY
300648,Fujian Nebula Electronics Co Ltd Class A,52102010,산업용 기계 및 장비,7147280214,"1조 4,425억원",CNY
000631,Shunfa Hengneng Corp Class A,60101010,"부동산 임대, 개발 및 운영",7107000263,"1조 4,344억원",CNY
301215,CATARC Automotive Proving Ground Co Ltd Class A,52203040,경영 지원 서비스,7082865000,"1조 4,295억원",CNY
300841,Chengdu Kanghua Biological Products Co Ltd Class A,56201040,제약,7076908120,"1조 4,283억원",CNY
000544,Central Plains Environment Protection Co Ltd Class A,59103010,수자원 유틸리티,7076209383,"1조 4,282억원",CNY
002527,Shanghai STEP Electric Corp Class A,52102010,산업용 기계 및 장비,7074863975,"1조 4,279억원",CNY
002605,Shanghai Yaoji Technology Co Ltd Class A,57201020,소프트웨어,7052265863,"1조 4,234억원",CNY
300997,Huanlejia Food Group Co Ltd Class A,54101030,무알콜 음료,7046570295,"1조 4,222억원",CNY
002110,Sansteel Minguang Co Ltd Fujian Class A,51201020,철 및 강철,7044321058,"1조 4,218억원",CNY
301182,Henan Carve Electronics Technology Co Ltd Class A,57104010,전자 장비 및 부품,7040020299,"1조 4,209억원",CNY
301228,SEP Analytical (Shanghai) Co Ltd Class A,52203040,경영 지원 서비스,7007463302,"1조 4,143억원",CNY
002006,Zhejiang Jinggong Integration Technology Co Ltd Class A,52102010,산업용 기계 및 장비,7005333014,"1조 4,139억원",CNY
002470,Kingenta Ecological Engineering Group Co Ltd Class A,51101020,농화학제,6999239090,"1조 4,127억원",CNY
002213,Shenzhen Dawei Innovation Technology Co Ltd Class A,57101010,반도체,6995448091,"1조 4,119억원",CNY
002733,Shenzhen Center Power Tech Co Ltd Class A,52102030,전기 부품 및 장비,6988869267,"1조 4,106억원",CNY
300080,Henan Yicheng New Energy Co Ltd Class A,50201010,재생 가능 에너지 장비 및 서비스,6968975222,"1조 4,065억원",CNY
001311,Chuzhou Duoli Automotive Technology Co Ltd Class A,53101020,"자동차, 트럭 및 오토바이 부품",6951061947,"1조 4,029억원",CNY
002438,Jiangsu Shentong Valve Co Ltd Class A,52102010,산업용 기계 및 장비,6948187841,"1조 4,024억원",CNY
000813,Dezhan Healthcare Co Ltd Class A,56201040,제약,6941419337,"1조 4,010억원",CNY
300943,Zhejiang Chunhui Intelligent Control Co Ltd Class A,52102010,산업용 기계 및 장비,6931918200,"1조 3,991억원",CNY
000735,Luoniushan Co Ltd Class A,54102010,어업 및 농업,6909081468,"1조 3,945억원",CNY
002886,Shenzhen WOTE Advanced Materials Co Ltd Class A,51101010,상품 화학,6901197474,"1조 3,929억원",CNY
000597,Northeast Pharmaceutical Group Co Ltd Class A,56201040,제약,6892063520,"1조 3,910억원",CNY
000572,Haima Automobile Co Ltd Class A,53101010,자동차 및 트럭 제조,6891026625,"1조 3,908억원",CNY
002042,Huafu Fashion Co Ltd Class A,53202010,직물 및 가죽제품,6870752674,"1조 3,867억원",CNY
002902,Dongguan Mentech Optical & Magnetic Co Ltd Class A,52102030,전기 부품 및 장비,6857564429,"1조 3,841억원",CNY
002201,Jiangsu Jiuding New Material Co Ltd Class A,51101010,상품 화학,6855213255,"1조 3,836억원",CNY
301160,Suzhou Xianglou New Material Co Ltd Class A,53101020,"자동차, 트럭 및 오토바이 부품",6813720316,"1조 3,752억원",CNY
301349,Liaoning Xinde New Material Technology Group Co.  Ltd. Class A,51101030,특수 화학제,6808577374,"1조 3,742억원",CNY
300700,Changsha DIALINE New Material Sci & Tech Co Ltd Class A,52102010,산업용 기계 및 장비,6801103738,"1조 3,727억원",CNY
300785,Beijing Zhidemai Technology Co Ltd Class A,57201030,온라인 서비스,7490877004,"1조 5,119억원",CNY
002443,Zhejiang Kingland Pipeline and Technologies Co Ltd Class A,51201020,철 및 강철,7204211597,"1조 4,540억원",CNY
301162,State Power Rixin Tech Co Ltd Class A,57201020,소프트웨어,7136674179,"1조 4,404억원",CNY
301393,Suzhou Highfine Biotech Co Ltd Class A,51101010,상품 화학,7093440000,"1조 4,317억원",CNY
300168,Wonders Information Co Ltd Class A,57201020,소프트웨어,7015861165,"1조 4,160억원",CNY
300079,Sumavision Technologies Co Ltd Class A,57201010,IT 서비스 및 컨설팅,7001797784,"1조 4,132억원",CNY
300905,Poly Plastic Masterbatch SuZhou Co Ltd Class A,51101010,상품 화학,6997723557,"1조 4,124억원",CNY
301602,Shantou Institute of Ultrasonic Instrument Co Ltd Class A,56101010,첨단 의료 장비 및 기술,6994622989,"1조 4,117억원",CNY
301050,Chengdu RML Technology Co Ltd Class A,57101010,반도체,6994112174,"1조 4,116억원",CNY
002537,HyUnion Holding Co Ltd Class A,53101020,"자동차, 트럭 및 오토바이 부품",6982613843,"1조 4,093억원",CNY
300267,Hunan Er-Kang Pharmaceutical Co Ltd Class A,56201040,제약,6971604461,"1조 4,071억원",CNY
300091,Jin Tong Ling Technology Group Co Ltd Class A,52102010,산업용 기계 및 장비,6963010414,"1조 4,053억원",CNY
002421,Shenzhen Das Intellitech Co Ltd Class A,57201010,IT 서비스 및 컨설팅,6955507776,"1조 4,038억원",CNY
300406,Beijing Strong Biotechnologies Inc Class A,56101020,"의료 장비, 물품 및 유통",6910596094,"1조 3,948억원",CNY
300566,Ningbo Exciton Technology Co Ltd Class A,57104010,전자 장비 및 부품,6898593677,"1조 3,923억원",CNY
002135,Zhejiang Southeast Space Frame Co Ltd Class A,52201020,건설 및 엔지니어링,6893940057,"1조 3,914억원",CNY
301339,Jiangsu Tongxingbao Intelligent Transportation Technology Co Ltd Class A,57201010,IT 서비스 및 컨설팅,6892982712,"1조 3,912억원",CNY
000503,China Reform Health Management and Services Group Co Ltd Class A,52203040,경영 지원 서비스,6883847706,"1조 3,894억원",CNY
002057,Sinosteel New Materials Co Ltd Class A,51101010,상품 화학,6882958236,"1조 3,892억원",CNY
300189,Hainan Shennong Seed Industry Technology Co Ltd Class A,54102010,어업 및 농업,6860800000,"1조 3,847억원",CNY
000968,Shanxi Blue Flame Holding Co Ltd Class A,50102020,"오일, 가스 탐사 및 생산",6859593859,"1조 3,845억원",CNY
000755,Shanxi Hi speed Group Co Ltd Class A,52407030,고속도로 및 철도,6852338615,"1조 3,830억원",CNY
300493,Shanghai Fortune Techgroup Co Ltd Class A,57101010,반도체,6842155977,"1조 3,810억원",CNY
301252,Zhejiang Tongxing Technology Co Ltd Class A,52102030,전기 부품 및 장비,6835015522,"1조 3,795억원",CNY
001382,Guangdong Xinyaguang Cable Co Ltd Class A,52102030,전기 부품 및 장비,6830960000,"1조 3,787억원",CNY
300783,Three Squirrels Inc Class A,54301020,식품 소매 및 유통,6820635072,"1조 3,766억원",CNY
300174,Fujian Yuanli Active Carbon Co.  Ltd. Class A,51101010,상품 화학,6807091628,"1조 3,739억원",CNY
300341,Motic Xiamen Electric Group Co Ltd Class A,52102030,전기 부품 및 장비,6788423608,"1조 3,701억원",CNY
300393,Jolywood Suzhou Sunwatt Co Ltd Class A,50201010,재생 가능 에너지 장비 및 서비스,6788378440,"1조 3,701억원",CNY
300986,GETO New Materials Group Corporation Limited Class A,53203020,건설 자재 및 비품,6787772295,"1조 3,700억원",CNY
300206,Edan Instruments Inc Class A,56101010,첨단 의료 장비 및 기술,6782061148,"1조 3,688억원",CNY
300467,Sichuan Xunyou Network Technology Co.  Ltd. Class A,57201020,소프트웨어,6780947413,"1조 3,686억원",CNY
300598,ArcherMind Technology Co Ltd Class A,57201020,소프트웨어,6780679406,"1조 3,685억원",CNY
000561,Shaanxi Fenghuo Electronics Co Ltd Class A,57102010,통신 및 네트워킹,6773902986,"1조 3,672억원",CNY
301148,Xiamen Jiarong Technology Corp Ltd Class A,52203010,환경 서비스 및 장비,6771975260,"1조 3,668억원",CNY
002840,Zhejiang Huatong Meat Products Co Ltd Class A,54102020,식품 가공,6754241029,"1조 3,632억원",CNY
002519,Jiangsu Yinhe Electronics Co Ltd Class A,52102030,전기 부품 및 장비,6747321079,"1조 3,618억원",CNY
301528,Guangzhou Doppler Electronic Technologies Co Ltd Class A,52102010,산업용 기계 및 장비,6745985800,"1조 3,615억원",CNY
002036,LianChuang Electronic Technology Co Ltd Class A,57104010,전자 장비 및 부품,6736899617,"1조 3,597억원",CNY
000090,Shenzhen Tagen Group Co Ltd Class A,52201020,건설 및 엔지니어링,6726763562,"1조 3,577억원",CNY
300697,Jiangyin Electrical Alloy Co Ltd Class A,51201050,특수 채굴 및 금속,6723225600,"1조 3,569억원",CNY
002935,Chengdu Spaceon Electronics Co Ltd Class A,57104010,전자 장비 및 부품,6719866309,"1조 3,563억원",CNY
300506,Shenzhen Minkave Technology Co Ltd Class A,52201020,건설 및 엔지니어링,6714559840,"1조 3,552억원",CNY
300221,Guangdong Silver Age Sci &Tech Co Ltd Class A,51101010,상품 화학,6713103886,"1조 3,549억원",CNY
002140,East China Engineering Science and Technology Co Ltd Class A,52201020,건설 및 엔지니어링,6711971507,"1조 3,547억원",CNY
002737,Sunflower Pharmaceutical Group Co Ltd Class A,56201040,제약,6704320000,"1조 3,531억원",CNY
002014,Huangshan Novel Co Ltd Class A,51302010,용기(종이 제외) 및 포장재,6700661014,"1조 3,524억원",CNY
300520,GuoChuang Software Co Ltd Class A,57201020,소프트웨어,6696271243,"1조 3,515억원",CNY
002163,Hainan Development Holdings Nanhai Co Ltd Class A,52201020,건설 및 엔지니어링,6692066307,"1조 3,507억원",CNY
002489,Yotrio Group Co Ltd Class A,53204040,가정용 가구,6680570244,"1조 3,483억원",CNY
300586,Malion New Materials Co Ltd Class A,51101030,특수 화학제,6678324297,"1조 3,479억원",CNY
301365,Matrix Design Co Ltd Class A,53203010,주택 건설,6669596965,"1조 3,461억원",CNY
002102,Hubei NengTer Technology Co Ltd Class A,51101010,상품 화학,6668835220,"1조 3,460억원",CNY
300983,Shanghai Urban Architecture Design Co Ltd Class A,52201020,건설 및 엔지니어링,6645888000,"1조 3,413억원",CNY
002298,Anhui ZhongDianXinLong Science and Technology Co Ltd Class A,52102040,중전기장비,6638794782,"1조 3,399억원",CNY
002256,Zetta Group Co Ltd Class A,51101010,상품 화학,6632067406,"1조 3,386억원",CNY
002448,ZYNP Corp Class A,53101020,"자동차, 트럭 및 오토바이 부품",6625492614,"1조 3,372억원",CNY
301265,Huaxin Resources Technology Co Ltd Class A,52203010,환경 서비스 및 장비,6622993759,"1조 3,367억원",CNY
300128,Suzhou Jinfu Technology Co Ltd Class A,57104010,전자 장비 및 부품,6586515139,"1조 3,294억원",CNY
001376,Jiangxi Bestoo Energy Co Ltd Class A,59103010,수자원 유틸리티,6312712000,"1조 2,741억원",CNY
301085,Beijing Asiacom Information Technology Co Ltd Class A,57201010,IT 서비스 및 컨설팅,7429733294,"1조 4,995억원",CNY
301122,Caina Technology Co Ltd Class A,56101020,"의료 장비, 물품 및 유통",7250389976,"1조 4,633억원",CNY
002467,Net263 Ltd Class A,57401010,통합 통신 서비스,7000642834,"1조 4,129억원",CNY
300681,Zhuhai Enpower Electric Co Ltd Class A,53101020,"자동차, 트럭 및 오토바이 부품",6904608470,"1조 3,936억원",CNY
300063,Guangdong Tloong Technology Group Co Ltd Class A,53302010,광고 및 마케팅,6864670708,"1조 3,855억원",CNY
300226,Shanghai Ganglian E-Commerce Holdings Co Ltd Class A,57201030,온라인 서비스,6773467653,"1조 3,671억원",CNY
002328,Shanghai Xinpeng Industry Co Ltd Class A,53101020,"자동차, 트럭 및 오토바이 부품",6768422900,"1조 3,661억원",CNY
301479,Guangdong Hongjing Optoelectronic Technology Inc Class A,57106030,가정용 전자 제품,6717060561,"1조 3,557억원",CNY
301235,Wuhan Huakang Century Clean Technology Co Ltd Class A,52201020,건설 및 엔지니어링,6703498707,"1조 3,530억원",CNY
002123,Montnets Cloud Technology Group Co Ltd Class A,57401010,통합 통신 서비스,6693061723,"1조 3,509억원",CNY
002134,Tianjin Printronics Circuit Corp Class A,57101010,반도체,6678689602,"1조 3,480억원",CNY
300893,Zhejiang Songyuan Automotive Safety Systems Co Ltd Class A,53101020,"자동차, 트럭 및 오토바이 부품",6673371978,"1조 3,469억원",CNY
301305,Shenzhen Lions King Hi-Tech Co Ltd Class A,52201020,건설 및 엔지니어링,6663600542,"1조 3,449억원",CNY
300057,Shantou Wanshun New Material Group Co Ltd Class A,51201030,알루미늄,6633607370,"1조 3,389억원",CNY
300358,Truking Technology Ltd Class A,52102010,산업용 기계 및 장비,6621757291,"1조 3,365억원",CNY
000912,Sichuan Lutianhua Co Ltd Class A,51101020,농화학제,6616960000,"1조 3,355억원",CNY
300788,Citic Press Corp Class A,53302040,소비자 출판,6615371207,"1조 3,352억원",CNY
000030,FAWER Automotive Parts Ltd Co Class A,53101020,"자동차, 트럭 및 오토바이 부품",6604368124,"1조 3,330억원",CNY
002380,Nanjing Sciyon Wisdom Technology Group Co Ltd Class A,52102010,산업용 기계 및 장비,6602170264,"1조 3,325억원",CNY
300134,Anhui Tatfook Technology Co Ltd Class A,57102010,통신 및 네트워킹,6592807872,"1조 3,306억원",CNY
000589,Gui Zhou Tyre Co Ltd Class A,53101030,타이어 및 고무 제품,6590614041,"1조 3,302억원",CNY
000601,Guangdong Shaoneng Group Co Ltd Class A,59101010,전력 유틸리티,6586685711,"1조 3,294억원",CNY
301608,Shenzhen Boshijie Technology Co Ltd Class A,53101020,"자동차, 트럭 및 오토바이 부품",6584672666,"1조 3,290억원",CNY
000008,China High Speed Railway Technology Co Ltd Class A,52407030,고속도로 및 철도,6573633993,"1조 3,268억원",CNY
002819,Beijing Oriental Jicheng Co Ltd Class A,52102010,산업용 기계 및 장비,6569398884,"1조 3,259억원",CNY
002951,Sichuan Jinshi Technology Co Ltd Class A,52102030,전기 부품 및 장비,6549788375,"1조 3,219억원",CNY
300075,Beijing eGOVA Co Ltd Class A,57201020,소프트웨어,6546711865,"1조 3,213억원",CNY
300579,BeiJing Certificate Authority Co Ltd Class A,57201030,온라인 서비스,6531300000,"1조 3,182억원",CNY
300284,JSTI Group Co Ltd Class A,52201020,건설 및 엔지니어링,6516191314,"1조 3,152억원",CNY
000670,Infotmic Co Ltd Class A,57101010,반도체,6505159228,"1조 3,129억원",CNY
300678,Chengdu Information Technology of Chinese Academy of Sciences Co Ltd Class A,57201010,IT 서비스 및 컨설팅,6502715268,"1조 3,124억원",CNY
000517,Rongan Property Co Ltd Class A,60101010,"부동산 임대, 개발 및 운영",6495201869,"1조 3,109억원",CNY
301667,Rnbc New Energy Co Ltd Class A,53101020,"자동차, 트럭 및 오토바이 부품",6491353848,"1조 3,101억원",CNY
300265,Jiangsu Tongguang Electronic Wire&Cable Co Ltd Class A,52102030,전기 부품 및 장비,6476278490,"1조 3,071억원",CNY
001400,Giansun Precision Technology Group Co Ltd Class A,52102010,산업용 기계 및 장비,6464640000,"1조 3,048억원",CNY
000566,Hainan Haiyao Co Ltd Class A,56201040,제약,6460878327,"1조 3,040억원",CNY
300435,Hangzhou Zhongtai Cryogenic Technology Corp Class A,59102010,천연가스 유틸리티,6460692750,"1조 3,040억원",CNY
300227,Shenzhen Sunshine Laser & Electronics Technology Co Ltd Class A,57101020,반도체 장비 및 테스트,6458053478,"1조 3,034억원",CNY
300429,Changzhou Tronly New Electronic Materials Co Ltd Class A,51101030,특수 화학제,6453721611,"1조 3,026억원",CNY
002029,Fujian Septwolves Industry Co Ltd Class A,53202020,의류 및 액세서리,6422764422,"1조 2,963억원",CNY
002697,Chengdu Hongqi Chain Co Ltd Class A,54301020,식품 소매 및 유통,6419200000,"1조 2,956억원",CNY
002727,Yixintang Pharmaceutical Co Ltd Class A,54301010,의약품 소매,6418221210,"1조 2,954억원",CNY
000523,Hongmian Zhihui Science and Technology Innovation Co Ltd Guangzhou Class A,54102020,식품 가공,6405784929,"1조 2,929억원",CNY
000777,SUFA Technology Industry Co Ltd CNNC Class A,52102010,산업용 기계 및 장비,6383902923,"1조 2,885억원",CNY
002232,Qiming Information Technology Co Ltd Class A,57201010,IT 서비스 및 컨설팅,6381526867,"1조 2,880억원",CNY
002285,Shenzhen Worldunion Group Inc Class A,60101020,부동산 서비스,6377052922,"1조 2,871억원",CNY
002052,Shenzhen Coship Electronics Co Ltd Class A,52102030,전기 부품 및 장비,6373164208,"1조 2,863억원",CNY
300067,Shanghai Anoky Group Co Ltd Class A,51101030,특수 화학제,6372147648,"1조 2,861억원",CNY
002255,Suzhou Hailu Heavy Industry Co Ltd Class A,52102010,산업용 기계 및 장비,6356240071,"1조 2,829억원",CNY
300825,IAT Automobile Technology Co Ltd Class A,52203040,경영 지원 서비스,6344367766,"1조 2,805억원",CNY
002546,Nanjing Xinlian Electronics Co Ltd Class A,52102030,전기 부품 및 장비,6330432639,"1조 2,777억원",CNY
002907,Chongqing Pharscin Pharmaceutical Co Ltd Class A,56201040,제약,6305704341,"1조 2,727억원",CNY
300696,Chengdu ALD Aviation Manufacturing Corp Class A,52101010,항공우주 및 방위,6293985746,"1조 2,703억원",CNY
300443,Jinlei Technology Co Ltd Class A,50201010,재생 가능 에너지 장비 및 서비스,6290644851,"1조 2,696억원",CNY
301683,Guangzhou Human New Material Science and Technology Co Ltd Class A,51101010,상품 화학,6288286932,"1조 2,692억원",CNY
002009,Miracle Automation Engineering Co Ltd Class A,52102010,산업용 기계 및 장비,6282882693,"1조 2,681억원",CNY
300727,Ningbo Runhe High-Tech Materials Co Ltd Class A,51101010,상품 화학,6268745050,"1조 2,652억원",CNY
002424,Guizhou Bailing Group Pharmaceutical Co Ltd Class A,56201040,제약,6262466780,"1조 2,640억원",CNY
300809,Hiecise Precision Equipment Co Ltd Class A,52102010,산업용 기계 및 장비,6262418240,"1조 2,639억원",CNY
301408,Anhui Huaren Health Pharmaceutical Co Ltd Class A,54301010,의약품 소매,6224155600,"1조 2,562억원",CNY
002082,Wanbangde Pharmaceutical Holding Group Co Ltd Class A,56201040,제약,6801982292,"1조 3,728억원",CNY
002301,Shenzhen Comix Group Co Ltd Class A,52203060,비즈니스 지원 용품,6711553539,"1조 3,546억원",CNY
001322,Arrow Home Group Co Ltd Class A,53203020,건설 자재 및 비품,6711008960,"1조 3,545억원",CNY
000595,Ningxia Guoyun New Energy Co Ltd Class A,59101020,민자 발전 사업,6661139741,"1조 3,444억원",CNY
300587,Zhejiang Tiantie Science & Technology Co Ltd Class A,53101030,타이어 및 고무 제품,6452395921,"1조 3,023억원",CNY
301333,R&G PharmaStudies Co Ltd Class A,56202010,생명 공학 및 의학 연구,6373397083,"1조 2,863억원",CNY
002577,Shenzhen Rapoo Technology Co Ltd Class A,57106010,컴퓨터 하드웨어,6337935040,"1조 2,792억원",CNY
300815,EIT Environmental Development Group Co Ltd Class A,52203010,환경 서비스 및 장비,6337612800,"1조 2,791억원",CNY
001283,Shenzhen Highpower Technology Co Ltd Class A,52102030,전기 부품 및 장비,6334873862,"1조 2,786억원",CNY
003041,Zhejiang Truelove Vogue Co Ltd Class A,53202010,직물 및 가죽제품,6330240000,"1조 2,776억원",CNY
000881,CGN Nuclear Technology Development Co Ltd Class A,51101010,상품 화학,6305990186,"1조 2,727억원",CNY
300300,Strait Innovation Internet Co Ltd Class A,57201010,IT 서비스 및 컨설팅,6301704736,"1조 2,719억원",CNY
300492,Huatu Cendes Co Ltd Class A,63101010,기타 교육 서비스 제공,6290741209,"1조 2,697억원",CNY
002314,Shenzhen New Nanshan Holding Group Co Ltd Class A,60101010,"부동산 임대, 개발 및 운영",6282055430,"1조 2,679억원",CNY
000718,Suning Universal Co Ltd Class A,60101010,"부동산 임대, 개발 및 운영",6281697315,"1조 2,678억원",CNY
301322,Guangdong Lvtong New Energy Electric Vehicle Technology Co Ltd Class A,53101010,자동차 및 트럭 제조,6275432073,"1조 2,666억원",CNY
301153,Beijing CTJ Information Technology Co Ltd Class A,57201020,소프트웨어,6256138907,"1조 2,627억원",CNY
002540,Jiangsu Asia-Pacific Light Alloy Technology Co Ltd Class A,51201030,알루미늄,6250346051,"1조 2,615억원",CNY
300256,Jiangxi Firstar Panel Technology Co Ltd Class A,57104010,전자 장비 및 부품,6238081812,"1조 2,590억원",CNY
300041,Hubei Huitian New Materials Co Ltd Class A,51101030,특수 화학제,6226521812,"1조 2,567억원",CNY
300292,Wutong Holding Group Co Ltd Class A,57401020,무선 통신 서비스,6225789479,"1조 2,566억원",CNY
301101,Mingyue Optical Lens Co Ltd Class A,56101020,"의료 장비, 물품 및 유통",6218663406,"1조 2,551억원",CNY
300249,Yimikang Tech Group Co Ltd Class A,52102030,전기 부품 및 장비,6193331207,"1조 2,500억원",CNY
002638,Dongguan Kingsun Optoelectronic Co Ltd Class A,53203020,건설 자재 및 비품,6191721644,"1조 2,497억원",CNY
002992,Shenzhen Baoming Technology Co Ltd Class A,57104010,전자 장비 및 부품,6169429140,"1조 2,452억원",CNY
300137,Hebei Sailhero Environmental Protection High-tech Co Ltd Class A,52203010,환경 서비스 및 장비,6165329593,"1조 2,443억원",CNY
300688,Dark Horse Technology Group Co Ltd Class A,52203040,경영 지원 서비스,6156216686,"1조 2,425억원",CNY
002801,Hangzhou Weiguang Electronic Co Ltd Class A,52102030,전기 부품 및 장비,6154137600,"1조 2,421억원",CNY
300925,Shenzhen Farben Information Technology Co Ltd Class A,57201010,IT 서비스 및 컨설팅,6139112092,"1조 2,391억원",CNY
300540,Sichuan Shudao Equipment & Technology Co Ltd Class A,52102010,산업용 기계 및 장비,6135875737,"1조 2,384억원",CNY
000409,Yunding Technology Co Ltd Class A,57107010,통합 하드웨어 및 소프트웨어,6132853815,"1조 2,378억원",CNY
002632,Daoming Optics&Chemical Co Ltd Class A,51101010,상품 화학,6127317073,"1조 2,367억원",CNY
001236,Soho Holly Futures Co.  Ltd. Class A,55102010,투자 은행 및 중개 서비스,6110106891,"1조 2,332억원",CNY
300984,Zhejiang JW Precision Machinery Co Ltd Class A,52102010,산업용 기계 및 장비,6104598819,"1조 2,321억원",CNY
301387,Shenzhen Bromake New Material Co Ltd Class A,57104010,전자 장비 및 부품,6104405319,"1조 2,321억원",CNY
002678,Guangzhou Pearl River Piano Group Co Ltd Class A,53205020,오락용 제품,6098858250,"1조 2,309억원",CNY
002664,Xinzhi Group Co Ltd Class A,52102030,전기 부품 및 장비,6098508000,"1조 2,309억원",CNY
301092,Zhejiang Zhengguang Industrial Co Ltd Class A,51101010,상품 화학,6098484424,"1조 2,309억원",CNY
301330,Zkteco Co Ltd Class A,57104010,전자 장비 및 부품,6095605145,"1조 2,303억원",CNY
300680,Wuxi Longsheng Technology Co Ltd Class A,53101020,"자동차, 트럭 및 오토바이 부품",6088157482,"1조 2,288억원",CNY
000541,Foshan Electrical and Lighting Co Ltd Class A,53203020,건설 자재 및 비품,6086598660,"1조 2,285억원",CNY
000525,Nanjing Red Sun Co Ltd Class A,51101020,농화학제,6084723453,"1조 2,281억원",CNY
300722,Jiangxi Xinyu Guoke Technology Co Ltd Class A,52101010,항공우주 및 방위,6074804736,"1조 2,261억원",CNY
002038,Beijing SL Pharmaceutical Co Ltd Class A,56201040,제약,6071638500,"1조 2,254억원",CNY
000524,Guangzhou Lingnan Group Holdings Co Ltd Class A,53301040,여가 및 오락시설,6058685717,"1조 2,228억원",CNY
301379,Techshine Electronics Co Ltd Class A,57104010,전자 장비 및 부품,6054651087,"1조 2,220억원",CNY
002067,Zhejiang Jingxing Paper Joint Stock Co Ltd Class A,51302020,종이 포장재,6046900797,"1조 2,204억원",CNY
300217,Zhenjiang Dongfang Electric Heating Technology Co Ltd Class A,52102030,전기 부품 및 장비,6044925685,"1조 2,200억원",CNY
000920,Vontron Technology Co Ltd Class A,51101030,특수 화학제,6035371677,"1조 2,181억원",CNY
002752,Sunrise Group Co Ltd Class A,51302010,용기(종이 제외) 및 포장재,6027586948,"1조 2,165억원",CNY
000796,Caissa Tourism Group Co Ltd Class A,52407010,공항 운영 및 서비스,6014208435,"1조 2,138억원",CNY
002263,Zhejiang Great Southeast Corp Ltd Class A,51302010,용기(종이 제외) 및 포장재,6010752320,"1조 2,132억원",CNY
300617,Jiangsu Aukura Intelligent Power Co Ltd Class A,52102030,전기 부품 및 장비,6010216973,"1조 2,130억원",CNY
300125,Lingda Group Co Ltd Class A,50201010,재생 가능 에너지 장비 및 서비스,6005966883,"1조 2,122억원",CNY
002382,Blue Sail Medical Co.  Ltd. Class A,56101020,"의료 장비, 물품 및 유통",6005240727,"1조 2,120억원",CNY
002300,Fujian Nanping Sun Cable Co.  Ltd. Class A,51201050,특수 채굴 및 금속,6002593047,"1조 2,115억원",CNY
301000,Shanghai Hajime Advanced Material Technology Co Ltd Class A,53101020,"자동차, 트럭 및 오토바이 부품",6002029412,"1조 2,114억원",CNY
300632,Xiamen Guang Pu Electronics Co Ltd Class A,57101010,반도체,5874746185,"1조 1,857억원",CNY
002218,Shenzhen Topraysolar Co Ltd Class A,50201010,재생 가능 에너지 장비 및 서비스,5872611621,"1조 1,853억원",CNY
002724,Ocean's King Lighting Science & Technology Co Ltd Class A,52102030,전기 부품 및 장비,5832524835,"1조 1,772억원",CNY
300324,Beijing Watertek Information Technology Co Ltd Class A,57106010,컴퓨터 하드웨어,7152225063,"1조 4,435억원",CNY
300829,Henan Jindan Lactic Acid Technology Co Ltd Class A,51101030,특수 화학제,6272792953,"1조 2,660억원",CNY
002164,Ningbo Donly Co Ltd Class A,52102010,산업용 기계 및 장비,6247719109,"1조 2,610억원",CNY
300792,Hangzhou Onechance Tech Corp Class A,57201030,온라인 서비스,6145945992,"1조 2,404억원",CNY
300203,Focused Photonics (Hangzhou)  Inc. Class A,57105010,사무기기,6102831360,"1조 2,317억원",CNY
002383,Beijing UniStrong Science & Technology Co Ltd Class A,57102010,통신 및 네트워킹,6078358104,"1조 2,268억원",CNY
002279,Beijing Join-Cheer Software Co Ltd Class A,57201020,소프트웨어,6044070166,"1조 2,199억원",CNY
300525,Fujian Boss Software Corp Class A,57201020,소프트웨어,6043150047,"1조 2,197억원",CNY
300473,Fuxin Dare Automotive Parts Co Ltd Class A,53101020,"자동차, 트럭 및 오토바이 부품",6038003534,"1조 2,187억원",CNY
000551,Create Technology & Science Co Ltd Class A,52102010,산업용 기계 및 장비,5976758457,"1조 2,063억원",CNY
301613,Alnera Aluminium Co Ltd Class A,51201030,알루미늄,5976282209,"1조 2,062억원",CNY
300232,Unilumin Group Co.  Ltd. Class A,57104010,전자 장비 및 부품,5974871241,"1조 2,059억원",CNY
002302,China West Construction Group Co Ltd Class A,51202010,건설 자재,5945688772,"1조 2,000억원",CNY
300619,Foshan Golden Milky Way Intelligent Equipment Co Ltd Class A,52102010,산업용 기계 및 장비,5944524305,"1조 1,998억원",CNY
300047,Shenzhen Tianyuan Dic Information Technology Co Ltd Class A,57107010,통합 하드웨어 및 소프트웨어,5943780343,"1조 1,996억원",CNY
300611,Zhejiang Meili High Technology Co Ltd Class A,53101020,"자동차, 트럭 및 오토바이 부품",5939641495,"1조 1,988억원",CNY
000957,Zhongtong Bus Holding Co Ltd Class A,53101010,자동차 및 트럭 제조,5929039360,"1조 1,967억원",CNY
300911,Zhejiang Entive Smart Kitchen Appliance Co Ltd Class A,53204030,"가전제품, 도구 및 가정 용품",5925728079,"1조 1,960억원",CNY
000025,Shenzhen Tellus Holding Co.  Ltd. Class A,53403040,의류 및 액세서리 소매,5911313716,"1조 1,931억원",CNY
300046,Tech Semiconductors Co Ltd Class A,57101010,반도체,5901457706,"1조 1,911억원",CNY
002132,Henan Hengxing Science & Technology Co Ltd Class A,51201020,철 및 강철,5900503179,"1조 1,909억원",CNY
301261,Hengong Precision Equipment Co Ltd Class A,53204030,"가전제품, 도구 및 가정 용품",5898838384,"1조 1,906억원",CNY
300767,QuakeSafe Technologies Co Ltd Class A,53203020,건설 자재 및 비품,5898813448,"1조 1,906억원",CNY
301535,Zhejiang Huayuan Auto Technology Co Ltd Class A,53101020,"자동차, 트럭 및 오토바이 부품",5894576475,"1조 1,897억원",CNY
002695,Jiangxi Huangshanghuang Group Food Co Ltd Class A,54102020,식품 가공,5892438485,"1조 1,893억원",CNY
002510,Tianjin Motor Dies Co Ltd Class A,53101020,"자동차, 트럭 및 오토바이 부품",5887804506,"1조 1,883억원",CNY
002274,Jiangsu Huachang Chemical Co Ltd Class A,51101090,다각적 화학 산업,5885613512,"1조 1,879억원",CNY
300307,Ningbo Cixing Co Ltd Class A,52102010,산업용 기계 및 장비,5884070254,"1조 1,876억원",CNY
000531,Guangzhou Hengyun Enterprises Holding Ltd Class A,59101010,전력 유틸리티,5883917526,"1조 1,876억원",CNY
002073,Mesnac Co Ltd Class A,52102010,산업용 기계 및 장비,5880686556,"1조 1,869억원",CNY
300006,Chongqing Lummy Pharmaceutical Co. ltd Class A,56201040,제약,5870866300,"1조 1,849억원",CNY
002390,Guizhou Xinbang Pharmaceutical Co Ltd Class A,56201040,제약,5870432641,"1조 1,848억원",CNY
300018,Wuhan Zhongyuan Huadian Science & Technology Co Ltd Class A,52102030,전기 부품 및 장비,5859639327,"1조 1,827억원",CNY
002559,Jiangsu Yawei Machine Tool Co Ltd Class A,52102010,산업용 기계 및 장비,5847377551,"1조 1,802억원",CNY
300343,Lecron Industrial Development Group Co Ltd Class A,51101030,특수 화학제,5844010588,"1조 1,795억원",CNY
002640,Global Top E-Commerce Co Ltd Class A,57201030,온라인 서비스,5842654988,"1조 1,792억원",CNY
300197,CECEP Techand Ecology&Environment Co Ltd Class A,52203010,환경 서비스 및 장비,5841637218,"1조 1,790억원",CNY
301517,Shaanxi Huada Science Technology Co Ltd Class A,57104010,전자 장비 및 부품,5839275242,"1조 1,785억원",CNY
002478,Jiangsu Changbao Steeltube Co Ltd Class A,51201020,철 및 강철,5837211397,"1조 1,781억원",CNY
301046,Shanghai Nenghui Technology Co Ltd Class A,52201020,건설 및 엔지니어링,5836500289,"1조 1,780억원",CNY
001223,OK Science and Technology Co Ltd Class A,52102010,산업용 기계 및 장비,5821057312,"1조 1,749억원",CNY
000615,Jointown Aesthetics Valley Co Ltd Class A,56102010,의료 시설 및 서비스,5809351252,"1조 1,725억원",CNY
002915,Zhejiang Zhongxin Fluoride Materials Co Ltd Class A,51101030,특수 화학제,5793523142,"1조 1,693억원",CNY
300470,Sinoseal Holding Co Ltd Class A,52102010,산업용 기계 및 장비,5793061773,"1조 1,692억원",CNY
301367,BMC Medical Co Ltd Class A,56101010,첨단 의료 장비 및 기술,5786884357,"1조 1,680억원",CNY
002101,Guangdong Hongtu Technology Holdings Co Ltd Class A,53101020,"자동차, 트럭 및 오토바이 부품",5786444886,"1조 1,679억원",CNY
300360,Hangzhou Sunrise Technology Co Ltd Class A,52102030,전기 부품 및 장비,5779463296,"1조 1,665억원",CNY
002206,Zhejiang Hailide New Material Co Ltd Class A,51101030,특수 화학제,5775275283,"1조 1,656억원",CNY
300084,Haimo Technologies Group Corp Class A,50103020,오일 관련 서비스 및 장비,5761978940,"1조 1,629억원",CNY
300860,Funshine Culture Group Co Ltd Class A,53301040,여가 및 오락시설,5759054095,"1조 1,623억원",CNY
301137,HIT Welding Industry Co Ltd Class A,51201020,철 및 강철,5758030378,"1조 1,621억원",CNY
301260,Greenworks (Jiangsu) Co Ltd Class A,53204030,"가전제품, 도구 및 가정 용품",5754946910,"1조 1,615억원",CNY
002210,Shenzhen Feima International Supply Chain Co Ltd Class A,52203010,환경 서비스 및 장비,5748262792,"1조 1,602억원",CNY
300946,Hengda New Materials Fujian Co Ltd Class A,52102010,산업용 기계 및 장비,5716125792,"1조 1,537억원",CNY
002538,Anhui Sierte Fertilizer Industry Co.  LTD Class A,51101020,농화학제,5701752497,"1조 1,508억원",CNY
002685,Wuxi Huadong Heavy Machinery Co Ltd Class A,52102020,중장비 및 차량,5693452122,"1조 1,491억원",CNY
300581,XiAn ChenXi Aviation Technology Corp Ltd Class A,52101010,항공우주 및 방위,5677130515,"1조 1,458억원",CNY
300836,Kunshan TopA Intelligent Equipment Co Ltd Class A,52102010,산업용 기계 및 장비,5639919369,"1조 1,383억원",CNY
001356,Fuling Technology Co Ltd Class A,51101010,상품 화학,5628006000,"1조 1,359억원",CNY
301096,Hangzhou Bio-Sincerity Pharma-Tech Co Ltd Class A,56202010,생명 공학 및 의학 연구,5483259857,"1조 1,067억원",CNY
300397,XiAn Tianhe Defense Technology Co Ltd Class A,52101010,항공우주 및 방위,5942469833,"1조 1,994억원",CNY
300212,Beijing E-hualu Information Technology Co Ltd Class A,57201010,IT 서비스 및 컨설팅,5831128618,"1조 1,769억원",CNY
301201,Chengda Pharmaceuticals Co Ltd Class A,56201040,제약,5738335732,"1조 1,582억원",CNY
002264,New Hua Du Technology Co Ltd Class A,53302010,광고 및 마케팅,5736896061,"1조 1,579억원",CNY
300463,Maccura Biotechnology Co Ltd Class A,56101020,"의료 장비, 물품 및 유통",5714099597,"1조 1,533억원",CNY
301303,Zenner Metering Technology (Shanghai) Ltd Class A,52102010,산업용 기계 및 장비,5690496000,"1조 1,485억원",CNY
000036,China Union Holdings Ltd Class A,60101010,"부동산 임대, 개발 및 운영",5685465836,"1조 1,475억원",CNY
002530,JC Finance & Tax Interconnect Holdings Ltd Class A,52102010,산업용 기계 및 장비,5680354696,"1조 1,465억원",CNY
000913,Zhejiang Qianjiang Motorcycle Co Ltd Class A,53101010,자동차 및 트럭 제조,5679974690,"1조 1,464억원",CNY
000782,Guangdong Highsun Meida New Materials Co Ltd Class A,51101010,상품 화학,5678029079,"1조 1,460억원",CNY
000915,Shandong WIT Dyne Health Co Ltd Class A,56201040,제약,5670821937,"1조 1,445억원",CNY
002876,Shenzhen Sunnypol Optoelectronics Co Ltd Class A,57104010,전자 장비 및 부품,5659954537,"1조 1,423억원",CNY
000411,Zhejiang Int'l Group Co Ltd Class A,56201040,제약,5637194477,"1조 1,378억원",CNY
002562,Brother Enterprises Holding Co Ltd Class A,56201040,제약,5634112051,"1조 1,371억원",CNY
002649,Beyondsoft Corp Class A,57201010,IT 서비스 및 컨설팅,5630456745,"1조 1,364억원",CNY
002483,Jiangsu Rainbow Heavy Industries Co Ltd Class A,52102020,중장비 및 차량,5620209738,"1조 1,343억원",CNY
002154,Baoxiniao Holding Co Ltd Class A,53202020,의류 및 액세서리,5618434857,"1조 1,340억원",CNY
300019,Chengdu Guibao Science & Technology Co Ltd Class A,51101030,특수 화학제,5617637643,"1조 1,338억원",CNY
301120,Newonder Special Electric Co Ltd Class A,52102040,중전기장비,5615544118,"1조 1,334억원",CNY
300043,Rastar Group Class A,57201030,온라인 서비스,5611334789,"1조 1,325억원",CNY
300733,Chengdu Xiling Power Science & Technology Inc Co Class A,53101020,"자동차, 트럭 및 오토바이 부품",5607957059,"1조 1,319억원",CNY
301439,Weihai Honglin Electronic Co Ltd Class A,52102030,전기 부품 및 장비,5603066050,"1조 1,309억원",CNY
002997,Rayhoo Motor Dies Co Ltd Class A,52102010,산업용 기계 및 장비,5593065804,"1조 1,288억원",CNY
000042,Shenzhen Centralcon Investment Holding Co Ltd Class A,60101010,"부동산 임대, 개발 및 운영",5591229879,"1조 1,285억원",CNY
301632,Guangdong Provincial Academy of Building Research Group Co Ltd Class A,52201020,건설 및 엔지니어링,5587776000,"1조 1,278억원",CNY
000430,Zhang Jia Jie Tourism Group Co Ltd Class A,53301040,여가 및 오락시설,5578387713,"1조 1,259억원",CNY
002553,Jiangsu Nanfang Precision Co.  Ltd. Class A,52102010,산업용 기계 및 장비,5576804103,"1조 1,256억원",CNY
300164,Tong Petrotech Corp Class A,50103020,오일 관련 서비스 및 장비,5572703217,"1조 1,247억원",CNY
002122,HuiZhou Intelligence Technology Group Co Ltd Class A,52102010,산업용 기계 및 장비,5564171599,"1조 1,230억원",CNY
000571,Sundiro Holding Co Ltd Class A,50101010,석탄,5563425270,"1조 1,229억원",CNY
000501,Wushang Group Co Ltd Class A,53402010,백화점,5559817445,"1조 1,221억원",CNY
300705,Hunan Jiudian Pharmaceutical Co Ltd Class A,56201040,제약,5558235165,"1조 1,218억원",CNY
301468,Pourin Special Welding Technology Co Ltd Class A,52102010,산업용 기계 및 장비,5554821634,"1조 1,211억원",CNY
002884,Guangdong LingXiao Pump Industry Co Ltd Class A,52102010,산업용 기계 및 장비,5554809365,"1조 1,211억원",CNY
300547,Sichuan Chuanhuan Technology Co.  Ltd Class A,53101020,"자동차, 트럭 및 오토바이 부품",5552798054,"1조 1,207억원",CNY
002956,Guilin Seamild Foods Co Ltd Class A,54102020,식품 가공,5550810549,"1조 1,203억원",CNY
002606,Dalian Insulator Group Co Ltd Class A,52102030,전기 부품 및 장비,5549885501,"1조 1,201억원",CNY
300918,Shandong Nanshan Fashion Sci-Tech Co Ltd Class A,53202010,직물 및 가죽제품,5547233320,"1조 1,196억원",CNY
300572,Shenzhen Anche Technologies Co Ltd Class A,52102010,산업용 기계 및 장비,5543819139,"1조 1,189억원",CNY
300039,Shanghai Kaibao Pharmaceutical Co Ltd Class A,56201040,제약,5543800000,"1조 1,189억원",CNY
002746,Shandong Xiantan Group Co Ltd Class A,54102020,식품 가공,5541869402,"1조 1,185억원",CNY
301516,Shenzhen VAPEL Power Supply Technology Co Ltd Class A,52102030,전기 부품 및 장비,5538245626,"1조 1,178억원",CNY
000863,Sanxiang Impression Co Ltd Class A,60101010,"부동산 임대, 개발 및 운영",5525673941,"1조 1,152억원",CNY
000925,UniTTEC Co Ltd Class A,57107010,통합 하드웨어 및 소프트웨어,5517986298,"1조 1,137억원",CNY
300048,Hiconics Eco-energy Technology Co Ltd Class A,52102030,전기 부품 및 장비,5514531629,"1조 1,130억원",CNY
300351,Zhejiang Yonggui Electric Equipment Co Ltd Class A,52102030,전기 부품 및 장비,5510891627,"1조 1,123억원",CNY
300715,Jiangsu Canlon Building Materials Co Ltd Class A,51202010,건설 자재,5508267615,"1조 1,117억원",CNY
300791,Sirio Pharma Co Ltd Class A,54102020,식품 가공,5501828245,"1조 1,104억원",CNY
002229,Hongbo Co Ltd Class A,52203020,상업 인쇄 서비스,5494122263,"1조 1,089억원",CNY
002584,Xilong Scientific Co Ltd Class A,51101010,상품 화학,5477625710,"1조 1,055억원",CNY
301368,Zhejiang FORE Intelligent Technology Co Ltd Class A,52102010,산업용 기계 및 장비,5463900861,"1조 1,028억원",CNY
300737,Keshun Waterproof Technologies Co Ltd Class A,51202010,건설 자재,5451358516,"1조 1,002억원",CNY
002667,Willing New Energy Co Ltd Class A,51101010,상품 화학,5430726860,1조 961억원,CNY
000713,SDIC Fengle Seed Co Ltd Class A,51101020,농화학제,5419910228,1조 939억원,CNY
002567,Tangrenshen Group Co Ltd Class A,54102010,어업 및 농업,5416934266,1조 933억원,CNY
002560,Henan Tong-Da Cable Co Ltd Class A,52102030,전기 부품 및 장비,5396894095,1조 893억원,CNY
002146,Risesun Real Estate Development Co Ltd Class A,60101010,"부동산 임대, 개발 및 운영",5391723175,1조 882억원,CNY
002522,Zhejiang Zhongcheng Packing Material Co Ltd Class A,51302010,용기(종이 제외) 및 포장재,5389387353,1조 877억원,CNY
301075,Tibet Duo Rui Pharmaceutical Co Ltd Class A,56201040,제약,5380800000,1조 860억원,CNY
300873,Hichain Logistics Co Ltd Class A,52405030,지상 화물 및 물류,5365414715,1조 829억원,CNY
002757,Nanxing Machinery Co Ltd Class A,52102010,산업용 기계 및 장비,5867754432,"1조 1,843억원",CNY
001207,Shandong Link Science and Technology Co Ltd Class A,51101030,특수 화학제,5650487548,"1조 1,404억원",CNY
300138,Chenguang Biotech Group Co Ltd Class A,54102020,식품 가공,5589468076,"1조 1,281억원",CNY
300461,Tanac Automation Co Ltd Class A,52102010,산업용 기계 및 장비,5573718923,"1조 1,249억원",CNY
002376,Shandong New Beiyang Information Technology Co Ltd Class A,52102010,산업용 기계 및 장비,5528036530,"1조 1,157억원",CNY
300451,B-SOFT Co Ltd Class A,56101010,첨단 의료 장비 및 기술,5514883904,"1조 1,131억원",CNY
002950,Allmed Medical Products Co Ltd Class A,56101020,"의료 장비, 물품 및 유통",5465080462,"1조 1,030억원",CNY
300161,Wuhan Huazhong Numerical Control Co Ltd Class A,52102010,산업용 기계 및 장비,5464164915,"1조 1,028억원",CNY
301508,China Machinery Huanyu Certification and Inspection Co Ltd Class A,52203040,경영 지원 서비스,5457696728,"1조 1,015억원",CNY
002791,Guangdong Kinlong Hardware Products Co Ltd Class A,53203020,건설 자재 및 비품,5439212650,1조 978억원,CNY
301051,Shenzhen Xinhao Photoelectricity Technology Co Ltd Class A,57104010,전자 장비 및 부품,5437909831,1조 975억원,CNY
002165,Hongbaoli Group Corp Ltd Class A,51101010,상품 화학,5426291397,1조 952억원,CNY
301202,Suzhou Longway Electronic Machinery Co Ltd Class A,57106010,컴퓨터 하드웨어,5423264000,1조 946억원,CNY
300087,Winall Hi-tech Seed Co Ltd Class A,54102010,어업 및 농업,5418737616,1조 937억원,CNY
000900,Xiandai Investment Co Ltd Class A,52202010,다각적 산업용 제품 도매,5418647152,1조 936억원,CNY
300695,Zhejiang Zhaofeng Mechanical and Electronic Co Ltd Class A,53101020,"자동차, 트럭 및 오토바이 부품",5410413849,1조 920억원,CNY
002334,Shenzhen INVT Electric Co Ltd Class A,52102030,전기 부품 및 장비,5404186174,1조 907억원,CNY
002589,Realcan Pharmaceutical Group Co Ltd Class A,56201040,제약,5401910591,1조 903억원,CNY
300518,Guangxi Xinxunda Technology Group Co Ltd Class A,57201030,온라인 서비스,5400065478,1조 899억원,CNY
003012,Guangdong Dongpeng Holdings Co Ltd Class A,53203020,건설 자재 및 비품,5391532196,1조 882억원,CNY
301556,Zhejiang Top Cloud-Agri Technology Co Ltd Class A,57201010,IT 서비스 및 컨설팅,5388843200,1조 876억원,CNY
000948,Yunnan Nantian Electronics Information Co Ltd Class A,57201010,IT 서비스 및 컨설팅,5388262857,1조 875억원,CNY
300505,Kunming Chuan Jin Nuo Chemical Co Ltd Class A,51101020,농화학제,5387403451,1조 873억원,CNY
301558,SFC Holdings Co Ltd Class A,57201030,온라인 서비스,5383577557,1조 866억원,CNY
002543,Guangdong Vanward New Electric Co Ltd Class A,53204030,"가전제품, 도구 및 가정 용품",5376228000,1조 851억원,CNY
301348,Foshan Blue Rocket Electronics Co Ltd Class A,57101010,반도체,5376000000,1조 850억원,CNY
000557,Ningxia Western Venture Industrial Co Ltd Class A,52405030,지상 화물 및 물류,5366819025,1조 832억원,CNY
002657,Sinodata Co Ltd Class A,57201010,IT 서비스 및 컨설팅,5361159936,1조 820억원,CNY
300590,Queclink Wireless Solutions Co Ltd Class A,57102010,통신 및 네트워킹,5352699110,1조 803억원,CNY
300158,Shanxi Zhendong Pharmaceutical Co Ltd Class A,56201040,제약,5348513472,1조 795억원,CNY
002418,Zhe Jiang Kangsheng Co Ltd Class A,52102030,전기 부품 및 장비,5329716000,1조 757억원,CNY
002793,Luoxin Pharmaceuticals Group Stock Co Ltd Class A,56201040,제약,5318307697,1조 734억원,CNY
002419,Rainbow Digital Commercial Co Ltd Class A,53402010,백화점,5318255626,1조 734억원,CNY
300917,Shenzhen SDG Service Co Ltd Class A,60101020,부동산 서비스,5311670000,1조 721억원,CNY
300589,Jianglong Shipbuilding Co Ltd Class A,52102050,조선,5310012024,1조 717억원,CNY
002291,Guangdong Yowant Technology Group Co Ltd Class A,57201030,온라인 서비스,5297568716,1조 692억원,CNY
301211,Hubei Biocause Heilen Pharmaceutical Co Ltd Class A,56201040,제약,5295168000,1조 687억원,CNY
000852,Sinopec Oilfield Equipment Corp Class A,50103020,오일 관련 서비스 및 장비,5294966553,1조 687억원,CNY
300233,Shandong Jincheng Pharmaceutical Group Co Ltd Class A,56201040,제약,5289791809,1조 676억원,CNY
301557,Cytech Group Co Ltd Class A,51101010,상품 화학,5281941268,1조 661억원,CNY
300711,GHT Co Ltd Class A,57102010,통신 및 네트워킹,5280565291,1조 658억원,CNY
300403,Hanyu Group Joint Stock Co Ltd Class A,52102010,산업용 기계 및 장비,5270220000,1조 637억원,CNY
002637,Zanyu Technology Group Co Ltd Class A,51101010,상품 화학,5268491200,1조 633억원,CNY
002481,Yantai Shuangta Food Co Ltd Class A,54102020,식품 가공,5267884055,1조 632억원,CNY
301017,ShuYu Civilian Pharmacy Corp Ltd Class A,54301010,의약품 소매,5252612269,1조 601억원,CNY
300528,Omnijoi Media Corp Class A,53302030,엔터테인먼트 제작,5242595320,1조 581억원,CNY
002953,GuangDong Rifeng Electric Cable Co Ltd Class A,52102030,전기 부품 및 장비,5240239048,1조 576억원,CNY
000717,Guangdong Zhongnan Iron & Steel Co Ltd Class A,51201020,철 및 강철,5235506474,1조 567억원,CNY
300559,Chengdu Jiafaantai Education Technology Co Ltd Class A,57107010,통합 하드웨어 및 소프트웨어,5233640828,1조 563억원,CNY
301525,Shanghai Ruking Technologies Co Ltd Class A,52102030,전기 부품 및 장비,5228644410,1조 553억원,CNY
301028,XIAMEN DINGRONGYAN TECHNOLOGY CO.  LTD. Class A,52102010,산업용 기계 및 장비,5226980768,1조 550억원,CNY
300507,Jiangsu Olive Sensors High-Tech Co Ltd Class A,53101020,"자동차, 트럭 및 오토바이 부품",5217974972,1조 531억원,CNY
001313,Guangdong Yuehai Feeds Group Co Ltd Class A,54102010,어업 및 농업,5208000000,1조 511억원,CNY
301609,Shandong University Electric Power Technology Co Ltd Class A,52102030,전기 부품 및 장비,5204016000,1조 503억원,CNY
300561,SGSG Science&Technology Co Ltd Zhuhai Class A,57301010,핀테크,5187387085,1조 470억원,CNY
002482,Shenzhen Grandland Group Co Ltd Class A,53403020,주택 개조 제품 및 서비스 소매,5176328061,1조 447억원,CNY
002973,QiaoYin City Management Co Ltd Class A,52203010,환경 서비스 및 장비,5149187820,1조 393억원,CNY
002344,Haining China Leather Market Co Ltd Class A,60101010,"부동산 임대, 개발 및 운영",5143294010,1조 381억원,CNY
002161,Invengo Information Technology Co Ltd Class A,57101010,반도체,5126518782,1조 347억원,CNY
002047,Shenzhen Bauing Construction Holding Group Co Ltd Class A,52201020,건설 및 엔지니어링,5109758095,1조 313억원,CNY
002238,Shenzhen Topway Video Communication Co Ltd Class A,53302020,방송,5585811754,"1조 1,274억원",CNY
300291,Beijing Baination Pictures Co Ltd Class A,53302030,엔터테인먼트 제작,5585405630,"1조 1,273억원",CNY
300016,Beijing Beilu Pharmaceutical Co Ltd Class A,56201040,제약,5537686239,"1조 1,177억원",CNY
301213,Sichuan Discovery Dream Science & Technology Co Ltd Class A,57201020,소프트웨어,5353599904,1조 805억원,CNY
300287,Beijing Philisense Technology Co Ltd Class A,57201010,IT 서비스 및 컨설팅,5310513090,1조 718억원,CNY
300816,ActBlue Co Ltd Class A,53101020,"자동차, 트럭 및 오토바이 부품",5288000000,1조 673억원,CNY
002045,Guoguang Electric Co Ltd Class A,57106030,가정용 전자 제품,5287341441,1조 671억원,CNY
300996,Pansoft Co Ltd Class A,57201020,소프트웨어,5267975575,1조 632억원,CNY
002777,Sichuan Jiuyuan Yinhai Software Co Ltd Class A,57201020,소프트웨어,5241686528,1조 579억원,CNY
001328,Dencare Chongqing Oral Care Co Ltd Class A,54201020,개인 생활 필수 용품,5220309616,1조 536억원,CNY
300258,Jiangsu Pacific Precision Forging Co Ltd Class A,53101020,"자동차, 트럭 및 오토바이 부품",5206920463,1조 509억원,CNY
300833,Guangzhou Haoyang Electronic Co Ltd Class A,52102030,전기 부품 및 장비,5197494645,1조 490억원,CNY
002191,Shenzhen Jinjia Group Co Ltd Class A,52203020,상업 인쇄 서비스,5189302321,1조 474억원,CNY
300545,Shenzhen Liande Automatic Equipment Co Ltd Class A,57104010,전자 장비 및 부품,5177169703,1조 449억원,CNY
300465,Global Infotech Co Ltd Class A,57301010,핀테크,5156367528,1조 407억원,CNY
300963,Shanghai Zhongzhou Special Alloy Materials Co Ltd Class A,51201050,특수 채굴 및 금속,5150527200,1조 395억원,CNY
002479,Zhejiang Fuchunjiang Environmental Thermoelectric Co Ltd Class A,59101020,민자 발전 사업,5146750000,1조 388억원,CNY
300421,Jiangsu LiXing General Steel Ball Co Ltd Class A,52102010,산업용 기계 및 장비,5139652860,1조 373억원,CNY
000753,Fujian Zhangzhou Development Co Ltd Class A,52201020,건설 및 엔지니어링,5135871948,1조 366억원,CNY
300278,Huachangda Intelligent Equipment Group Co Ltd Class A,52102010,산업용 기계 및 장비,5132408024,1조 359억원,CNY
300183,Qingdao Eastsoft Communication Technology Co Ltd Class A,57102010,통신 및 네트워킹,5125709238,1조 345억원,CNY
300036,Beijing SuperMap Software Co Ltd Class A,57201020,소프트웨어,5124772817,1조 343억원,CNY
301677,Zhejiang Xinxing Tools Co Ltd Class A,52102010,산업용 기계 및 장비,5122000000,1조 338억원,CNY
000045,Shenzhen Textile Holdings Co Ltd Class A,57104010,전자 장비 및 부품,5109504272,1조 313억원,CNY
002375,Zhejiang Yasha Decoration Co Ltd Class A,52201020,건설 및 엔지니어링,5105386657,1조 304억원,CNY
002327,Shenzhen Fuanna Bedding and Furnishing Co Ltd Class A,53202010,직물 및 가죽제품,5103271175,1조 300억원,CNY
300656,Shenzhen MinDe Electronics Technology Ltd Class A,57106010,컴퓨터 하드웨어,5092682143,1조 279억원,CNY
002728,Teyi Pharmaceutical Group Co Ltd Class A,56201040,제약,5092033335,1조 277억원,CNY
002707,UTour Group Co Ltd Class A,53301040,여가 및 오락시설,5090463871,1조 274억원,CNY
300797,NCS Testing Technology Co Ltd Class A,52203040,경영 지원 서비스,5086893693,1조 267억원,CNY
000011,ShenZhen Properties & Resources Development (Group) Ltd. Class A,60101020,부동산 서비스,5082956427,1조 259억원,CNY
002455,Jiangsu Baichuan High-Tech New Materials Co Ltd Class A,51101030,특수 화학제,5078911375,1조 251억원,CNY
301596,Reach Machinery Co Ltd Class A,52102010,산업용 기계 및 장비,5077476740,1조 248억원,CNY
300320,Jiangyin Haida Rubber and Plastic Co Ltd Class A,53101030,타이어 및 고무 제품,5074416572,1조 242억원,CNY
300368,Hebei Huijin Group Co Ltd Class A,52102010,산업용 기계 및 장비,5067278491,1조 227억원,CNY
002196,Zhejiang Founder Motor Co Ltd Class A,52102010,산업용 기계 및 장비,5062852405,1조 218억원,CNY
300569,Qingdao Tianneng Heavy Industries Co Ltd Class A,50201010,재생 가능 에너지 장비 및 서비스,5062494532,1조 218억원,CNY
002189,Costar Group Co Ltd Class A,57104010,전자 장비 및 부품,5048981947,1조 190억원,CNY
002609,Shenzhen Jieshun Science and Technology Industry Co Ltd Class A,57107010,통합 하드웨어 및 소프트웨어,5044560513,1조 181억원,CNY
001380,Hwaway Technology Corp Ltd Class A,53101020,"자동차, 트럭 및 오토바이 부품",5040596811,1조 173억원,CNY
300149,ChemPartner PharmaTech Co Ltd Class A,56202010,생명 공학 및 의학 연구,5039758354,1조 172억원,CNY
002983,Anhui Coreach Technology Co Ltd Class A,57104010,전자 장비 및 부품,5036778079,1조 166억원,CNY
300889,Shenzhen EXC-LED Technology Co Ltd Class A,53203020,건설 자재 및 비품,5036593320,1조 165억원,CNY
301149,ShanDong Longhua New Material Co Ltd Class A,51101010,상품 화학,5036590207,1조 165억원,CNY
000862,Ning Xia Yin Xing Energy Co Ltd Class A,59101020,민자 발전 사업,5030391734,1조 153억원,CNY
002166,Guilin Layn Natural Ingredients Corp Class A,54102020,식품 가공,5028111902,1조 148억원,CNY
002111,Weihai Guangtai Airport Equipment Co Ltd Class A,52102020,중장비 및 차량,5027504441,1조 147억원,CNY
002590,Zhejiang VIE Science & Technology Co Ltd Class A,53101020,"자동차, 트럭 및 오토바이 부품",5008856403,1조 109억원,CNY
300856,Nanjing COSMOS Chemical Co Ltd Class A,51101030,특수 화학제,5004229586,1조 100억원,CNY
003019,TES Touch Embedded Solutions Xiamen Co Ltd Class A,57104010,전자 장비 및 부품,4997134618,1조 86억원,CNY
300531,Urovo Technology Co Ltd Class A,57106010,컴퓨터 하드웨어,4992777906,1조 77억원,CNY
002307,Xinjiang Beixin Road & Bridge Group Co Ltd Class A,52201020,건설 및 엔지니어링,4979312749,1조 50억원,CNY
300563,Shenyu Communication Technology Inc Class A,52102030,전기 부품 및 장비,4965084988,1조 21억원,CNY
300055,Beijing WBD New Materials Group Co Ltd Class A,51101010,상품 화학,4961925164,1조 15억원,CNY
002358,Henan Senyuan Electric Co Ltd Class A,52102040,중전기장비,4955604687,1조 2억원,CNY
000888,Emei Shan Tourism Co Ltd Class A,53301040,여가 및 오락시설,4952983159,"9,997억원",CNY
000936,Jiangsu Huaxicun Co Ltd Class A,53202010,직물 및 가죽제품,4926231652,"9,943억원",CNY
000720,Shandong Xinneng Taishan Power Generation Co Ltd Class A,57102010,통신 및 네트워킹,4925603758,"9,941억원",CNY
002367,Canny Elevator Co Ltd Class A,52102040,중전기장비,4826360009,"9,741억원",CNY
002124,Tech-bank Food Co Ltd Class A,54102010,어업 및 농업,4821596415,"9,731억원",CNY
300504,Sichuan Tianyi Comheart Telecom Co Ltd Class A,57102010,통신 및 네트워킹,5284979310,1조 667억원,CNY
300691,Union Optech Co Ltd Class A,57106030,가정용 전자 제품,5192641184,1조 480억원,CNY
002989,Shenzhen Strongteam Decoration Engineering Co Ltd Class A,53203010,주택 건설,5125109682,1조 344억원,CNY
300434,Sichuan Goldstone Asia Pharmaceutical Inc Class A,56201040,제약,5086077420,1조 265억원,CNY
002986,Guangdong Yussen Energy Technology Co Ltd Class A,51101030,특수 화학제,5048012086,1조 188억원,CNY
301004,Zhejiang Cayi Vacuum Container Co Ltd Class A,51302010,용기(종이 제외) 및 포장재,5044896665,1조 182억원,CNY
300523,Beijing Global Safety Technology Co Ltd Class A,57201020,소프트웨어,5022646604,1조 137억원,CNY
301007,Dalian Demaishi Precision Technology Co Ltd Class A,53101020,"자동차, 트럭 및 오토바이 부품",5014218000,1조 120억원,CNY
301548,Hunan SUND Technological Corp Class A,52102010,산업용 기계 및 장비,5003370000,1조 98억원,CNY
300293,Shenyang Blue Silver Industry Automation Equipment Co Ltd Class A,52102010,산업용 기계 및 장비,4998730826,1조 89억원,CNY
002959,Bear Electric Appliance Co Ltd Class A,53204030,"가전제품, 도구 및 가정 용품",4992906750,1조 77억원,CNY
300622,Doctorglasses Chain Co Ltd Class A,53403090,기타 전문 소매,4992284646,1조 76억원,CNY
301210,Wuxi Jinyang Precision Manufacturing Co Ltd Class A,52102030,전기 부품 및 장비,4965310392,1조 21억원,CNY
300066,Sanchuan Wisdom Technology Co Ltd Class A,52102010,산업용 기계 및 장비,4950558327,"9,992억원",CNY
000652,Tianjin TEDA Resources Recycling Group Co Ltd Class A,52202010,다각적 산업용 제품 도매,4947142135,"9,985억원",CNY
002880,Shenzhen Weiguang Biological Products Co Ltd Class A,56201040,제약,4939704000,"9,970억원",CNY
301076,Sino-High (China) Co Ltd Class A,51101010,상품 화학,4921614713,"9,933억원",CNY
301268,Shenzhen Minglida Precision Technology Co Ltd Class A,52102010,산업용 기계 및 장비,4910396747,"9,911억원",CNY
002137,Shenzhen Sea Star Technology Co Ltd Class A,52102030,전기 부품 및 장비,4908791259,"9,907억원",CNY
300219,Hongli Zhihui Group Co Ltd Class A,57101010,반도체,4906048497,"9,902억원",CNY
001388,Shandong Senter Electronic Co Ltd Class A,57201010,IT 서비스 및 컨설팅,4890384720,"9,870억원",CNY
300389,Shenzhen Absen Optoelectronic Co Ltd Class A,57104010,전자 장비 및 부품,4886888197,"9,863억원",CNY
301491,Hansong (Nanjing) Technology Ltd Class A,57106030,가정용 전자 제품,4878780000,"9,847억원",CNY
300286,Acrel Co Ltd Class A,52102030,전기 부품 및 장비,4877761540,"9,845억원",CNY
002846,Guangdong Enpack Packaging Co Ltd Class A,51302010,용기(종이 제외) 및 포장재,4867726241,"9,825억원",CNY
301256,Huarong Chemical Co Ltd Class A,51101010,상품 화학,4862400000,"9,814억원",CNY
300215,Suzhou Electrical Apparatus Science Academy Co Ltd Class A,52203040,경영 지원 서비스,4861621274,"9,812억원",CNY
300577,Anhui Korrun Co Ltd Class A,53202020,의류 및 액세서리,4856684002,"9,802억원",CNY
301595,GuangDong Taili Technology Group Co Ltd Class A,51302010,용기(종이 제외) 및 포장재,4852026800,"9,793억원",CNY
300867,Shengyuan Environmental Protection Co Ltd Class A,52203010,환경 서비스 및 장비,4850577796,"9,790억원",CNY
300271,Beijing Thunisoft Co Ltd Class A,57201010,IT 서비스 및 컨설팅,4846808218,"9,782억원",CNY
002026,Shandong Weida Machinery Co Ltd Class A,52102010,산업용 기계 및 장비,4845851329,"9,780억원",CNY
300755,Vats Liquor Chain Store Management Joint Stock Co Ltd Class A,54301020,식품 소매 및 유통,4834861440,"9,758억원",CNY
301206,Shandong Sanyuan Biotechnology Co Ltd Class A,54102020,식품 가공,4831537716,"9,751억원",CNY
002570,Beingmate Co Ltd Class A,54102020,식품 가공,4827793699,"9,744억원",CNY
000404,Changhong Huayi Compressor Co Ltd Class A,52102010,산업용 기계 및 장비,4823252134,"9,735억원",CNY
301048,Gemac Engineering Machinery Co Ltd Class A,52102020,중장비 및 차량,4816000602,"9,720억원",CNY
002556,Anhui Huilong Agricultural Means of Production Co Ltd Class A,51101020,농화학제,4814945388,"9,718억원",CNY
300801,Shandong Taihe Technologies Co Ltd Class A,51101030,특수 화학제,4806906368,"9,702억원",CNY
300848,Miracll Chemicals Co Ltd Class A,51101010,상품 화학,4805178051,"9,698억원",CNY
301016,Nanjing Railway New Technology Co Ltd Class A,52102020,중장비 및 차량,4804493528,"9,697억원",CNY
301168,Jiangsu Tongling Electric Co Ltd Class A,52102030,전기 부품 및 장비,4796400000,"9,681억원",CNY
300840,Qingdao Kutesmart Co Ltd Class A,53202020,의류 및 액세서리,4790400000,"9,668억원",CNY
002523,Zhuzhou Tianqiao Crane Co Ltd Class A,52102020,중장비 및 차량,4788245904,"9,664억원",CNY
002520,ZheJiang RIFA Precision Machinery Co.  Ltd. Class A,52102010,산업용 기계 및 장비,4786564191,"9,661억원",CNY
300259,Suntront Technology Co Ltd Class A,52102010,산업용 기계 및 장비,4782134845,"9,652억원",CNY
300027,Huayi Brothers Media Corp Class A,53302030,엔터테인먼트 제작,4772150181,"9,632억원",CNY
002662,Fengjing New Energy Technology Co.  Ltd. Class A,53101020,"자동차, 트럭 및 오토바이 부품",4770000000,"9,627억원",CNY
002940,Zhejiang Anglikang Pharmaceutical Co Ltd Class A,56201040,제약,4760785190,"9,609억원",CNY
002627,Hubei Three Gorges Tourism Group Co Ltd Class A,53301040,여가 및 오락시설,4756279682,"9,600억원",CNY
002321,Henan Huaying Agricultural Development Co.  Ltd. Class A,54102010,어업 및 농업,4735015958,"9,557억원",CNY
300539,Ningbo Henghe Precision Industry Co Ltd Class A,52102010,산업용 기계 및 장비,4728718051,"9,544억원",CNY
300380,Shanghai Amarsoft Information & Technology Co Ltd Class A,57301010,핀테크,4722331266,"9,531억원",CNY
002641,Era Co Ltd Class A,53203020,건설 자재 및 비품,4719720465,"9,526억원",CNY
301397,Chongqing Sulian Plastic Co Ltd Class A,53101020,"자동차, 트럭 및 오토바이 부품",4716565255,"9,519억원",CNY
002406,Xuchang Yuandong Drive Shaft Co Ltd Class A,53101020,"자동차, 트럭 및 오토바이 부품",4702649528,"9,491억원",CNY
002735,Shenzhen Prince New Materials Co Ltd Class A,51302010,용기(종이 제외) 및 포장재,4701937043,"9,490억원",CNY
000532,Zhuhai Huajin Capital Co Ltd Class A,55102020,투자 관리 및 펀드 운영,4691480507,"9,469억원",CNY
001316,Lubair Aviation Technology Co Ltd Class A,52101010,항공우주 및 방위,4657569893,"9,400억원",CNY
002453,Great Chinasoft Technology Co Ltd Class A,51101010,상품 화학,4313669439,"8,706억원",CNY
000607,Zhejiang Huamei Holding Co Ltd Class A,53302010,광고 및 마케팅,5068138082,1조 229억원,CNY
300290,Bringspring Science and Technology Co Ltd Class A,57201010,IT 서비스 및 컨설팅,4945132758,"9,981억원",CNY
301110,Qingmu Tec Co Ltd Class A,57201030,온라인 서비스,4915106740,"9,920억원",CNY
301141,Zhejiang Zhongke Magnetic Industry Co Ltd Class A,52102030,전기 부품 및 장비,4822387682,"9,733억원",CNY
002845,Shenzhen TXD Technology Co Ltd Class A,57104010,전자 장비 및 부품,4792081444,"9,672억원",CNY
301239,Bright Eye Hospital Group Co Ltd Class A,56102010,의료 시설 및 서비스,4789305726,"9,666억원",CNY
300533,Shenzhen Bingchuan Network Co Ltd Class A,57201020,소프트웨어,4782555264,"9,653억원",CNY
301060,Shanghai Labway Clinical Laboratory Co Ltd Class A,56102010,의료 시설 및 서비스,4782172980,"9,652억원",CNY
301180,Suzhou Wanxiang Technology Co Ltd Class A,57104010,전자 장비 및 부품,4772119300,"9,632억원",CNY
300044,Shenzhen Sunwin Intelligent Co Ltd Class A,57201010,IT 서비스 및 컨설팅,4766543983,"9,620억원",CNY
301507,Hangzhou Minsheng Healthcare Co Ltd Class A,56201040,제약,4752869219,"9,593억원",CNY
300261,Aba Chemicals Corp Class A,51101020,농화학제,4749115692,"9,585억원",CNY
300194,Fuan Pharmaceutical Group Co Ltd Class A,56201040,제약,4746952404,"9,581억원",CNY
300471,Houpu Clean Energy Group Co Ltd Class A,52102010,산업용 기계 및 장비,4743901596,"9,575억원",CNY
000665,Hubei Radio & Television Information Network Co Ltd Class A,57401010,통합 통신 서비스,4741913394,"9,571억원",CNY
000892,H&R Century Union Corp Class A,53302030,엔터테인먼트 제작,4738135685,"9,563억원",CNY
002642,Ronglian Group Ltd Class A,57201010,IT 서비스 및 컨설팅,4736915041,"9,561억원",CNY
300532,New Trend International Logis-Tech Co Ltd Class A,57201010,IT 서비스 및 컨설팅,4729163832,"9,545억원",CNY
300386,Feitian Technologies Co Ltd Class A,57106010,컴퓨터 하드웨어,4723897200,"9,534억원",CNY
002749,Sichuan Guoguang Agrochemical Co Ltd Class A,51101020,농화학제,4718878727,"9,524억원",CNY
002658,Beijing SDL Technology Co Ltd Class A,52102010,산업용 기계 및 장비,4704630838,"9,495억원",CNY
300745,Shinry Technologies Co Ltd Class A,53101020,"자동차, 트럭 및 오토바이 부품",4703005908,"9,492억원",CNY
300885,Yangzhou Seashine New Materials Co Ltd Class A,52102010,산업용 기계 및 장비,4697513574,"9,481억원",CNY
002005,Elec-Tech International Co Ltd Class A,53204030,"가전제품, 도구 및 가정 용품",4696498619,"9,479억원",CNY
002526,Shandong Mining Machinery Group Co Ltd Class A,51201070,채굴 지원 서비스 및 장비,4688747789,"9,463억원",CNY
002805,Shandong Fengyuan Chemical Co Ltd Class A,51101010,상품 화학,4685445759,"9,457억원",CNY
002235,Xiamen Anne Co Ltd Class A,51301020,종이 제품,4682944055,"9,452억원",CNY
300061,QITIAN Technology Group Co Ltd Class A,53302010,광고 및 마케팅,4678855107,"9,443억원",CNY
000626,Grand Industrial Holding Co Ltd Class A,52202010,다각적 산업용 제품 도매,4676165955,"9,438억원",CNY
000821,J.S. Corrugating Machinery Co Ltd Class A,52102010,산업용 기계 및 장비,4671560835,"9,429억원",CNY
000558,Chengdu New Tianfu Culture Tourism Development Co Ltd Class A,53301040,여가 및 오락시설,4666990695,"9,419억원",CNY
300099,Uroica Precision Information Engineering Co Ltd Class A,52102010,산업용 기계 및 장비,4666889064,"9,419억원",CNY
000886,Hainan Expressway Co Ltd Class A,60101010,"부동산 임대, 개발 및 운영",4657381293,"9,400억원",CNY
301012,Jiangsu Yangdian Science & Technology Co Ltd Class A,52102040,중전기장비,4652199026,"9,390억원",CNY
002501,Jilin Liyuan Precision Manufacturing Co Ltd Class A,51201030,알루미늄,4650500000,"9,386억원",CNY
300123,YaGuang Technology Group Co Ltd Class A,57101010,반도체,4649345260,"9,384억원",CNY
002059,Yunnan Tourism Co Ltd Class A,53301040,여가 및 오락시설,4647075792,"9,379억원",CNY
300793,Cosonic Intelligent Technologies Co Ltd Class A,57104010,전자 장비 및 부품,4638865809,"9,363억원",CNY
002918,Monalisa Group Co Ltd Class A,53203020,건설 자재 및 비품,4631929614,"9,349억원",CNY
300177,Guangzhou Hi Target Navigation Tech Co Ltd Class A,52101010,항공우주 및 방위,4621289900,"9,327억원",CNY
002033,LiJiang YuLong Tourism Co Ltd Class A,53301040,여가 및 오락시설,4621216880,"9,327억원",CNY
000507,Zhuhai Port Co Ltd Class A,52407020,항만 운영 및 서비스,4607871824,"9,300억원",CNY
300388,CECEP Guozhen Environmental Protection Technology Co Ltd Class A,52203010,환경 서비스 및 장비,4597035059,"9,278억원",CNY
002427,Zhejiang Unifull Industrial Fibre Co Ltd Class A,51101030,특수 화학제,4592116741,"9,268억원",CNY
300758,Anshan Hifichem Co Ltd Class A,51101030,특수 화학제,4589829768,"9,264억원",CNY
001338,Gdh Supertime Group Co Ltd Class A,54101020,증류주 및 포도주,4570767898,"9,225억원",CNY
002401,COSCO SHIPPING Technology Co Ltd Class A,57201020,소프트웨어,4564088443,"9,212억원",CNY
301058,COFCO Technology & Industry Co Ltd Class A,52201020,건설 및 엔지니어링,4562234324,"9,208억원",CNY
300629,Guangdong King-Strong Technology Co Ltd Class A,57102010,통신 및 네트워킹,4555792443,"9,195억원",CNY
002889,Shenzhen Easttop Supply Chain Management Co Ltd Class A,52405010,"배달, 우편, 항공 화물 및 육상 물류",4554669712,"9,193억원",CNY
002765,Landai Technology Group Corp Ltd Class A,53101020,"자동차, 트럭 및 오토바이 부품",4551854068,"9,187억원",CNY
300441,Ningbo Baosi Energy Equipment Co Ltd Class A,52102010,산업용 기계 및 장비,4549576028,"9,182억원",CNY
301325,Shenzhen Manst Technology Co.  Ltd. Class A,52102010,산업용 기계 및 장비,4548446983,"9,180억원",CNY
301513,Shangshui Smartech Ltd Class A,52102010,산업용 기계 및 장비,4543000000,"9,169억원",CNY
301538,Shenzhen Jdd Tech New Material Co Ltd Class A,53101030,타이어 및 고무 제품,4525404800,"9,134억원",CNY
300355,M-Grass Ecology and Environment (Group) Co Ltd Class A,52203010,환경 서비스 및 장비,4523962668,"9,131억원",CNY
002919,MINGCHEN HEALTH Co Ltd Class A,57201030,온라인 서비스,4516329040,"9,115억원",CNY
002040,Nanjing Port Co Ltd Class A,52407020,항만 운영 및 서비스,4515640884,"9,114억원",CNY
000417,Hefei Department Store Group Co Ltd Class A,53402010,백화점,4499931834,"9,082억원",CNY
000505,Hainan Jingliang Holdings Co Ltd Class A,54102020,식품 가공,4488192202,"9,059억원",CNY
300669,Hangzhou Huning Elevator Parts Co Ltd Class A,52102040,중전기장비,4717431276,"9,521억원",CNY
002564,SuZhou THVOW Technology Co Ltd Class A,52102010,산업용 기계 및 장비,4681029400,"9,448억원",CNY
300781,Guangdong Insight Brand Marketing Group Co Ltd Class A,53302010,광고 및 마케팅,4659296149,"9,404억원",CNY
301259,Hunan Airbluer Environmental Protection Technology Co Ltd Class A,52203010,환경 서비스 및 장비,4605432000,"9,295억원",CNY
300869,Contec Medical Systems Co Ltd Class A,56101010,첨단 의료 장비 및 기술,4604674424,"9,294억원",CNY
000731,Sichuan Meifeng Chemical Industry Co Ltd Class A,51101020,농화학제,4544278452,"9,172억원",CNY
300345,Hunan Huamin Holdings Co Ltd Class A,57101010,반도체,4536269374,"9,156억원",CNY
000819,Yueyang Xingchang Petro-Chemical Co Ltd Class A,51101010,상품 화학,4520348309,"9,123억원",CNY
300326,Shanghai Kinetic Medical Co Ltd Class A,56101020,"의료 장비, 물품 및 유통",4502839643,"9,088억원",CNY
301398,Ningbo Sinyuan ZM Technology Co Ltd Class A,53101020,"자동차, 트럭 및 오토바이 부품",4485659835,"9,053억원",CNY
301356,Zhejiang Tianzhen Technology Co Ltd Class A,53203020,건설 자재 및 비품,4473360000,"9,029억원",CNY
300447,Nanjing Quanxin Cable Technology Co Ltd Class A,57102010,통신 및 네트워킹,4469161466,"9,020억원",CNY
002454,Songz Automobile Air Conditioning Co Ltd Class A,53101020,"자동차, 트럭 및 오토바이 부품",4465694294,"9,013억원",CNY
002441,Zhongyeda Electric Co Ltd Class A,52102030,전기 부품 및 장비,4465257594,"9,012억원",CNY
002758,ZJAMP Group Co Ltd Class A,51101020,농화학제,4461701491,"9,005억원",CNY
002573,Beijing SPC Environment Protection Tech Co Ltd Class A,52203010,환경 서비스 및 장비,4458091299,"8,998억원",CNY
300991,Shenzhen Chuangyitong Technology Co Ltd Class A,57104010,전자 장비 및 부품,4445280000,"8,972억원",CNY
300552,VanJee Technology Co Ltd Class A,57107010,통합 하드웨어 및 소프트웨어,4441694054,"8,965억원",CNY
002322,Ningbo Ligong Environment and Energy Technology Co Ltd Class A,57201020,소프트웨어,4437509556,"8,956억원",CNY
300537,Jiangsu Kuangshun Photosensitivity New-Material Stock Co Ltd Class A,51101030,특수 화학제,4434280176,"8,950억원",CNY
000759,Zhongbai Holdings Group Co Ltd Class A,54301020,식품 소매 및 유통,4428199031,"8,937억원",CNY
002512,Tatwah Smartech Co Ltd Class A,57104010,전자 장비 및 부품,4420690694,"8,922억원",CNY
000526,Xueda Xiamen Education Technology Group Co Ltd Class A,63101010,기타 교육 서비스 제공,4417465201,"8,916억원",CNY
002582,Haoxiangni Health Food Co Ltd Class A,54102020,식품 가공,4414399805,"8,910억원",CNY
002688,Jinhe Biotechnology Co Ltd Class A,56201040,제약,4404606707,"8,890억원",CNY
000906,Zheshang Development Group Co Ltd Class A,51201020,철 및 강철,4392815078,"8,866억원",CNY
301190,Jiujiang Shanshui Technology Co Ltd Class A,51101010,상품 화학,4391462790,"8,863억원",CNY
301622,Baotou INST Magnetic New Materials Co Ltd Class A,52102030,전기 부품 및 장비,4389180977,"8,859억원",CNY
000816,Jiangsu Nonghua Intelligent Agriculture Technology Co Ltd Class A,52102020,중장비 및 차량,4384450354,"8,849억원",CNY
000428,Huatian Hotel Group Co Ltd Class A,53301010,"호텔, 모텔 및 크루즈 라인",4381381800,"8,843억원",CNY
002177,Guangzhou KingTeller Technology Co Ltd Class A,60101020,부동산 서비스,4376849941,"8,834억원",CNY
301391,Colorlight Cloud Tech Ltd Class A,57106030,가정용 전자 제품,4370681306,"8,821억원",CNY
300973,Ligao Foods Co Ltd Class A,54102020,식품 가공,4368988667,"8,818억원",CNY
002788,Luyan Pharma Co Ltd Class A,56201040,제약,4366928113,"8,814억원",CNY
300490,Hnac Technology Co Ltd Class A,52102030,전기 부품 및 장비,4361457174,"8,803억원",CNY
300121,Shandong Yanggu Huatai Chemical Co Ltd Class A,53101030,타이어 및 고무 제품,4358882340,"8,798억원",CNY
300147,Xiangxue Pharmaceutical Co Ltd Class A,56201040,제약,4337990535,"8,755억원",CNY
001332,Wuxi Chemical Equipment Co Ltd Class A,52102010,산업용 기계 및 장비,4337395440,"8,754억원",CNY
300120,Tianjin Jingwei Huikai Optoelectronic Co Ltd Class A,57104010,전자 장비 및 부품,4325186285,"8,730억원",CNY
000882,Beijing Hualian Department Store Co Ltd Class A,60101010,"부동산 임대, 개발 및 운영",4325016076,"8,729억원",CNY
002393,Tianjin Lisheng Pharmaceutical Co Ltd Class A,56201040,제약,4319185897,"8,717억원",CNY
000655,Shandong Jinling Mining Co Ltd Class A,51201020,철 및 강철,4298356461,"8,675억원",CNY
002112,San Bian Science & Technology Co Ltd Class A,52102040,중전기장비,4294316717,"8,667억원",CNY
300352,Beijing VRV Software Corp Ltd Class A,57201030,온라인 서비스,4291479298,"8,661억원",CNY
002172,Jiangsu Aoyang Health Industry Co Ltd Class A,56102010,의료 시설 및 서비스,4288101216,"8,655억원",CNY
300349,Goldcard Smart Group Co Ltd Class A,52102030,전기 부품 및 장비,4284780725,"8,648억원",CNY
002644,Lanzhou Foci Pharmaceutical Co Ltd Class A,56201040,제약,4279305660,"8,637억원",CNY
300508,Shanghai Weihong Electronic Technology Co Ltd Class A,52102010,산업용 기계 및 장비,4276573370,"8,631억원",CNY
002586,Zhejiang Reclaim Construction Group Co Ltd Class A,52201020,건설 및 엔지니어링,4267954453,"8,614억원",CNY
001279,Anhui Strong State New Materials Co Ltd Class A,52102010,산업용 기계 및 장비,4260800000,"8,600억원",CNY
002365,Qianjiang Yongan Pharmaceutical Co Ltd Class A,56201040,제약,4252268475,"8,582억원",CNY
002829,Beijing StarNeto Technology Co Ltd Class A,52101010,항공우주 및 방위,4251780201,"8,581억원",CNY
002823,Shenzhen Kaizhong Precision Technology Co Ltd Class A,52102030,전기 부품 및 장비,4234552631,"8,547억원",CNY
000096,Shenzhen Guangju Energy Co Ltd Class A,50102030,"오일, 가스 정제 및 마케팅",4229280000,"8,536억원",CNY
300485,Beijing Science Sun Pharmaceutical Co Ltd Class A,56201040,제약,4229030992,"8,535억원",CNY
001312,Hangzhou Fuen Co Ltd Class A,53202010,직물 및 가죽제품,4228000012,"8,533억원",CNY
000797,China Wu Yi Co Ltd Class A,60101010,"부동산 임대, 개발 및 운영",4225328844,"8,528억원",CNY
002930,Guangdong Great River Smarter Logistics Co Ltd Class A,52407020,항만 운영 및 서비스,4213647987,"8,504억원",CNY
300332,Top Resource Energy Co Ltd Class A,52201020,건설 및 엔지니어링,4213013540,"8,503억원",CNY
300894,Marssenger Kitchenware Co Ltd Class A,53204030,"가전제품, 도구 및 가정 용품",4187743542,"8,452억원",CNY
002912,Shenzhen Sinovatio Technology Co Ltd Class A,57201010,IT 서비스 및 컨설팅,4504437760,"9,091억원",CNY
300318,Beijing Bohui Innovation Biotechnology Group Co Ltd Class A,56201040,제약,4247882574,"8,574억원",CNY
002107,Shandong Wohua Pharmaceutical Co Ltd Class A,56201040,제약,4230946368,"8,539억원",CNY
301172,Sichuan Joyou Digital Technologies Co Ltd Class A,57201010,IT 서비스 및 컨설팅,4230709614,"8,539억원",CNY
300643,Hamaton Automotive Technology Co Ltd Class A,53101020,"자동차, 트럭 및 오토바이 부품",4228684654,"8,535억원",CNY
300847,HG Technologies Co Ltd Class A,51101030,특수 화학제,4227022800,"8,531억원",CNY
002055,Shenzhen Deren Electronic Co Ltd Class A,52102030,전기 부품 및 장비,4225385219,"8,528억원",CNY
002866,Jiangsu Transimage Technology Co Ltd Class A,57106010,컴퓨터 하드웨어,4215444047,"8,508억원",CNY
001201,Dongrui Food Group Co Ltd Class A,54102010,어업 및 농업,4201879216,"8,481억원",CNY
002616,Guangdong Chant Group Inc Class A,59101010,전력 유틸리티,4192975876,"8,463억원",CNY
002117,Tungkong Inc Class A,52203020,상업 인쇄 서비스,4189767640,"8,456억원",CNY
003000,Jinzai Food Group Co Ltd Class A,54102020,식품 가공,4183146249,"8,443억원",CNY
002772,Tianshui Zhongxing Bio-technology Co Ltd Class A,54102010,어업 및 농업,4178379243,"8,433억원",CNY
300968,Guangdong Green Precision Components Co Ltd Class A,57104010,전자 장비 및 부품,4175138000,"8,427억원",CNY
300662,Beijing Career International Co Ltd Class A,52203030,고용 서비스,4174262874,"8,425억원",CNY
300071,FS Development Investment Holdings Class A,53302010,광고 및 마케팅,4173619175,"8,424억원",CNY
300541,Beijing Advanced Digital Technology Co Ltd Class A,57201010,IT 서비스 및 컨설팅,4171431572,"8,419억원",CNY
300774,BGT Group Co Ltd Class A,52203010,환경 서비스 및 장비,4157126422,"8,390억원",CNY
002676,Guangdong Sunwill Precising Plastic Co Ltd Class A,52102030,전기 부품 및 장비,4152855698,"8,382억원",CNY
300571,Hangzhou Anysoft Information Technology Co Ltd Class A,57102010,통신 및 네트워킹,4146780898,"8,369억원",CNY
002088,Luyang Energy-Saving Materials Co Ltd Class A,51101030,특수 화학제,4141748712,"8,359억원",CNY
301501,Hefei Hengxin Life Science and Technology Co Ltd Class A,51302020,종이 포장재,4141200000,"8,358억원",CNY
002225,Puyang Refractories Group Co Ltd Class A,51202010,건설 자재,4138483755,"8,353억원",CNY
300481,Puyang Huicheng Electronic Material Co Ltd Class A,51101030,특수 화학제,4135591556,"8,347억원",CNY
002197,SZZT Electronics Co Ltd Class A,57107010,통합 하드웨어 및 소프트웨어,4134662505,"8,345억원",CNY
301399,Zhejiang Extek Technology Co Ltd Class A,52102030,전기 부품 및 장비,4133346800,"8,342억원",CNY
301116,JiangSu YiKe Food Group Co Ltd Class A,54102020,식품 가공,4130612256,"8,337억원",CNY
000919,Jinling Pharmaceutical Co Ltd Class A,56201040,제약,4129578866,"8,335억원",CNY
300952,Jiangsu Hanvo Safety Product Co Ltd Class A,53202020,의류 및 액세서리,4126383473,"8,328억원",CNY
002449,Foshan Nationstar Optoelectronics Co Ltd Class A,57101010,반도체,4125242717,"8,326억원",CNY
300311,Surfilter Network Technology Co Ltd Class A,57201020,소프트웨어,4122616518,"8,321억원",CNY
002095,Zhejiang Netsun Co Ltd Class A,57301010,핀테크,4099118400,"8,273억원",CNY
002843,Bichamp Cutting Technology Hunan Co Ltd Class A,52102030,전기 부품 및 장비,4093252758,"8,261억원",CNY
000678,Xiangyang Automobile Bearing Co Ltd Class A,53101020,"자동차, 트럭 및 오토바이 부품",4085948875,"8,247억원",CNY
301277,Newland Pharmaceutical Co Ltd Class A,56201040,제약,4085456928,"8,246억원",CNY
301590,Shenzhen UUGreenPower Co Ltd Class A,52102030,전기 부품 및 장비,4077050746,"8,229억원",CNY
002474,Fujian Rongji Software Co Ltd Class A,57107010,통합 하드웨어 및 소프트웨어,4075410000,"8,225억원",CNY
301370,GKHT Medical Technology Co Ltd Class A,56101020,"의료 장비, 물품 및 유통",4075396000,"8,225억원",CNY
300228,Zhangjiagang Furui Special Equipment Co Ltd Class A,52102010,산업용 기계 및 장비,4074442244,"8,223억원",CNY
002480,Chengdu Xinzhu Road&Bridge Machinery Co Ltd Class A,52102020,중장비 및 차량,4061210578,"8,197억원",CNY
001378,Guangdong Decro Film New Materials Co Ltd Class A,51101010,상품 화학,4056008112,"8,186억원",CNY
002086,Shandong Oriental Ocean Sci-Tech Co Ltd Class A,54102020,식품 가공,4055019255,"8,184억원",CNY
001238,Zhejiang Zhengte Co Ltd Class A,53204040,가정용 가구,4054017240,"8,182억원",CNY
002160,JIANGSU ALCHA ALUMINIUM GROUP CO.  LTD. Class A,51201030,알루미늄,4048502175,"8,171억원",CNY
002362,Hanwang Technology Co Ltd Class A,57106010,컴퓨터 하드웨어,4040835298,"8,156억원",CNY
003002,Shanxi Huhua Group Co Ltd Class A,51101010,상품 화학,4032929826,"8,140억원",CNY
000078,Shenzhen Neptunus Bioengineering Co Ltd Class A,56201040,제약,4025618583,"8,125억원",CNY
002116,China Haisum Engineering Co Ltd Class A,52201020,건설 및 엔지니어링,4024460578,"8,123억원",CNY
002370,Zhejiang Yatai Pharmaceutical Co Ltd Class A,56201040,제약,4019147987,"8,112억원",CNY
300021,Dayu Irrigation Group Co Ltd Class A,52203010,환경 서비스 및 장비,4017904153,"8,109억원",CNY
003020,Hefei Lifeon Pharmaceutical Co Ltd Class A,56201040,제약,4009801118,"8,093억원",CNY
002996,Chongqing Shunbo Aluminum Co Ltd Class A,51201030,알루미늄,4003232279,"8,080억원",CNY
300062,Ceepower Co Ltd Class A,52102040,중전기장비,4000102300,"8,073억원",CNY
000850,Anhui Huamao Textile Co Ltd Class A,53202010,직물 및 가죽제품,3991702988,"8,056억원",CNY
300225,Shanghai Kinlita Chemical Co.  Ltd Class A,51101010,상품 화학,3979345668,"8,032억원",CNY
300096,YLZ Information Technology Co Ltd Class A,57201020,소프트웨어,3960300000,"7,993억원",CNY
300690,Shandong Shuangyi Technology Co Ltd Class A,52102010,산업용 기계 및 장비,3946878697,"7,966억원",CNY
002187,Guangzhou Grandbuy Co Ltd Class A,53402010,백화점,3932018891,"7,936억원",CNY
002339,Integrated Electronic Systems Lab Co Ltd Class A,52102040,중전기장비,3931919737,"7,936억원",CNY
002628,Chengdu Road & Bridge Engineering Co Ltd Class A,52201020,건설 및 엔지니어링,3929351154,"7,931억원",CNY
300110,Huaren Pharmaceutical Co Ltd Class A,56201040,제약,4669741279,"9,425억원",CNY
002614,Xiamen Comfort Science & Technology Group Co Ltd Class A,53204030,"가전제품, 도구 및 가정 용품",4291325724,"8,661억원",CNY
300795,Zhejiang Meorient Commerce & Exhibition Inc Class A,52203040,경영 지원 서비스,4229348261,"8,536억원",CNY
300858,Beijing Scitop Bio-tech Co Ltd Class A,54102020,식품 가공,4131603450,"8,339억원",CNY
301383,Minami Acoustics Ltd Class A,57106030,가정용 전자 제품,4085340660,"8,245억원",CNY
300916,Shenzhen Longtech Smart Control Co Ltd Class A,57104010,전자 장비 및 부품,4029782035,"8,133억원",CNY
300494,Hubei Century Network Technology Inc Class A,57201030,온라인 서비스,4022182623,"8,118억원",CNY
002469,Shandong Sunway Chemical Group Co Ltd Class A,51101010,상품 화학,4016459680,"8,106억원",CNY
300111,Zhejiang Sunflower Great Health Co Ltd Class A,56201040,제약,4016097428,"8,106억원",CNY
301187,Suzhou Alton Electrical & Mechanical Industry Co Ltd Class A,52203010,환경 서비스 및 장비,4010104348,"8,094억원",CNY
003032,Jiangsu Chuanzhiboke Education Technology Co Ltd Class A,63103010,전문 및 비즈니스 교육,4008377100,"8,090억원",CNY
300248,Newcapec Electronics Co Ltd Class A,57201010,IT 서비스 및 컨설팅,4006089985,"8,085억원",CNY
002677,Zhejiang Meida Industrial Co Ltd Class A,53204030,"가전제품, 도구 및 가정 용품",4005520211,"8,084억원",CNY
300551,Shanghai Guao Electronic Technology Co Ltd Class A,57301010,핀테크,4002539615,"8,078억원",CNY
300639,Guangdong Hybribio Biotech Co Ltd Class A,56101020,"의료 장비, 물품 및 유통",3988909159,"8,051억원",CNY
002490,Shandong Molong Petroleum Machinery Co Ltd Class A,50103020,오일 관련 서비스 및 장비,3981656700,"8,036억원",CNY
002962,Hubei W-OLF Photoelectric Technology Co Ltd Class A,57104010,전자 장비 및 부품,3978315401,"8,029억원",CNY
300729,Loctek Ergonomic Technology Corp Class A,53204040,가정용 가구,3962715498,"7,998억원",CNY
300213,Beijing Jiaxun Feihong Electrical Co Ltd Class A,57102010,통신 및 네트워킹,3952524989,"7,977억원",CNY
301618,Dongguan Changlian New Materials Technology Co Ltd Class A,51101030,특수 화학제,3949469919,"7,971억원",CNY
300399,Jiangxi Tianli Technology Inc Class A,55301010,복합보험 및 중개인,3946072000,"7,964억원",CNY
002798,DO&SHUIHUA Group Co Ltd Class A,53203020,건설 자재 및 비품,3930473430,"7,933억원",CNY
000903,Kunming Yunnei Power Co Ltd Class A,52102010,산업용 기계 및 장비,3927734152,"7,927억원",CNY
002228,Xiamen Hexing Packaging Printing Co Ltd Class A,51302020,종이 포장재,3919235582,"7,910억원",CNY
300310,Eastone Century Technology Co Ltd Class A,57401010,통합 통신 서비스,3914563878,"7,901억원",CNY
300712,Fujian Yongfu Power Engineering Co Ltd Class A,52201020,건설 및 엔지니어링,3912210290,"7,896억원",CNY
002035,Vatti Corp Ltd Class A,53204030,"가전제품, 도구 및 가정 용품",3907683179,"7,887억원",CNY
301102,Mega info Media Co Ltd Class A,53302010,광고 및 마케팅,3905720000,"7,883억원",CNY
300004,Nanfang Ventilator Co Ltd Class A,52102030,전기 부품 및 장비,3902347952,"7,876억원",CNY
002693,Hainan Shuangcheng Pharmaceuticals Co Ltd Class A,56201040,제약,3902230548,"7,876억원",CNY
300333,Sinosun Technology Co Ltd Class A,57201010,IT 서비스 및 컨설팅,3900960000,"7,873억원",CNY
000716,Nanfang Black Sesame Group Co Ltd Class A,54102020,식품 가공,3899939379,"7,871억원",CNY
000521,Changhong Meiling Co Ltd Class A,53204030,"가전제품, 도구 및 가정 용품",3897263754,"7,866억원",CNY
000518,Jiangsu Sihuan Bioengineering Co Ltd Class A,56201040,제약,3891722519,"7,855억원",CNY
002786,Shenzhen Silver Basis Technology Co Ltd Class A,52102010,산업용 기계 및 장비,3890554200,"7,852억원",CNY
300882,Zhejiang Wellsun Intelligent Technology Co Ltd Class A,52102030,전기 부품 및 장비,3869440062,"7,810억원",CNY
300439,MedicalSystem Biotechnology Co Ltd Class A,56101020,"의료 장비, 물품 및 유통",3869145655,"7,809억원",CNY
002016,Guangdong Shirongzhaoye Co Ltd Class A,60101010,"부동산 임대, 개발 및 운영",3859386165,"7,789억원",CNY
300466,Saimo Technology Co Ltd Class A,52102010,산업용 기계 및 장비,3850460039,"7,771억원",CNY
300068,Zhejiang Narada Power Source Co Ltd Class A,52102030,전기 부품 및 장비,3845012040,"7,760억원",CNY
300299,Fuchun Technology Co Ltd Class A,57201020,소프트웨어,3844971473,"7,760억원",CNY
300603,Leon Technology Co Ltd Class A,57401010,통합 통신 서비스,3843881370,"7,758억원",CNY
300887,Pony Testing International Group Co Ltd Class A,52203040,경영 지원 서비스,3841963228,"7,754억원",CNY
000822,Shandong Haihua Co.  Ltd. Class A,51101010,상품 화학,3830993443,"7,732억원",CNY
300354,DongHua Testing Technology Co Ltd Class A,52102010,산업용 기계 및 장비,3812104740,"7,694억원",CNY
300384,Beijing Sanlian Hope Shin-Gosen Technical Service Co Ltd Class A,52102010,산업용 기계 및 장비,3799376526,"7,668억원",CNY
300542,Brilliance Technology Co Ltd Class A,57201010,IT 서비스 및 컨설팅,3791710717,"7,653억원",CNY
300859,Western Regions Tourism Development Co Ltd Class A,53301040,여가 및 오락시설,3788200000,"7,646억원",CNY
002596,Hainan RuiZe New Building Material Co Ltd Class A,51202010,건설 자재,3787015709,"7,643억원",CNY
301038,Shenzhen Water Planning & Design Institute Co Ltd Class A,52201020,건설 및 엔지니어링,3785667600,"7,641억원",CNY
300673,Petpal Pet Nutrition Technology Co Ltd Class A,54102020,식품 가공,3766468172,"7,602억원",CNY
000965,Tianjin Tianbao Infrastructure Co Ltd Class A,60101010,"부동산 임대, 개발 및 운영",3762326734,"7,594억원",CNY
002554,China Oil Hbp Science & Technology Co Ltd Class A,50103020,오일 관련 서비스 및 장비,3761090603,"7,591억원",CNY
300584,Nanjing Hicin Pharmaceutical Co Ltd Class A,56201040,제약,3760800000,"7,590억원",CNY
301077,Zhejiang Chinastars New Materials Group Co Ltd Class A,51101030,특수 화학제,3742044820,"7,553억원",CNY
301518,Changhua Chemical Technology Co Ltd Class A,51101030,특수 화학제,3738566536,"7,546억원",CNY
301456,Qingdao Paguld Intelligent Manufacturing Co Ltd Class A,52102010,산업용 기계 및 장비,3736834715,"7,542억원",CNY
002623,Changzhou Almaden Co Ltd Class A,50201010,재생 가능 에너지 장비 및 서비스,3733829001,"7,536억원",CNY
002094,Qingdao Kingking Applied Chemistry Co Ltd Class A,54201010,가정용 제품,3717028814,"7,502억원",CNY
300879,Ningbo Daye Garden Machinery Co Ltd Class A,52102020,중장비 및 차량,3681634772,"7,431억원",CNY
002178,Shanghai Yanhua Smartech Group Co Ltd Class A,57201010,IT 서비스 및 컨설팅,3980935276,"8,035억원",CNY
301315,Shanghai Wisdom Information Technology Co Ltd Class A,57201020,소프트웨어,3884320000,"7,840억원",CNY
300698,Wanma Technology Co Ltd Class A,57102010,통신 및 네트워킹,3849820000,"7,770억원",CNY
300448,Haoyun Technologies Co Ltd Class A,57107010,통합 하드웨어 및 소프트웨어,3835851838,"7,742억원",CNY
300663,Client Service International Inc Class A,57201010,IT 서비스 및 컨설팅,3818049402,"7,706억원",CNY
301220,Kunshan Asia Aroma Corp Ltd Class A,54102020,식품 가공,3780080604,"7,629억원",CNY
300107,Hebei Jianxin Chemical Co Ltd Class A,51101030,특수 화학제,3776269018,"7,622억원",CNY
301002,Shenzhen Sosen Electronics Co.  Ltd. Class A,52102030,전기 부품 및 장비,3771480150,"7,612억원",CNY
301509,Kingchem Liaoning Life Science Co Ltd Class A,56201040,제약,3763958406,"7,597억원",CNY
300830,JinXianDai Information Industry Co Ltd Class A,57201020,소프트웨어,3757651015,"7,584억원",CNY
000514,Chongqing yukaifa Co Ltd Class A,60101010,"부동산 임대, 개발 및 운영",3729467665,"7,527억원",CNY
301449,Shenzhen Tiansu Calibration and Testing Co Ltd Class A,52203040,경영 지원 서비스,3727043485,"7,522억원",CNY
300231,Beijing Trust & Far Technology Co Ltd Class A,57201010,IT 서비스 및 컨설팅,3722528632,"7,513억원",CNY
001269,Inner Mongolia OJing Science & Technology Co Ltd Class A,52203040,경영 지원 서비스,3715482787,"7,499억원",CNY
301208,ChinaEtek Service & Technology Co Ltd Class A,57201010,IT 서비스 및 컨설팅,3714001857,"7,496억원",CNY
300652,Hang Zhou Radical Energy-Saving Technology Co Ltd Class A,53101020,"자동차, 트럭 및 오토바이 부품",3713593524,"7,495억원",CNY
300978,WINBO-Dongjian Automotive Technology Co Ltd Class A,53101020,"자동차, 트럭 및 오토바이 부품",3711330048,"7,491억원",CNY
000868,Anhui Ankai Automobile Co Ltd Class A,52102020,중장비 및 차량,3701688056,"7,471억원",CNY
002148,Beijing Bewinner Communications Co Ltd Class A,57401020,무선 통신 서비스,3698933805,"7,466억원",CNY
002296,HeNan Splendor Science & Technology Co Ltd Class A,57102010,통신 및 네트워킹,3693222382,"7,454억원",CNY
000889,ZJBC Information Technology Co Ltd Class A,57401010,통합 통신 서비스,3688986997,"7,445억원",CNY
000407,Shandong Shengli Co Ltd Class A,59102010,천연가스 유틸리티,3687554709,"7,443억원",CNY
300805,Guangdong Brandmax Marketing Co Ltd Class A,53302010,광고 및 마케팅,3679913458,"7,427억원",CNY
300402,Nanjing Baose Co Ltd Class A,52102010,산업용 기계 및 장비,3679646310,"7,427억원",CNY
003001,Zhongyan Technology Co Ltd Class A,52201020,건설 및 엔지니어링,3679522306,"7,426억원",CNY
300200,Beijing Comens New Materials Co Ltd Class A,51101030,특수 화학제,3676201447,"7,420억원",CNY
000576,Guangdong Ganhua Science & Industry Co Ltd Class A,52101010,항공우주 및 방위,3674641362,"7,417억원",CNY
002090,Wiscom System Co Ltd Class A,57201010,IT 서비스 및 컨설팅,3673291741,"7,414억원",CNY
301266,Suzhou YourBest New-type Materials Co Ltd Class A,50201010,재생 가능 에너지 장비 및 서비스,3665866180,"7,399억원",CNY
300818,Naipu Mining Machinery Co Ltd Class A,51201070,채굴 지원 서비스 및 장비,3659719919,"7,386억원",CNY
002868,Lifecome Biochemistry Co Ltd Class A,56201040,제약,3656934645,"7,381억원",CNY
300190,Welle Group Co Ltd Class A,52203010,환경 서비스 및 장비,3650142843,"7,367억원",CNY
300822,Shenzhen Bestek Technology Co Ltd Class A,52102030,전기 부품 및 장비,3648088902,"7,363억원",CNY
300658,Xiamen Yanjan New Material Co Ltd Class A,53202010,직물 및 가죽제품,3637111668,"7,341억원",CNY
001228,Yongtaiyun Chemical Logistics Co Ltd Class A,52405020,해양 화물 및 물류,3629029438,"7,324억원",CNY
000721,XiAn Catering Co Ltd Class A,53301020,레스토랑 및 바,3621399283,"7,309억원",CNY
002462,Cachet Pharmaceutical Co.  Ltd. Class A,56201040,제약,3617168288,"7,301억원",CNY
000659,Zhuhai Zhongfu Enterprise Co Ltd Class A,51302010,용기(종이 제외) 및 포장재,3612824081,"7,292억원",CNY
000726,Lu Thai Textile Co Ltd Class A,53202010,직물 및 가죽제품,3607537816,"7,281억원",CNY
301499,Shanghai Vico Precision Mold & Plastics Co Ltd Class A,53101020,"자동차, 트럭 및 오토바이 부품",3605686905,"7,277억원",CNY
301195,Nanjing Bestway Intelligent Control Technology Co Ltd Class A,57201010,IT 서비스 및 컨설팅,3600223838,"7,266억원",CNY
002356,Shenzhen Pengfei Green Energy Development Co Ltd Class A,53403040,의류 및 액세서리 소매,3592837388,"7,251억원",CNY
002932,Wuhan Easy Diagnosis Biomedicine Co.  Ltd Class A,56101020,"의료 장비, 물품 및 유통",3592448786,"7,251억원",CNY
001306,Zhejiang XiaSha Precision Manufacturing Co Ltd Class A,52102010,산업용 기계 및 장비,3591272425,"7,248억원",CNY
300272,Canature Health Technology Co Ltd Class A,52203010,환경 서비스 및 장비,3589325801,"7,244억원",CNY
002109,Shaanxi Xinghua Chemistry Co Ltd Class A,51101010,상품 화학,3586318281,"7,238억원",CNY
300210,Anshan Senyuan Road & Bridge Co Ltd Class A,52102020,중장비 및 차량,3578385453,"7,222억원",CNY
000151,China National Complete Plant Import & Export Corp Ltd Class A,52201020,건설 및 엔지니어링,3568716929,"7,203억원",CNY
002269,Shanghai Metersbonwe Fashion&Accessories Co Ltd Class A,53202020,의류 및 액세서리,3567750000,"7,201억원",CNY
002991,Gan Yuan Foods Co Ltd Class A,54102020,식품 가공,3567369852,"7,200억원",CNY
300011,Beijing Dinghan Technology Group Co Ltd Class A,52102030,전기 부품 및 장비,3566721229,"7,199억원",CNY
301668,Beijing HCRT Electrical Equipments Co Ltd Class A,52102030,전기 부품 및 장비,3564000000,"7,193억원",CNY
002521,Qifeng New Material Co Ltd Class A,51301020,종이 제품,3561988278,"7,189억원",CNY
301332,Guangdong Deerma Technology Co Ltd Class A,53204030,"가전제품, 도구 및 가정 용품",3544800000,"7,154억원",CNY
002305,Langold Real Estate Co Ltd Class A,60101010,"부동산 임대, 개발 및 운영",3537800171,"7,140억원",CNY
301073,SSAW Hotels & Resorts Group Co Ltd Class A,53301010,"호텔, 모텔 및 크루즈 라인",3535120016,"7,135억원",CNY
000736,Cccg Urban Development Holding Group Co Ltd Class A,60101020,부동산 서비스,3533775437,"7,132억원",CNY
002184,Shanghai Hi-Tech Control System Co Ltd Class A,57201010,IT 서비스 및 컨설팅,3512045533,"7,088억원",CNY
001390,Anhui Guqi Down & Feather Textile Inc Class A,53202010,직물 및 가죽제품,3510000000,"7,084억원",CNY
300427,Red Phase Inc Class A,52102030,전기 부품 및 장비,3498619650,"7,061억원",CNY
000910,Dare Power Dekor Home Co Ltd Class A,51301010,임업 및 목재 제품,3771568775,"7,612억원",CNY
300314,Ningbo David Medical Device Co Ltd Class A,56101020,"의료 장비, 물품 및 유통",3746880000,"7,562억원",CNY
002259,Sichuan Shengda Forestry Industry Co Ltd Class A,59102010,천연가스 유틸리티,3739071487,"7,547억원",CNY
301311,KSEC Intelligent Technology Co Ltd Class A,52102010,산업용 기계 및 장비,3696000000,"7,460억원",CNY
002103,Guangbo Group Stock Co Ltd Class A,52203060,비즈니스 지원 용품,3686483376,"7,440억원",CNY
002672,Dongjiang Environmental Co Ltd Class A,52203010,환경 서비스 및 장비,3647626757,"7,362억원",CNY
301221,Wuhan Kotei Informatics Co Ltd Class A,57201020,소프트웨어,3641101759,"7,349억원",CNY
003005,Beijing Jingyeda Technology Co Ltd Class A,57201010,IT 서비스 및 컨설팅,3621233014,"7,309억원",CNY
000488,Shandong Chenming Paper Holdings Ltd Class A,51301020,종이 제품,3601275593,"7,268억원",CNY
002581,Shandong Sinobioway Biomedicine Co Ltd Class A,56201040,제약,3555974809,"7,177억원",CNY
002403,Aishida Co Ltd Class A,53204030,"가전제품, 도구 및 가정 용품",3535828450,"7,136억원",CNY
002766,Shenzhen Soling Industrial Co Ltd Class A,53101020,"자동차, 트럭 및 오토바이 부품",3533966337,"7,133억원",CNY
000931,Beijing Centergate Technologies Holding Co Ltd Class A,56201040,제약,3532165546,"7,129억원",CNY
000701,Xiamen Xinde Co Ltd Class A,52202010,다각적 산업용 제품 도매,3508643807,"7,081억원",CNY
300664,Penyao Environmental Protection Co Ltd Class A,52201020,건설 및 엔지니어링,3500800544,"7,066억원",CNY
003029,Jilin University Zhengyuan Information Technologies Co Ltd Class A,57201010,IT 서비스 및 컨설팅,3494845097,"7,054억원",CNY
003037,Guangdong Sanhe Pile Co Ltd Class A,51202010,건설 자재,3480623879,"7,025억원",CNY
301302,Beijing Huaru Technology Co Ltd Class A,57201010,IT 서비스 및 컨설팅,3463320300,"6,990억원",CNY
300317,Jiawei Renewable Energy Co Ltd Class A,52102030,전기 부품 및 장비,3461885649,"6,987억원",CNY
000546,Jinyuan EP Co Ltd Class A,52203010,환경 서비스 및 장비,3460534766,"6,984억원",CNY
002726,Shandong Longda Meishi Co Ltd Class A,54102020,식품 가공,3457281897,"6,978억원",CNY
002374,Shandong Chiway Industry Development Co Ltd Class A,51302010,용기(종이 제외) 및 포장재,3450965520,"6,965억원",CNY
300683,Wuhan Hiteck Biological Pharma Co Ltd Class A,56201040,제약,3442522483,"6,948억원",CNY
003028,Genbyte Technology Inc Class A,52102030,전기 부품 및 장비,3437265578,"6,937억원",CNY
000926,Hubei Fuxing Science and Technology Co Ltd Class A,60101010,"부동산 임대, 개발 및 운영",3424874264,"6,912억원",CNY
300160,Jiangsu Xiuqiang Glasswork Co Ltd Class A,51101010,상품 화학,3424152074,"6,911억원",CNY
300094,Zhanjiang Guolian Aquatic Products Co Ltd Class A,54102020,식품 가공,3418346777,"6,899억원",CNY
002224,Sanlux Co Ltd Class A,53101030,타이어 및 고무 제품,3409999705,"6,882억원",CNY
002037,Poly Union Chemical Holding Group Co Ltd Class A,52201020,건설 및 엔지니어링,3401701469,"6,866억원",CNY
300530,Hunan Lead Power Technology Group Co Ltd Class A,51101010,상품 화학,3384002647,"6,830억원",CNY
300288,Guiyang Longmaster Information & Technology Co Ltd Class A,57201030,온라인 서비스,3379414020,"6,821억원",CNY
002878,Beijing Yuanlong Yato Culture Dissemination Co Ltd Class A,53403090,기타 전문 소매,3371833526,"6,805억원",CNY
000710,Berry Genomics Co Ltd Class A,56101020,"의료 장비, 물품 및 유통",3365524347,"6,793억원",CNY
002646,Qinghai Huzhu TianYouDe Highland Barley Spirit Co Ltd Class A,54101020,증류주 및 포도주,3362953156,"6,787억원",CNY
300411,Zhejiang Jindun Fans Co Ltd Class A,52102010,산업용 기계 및 장비,3357855258,"6,777억원",CNY
300250,Hangzhou CNCR-IT Co Ltd Class A,57201010,IT 서비스 및 컨설팅,3355866820,"6,773억원",CNY
301633,Wuhan Guide Technology Co Ltd Class A,52102030,전기 부품 및 장비,3350265600,"6,762억원",CNY
000068,Shenzhen Huakong Seg Co Ltd Class A,51202010,건설 자재,3342149260,"6,745억원",CNY
002548,Shenzhen Kingsino Technology Co Ltd Class A,54102010,어업 및 농업,3337539842,"6,736억원",CNY
300366,Troy Information Technology Co Ltd Class A,57201010,IT 서비스 및 컨설팅,3335593064,"6,732억원",CNY
002855,Dongguan Chitwing Technology Co Ltd Class A,57104010,전자 장비 및 부품,3334058297,"6,729억원",CNY
300237,Shandong Meichen Technology Group Co Ltd Class A,53101020,"자동차, 트럭 및 오토바이 부품",3330823488,"6,723억원",CNY
002575,Guangdong Qunxing Toys Joint-stock Co.  Ltd. Class A,60101020,부동산 서비스,3322935000,"6,707억원",CNY
300238,Guanhao Biotech Co Ltd Class A,56101020,"의료 장비, 물품 및 유통",3307337649,"6,675억원",CNY
301129,Runa Smart Equipment Co Ltd Class A,52102010,산업용 기계 및 장비,3300219146,"6,661억원",CNY
000789,Jiangxi Wannianqing Cement Co Ltd Class A,51202010,건설 자재,3293345488,"6,647억원",CNY
002022,Shanghai Kehua Bio-Engineering Co Ltd Class A,56101020,"의료 장비, 물품 및 유통",3289348507,"6,639억원",CNY
002369,Shenzhen Zowee Technology Co Ltd Class A,57102010,통신 및 네트워킹,3277007298,"6,614억원",CNY
300289,Beijing Leadman Biochemistry Co Ltd Class A,56101020,"의료 장비, 물품 및 유통",3274949152,"6,610억원",CNY
300511,Shanghai Xuerong Biotechnology Co Ltd Class A,54102010,어업 및 농업,3268319782,"6,596억원",CNY
300097,Dalian Zhiyun Automation Co Ltd Class A,52102010,산업용 기계 및 장비,3266938959,"6,594억원",CNY
300132,FuJian Nox Bellcow Holdings Co.  Ltd. Class A,54201020,개인 생활 필수 용품,3264791200,"6,589억원",CNY
002175,Guangxi Oriental Intelligent Manufacturing Technology Co Ltd Class A,52102010,산업용 기계 및 장비,3255790854,"6,571억원",CNY
002879,Chang Lan Technology Group Co.  Ltd. Class A,57104010,전자 장비 및 부품,3251932658,"6,563억원",CNY
300546,Shenzhen Emperor Technology Co Ltd Class A,52102010,산업용 기계 및 장비,3248216151,"6,556억원",CNY
002496,Jiangsu Huifeng Bio Agriculture Co Ltd Class A,51101020,농화학제,3226241909,"6,512억원",CNY
002282,BOSUN Co Ltd Class A,52102010,산업용 기계 및 장비,3213713923,"6,486억원",CNY
300032,Jinlong Machinery & Electronic Co Ltd Class A,57104010,전자 장비 및 부품,3148424863,"6,354억원",CNY
002021,Zoje Resources Investment Co Ltd Class A,52102010,산업용 기계 및 장비,3132150586,"6,322억원",CNY
300904,Yinchuan Weili Transmission Technology Co Ltd Class A,52102010,산업용 기계 및 장비,3131298616,"6,320억원",CNY
002313,Sunsea AIoT Technology Co Ltd Class A,57102010,통신 및 네트워킹,3481920000,"7,028억원",CNY
001215,Zhengzhou Qianweiyangchu Food Co Ltd Class A,54102020,식품 가공,3252931732,"6,565억원",CNY
301575,Jiangxi Avonflow HVAC Tech Co Ltd Class A,53203020,건설 자재 및 비품,3176628840,"6,411억원",CNY
002355,Xingmin Intelligent Transportation Systems (Group) Co Ltd Class A,53101020,"자동차, 트럭 및 오토바이 부품",3175284750,"6,409억원",CNY
300941,Chase Science Co Ltd Class A,57107010,통합 하드웨어 및 소프트웨어,3167482500,"6,393억원",CNY
002702,HaiXin Foods Co Ltd Class A,54102020,식품 가공,3156716800,"6,371억원",CNY
300078,Hangzhou Century Co Ltd Class A,57104010,전자 장비 및 부품,3141220966,"6,340억원",CNY
300940,Shen Zhen Australis Electronic Technology Co Ltd Class A,57104010,전자 장비 및 부품,3125926983,"6,309억원",CNY
002278,Shanghai SK Petroleum & Chemical Equipment Corp Ltd Class A,50103020,오일 관련 서비스 및 장비,3124488029,"6,306억원",CNY
300945,Mclon Jewellery Co Ltd Class A,53403040,의류 및 액세서리 소매,3123893818,"6,305억원",CNY
300051,Lians Technology Co Ltd Class A,57102010,통신 및 네트워킹,3117508242,"6,292억원",CNY
002561,Shanghai Xujiahui Commercial Co Ltd Class A,53402010,백화점,3114064870,"6,285억원",CNY
300329,Hailun Piano Co Ltd Class A,53205020,오락용 제품,3108003106,"6,273억원",CNY
000897,Tianjin Jinbin Development Co Ltd Class A,60101010,"부동산 임대, 개발 및 운영",3105162689,"6,267억원",CNY
300891,Guangdong Huiyun Titanium Industry Co Ltd Class A,51101010,상품 화학,3100064689,"6,257억원",CNY
300148,Tangel Culture Co Ltd Class A,53302040,소비자 출판,3094394789,"6,245억원",CNY
002329,Royal Group Co Ltd Class A,54102020,식품 가공,3079894745,"6,216억원",CNY
002869,Shenzhen Genvict Technologies Co Ltd Class A,57107010,통합 하드웨어 및 소프트웨어,3078320843,"6,213억원",CNY
002908,Guangdong Tecsun Science & Technology Co Ltd Class A,57201020,소프트웨어,3076110787,"6,209억원",CNY
300512,Hangzhou Zhongya Machinery Co Ltd Class A,52102010,산업용 기계 및 장비,3061095565,"6,178억원",CNY
300020,Enjoyor Technology Co Ltd Class A,57201010,IT 서비스 및 컨설팅,3059510200,"6,175억원",CNY
301089,Tuoxin Pharmaceutical Group Co Ltd Class A,56201040,제약,3057315120,"6,171억원",CNY
300575,Jiangsu Flag Chemical Industry Co Ltd Class A,51101020,농화학제,3053375171,"6,163억원",CNY
002425,Kaiser (China) Culture Co Ltd Class A,57201020,소프트웨어,3051761561,"6,159억원",CNY
300810,Beijing Zhongkehaixun Digital S&T Co Ltd Class A,52101010,항공우주 및 방위,3051592500,"6,159억원",CNY
002476,Shandong Newleaf Chemical Co Ltd Class A,51101030,특수 화학제,3047760000,"6,151억원",CNY
300247,Youngy Health Co Ltd Class A,56101020,"의료 장비, 물품 및 유통",3039272383,"6,134억원",CNY
301042,Zhuhai Raysharp Technology Co Ltd Class A,57102010,통신 및 네트워킹,3035899321,"6,127억원",CNY
300025,Hangzhou Huaxing Chuangye Communication Technology Co Ltd Class A,57401020,무선 통신 서비스,3032405815,"6,120억원",CNY
002663,Pubang Landscape Architecture Co Ltd Class A,52201020,건설 및 엔지니어링,2998627089,"6,052억원",CNY
002542,China Zhonghua Geotechnical Engineering Group Co Ltd Class A,52201020,건설 및 엔지니어링,2998153785,"6,051억원",CNY
300187,Yonker Environmental Protection Co Ltd Class A,52203010,환경 서비스 및 장비,2982774402,"6,020억원",CNY
300056,Xiamen Zhongchuang Environmental Technology Co Ltd Class A,52203010,환경 서비스 및 장비,2979841124,"6,014억원",CNY
300982,Suwen Electric Energy Technology Co Ltd Class A,52201020,건설 및 엔지니어링,2978228451,"6,011억원",CNY
300636,Jiangxi Synergy Pharmaceutical Co Ltd Class A,56201040,제약,2952259010,"5,959억원",CNY
300266,Xingyuan Environment Technology Co Ltd Class A,52102010,산업용 기계 및 장비,2952233897,"5,958억원",CNY
300157,New JCM Group Co Ltd Class A,50103020,오일 관련 서비스 및 장비,2942120618,"5,938억원",CNY
000635,Ningxia Younglight Chemicals Co Ltd Class A,51101010,상품 화학,2940236828,"5,934억원",CNY
301255,Zhejiang TongLi Transmission Technology Co Ltd Class A,52102010,산업용 기계 및 장비,2936729600,"5,927억원",CNY
002722,Wuchan Zhongda Geron Co Ltd Class A,51201020,철 및 강철,2928639372,"5,911억원",CNY
000802,Beijing Jingxi Culture & Tourism Co Ltd Class A,53302030,엔터테인먼트 제작,2920873040,"5,895억원",CNY
002398,Lets Holding Group Co Ltd Class A,51202010,건설 자재,2911420618,"5,876억원",CNY
300659,Zhongfu Information Inc Class A,57201020,소프트웨어,2911186786,"5,876억원",CNY
001239,Xiangtan Yongda Machinery Manufacturing Co Ltd Class A,52102010,산업용 기계 및 장비,2901600000,"5,856억원",CNY
301173,Shanghai Mobitech Technology Co Ltd Class A,53101020,"자동차, 트럭 및 오토바이 부품",2898547476,"5,850억원",CNY
002168,Chongqing Hifuture Information Technology Co Ltd Class A,52102030,전기 부품 및 장비,2893562828,"5,840억원",CNY
002551,Shenzhen Glory Medical Co Ltd Class A,56101020,"의료 장비, 물품 및 유통",2874681565,"5,802억원",CNY
300510,Jilin Jinguan Electric Co Ltd Class A,52102040,중전기장비,2861676729,"5,776억원",CNY
000669,Jinhong Holding Group Co Ltd Class A,50103030,오일 및 가스 수송 서비스,2823696508,"5,699억원",CNY
002659,Beijing Kaiwen Education Technology Co Ltd Class A,63101010,기타 교육 서비스 제공,2811917805,"5,675억원",CNY
300477,Hezong Science&Technology Co Ltd Class A,52102030,전기 부품 및 장비,2808688960,"5,669억원",CNY
300653,Yantai Zhenghai Bio-Tech Co Ltd Class A,56101020,"의료 장비, 물품 및 유통",2790000000,"5,631억원",CNY
300423,Sunfly Intelligent Technology Co Ltd Class A,52102030,전기 부품 및 장비,2781088111,"5,613억원",CNY
300365,Beijing Forever Technology Co Ltd Class A,57201010,IT 서비스 및 컨설팅,2777330821,"5,605억원",CNY
002343,Ciwen Media Co Ltd Class A,53302030,엔터테인먼트 제작,2775766476,"5,602억원",CNY
300052,Shenzhen Zqgame Co Ltd Class A,57201010,IT 서비스 및 컨설팅,2775702326,"5,602억원",CNY
002234,Shandong Minhe Animal Husbandry Co Ltd Class A,54102020,식품 가공,2770744083,"5,592억원",CNY
300771,Shenzhen Zhilai Sci and Tech Co Ltd Class A,52102010,산업용 기계 및 장비,2755200000,"5,561억원",CNY
301296,Shandong Newjf Technology Packaging Co Ltd Class A,51302020,종이 포장재,2753367350,"5,557억원",CNY
002547,Suzhou Chunxing Precision Mechanical Co Ltd Class A,53101020,"자동차, 트럭 및 오토바이 부품",2684776060,"5,419억원",CNY
300484,ShenZhen V&T Technologies Co Ltd Class A,52102030,전기 부품 및 장비,2713847090,"5,477억원",CNY
300942,Shenzhen Bioeasy Biotechnology Co Ltd Class A,56101020,"의료 장비, 물품 및 유통",2701869560,"5,453억원",CNY
002574,Zhejiang Ming Jewelry Co Ltd Class A,53202020,의류 및 액세서리,2698080000,"5,446억원",CNY
002323,Shandong Yabo Technology Co Ltd Class A,52201020,건설 및 엔지니어링,2693486030,"5,436억원",CNY
300359,QTONE EDUCATION GROUP (GUANGDONG) CO.  LTD Class A,57201020,소프트웨어,2672667041,"5,394억원",CNY
300335,Guangzhou Devotion Thermal Technology Co Ltd Class A,52203010,환경 서비스 및 장비,2652188877,"5,353억원",CNY
000826,Tus Environmental Science and Technology Development Co Ltd Class A,52203010,환경 서비스 및 장비,2651157041,"5,351억원",CNY
003038,Anhui Xinbo Aluminum Co Ltd Class A,51201030,알루미늄,2647162502,"5,343억원",CNY
301278,QC Solar Corp Class A,50201010,재생 가능 에너지 장비 및 서비스,2643698974,"5,336억원",CNY
301103,Liaoning He Eye Hospital Group Co Ltd Class A,56102010,의료 시설 및 서비스,2615338095,"5,279억원",CNY
300175,Lontrue Co Ltd Class A,54102020,식품 가공,2608232000,"5,264억원",CNY
301418,Jiangsu Xiechang Electronic Technology Group Co Ltd Class A,57104010,전자 장비 및 부품,2578400023,"5,204억원",CNY
300269,Shenzhen Liantronics Co Ltd Class A,57104010,전자 장비 및 부품,2570786396,"5,189억원",CNY
300334,Tianjin MOTIMO Membrane Technology Group Co Ltd Class A,52203010,환경 서비스 및 장비,2570576180,"5,188억원",CNY
002769,Guangdong Prolto Supply Chain Management Co Ltd Class A,52203040,경영 지원 서비스,2568428212,"5,184억원",CNY
300703,Cre8 Direct Ningbo Co Ltd Class A,52203060,비즈니스 지원 용품,2561564128,"5,170억원",CNY
301152,Tianli Lithium Energy Group Co Ltd Class A,51101030,특수 화학제,2561221951,"5,169억원",CNY
002729,Hollyland China Electronics Technology Corp Ltd Class A,52102030,전기 부품 및 장비,2557919482,"5,163억원",CNY
002982,Hunan Xiangjia Animal Husbandry Co Ltd Class A,54102020,식품 가공,2556181589,"5,159억원",CNY
000055,China Fangda Group Co Ltd Class A,53203020,건설 자재 및 비품,2555730175,"5,158억원",CNY
300155,Guangdong Anjubao Digital Technology Co Ltd Class A,57102010,통신 및 네트워킹,2536749403,"5,120억원",CNY
300565,Shenzhen Kexin Communication Technologies Co Ltd Class A,57102010,통신 및 네트워킹,2504537258,"5,055억원",CNY
000838,CASIN Real Estate Development Group Co Ltd Class A,60101010,"부동산 임대, 개발 및 운영",2498049126,"5,042억원",CNY
002661,Chen Ke Ming Food Manufacturing Co Ltd Class A,54102020,식품 가공,2496855297,"5,039억원",CNY
300616,Guangzhou Shangpin Home Collection Co Ltd Class A,53204040,가정용 가구,2494372538,"5,034억원",CNY
300796,Bsm Chemical Co Ltd Class A,51101020,농화학제,2488274388,"5,022억원",CNY
300150,Beijing Century Real Technology Co Ltd Class A,57102010,통신 및 네트워킹,2486700725,"5,019억원",CNY
301052,Goldmye Inc Class A,53302040,소비자 출판,2464087541,"4,973억원",CNY
301117,Jiayuan Science and Technology Co Ltd Class A,57107010,통합 하드웨어 및 소프트웨어,2450328721,"4,945억원",CNY
002977,Chengdu Tianjian Technology Co Ltd Class A,52101010,항공우주 및 방위,2437234800,"4,919억원",CNY
300340,Jiangmen Kanhoo Industry Co Ltd Class A,51101010,상품 화학,2435550081,"4,916억원",CNY
002431,Palm Eco-Town Development Co Ltd Class A,52201020,건설 및 엔지니어링,2415222385,"4,875억원",CNY
002114,Yunnan Luoping Zinc & Electricity Co Ltd Class A,51201050,특수 채굴 및 금속,2383423118,"4,810억원",CNY
301372,Beijing Sys Science & Technology Co Ltd Class A,59103010,수자원 유틸리티,2338285763,"4,719억원",CNY
300295,Everyday Network Co Ltd Class A,57201030,온라인 서비스,2322767997,"4,688억원",CNY
002253,Wisesoft Co Ltd Class A,57201020,소프트웨어,2317179996,"4,677억원",CNY
002802,Wuxi Honghui New Materials Technology Co Ltd Class A,51101030,특수 화학제,2240199200,"4,521억원",CNY
300422,Guangxi Bossco Environmental Protection Technology Co Ltd Class A,59103010,수자원 유틸리티,2204926007,"4,450억원",CNY
002622,Whole Shine Medical Technology Co Ltd Class A,56102010,의료 시설 및 서비스,2200800000,"4,442억원",CNY
300074,AVCON Information Technology Co Ltd Class A,57201010,IT 서비스 및 컨설팅,2179265616,"4,398억원",CNY
300205,Wuhan Tianyu Information Industry Co Ltd Class A,57101010,반도체,2167482240,"4,375억원",CNY
002620,Shenzhen Ruihe Construction Decoration Co Ltd Class A,53403020,주택 개조 제품 및 서비스 소매,2155490740,"4,350억원",CNY
002247,Zhejiang Juli Culture Development Co Ltd Class A,53204040,가정용 가구,2093140321,"4,225억원",CNY
300081,Hengxin Shambala Culture Co Ltd Class A,57201020,소프트웨어,2092592143,"4,223억원",CNY
000605,Bohai Water Industry Co Ltd Class A,59103010,수자원 유틸리티,2084212326,"4,207억원",CNY
002656,Modern Avenue Group Co Ltd Class A,53202020,의류 및 액세서리,1995055563,"4,027억원",CNY
000856,Tangshan Jidong Equipment and Engineering Co Ltd Class A,52102010,산업용 기계 및 장비,1990790000,"4,018억원",CNY
002910,Lanzhou Zhuangyuan Pasture Co Ltd Class A,54102020,식품 가공,1987237800,"4,011억원",CNY
300396,Dirui Industrial Co Ltd Class A,56101020,"의료 장비, 물품 및 유통",1963441159,"3,963억원",CNY
301519,An Hui Shun Yu Water Co Ltd Class A,52102010,산업용 기계 및 장비,1939714548,"3,915억원",CNY
002630,China Western Power Industrial Co Ltd Class A,52201020,건설 및 엔지니어링,1936512000,"3,908억원",CNY
300245,Shanghai DragonNet Technology Co Ltd Class A,57201010,IT 서비스 및 컨설팅,1903511807,"3,842억원",CNY
002514,Jiangsu Boamax Technologies Group Co Ltd Class A,52102010,산업용 기계 및 장비,1872089086,"3,778억원",CNY
002494,Huasi Holding Co Ltd Class A,53202020,의류 및 액세서리,1848822518,"3,731억원",CNY
000010,Shenzhen Ecobeauty Co Ltd Class A,52201020,건설 및 엔지니어링,1804954098,"3,643억원",CNY
000639,Xiwang Foodstuffs Co Ltd Class A,54102020,식품 가공,1716290671,"3,464억원",CNY
002717,LingNan Eco & Culture-Tourism Co Ltd Class A,52201020,건설 및 엔지니어링,1674614873,"3,380억원",CNY
002227,Autosun Electric SZ Inc Class A,52102030,전기 부품 및 장비,1600827858,"3,231억원",CNY
300430,Beijing Chieftain Control Technology Group Co Ltd Class A,52102010,산업용 기계 및 장비,1307894153,"2,640억원",CNY
300152,Xiong an New Power Technology Co Ltd Class A,52203010,환경 서비스 및 장비,1204632000,"2,431억원",CNY
300082,Liaoning Oxiranchem Inc Class A,51101030,특수 화학제,5835242556,"1조 1,777억원",CNY
000016,Konka Group Co Ltd Class A,57106030,가정용 전자 제품,3927620748,"7,927억원",CNY
301030,Suzhou Shijing Environmental Technology Co Ltd Class A,52203010,환경 서비스 및 장비,1161680314,"2,345억원",CNY
