Symbol,Name,IndustryCode,Industry,MarketCapLocal,MarketCapKrwText,Currency
601288,Agricultural Bank of China Ltd Class A,55101010,은행,2196400170146,"443조 2,994억원",CNY
601398,Industrial and Commercial Bank of China Ltd Class A,55101010,은행,2189251165817,"441조 8,566억원",CNY
601857,PetroChina Company Limited Class A,50102010,통합 오일 및 가스,1747139219656,"352조 6,251억원",CNY
601988,Bank of China Ltd Class A,55101010,은행,1586624400536,"320조 2,284억원",CNY
600519,Kweichow Moutai Co.  Ltd. Class A,54101020,증류주 및 포도주,1567352311334,"316조 3,387억원",CNY
601138,Foxconn Industrial Internet Co Ltd Class A,57102010,통신 및 네트워킹,1256131041577,"253조 5,249억원",CNY
601088,China Shenhua Energy Co Ltd Class A,50101010,석탄,870000853963,"175조 5,923억원",CNY
600036,China Merchants Bank Co.  Ltd. Class A,55101010,은행,842073511592,"169조 9,557억원",CNY
601628,China Life Insurance Co Ltd Class A,55301030,생명 및 건강 보험,805662375700,"162조 6,068억원",CNY
688256,Cambricon Technologies Corp Ltd Class A,57101010,반도체,704945342968,"142조 2,791억원",CNY
600900,China Yangtze Power Co Ltd Class A,59101010,전력 유틸리티,685599460402,"138조 3,745억원",CNY
601899,Zijin Mining Group Co Ltd Class A,51201060,금,647102322527,"130조 6,047억원",CNY
688041,Hygon Information Technology Co Ltd Class A,57101010,반도체,595030551296,120조 950억원,CNY
601318,Ping An Insurance (Group) Company of China  Ltd. Class A,55301030,생명 및 건강 보험,580547144420,"117조 1,718억원",CNY
601658,Postal Savings Bank of China Co Ltd Class A,55101010,은행,534273265002,"107조 8,324억원",CNY
600028,China Petroleum and Chemical Corporation Class A,50102030,"오일, 가스 정제 및 마케팅",515275266397,"103조 9,980억원",CNY
601728,China Telecom Corp Ltd Class A,57401010,통합 통신 서비스,475093939638,"95조 8,882억원",CNY
603259,WuXi AppTec Co.  Ltd. Class A,56202010,생명 공학 및 의학 연구,415140089291,"83조 7,877억원",CNY
601328,Bank of Communications Co Ltd Class A,55101010,은행,402807008027,"81조 2,985억원",CNY
601166,Industrial Bank Co.  Ltd. Class A,55101010,은행,378603556688,"76조 4,136억원",CNY
601998,China Citic Bank Corp Ltd Class A,55101010,은행,368497513554,"74조 3,739억원",CNY
600183,Shengyi Technology Co Ltd Class A,57104010,전자 장비 및 부품,348440576462,"70조 3,258억원",CNY
688012,Advanced Micro-Fabrication Equipment Inc China Class A,57101020,반도체 장비 및 테스트,335302292341,"67조 6,741억원",CNY
600030,CITIC Securities Company Limited Class A,55102010,투자 은행 및 중개 서비스,328070637601,"66조 2,145억원",CNY
688981,Semiconductor Manufacturing International Corp Class A,57101010,반도체,311873257957,"62조 9,454억원",CNY
603993,CMOC Group Limited Class A,51201050,특수 채굴 및 금속,310977599155,"62조 7,646억원",CNY
600150,China CSSC Holdings Ltd Class A,52102050,조선,301927926075,"60조 9,381억원",CNY
600000,Shanghai Pudong Development Bank Co.  Ltd. Class A,55101010,은행,301084778232,"60조 7,679억원",CNY
600276,Jiangsu Hengrui Pharmaceuticals Co Ltd Class A,56201040,제약,291647983967,"58조 8,633억원",CNY
601319,People's Insurance Company Group of China Ltd Class A,55301020,손해보험,290016671283,"58조 5,341억원",CNY
603986,GigaDevice Semiconductor Inc Class A,57101010,반도체,269695839287,"54조 4,327억원",CNY
688008,Montage Technology Co.  Ltd. Class A,57101010,반도체,253943113693,"51조 2,533억원",CNY
601225,Shaanxi Coal Industry Co Ltd Class A,50101010,석탄,252360850000,"50조 9,340억원",CNY
601211,Guotai Haitong Securities Co Ltd Class A,55102010,투자 은행 및 중개 서비스,249273529351,"50조 3,109억원",CNY
601816,Beijing-Shanghai High Speed Railway Co Ltd Class A,52407030,고속도로 및 철도,231907720214,"46조 8,059억원",CNY
601939,China Construction Bank Corp Class A,55101010,은행,231319032443,"46조 6,871억원",CNY
603268,Guangdong Songfa Ceramics Co Ltd Class A,52102050,조선,223099010079,45조 281억원,CNY
600919,Bank of Jiangsu Co.  Ltd. Class A,55101010,은행,221867512758,"44조 7,795억원",CNY
600309,Wanhua Chemical Group Co Ltd Class A,51101010,상품 화학,221199125093,"44조 6,446억원",CNY
601601,China Pacific Insurance (Group) Co.  Ltd. Class A,55301030,생명 및 건강 보험,220068082778,"44조 4,163억원",CNY
688498,Yuanjie Semiconductor Technology Co Ltd Class A,57101010,반도체,218261610919,44조 517억원,CNY
688072,Piotech Inc Class A,57101020,반도체 장비 및 테스트,211083500644,"42조 6,030억원",CNY
601919,COSCO Shipping Holdings Co Ltd Class A,52405020,해양 화물 및 물류,207936252140,"41조 9,678억원",CNY
603288,Foshan Haitian Flavouring and Food Co Ltd Class A,54102020,식품 가공,190646249883,"38조 4,781억원",CNY
601869,Yangtze Optical Fibre and Cable Joint Stock Ltd Co Class A,57102010,통신 및 네트워킹,185534074172,"37조 4,463억원",CNY
601985,China National Nuclear Power Co Ltd Class A,59101020,민자 발전 사업,182232498376,"36조 7,800억원",CNY
600176,China Jushi Co Ltd Class A,51202010,건설 자재,182022627022,"36조 7,376억원",CNY
600487,Hengtong Optic-Electric Co Ltd Class A,57102010,통신 및 네트워킹,180046634761,"36조 3,388억원",CNY
600025,Huaneng Lancang River Hydropower Inc Class A,59101020,민자 발전 사업,179231126752,"36조 1,742억원",CNY
600406,NARI Technology Co Ltd Class A,57201010,IT 서비스 및 컨설팅,178545939348,36조 359억원,CNY
601668,China State Construction Engineering Corp Ltd Class A,52201020,건설 및 엔지니어링,177677678909,"35조 8,607억원",CNY
601872,China Merchants Energy Shipping Co Ltd Class A,52405020,해양 화물 및 물류,173441087023,35조 56억원,CNY
600989,Ningxia Baofeng Energy Group Co Ltd Class A,51101010,상품 화학,170207285600,"34조 3,529억원",CNY
600887,Inner Mongolia Yili Industrial Group Co.  Ltd. Class A,54102020,식품 가공,169329905056,"34조 1,759억원",CNY
600930,Huadian New Energy Group Corp Ltd Class A,59101020,민자 발전 사업,165188571427,"33조 3,400억원",CNY
601066,China Securities Co Ltd Class A,55102010,투자 은행 및 중개 서비스,154402100502,"31조 1,630억원",CNY
600031,Sany Heavy Industry Co Ltd Class A,52102020,중장비 및 차량,150166191456,"30조 3,080억원",CNY
601009,Bank of Nanjing Co Ltd Class A,55101010,은행,145519186474,"29조 3,701억원",CNY
601766,Crrc Corp Ltd Class A,52102020,중장비 및 차량,145480232327,"29조 3,623억원",CNY
688082,ACM Research (Shanghai) Inc Class A,57101020,반도체 장비 및 테스트,140052710884,"28조 2,668억원",CNY
603256,Grace Fabric Technology Co Ltd Class A,57104010,전자 장비 및 부품,144028253773,29조 692억원,CNY
601818,China Everbright Bank Co Ltd Class A,55101010,은행,139684514839,"28조 1,925억원",CNY
688347,Hua Hong Grace Semiconductor Ltd Class A,57101010,반도체,138287674472,"27조 9,106억원",CNY
600809,Shanxi Xinghuacun Fen Wine Factory Co Ltd Class A,54101020,증류주 및 포도주,138099949930,"27조 8,727억원",CNY
600111,China Northern Rare Earth (Group) High-Tech Co Ltd Class A,51201010,금 제외 귀금속 및 광물,137010995412,"27조 6,529억원",CNY
601229,Bank of Shanghai Co Ltd Class A,55101010,은행,135412139164,"27조 3,302억원",CNY
601688,Huatai Securities Co.  Ltd. Class A,55102010,투자 은행 및 중개 서비스,134975400418,"27조 2,421억원",CNY
688702,Suzhou Centec Communications Co Ltd Class A,57101010,반도체,134480000000,"27조 1,421억원",CNY
600999,China Merchants Securities Co Ltd Class A,55102010,투자 은행 및 중개 서비스,133670314949,"26조 9,787억원",CNY
688361,Skyverse Technology Co Ltd Class A,52102010,산업용 기계 및 장비,133371255042,"26조 9,183억원",CNY
600050,China United Network Communications Ltd Class A,57401010,통합 통신 서비스,131623230627,"26조 5,655억원",CNY
601898,China Coal Energy Co Ltd Class A,50101010,석탄,130232965692,"26조 2,849억원",CNY
600584,JCET Group Co Ltd Class A,57101010,반도체,129267308537,26조 900억원,CNY
600104,SAIC Motor Corp Ltd Class A,53101010,자동차 및 트럭 제조,127252721969,"25조 6,834억원",CNY
600760,Avic Shenyang Aircraft Co Ltd Class A,52101010,항공우주 및 방위,126749694860,"25조 5,819억원",CNY
688120,Hwatsing Technology Co Ltd Class A,57101020,반도체 장비 및 테스트,126526952618,"25조 5,369억원",CNY
600522,Jiangsu Zhongtian Technology Co Ltd Class A,57102010,통신 및 네트워킹,125869583166,"25조 4,043억원",CNY
600019,Baoshan Iron & Steel Co Ltd Class A,51201020,철 및 강철,124811345612,"25조 1,907억원",CNY
600690,Haier Smart Home Co Ltd Class A,53204030,"가전제품, 도구 및 가정 용품",124805435885,"25조 1,895억원",CNY
600018,Shanghai International Port (Group) Co.  Ltd. Class A,52407020,항만 운영 및 서비스,124780588301,"25조 1,845억원",CNY
600016,China Minsheng Banking Corp.  Ltd. Class A,55101010,은행,124117431246,25조 506억원,CNY
603019,Dawning Information Industry Co Ltd Class A,57106010,컴퓨터 하드웨어,123882013431,25조 31억원,CNY
601100,Jiangsu Hengli Hydraulic Co.  Ltd. Class A,52102010,산업용 기계 및 장비,123878451451,25조 24억원,CNY
600926,Bank of Hangzhou Co.  Ltd. Class A,55101010,은행,123812963520,"24조 9,892억원",CNY
601600,Aluminum Corporation of China Ltd Class A,51201030,알루미늄,122464049061,"24조 7,169억원",CNY
601336,New China Life Insurance Co Ltd Class A,55301030,생명 및 건강 보험,122373580471,"24조 6,987억원",CNY
600188,Yankuang Energy Group Company Limited Class A,50101010,석탄,121313513607,"24조 4,847억원",CNY
601169,Bank of Beijing Co Ltd Class A,55101010,은행,116709273181,"23조 5,554억원",CNY
600346,Hengli Petrochemical Co Ltd Class A,51101010,상품 화학,116426710460,"23조 4,984억원",CNY
600886,SDIC Power Holdings Co Ltd Class A,59101020,민자 발전 사업,114464267947,"23조 1,023억원",CNY
600489,Zhongjin Gold Corp Ltd Class A,51201060,금,113766425877,"22조 9,615억원",CNY
600547,Shandong Gold Mining Co Ltd Class A,51201060,금,113674243263,"22조 9,429억원",CNY
603296,Huaqin Co. Ltd. Class A,57106010,컴퓨터 하드웨어,113623729927,"22조 9,327억원",CNY
688146,Peric Special Gases Co Ltd Class A,51101010,상품 화학,113617058887,"22조 9,313억원",CNY
688521,VeriSilicon Microelectronics (Shanghai) Co.  Ltd. Class A,57101010,반도체,109406154242,22조 814억원,CNY
600660,Fuyao Glass Industry Group Co Ltd Class A,53101020,"자동차, 트럭 및 오토바이 부품",107700575072,"21조 7,372억원",CNY
688111,Beijing Kingsoft Office Software  Inc. Class A,57201020,소프트웨어,107335587784,"21조 6,635억원",CNY
603228,Shenzhen Kinwong Electronic Co Ltd Class A,57101010,반도체,106246928646,"21조 4,438억원",CNY
600893,AECC Aviation Power Co Ltd Class A,52101010,항공우주 및 방위,105690811537,"21조 3,316억원",CNY
605117,Ningbo Deye Technology Corp Class A,50201010,재생 가능 에너지 장비 및 서비스,104888772746,"21조 1,697억원",CNY
600905,China Three Gorges Renewables Group Co Ltd Class A,59101010,전력 유틸리티,104059046517,21조 22억원,CNY
688525,Biwin Storage Technology Co Ltd Class A,57101010,반도체,103577451819,"20조 9,050억원",CNY
688506,Sichuan Biokin Pharmaceutical Co.  Ltd. Class A,56201040,제약,103557010780,"20조 9,009억원",CNY
601888,China Tourism Group Duty Free Corp Ltd Class A,52407010,공항 운영 및 서비스,102055896685,"20조 5,979억원",CNY
688183,Shengyi Electronics Co Ltd Class A,57101010,반도체,101674255509,"20조 5,209억원",CNY
601698,China Satellite Communications Co Ltd Class A,57401020,무선 통신 서비스,101385249888,"20조 4,626억원",CNY
603501,OmniVision Integrated Circuits Group Inc Class A,57101010,반도체,100033120708,"20조 1,897억원",CNY
600015,Hua Xia Bank Co Ltd Class A,55101010,은행,99309153640,20조 436억원,CNY
600938,CNOOC Ltd Class A,50102010,통합 오일 및 가스,98939100000,"19조 9,689억원",CNY
600673,Guangdong HEC Technology Holding Co Ltd Class A,51201030,알루미늄,96787290697,"19조 5,346억원",CNY
600010,Inner Mongolia BaoTou Steel Union Co Ltd Class A,51201020,철 및 강철,95879189850,"19조 3,513억원",CNY
600362,Jiangxi Copper Co Ltd Class A,51201050,특수 채굴 및 금속,93593657966,"18조 8,900억원",CNY
601006,Daqin Railway Co Ltd Class A,52405030,지상 화물 및 물류,93554224984,"18조 8,820억원",CNY
600160,Zhejiang Juhua Co Ltd Class A,51101010,상품 화학,93438211863,"18조 8,586억원",CNY
600795,Gd Power Development Co Ltd Class A,59101010,전력 유틸리티,92566863036,"18조 6,828억원",CNY
601111,Air China Limited Class A,52406010,항공사,92134115623,"18조 5,954억원",CNY
600089,Tbea Co Ltd Class A,52102040,중전기장비,92011352718,"18조 5,707억원",CNY
600026,COSCO Shipping Energy Transportation Co Ltd Class A,50103030,오일 및 가스 수송 서비스,91478942640,"18조 4,632억원",CNY
601633,Great Wall Motor Co Ltd Class A,53101010,자동차 및 트럭 제조,88449473281,"17조 8,518억원",CNY
601390,China Railway Group Ltd Class A,52201020,건설 및 엔지니어링,87596096618,"17조 6,795억원",CNY
603893,Rockchip Electronics Co Ltd Class A,57101010,반도체,92160665190,"18조 6,008억원",CNY
601881,China Galaxy Securities Co Ltd Class A,55102010,투자 은행 및 중개 서비스,88224826648,"17조 8,064억원",CNY
601168,Western Mining Co Ltd Class A,51201050,특수 채굴 및 금속,87622910000,"17조 6,849억원",CNY
600941,China Mobile Ltd Class A,57401010,통합 통신 서비스,87071960772,"17조 5,737억원",CNY
688002,Raytron Technology Co Ltd Class A,57101010,반도체,86964687883,"17조 5,521억원",CNY
601012,LONGi Green Energy Technology Co.  Ltd. Class A,50201010,재생 가능 에너지 장비 및 서비스,86238426904,"17조 4,055억원",CNY
601825,Shanghai Rural Commercial Bank Co Ltd Class A,55101010,은행,85642666672,"17조 2,853억원",CNY
601868,China Energy Engineering Corp Ltd Class A,52201020,건설 및 엔지니어링,84995925800,"17조 1,547억원",CNY
688271,Shanghai United Imaging Healthcare Co.  Ltd. Class A,56101010,첨단 의료 장비 및 기술,84360811652,17조 265억원,CNY
601727,Shanghai Electric Group Co Ltd Class A,52102040,중전기장비,84272472768,17조 87억원,CNY
688126,National Silicon Industry Group Co Ltd Class A,57101010,반도체,81766278743,"16조 5,029억원",CNY
688396,China Resources Microelectronics Ltd Class A,57101010,반도체,81631828393,"16조 4,758억원",CNY
601838,Bank of Chengdu Co Ltd Class A,55101010,은행,80487887410,"16조 2,449억원",CNY
600482,China Shipbuilding Industry Group Power Co Ltd Class A,52102040,중전기장비,80159826645,"16조 1,787억원",CNY
601689,Ningbo Tuopu Group Co Ltd Class A,53101020,"자동차, 트럭 및 오토바이 부품",79436464362,16조 327억원,CNY
601669,Power Construction Corporation of China Ltd Class A,52201020,건설 및 엔지니어링,79412594530,16조 278억원,CNY
688200,Beijing Huafeng Test & Control Technology Co Ltd Class A,57101020,반도체 장비 및 테스트,78353334489,"15조 8,141억원",CNY
600549,Xiamen Tungsten Co Ltd Class A,51201050,특수 채굴 및 금속,78331484655,"15조 8,096억원",CNY
605499,Eastroc Beverage (Group) Co Ltd Class A,54101030,무알콜 음료,78046151105,"15조 7,521억원",CNY
601127,Seres Group Co.  Ltd. Class A,53101010,자동차 및 트럭 제조,78042231589,"15조 7,513억원",CNY
600674,Sichuan Chuantou Energy Co Ltd Class A,59101010,전력 유틸리티,77652486770,"15조 6,726억원",CNY
600039,Sichuan Road & Bridge Group Co Ltd Class A,52201020,건설 및 엔지니어링,76260329957,"15조 3,916억원",CNY
600011,Huaneng Power International Inc Class A,59101020,민자 발전 사업,74784427449,15조 937억원,CNY
688313,Henan Shijia Photons Technology Co Ltd Class A,57101010,반도체,74487346854,15조 338억원,CNY
600236,Guangxi Guiguan Electric Power Co Ltd Class A,59101010,전력 유틸리티,74409646451,15조 181억원,CNY
600875,Dongfang Electric Corp Ltd Class A,50201010,재생 가능 에너지 장비 및 서비스,74215266732,"14조 9,789억원",CNY
688469,United Nova Technology Co Ltd Class A,57101010,반도체,73683820242,"14조 8,716억원",CNY
688519,Nanya New Material Technology Co Ltd Class A,57104010,전자 장비 및 부품,73587960302,"14조 8,523억원",CNY
688249,Nexchip Semiconductor Corp Class A,57101010,반도체,73503116479,"14조 8,351억원",CNY
688729,Beijing E-Town Semiconductor Technology Co Ltd Class A,57101020,반도체 장비 및 테스트,73179665600,"14조 7,699억원",CNY
688037,Kingsemi Co Ltd Class A,57101020,반도체 장비 및 테스트,73059253389,"14조 7,455억원",CNY
600436,Zhangzhou Pientzehuang Pharmaceutical Co Ltd Class A,56201040,제약,72892785312,"14조 7,120억원",CNY
600988,Chifeng Jilong Gold Mining Group Limited Class A,51201060,금,70549842427,"14조 2,391억원",CNY
600118,China Spacesat Co Ltd Class A,52101010,항공우주 및 방위,69554010921,14조 381억원,CNY
601186,China Railway Construction Corp Ltd Class A,52201020,건설 및 엔지니어링,69479602820,14조 231억원,CNY
603799,Zhejiang Huayou Cobalt Co Ltd Class A,51201050,특수 채굴 및 금속,69416718773,14조 104억원,CNY
601800,China Communications Construction Co Ltd Class A,52201020,건설 및 엔지니어링,69120518235,"13조 9,506억원",CNY
601991,Datang International Power Generation Co Ltd Class A,59101020,민자 발전 사업,69046216320,"13조 9,356억원",CNY
603195,Goneo Group Co Ltd Class A,52102030,전기 부품 및 장비,68512913882,"13조 8,280억원",CNY
600585,Anhui Conch Cement Company Limited Class A,51202010,건설 자재,68094115953,"13조 7,434억원",CNY
600048,Poly Developments and Holdings Group Co Ltd Class A,60101010,"부동산 임대, 개발 및 운영",67992118614,"13조 7,228억원",CNY
601958,Jinduicheng Molybdenum Co Ltd Class A,51201050,특수 채굴 및 금속,67726426356,"13조 6,692억원",CNY
688172,Beijing YanDong Micro Electronic Co Ltd Class A,57101010,반도체,67069498197,"13조 5,366억원",CNY
600023,Zhejiang Zheneng Electric Power Co Ltd Class A,59101020,민자 발전 사업,67043663745,"13조 5,314억원",CNY
600958,Orient Securities Company Limited Class A,55102010,투자 은행 및 중개 서비스,67001261290,"13조 5,229억원",CNY
600029,China Southern Airlines Co Ltd Class A,52406010,항공사,66845786993,"13조 4,915억원",CNY
601018,Ningbo Zhoushan Port Co Ltd Class A,52407020,항만 운영 및 서비스,66534008325,"13조 4,286억원",CNY
600105,Jiangsu Etern Co Ltd Class A,52102030,전기 부품 및 장비,66389183959,"13조 3,993억원",CNY
688432,GRINM Semiconductor Materials Co Ltd Class A,57101010,반도체,65715865656,"13조 2,634억원",CNY
600601,Founder Technology Group Co Ltd Class A,57101010,반도체,65644690744,"13조 2,491억원",CNY
600415,Zhejiang China Commodities City Group Co Ltd Class A,53402010,백화점,64980176828,"13조 1,149억원",CNY
688777,SUPCON Technology Co.  Ltd. Class A,52102010,산업용 기계 및 장비,64656008146,13조 495억원,CNY
601360,360 Security Technology Inc Class A,57201030,온라인 서비스,64255941329,"12조 9,688억원",CNY
601231,Universal Scientific Industrial (Shanghai) Co Ltd Class A,57104010,전자 장비 및 부품,64238480381,"12조 9,653억원",CNY
600703,Sanan Optoelectronics Co Ltd Class A,57101010,반도체,64208671016,"12조 9,592억원",CNY
688766,Puya Semiconductor (Shanghai) Co Ltd Class A,57101010,반도체,63704602105,"12조 8,575억원",CNY
601179,China XD Electric Co Ltd Class A,52102040,중전기장비,62638282341,"12조 6,423억원",CNY
601916,China Zheshang Bank Co Ltd Class A,55101010,은행,62047975573,"12조 5,231억원",CNY
688048,Suzhou Everbright Photonics Co Ltd Class A,57101010,반도체,62031149142,"12조 5,197억원",CNY
600233,YTO Express Group Co Ltd Class A,52405010,"배달, 우편, 항공 화물 및 육상 물류",60590258487,"12조 2,289억원",CNY
688036,SHENZHEN TRANSSION HOLDINGS CO.  LTD. Class A,57106020,전화 및 소형 장치,65387282156,"13조 1,971억원",CNY
600378,Haohua Chemical Science & Technology Corp Ltd Class A,51101010,상품 화학,60720282113,"12조 2,552억원",CNY
603083,CIG ShangHai Co Ltd Class A,57102010,통신 및 네트워킹,60353853687,"12조 1,812억원",CNY
600498,Fiberhome Telecommunication Technologies Co Ltd Class A,57102010,통신 및 네트워킹,59093867142,"11조 9,269억원",CNY
688409,Shenyang Fortune Precision Equipment Co Ltd Class A,57101020,반도체 장비 및 테스트,58758784847,"11조 8,593억원",CNY
600115,China Eastern Airlines Corp Ltd Class A,52406010,항공사,58736128881,"11조 8,547억원",CNY
688629,Sichuan Huafeng Technology Co Ltd Class A,57104010,전자 장비 및 부품,58662982140,"11조 8,399억원",CNY
601077,Chongqing Rural Commercial Bank Co Ltd Class A,55101010,은행,58191308850,"11조 7,448억원",CNY
600066,Yutong Bus Co Ltd Class A,52102020,중장비 및 차량,57938789466,"11조 6,938억원",CNY
600803,ENN Natural Gas Co Ltd Class A,59102010,천연가스 유틸리티,57663298543,"11조 6,382억원",CNY
603156,Hebei Yangyuan ZhiHui Beverage Co Ltd Class A,54102020,식품 가공,57178793169,"11조 5,404억원",CNY
688585,Swancor Advanced Materials Co Ltd Class A,51101010,상품 화학,57023247487,"11조 5,090억원",CNY
601233,Tongkun Group Co.  Ltd. Class A,51101030,특수 화학제,56905715641,"11조 4,853억원",CNY
601061,CITIC Metal Co Ltd Class A,51201020,철 및 강철,56840000000,"11조 4,720억원",CNY
601901,Founder Securities Co Ltd Class A,55102010,투자 은행 및 중개 서비스,56801499626,"11조 4,642억원",CNY
600009,Shanghai International Airport Co Ltd Class A,52407010,공항 운영 및 서비스,56758420442,"11조 4,556억원",CNY
688630,Circuit Fabology Microelectronics Equipment Co Ltd Class A,57101020,반도체 장비 및 테스트,56344186826,"11조 3,719억원",CNY
600426,Shandong Hualu-Hengsheng Chemical Co Ltd Class A,51101010,상품 화학,56098837506,"11조 3,224억원",CNY
600372,AVIC Airborne Systems Co Ltd Class A,52101010,항공우주 및 방위,55986034009,"11조 2,997억원",CNY
600460,Hangzhou Silan Microelectronics Co Ltd Class A,57101010,반도체,55579999623,"11조 2,177억원",CNY
600292,SPIC Hydropower Co Ltd Class A,59101020,민자 발전 사업,55216904892,"11조 1,444억원",CNY
601788,Everbright Securities Co Ltd Class A,55102010,투자 은행 및 중개 서비스,54928185676,11조 862억원,CNY
688110,Dosilicon Co Ltd Class A,57101010,반도체,54611488919,11조 222억원,CNY
601877,Zhejiang Chint Electrics Co Ltd Class A,52102030,전기 부품 및 장비,54562322301,11조 123억원,CNY
600219,Shandong Nanshan Aluminium Co Ltd Class A,51201030,알루미늄,54547582405,11조 93억원,CNY
688147,Jiangsu Leadmicro Nano Technology Co Ltd Class A,57101020,반도체 장비 및 테스트,53645492555,"10조 8,273억원",CNY
688019,Anji Microelectronics Technology (Shanghai) Co.  Ltd. Class A,57101010,반도체,53179671734,"10조 7,333억원",CNY
600221,Hainan Airlines Holding Co Ltd Class A,52406010,항공사,53129270805,"10조 7,231억원",CNY
688017,Leader Harmonious Drive Systems Co.  Ltd. Class A,52102010,산업용 기계 및 장비,52965906414,"10조 6,901억원",CNY
600438,Tongwei Co Ltd Class A,50201010,재생 가능 에너지 장비 및 서비스,52763333817,"10조 6,492억원",CNY
601208,Sichuan Em Technology Co Ltd Class A,52102030,전기 부품 및 장비,52721447795,"10조 6,408억원",CNY
601298,Qingdao Port International Co Ltd Class A,52407020,항만 운영 및 서비스,52680572750,"10조 6,325억원",CNY
688141,JoulWatt Technology Co Ltd Class A,57101010,반도체,52444454584,"10조 5,849억원",CNY
600885,Hongfa Technology Co Ltd Class A,57104010,전자 장비 및 부품,52308687779,"10조 5,575억원",CNY
601377,Industrial Securities Co Ltd Class A,55102020,투자 관리 및 펀드 운영,51556844145,"10조 4,057억원",CNY
600096,Yunnan Yuntianhua Co Ltd Class A,51101020,농화학제,51481258243,"10조 3,905억원",CNY
600497,Yunnan Chihong Zinc & Germanium Co Ltd Class A,51201050,특수 채굴 및 금속,49345324929,"9조 9,594억원",CNY
688536,3Peak Inc Class A,57101010,반도체,49114830058,"9조 9,128억원",CNY
600196,Shanghai Fosun Pharmaceutical Group Co Ltd Class A,56201040,제약,49000646522,"9조 8,898억원",CNY
600869,Far East Smarter Energy Co Ltd Class A,52102030,전기 부품 및 장비,48892340994,"9조 8,679억원",CNY
688627,Shenzhen SEICHI Technologies Co Ltd Class A,52102010,산업용 기계 및 장비,48622235116,"9조 8,134억원",CNY
600350,Shandong Hi-speed Co Ltd Class A,52407030,고속도로 및 철도,48345708250,"9조 7,576억원",CNY
600879,China Aerospace Times Electronics Co Ltd Class A,52101010,항공우주 및 방위,48235756263,"9조 7,354억원",CNY
600377,Jiangsu Expressway Co Ltd Class A,52407030,고속도로 및 철도,47849473650,"9조 6,575억원",CNY
603659,Shanghai Putailai New Energy Technology Group Co Ltd Class A,52102030,전기 부품 및 장비,47622330527,"9조 6,116억원",CNY
600027,Huadian Power International Corp Ltd Class A,59101020,민자 발전 사업,47493794803,"9조 5,857억원",CNY
601699,Shanxi LuAn Environmental Energy Dev Co Ltd Class A,50101010,석탄,47114694900,"9조 5,092억원",CNY
600741,HUAYU Automotive Systems Co Ltd Class A,53101020,"자동차, 트럭 및 오토바이 부품",47038641841,"9조 4,938억원",CNY
603129,Zhejiang CFMOTO Power Co Ltd Class A,53101010,자동차 및 트럭 제조,47020979273,"9조 4,902억원",CNY
688234,SICC Co Ltd Class A,57101010,반도체,47010388214,"9조 4,881억원",CNY
603979,JCHX Mining Management Co Ltd Class A,51201070,채굴 지원 서비스 및 장비,46709588390,"9조 4,274억원",CNY
688578,Shanghai Allist Pharmaceuticals Co Ltd Class A,56202010,생명 공학 및 의학 연구,46264500000,"9조 3,376억원",CNY
601618,Metallurgical Corporation of China Ltd Class A,52201020,건설 및 엔지니어링,45702705075,"9조 2,242억원",CNY
601456,Guolian Minsheng Securities Co Ltd Class A,55102010,투자 은행 및 중개 서비스,45517809884,"9조 1,869억원",CNY
601058,Sailun Group Co.  Ltd. Class A,53101030,타이어 및 고무 제품,45211378561,"9조 1,250억원",CNY
601212,Baiyin Nonferrous Group Co Ltd Class A,51201050,특수 채굴 및 금속,45095076772,"9조 1,015억원",CNY
600985,Huaibei Mining Holdings Co Ltd Class A,50101010,석탄,45085150789,9조 995억원,CNY
688796,Biocytogen Pharmaceuticals (Beijing) Co Ltd Class A,56202010,생명 공학 및 의학 연구,45083306145,9조 992억원,CNY
600256,Guanghui Energy Co Ltd Class A,50102010,통합 오일 및 가스,44744020748,9조 307억원,CNY
601607,Shanghai Pharmaceuticals Holding Co Ltd Class A,56201040,제약,44740197244,9조 299억원,CNY
600418,Anhui Jianghuai Automobile Group Corp Ltd Class A,53101010,자동차 및 트럭 제조,48059079117,"9조 6,998억원",CNY
600895,Shanghai Zhangjiang Hi-tech Park Development Co.  Ltd. Class A,60101010,"부동산 임대, 개발 및 운영",45299169338,"9조 1,427억원",CNY
688331,RemeGen Co.  Ltd. Class A,56202010,생명 공학 및 의학 연구,44526179087,"8조 9,867억원",CNY
601117,China National Chemical Engineering Co Ltd Class A,52201020,건설 및 엔지니어링,44143203586,"8조 9,094억원",CNY
688548,Guangzhou Guanggang Gases & Energy Co Ltd Class A,51101010,상품 화학,43988746690,"8조 8,782억원",CNY
600918,Zhongtai Securities Co Ltd Class A,55102010,투자 은행 및 중개 서비스,43946792528,"8조 8,698억원",CNY
688387,CICT Mobile Communication Technology Co Ltd Class A,57102010,통신 및 네트워킹,42973687500,"8조 6,734억원",CNY
688047,Loongson Technology Corp Ltd Class A,57101010,반도체,42947100000,"8조 6,680억원",CNY
600580,Wolong Electric Group Co Ltd Class A,52102030,전기 부품 및 장비,42817640977,"8조 6,419억원",CNY
688300,Novoray Corp Class A,51101010,상품 화학,42790755160,"8조 6,365억원",CNY
600642,Shenergy Co Ltd Class A,59104010,복합 유틸리티,42725312952,"8조 6,232억원",CNY
603629,Jiangsu Lettall Electronic Co Ltd Class A,57104010,전자 장비 및 부품,42525778880,"8조 5,830억원",CNY
603650,Red Avenue New Materials Group Co Ltd Class A,51101030,특수 화학제,42514965580,"8조 5,808억원",CNY
688220,ASR Microelectronics Co.  Ltd. Class A,57101010,반도체,42428259171,"8조 5,633억원",CNY
600206,Grinm Advanced Materials Co Ltd Class A,51201050,특수 채굴 및 금속,42285338933,"8조 5,344억원",CNY
688375,Guobo Electronics Co Ltd Class A,57101010,반도체,42239575963,"8조 5,252억원",CNY
603087,Gan & Lee Pharmaceuticals Class A,56201040,제약,42232480027,"8조 5,238억원",CNY
601665,Qilu Bank Co Ltd Class A,55101010,은행,41969206021,"8조 4,706억원",CNY
688025,Shenzhen JPT Opto-Electronics Co Ltd Class A,57101020,반도체 장비 및 테스트,41832201557,"8조 4,430억원",CNY
600667,Wuxi Taiji Industry Ltd Corp Class A,52201020,건설 및 엔지니어링,41558943077,"8조 3,878억원",CNY
601878,Zheshang Securities Co Ltd Class A,55102010,투자 은행 및 중개 서비스,41450037456,"8조 3,659억원",CNY
601555,Soochow Securities Co Ltd Class A,55102010,투자 은행 및 중개 서비스,41438981661,"8조 3,636억원",CNY
600641,Shanghai Vital Deeptech Co Ltd Class A,57101020,반도체 장비 및 테스트,41415915341,"8조 3,590억원",CNY
600352,Zhejiang Longsheng Group Co Ltd Class A,51101030,특수 화학제,41057048073,"8조 2,865억원",CNY
601021,Spring Airlines Co.  Ltd. Class A,52406010,항공사,40972603755,"8조 2,695억원",CNY
600909,Huaan Securities Co Ltd Class A,55102010,투자 은행 및 중개 서비스,40947305616,"8조 2,644억원",CNY
600061,SDIC Capital Co Ltd Class A,55102010,투자 은행 및 중개 서비스,40538579881,"8조 1,819억원",CNY
688009,China Railway Signal & Communication Corp Ltd Class A,52102010,산업용 기계 및 장비,40346364240,"8조 1,431억원",CNY
688099,Amlogic Shanghai Co Ltd Class A,57101010,반도체,40067237527,8조 868억원,CNY
688187,Zhuzhou CRRC Times Electric Co Ltd Class A,52102040,중전기장비,40004501852,8조 741억원,CNY
601108,Caitong Securities Co Ltd Class A,55102010,투자 은행 및 중개 서비스,39936413314,8조 604억원,CNY
688223,Jinko Solar Co Ltd Class A,50201010,재생 가능 에너지 장비 및 서비스,39845318964,8조 420억원,CNY
600968,CNOOC Energy Technology & Services Ltd Class A,50103020,오일 관련 서비스 및 장비,39745557418,8조 218억원,CNY
601136,Capital Securities Corporation Limited Class A,55102020,투자 관리 및 펀드 운영,39715340114,8조 157억원,CNY
600726,Huadian Energy Co Ltd Class A,59101010,전력 유틸리티,39544528540,"7조 9,813억원",CNY
603049,Zhongce Rubber Group Co Ltd Class A,53101030,타이어 및 고무 제품,39448045326,"7조 9,618억원",CNY
688188,Shanghai BOCHU Electronic Technology Corp Ltd Class A,52102010,산업용 기계 및 장비,39391784726,"7조 9,504억원",CNY
600845,Shanghai Baosight Software Co Ltd Class A,57201020,소프트웨어,39373299123,"7조 9,467억원",CNY
600901,Jiangsu Financial Leasing Co Ltd Class A,55101030,소비자 대출,39153017074,"7조 9,023억원",CNY
601577,Bank of Changsha Co Ltd Class A,55101010,은행,39009071414,"7조 8,732억원",CNY
688213,SmartSens Technology (Shanghai) Co Ltd Class A,57101010,반도체,38999618769,"7조 8,713억원",CNY
600392,Shenghe Resources Holding Co Ltd Class A,51201010,금 제외 귀금속 및 광물,38895221588,"7조 8,502억원",CNY
600570,Hundsun Technologies Inc. Class A,57301010,핀테크,38819782811,"7조 8,350억원",CNY
603260,Hoshine Silicon Industry Co Ltd Class A,51101030,특수 화학제,38752743526,"7조 8,215억원",CNY
600995,China Southern Power Grid Energy Storage Co Ltd Class A,59101010,전력 유틸리티,38735590357,"7조 8,180억원",CNY
688728,GalaxyCore Inc. Class A,57101010,반도체,38592706138,"7조 7,892억원",CNY
688167,Focuslight Technologies Inc. Class A,57101010,반도체,38487299284,"7조 7,679억원",CNY
601216,Inner Mongolia Junzheng Energy & Chemical Group Co Ltd Class A,51101010,상품 화학,38392979125,"7조 7,489억원",CNY
688775,Arashi Vision Inc. Class A,57106030,가정용 전자 제품,37966680000,"7조 6,628억원",CNY
600021,Shanghai Electric Power Co Ltd Class A,59101010,전력 유틸리티,37954229577,"7조 6,603억원",CNY
603806,Hangzhou First Applied Material Co Ltd Class A,51101010,상품 화학,37513763195,"7조 5,714억원",CNY
600177,Youngor Fashion Co Ltd Class A,53202020,의류 및 액세서리,37496113825,"7조 5,678억원",CNY
601162,Tianfeng Securities Co Ltd Class A,55102010,투자 은행 및 중개 서비스,37475225070,"7조 5,636억원",CNY
688322,Orbbec Inc Class A,57104010,전자 장비 및 부품,37357414899,"7조 5,398억원",CNY
688336,Sunshine Guojian Pharmaceutical Shanghai Co Ltd Class A,56201040,제약,37327789118,"7조 5,339억원",CNY
688433,Farsoon Technologies Co Ltd Class A,57104010,전자 장비 및 부품,37318863721,"7조 5,321억원",CNY
600863,Inner Mongolia MengDian HuaNeng Thermal Power Corp Ltd Class A,59101010,전력 유틸리티,37138798514,"7조 4,957억원",CNY
601808,China Oilfield Services Ltd Class A,50103010,오일 및 가스 시추,36206523640,"7조 3,076억원",CNY
688205,Wuxi Taclink Optoelectronics Technology Co Ltd Class A,57104010,전자 장비 및 부품,35702637184,"7조 2,059억원",CNY
688668,Dongguan DingTong Precision Metal Co.  Ltd. Class A,57104010,전자 장비 및 부품,35374733924,"7조 1,397억원",CNY
605376,Jiangsu Boqian New Materials Stock Co Ltd Class A,57104010,전자 장비 및 부품,36971928000,"7조 4,620억원",CNY
600330,TDG Holding Co Ltd Class A,57104010,전자 장비 및 부품,36645336499,"7조 3,961억원",CNY
688052,Suzhou Novosense Microelectronics Co Ltd Class A,57101010,반도체,36641318109,"7조 3,953억원",CNY
688027,Quantum CTEK Co Ltd Class A,57102010,통신 및 네트워킹,36606173036,"7조 3,882억원",CNY
605358,Hangzhou Lion Microelectronics Co Ltd Class A,57101010,반도체,36216150594,"7조 3,095억원",CNY
600143,Kingfa Sci & Tech Co Ltd Class A,51101010,상품 화학,35982596006,"7조 2,624억원",CNY
600578,Beijing Jingneng Power Co Ltd Class A,59101020,민자 발전 사업,35749276220,"7조 2,153억원",CNY
600562,Glarun Technology Co Ltd Class A,52101010,항공우주 및 방위,35740668635,"7조 2,135억원",CNY
600060,Hisense Visual Technology Co.  Ltd. Class A,57106030,가정용 전자 제품,35625742534,"7조 1,903억원",CNY
600600,Tsingtao Brewery Co Ltd Class A,54101010,양조업,35562666041,"7조 1,776억원",CNY
603186,Zhejiang Wazam New Materials Co Ltd Class A,52102030,전기 부품 및 장비,35513052327,"7조 1,676억원",CNY
603369,Jiangsu King's Luck Brewery Joint-Stock Co Ltd Class A,54101020,증류주 및 포도주,35346781049,"7조 1,340억원",CNY
688195,Optowide Technologies Co Ltd Class A,57102010,통신 및 네트워킹,35269088400,"7조 1,184억원",CNY
601777,Chongqing Afari Technology Co.  Ltd. Class A,53101010,자동차 및 트럭 제조,35174158552,7조 992억원,CNY
688303,Xinjiang Daqo New Energy Co Ltd Class A,50201010,재생 가능 에너지 장비 및 서비스,35100008702,7조 842억원,CNY
600141,Hubei Xingfa Chemicals Group Co Ltd Class A,51101010,상품 화학,34892093875,7조 423억원,CNY
600663,Shanghai Lujiazui Finance and Trade Zone Development Co.  Ltd. Class A,60101010,"부동산 임대, 개발 및 운영",34819596459,7조 276억원,CNY
688549,Grandit Co Ltd Class A,51101010,상품 화학,34760304280,7조 157억원,CNY
688001,Suzhou HYC Technology Co Ltd Class A,52102010,산업용 기계 및 장비,34594053810,"6조 9,821억원",CNY
603699,Neway Valve Suzhou Co Ltd Class A,52102010,산업용 기계 및 장비,34577617295,"6조 9,788억원",CNY
688617,APT Medical Inc Class A,56101020,"의료 장비, 물품 및 유통",34451028614,"6조 9,533억원",CNY
605589,Jinan Shengquan Group Share Holding Co.  Ltd Class A,51101010,상품 화학,34346201769,"6조 9,321억원",CNY
600707,Caihong Display Devices Co Ltd Class A,57104010,전자 장비 및 부품,34269121941,"6조 9,165억원",CNY
600298,Angel Yeast Co Ltd Class A,54102020,식품 가공,34209293751,"6조 9,045억원",CNY
600711,Chengtun Mining Group Co Ltd Class A,51201050,특수 채굴 및 금속,34182163754,"6조 8,990억원",CNY
603929,L and K Engineering (Suzhou) Co.  Ltd. Class A,52201020,건설 및 엔지니어링,34109863200,"6조 8,844억원",CNY
688295,Zhongfu Shenying Carbon Fiber Co Ltd Class A,51101030,특수 화학제,34074000000,"6조 8,772억원",CNY
600588,Yonyou Network Technology Co Ltd Class A,57201020,소프트웨어,33828274349,"6조 8,276억원",CNY
601126,Beijing Sifang Automation Co Ltd Class A,52102040,중전기장비,33481545485,"6조 7,576억원",CNY
600348,Shan Xi Hua Yang Group New Energy Co Ltd Class A,50101010,석탄,33333300000,"6조 7,277억원",CNY
603920,Olympic Circuit Technology Co Ltd Class A,57101010,반도체,33255335430,"6조 7,119억원",CNY
601598,Sinotrans Ltd Class A,52405010,"배달, 우편, 항공 화물 및 육상 물류",33214108262,"6조 7,036억원",CNY
600157,Wintime Energy Group Co Ltd Class A,59101020,민자 발전 사업,33163001500,"6조 6,933억원",CNY
603392,Beijing Wantai Biological Pharmacy Enterprise Co Ltd Class A,56201040,제약,33152379321,"6조 6,911억원",CNY
601236,Hongta Securities Co Ltd Class A,55102010,투자 은행 및 중개 서비스,33134229964,"6조 6,875억원",CNY
688122,Western Superconducting Technologies Co Ltd Class A,51201050,특수 채굴 및 금속,33093909477,"6조 6,793억원",CNY
600085,Beijing Tong Ren Tang Co Ltd Class A,56201040,제약,32448986399,"6조 5,492억원",CNY
688385,Shanghai Fudan Microelectronics Group Co Ltd Class A,57101010,반도체,32433475603,"6조 5,460억원",CNY
600737,COFCO Sugar Holding Co Ltd Class A,54102020,식품 가공,32104111902,"6조 4,796억원",CNY
600801,Huaxin Building Materials Group Co Ltd Class A,51202010,건설 자재,31886218394,"6조 4,356억원",CNY
601696,BOC International China Co Ltd Class A,55102010,투자 은행 및 중개 서비스,31641420000,"6조 3,862억원",CNY
603379,Zhejiang Sanmei Chemical Industry Co Ltd Class A,51101010,상품 화학,31598394955,"6조 3,775억원",CNY
600515,Hainan Airport Infrastructure Co Ltd Class A,52407010,공항 운영 및 서비스,31533854502,"6조 3,645억원",CNY
600331,Sichuan Hongda Co Ltd Class A,51101020,농화학제,31487872000,"6조 3,552억원",CNY
601611,China Nuclear Engineering & Construction Corp Ltd Class A,52201020,건설 및 엔지니어링,31404152489,"6조 3,383억원",CNY
688266,Suzhou Zelgen Biopharmaceuticals Co Ltd Class A,56201040,제약,31389096696,"6조 3,353억원",CNY
688472,CSI Solar Co Ltd Class A,50201010,재생 가능 에너지 장비 및 서비스,31331004963,"6조 3,235억원",CNY
603198,Anhui Yingjia Distillery Co Ltd Class A,54101020,증류주 및 포도주,31120000000,"6조 2,809억원",CNY
600428,COSCO SHIPPING Specialized Carriers Co Ltd Class A,52405020,해양 화물 및 물류,31116057279,"6조 2,802억원",CNY
600839,Sichuan Changhong Electric Co Ltd Class A,57106030,가정용 전자 제품,30974998730,"6조 2,517억원",CNY
600301,Guangxi Huaxi Nonferrous Metal Co Ltd Class A,51201050,특수 채굴 및 금속,30913572699,"6조 2,393억원",CNY
688235,BeOne Medicines AG Class A,56202010,생명 공학 및 의학 연구,30910746152,"6조 2,387억원",CNY
600109,Sinolink Securities Co Ltd Class A,55102010,투자 은행 및 중개 서비스,30755245282,"6조 2,073억원",CNY
603298,Hangcha Group Co Ltd Class A,52102020,중장비 및 차량,30715092549,"6조 1,992억원",CNY
600079,Humanwell Healthcare (Group) Co Ltd Class A,56201040,제약,30571592324,"6조 1,703억원",CNY
688169,Beijing Roborock Technology Co Ltd Class A,53204030,"가전제품, 도구 및 가정 용품",30499213680,"6조 1,557억원",CNY
688411,Beijing HyperStrong Technology Co.  Ltd. Class A,52102030,전기 부품 및 장비,30292976421,"6조 1,140억원",CNY
603061,JHT Design Co Ltd Class A,57101010,반도체,29954100000,6조 456억원,CNY
603308,Anhui Yingliu Electromechanical Co Ltd Class A,52102010,산업용 기계 및 장비,29887643779,6조 322억원,CNY
603766,Loncin Motor Co Ltd Class A,53101010,자동차 및 트럭 제조,29550467222,"5조 9,642억원",CNY
603236,Quectel Wireless Solutions Co Ltd Class A,57401020,무선 통신 서비스,30868556782,"6조 2,302억원",CNY
688114,MGI Tech Co Ltd Class A,56101010,첨단 의료 장비 및 기술,30822195470,"6조 2,208억원",CNY
601001,Jinneng Holding Shanxi Coal Industry Co Ltd Class A,50101010,석탄,30595236000,"6조 1,750억원",CNY
600733,BAIC BluePark New Energy Technology Co Ltd Class A,53101010,자동차 및 트럭 제조,30434995938,"6조 1,427억원",CNY
600637,Oriental Pearl Group Co Ltd Class A,53302020,방송,30391574346,"6조 1,339억원",CNY
688301,iRay Group Class A,56101010,첨단 의료 장비 및 기술,30171922457,6조 896억원,CNY
600536,China National Software & Service Co Ltd Class A,57201020,소프트웨어,29974549346,6조 498억원,CNY
600483,Fujian Funeng Co Ltd Class A,59101020,민자 발전 사업,29830973115,6조 208억원,CNY
603225,Xinfengming Group Co Ltd Class A,53202010,직물 및 가죽제품,29775266095,6조 95억원,CNY
688368,Shanghai Bright Power Semiconductor Co Ltd Class A,57101010,반도체,29741539750,6조 27억원,CNY
688676,Hainan Jinpan Smart Technology Co.  Ltd. Class A,52102040,중전기장비,29734254820,6조 13억원,CNY
600871,Sinopec Oilfield Service Corp Class A,50103010,오일 및 가스 시추,29667957049,"5조 9,879억원",CNY
603179,Jiangsu Xinquan Automotive Trim Co Ltd Class A,53101020,"자동차, 트럭 및 오토바이 부품",29663651528,"5조 9,870억원",CNY
601990,Nanjing Securities Co Ltd Class A,55102010,투자 은행 및 중개 서비스,29653491338,"5조 9,850억원",CNY
603606,Ningbo Orient Wires & Cables Co Ltd Class A,52102030,전기 부품 및 장비,29635368974,"5조 9,813억원",CNY
688449,Maxio Technology Hangzhou Co Ltd Class A,57101010,반도체,29527400000,"5조 9,595억원",CNY
603486,Ecovacs Robotics Co Ltd Class A,53204030,"가전제품, 도구 및 가정 용품",29513644351,"5조 9,567억원",CNY
688297,Avic Chengdu Uas Co Ltd Class A,52101010,항공우주 및 방위,29497500000,"5조 9,535억원",CNY
688318,Shenzhen Fortune Trend Technology Co Ltd Class A,57301010,핀테크,29456300409,"5조 9,452억원",CNY
601155,Seazen Holdings Co Ltd Class A,60101010,"부동산 임대, 개발 및 운영",29142647300,"5조 8,819억원",CNY
603127,Joinn Laboratories China Co Ltd Class A,56202010,생명 공학 및 의학 연구,29071881006,"5조 8,676억원",CNY
600699,Ningbo Joyson Electronic Corp. Class A,53101020,"자동차, 트럭 및 오토바이 부품",29029947710,"5조 8,591억원",CNY
688538,Everdisplay Optronics (Shanghai) Co Ltd Class A,57104010,전자 장비 및 부품,28861724636,"5조 8,252억원",CNY
688333,XiAn Bright Laser Technologies Co Ltd Class A,57104010,전자 장비 및 부품,28858692705,"5조 8,245억원",CNY
601156,Eastern Air Logistics Co Ltd Class A,52405010,"배달, 우편, 항공 화물 및 육상 물류",28782382230,"5조 8,091억원",CNY
688362,Forehope Electronic Ningbo Co Ltd Class A,57101010,반도체,28725330148,"5조 7,976억원",CNY
603663,Sanxiang Advanced Materials Co Ltd Class A,51201050,특수 채굴 및 금속,28586337316,"5조 7,696억원",CNY
688248,China Southern Power Grid Technology Co Ltd Class A,52203070,전문 정보 서비스,28545585000,"5조 7,614억원",CNY
688192,Dizal Pharmaceutical Co Ltd Class A,56202010,생명 공학 및 의학 연구,28542576065,"5조 7,607억원",CNY
600517,State Grid Yingda Co Ltd Class A,52102040,중전기장비,28534994363,"5조 7,592억원",CNY
600925,Jiangsu Xukuang Energy Co Ltd Class A,50101010,석탄,28520000000,"5조 7,562억원",CNY
600583,Offshore Oil Engineering Co Ltd Class A,52201020,건설 및 엔지니어링,28517738460,"5조 7,557억원",CNY
600246,Vantone Neo Development Group Co Ltd Class A,60101010,"부동산 임대, 개발 및 운영",28445336649,"5조 7,411억원",CNY
601918,China Coal Xinji Energy Co Ltd Class A,50101010,석탄,28366432710,"5조 7,252억원",CNY
600259,China Rare Earth Nonferrous Metals Co Ltd Class A,51201050,특수 채굴 및 금속,28008289508,"5조 6,529억원",CNY
601118,China Hainan Rubber Industry Group Co Ltd Class A,53101030,타이어 및 고무 제품,27987457792,"5조 6,487억원",CNY
600563,Xiamen Faratronic Co Ltd Class A,57104010,전자 장비 및 부품,27904500000,"5조 6,320억원",CNY
603568,Zhejiang Weiming Environment Protection Co Ltd Class A,50201010,재생 가능 에너지 장비 및 서비스,27879505459,"5조 6,269억원",CNY
688065,Cathay Biotech Inc Class A,51101030,특수 화학제,27841786048,"5조 6,193억원",CNY
688545,Hubei Sinophorus Electronic Materials Co Ltd Class A,51101010,상품 화학,27838800000,"5조 6,187억원",CNY
600332,Guangzhou Baiyunshan Pharmaceutical Holdings Co Ltd Class A,56201040,제약,27667933876,"5조 5,842억원",CNY
688127,Zhejiang Lante Optics Co Ltd Class A,57105010,사무기기,27649751324,"5조 5,805억원",CNY
600353,Chengdu Xuguang Electronics Co Ltd Class A,52102030,전기 부품 및 장비,27615987818,"5조 5,737억원",CNY
600777,Shandong Xinchao Energy Corp Ltd Class A,50102020,"오일, 가스 탐사 및 생산",27542008091,"5조 5,588억원",CNY
603306,HMT (Xiamen) New Technical Materials Co Ltd Class A,53101020,"자동차, 트럭 및 오토바이 부품",27496415915,"5조 5,496억원",CNY
603067,Hubei Zhenhua Chemical Co Ltd Class A,51101010,상품 화학,27380240641,"5조 5,262억원",CNY
600398,HLA Group Corp Ltd Class A,53202020,의류 및 액세서리,27375790687,"5조 5,253억원",CNY
601933,Yonghui Superstores Co Ltd Class A,54301020,식품 소매 및 유통,27310613725,"5조 5,121억원",CNY
688180,Shanghai Junshi Biosciences Co Ltd Class A,56201040,제약,27153345479,"5조 4,804억원",CNY
603338,Zhejiang Dingli Machinery Co Ltd Class A,52102020,중장비 및 차량,27114928920,"5조 4,726억원",CNY
600546,Shanxi Coal International Energy Group Co Ltd Class A,50101010,석탄,27040701750,"5조 4,576억원",CNY
600282,NanJing Iron & Steel Co Ltd Class A,51201020,철 및 강철,27003098628,"5조 4,500억원",CNY
603939,Yifeng Pharmacy Chain Co.  Ltd. Class A,54301010,의약품 소매,26915113189,"5조 4,323억원",CNY
601880,Liaoning Port Co Ltd Class A,52407020,항만 운영 및 서비스,26883054772,"5조 4,258억원",CNY
603618,Hangzhou Cable Co Ltd Class A,52102030,전기 부품 및 장비,26818460145,"5조 4,128억원",CNY
600961,Zhuzhou Smelter Group Co Ltd Class A,51201050,특수 채굴 및 금속,26735987759,"5조 3,961억원",CNY
603688,Jiangsu Pacific Quartz Co Ltd Class A,57104010,전자 장비 및 부품,26710156431,"5조 3,909억원",CNY
603119,Zhejiang Rongtai Electric Material Co Ltd Class A,52102030,전기 부품 및 장비,26612558999,"5조 3,712억원",CNY
601000,Tangshan Port Group Co Ltd Class A,52407020,항만 운영 및 서비스,25837048757,"5조 2,147억원",CNY
603991,Shenzhen Leading Semiconductor Industry Co.  Ltd. Class A,51101030,특수 화학제,25762128077,"5조 1,996억원",CNY
688018,Espressif Systems (Shanghai) Co.  Ltd. Class A,57101010,반도체,28969900840,"5조 8,470억원",CNY
688123,Giantec Semiconductor Corp Class A,57101010,반도체,27215748573,"5조 4,930억원",CNY
688608,Bestechnic Shanghai Co Ltd Class A,57101010,반도체,26761016730,"5조 4,012억원",CNY
600369,Southwest Securities Co Ltd Class A,55102010,투자 은행 및 중개 서비스,26513985405,"5조 3,513억원",CNY
600312,Henan Pinggao Electric Co Ltd Class A,52102040,중전기장비,26188581264,"5조 2,856억원",CNY
603596,Bethel Automotive Safety Systems Co Ltd Class A,53101020,"자동차, 트럭 및 오토바이 부품",26166255205,"5조 2,811억원",CNY
688599,Trina Solar Co.  Ltd. Class A,50201010,재생 가능 에너지 장비 및 서비스,26096204022,"5조 2,670억원",CNY
603160,Shenzhen Goodix Technology Co Ltd Class A,57101010,반도체,26095034280,"5조 2,668억원",CNY
600299,Bluestar Adisseo Co Class A,56201040,제약,25931741344,"5조 2,338억원",CNY
600095,Xiangcai Co Ltd Class A,55102030,다각적 투자 서비스,25875649074,"5조 2,225억원",CNY
688403,Union Semiconductor Hefei Co Ltd Class A,57101020,반도체 장비 및 테스트,25751035574,"5조 1,973억원",CNY
600295,Inner Mongolia ERDOS Resources Co Ltd Class A,51201020,철 및 강철,25722002827,"5조 1,915억원",CNY
603588,Beijing GeoEnviron Engineering & Technology Inc Class A,52203010,환경 서비스 및 장비,25681732945,"5조 1,833억원",CNY
688143,Yangtze Optical Electronic Co Ltd Class A,57101010,반도체,25372393610,"5조 1,209억원",CNY
688568,Geovis Technology Co Ltd Class A,57201010,IT 서비스 및 컨설팅,25300950735,"5조 1,065억원",CNY
600977,China Film Group Co Ltd Class A,53302030,엔터테인먼트 제작,25297850000,"5조 1,059억원",CNY
600862,Avic Aviation High Technology Co Ltd Class A,52101010,항공우주 및 방위,25297771783,"5조 1,058억원",CNY
600884,Ningbo Shanshan Co Ltd Class A,57104010,전자 장비 및 부품,25285898045,"5조 1,035억원",CNY
603444,G-bits Network Technology (Xiamen) Co.  Ltd. Class A,57201030,온라인 서비스,25243201790,5조 948억원,CNY
600704,Wuchan Zhongda Group Co Ltd Class A,52405010,"배달, 우편, 항공 화물 및 육상 물류",25183646064,5조 828억원,CNY
605111,Wuxi Nce Power Co Ltd Class A,57101010,반도체,25106853675,5조 673억원,CNY
688102,Shaanxi Sirui Advanced Materials Co Ltd Class A,51201050,특수 채굴 및 금속,25103750725,5조 667억원,CNY
600153,Xiamen C&D Inc Class A,52202010,다각적 산업용 제품 도매,24878040768,5조 211억원,CNY
688652,Beijing Jingyi Automation Equipment Co Ltd Class A,57101020,반도체 장비 및 테스트,24864000000,5조 183억원,CNY
600521,Zhejiang Huahai Pharmaceutical Co Ltd Class A,56201040,제약,24809468888,5조 73억원,CNY
603565,Shanghai Zhonggu Logistics Co Ltd Class A,52405020,해양 화물 및 물류,24738743353,"4조 9,930억원",CNY
600208,Quzhou Xin'an Development Co Ltd Class A,60101010,"부동산 임대, 개발 및 운영",24675928320,"4조 9,803억원",CNY
600161,Beijing Tiantan Biological Products Corp Ltd Class A,56201040,제약,24638048217,"4조 9,727억원",CNY
600685,CSSC Offshore & Marine Engineering Group Co Ltd Class A,52102050,조선,24618412375,"4조 9,687억원",CNY
600998,Jointown Pharmaceutical Group Co Ltd Class A,56201040,제약,24556830040,"4조 9,563억원",CNY
601069,Western Region Gold Co Ltd Class A,51201060,금,24514986400,"4조 9,479억원",CNY
688563,Baimtec Material Co Ltd Class A,52101010,항공우주 및 방위,24499082557,"4조 9,446억원",CNY
600316,Jiangxi Hongdu Aviation Industry Co Ltd Class A,52101010,항공우주 및 방위,24460776004,"4조 9,369억원",CNY
601099,Pacific Securities Co Ltd Class A,55102010,투자 은행 및 중개 서비스,24334249441,"4조 9,114억원",CNY
600595,Henan Zhongfu Industrial Co Ltd Class A,51201030,알루미늄,24207746889,"4조 8,858억원",CNY
600388,Zijin Longking Co.  Ltd. Class A,52203010,환경 서비스 및 장비,24192592845,"4조 8,828억원",CNY
688531,Unicomp Technology (Group) Co.  Ltd. Class A,52102010,산업용 기계 및 장비,24011121155,"4조 8,462억원",CNY
601606,Anhui Great Wall Military Industry Co.  Ltd. Class A,52101010,항공우주 및 방위,23971960040,"4조 8,383억원",CNY
688343,Shenzhen Intellifusion Technologies Co Ltd Class A,57107010,통합 하드웨어 및 소프트웨어,23913624770,"4조 8,265억원",CNY
601866,COSCO SHIPPING Development Co Ltd Class A,51302010,용기(종이 제외) 및 포장재,23790547914,"4조 8,016억원",CNY
688692,Wuhan Dameng Database Co Ltd Class A,57201020,소프트웨어,23765678800,"4조 7,966억원",CNY
600816,J-Yuan Trust Co Ltd Class A,55102020,투자 관리 및 펀드 운영,23725120292,"4조 7,884억원",CNY
688352,Hefei Chipmore Technology Co Ltd Class A,52203040,경영 지원 서비스,23648688835,"4조 7,730억원",CNY
603678,Fujian Torch Electron Technology Co Ltd Class A,57104010,전자 장비 및 부품,23545303901,"4조 7,521억원",CNY
600323,Grandblue Environment Co Ltd Class A,52203010,환경 서비스 및 장비,23490151276,"4조 7,410억원",CNY
603345,Anjoy Foods Group Co Ltd Class A,54102020,식품 가공,23363818521,"4조 7,155억원",CNY
603823,Lily Group Co Ltd Class A,51101030,특수 화학제,23349900840,"4조 7,127억원",CNY
600100,Tsinghua Tongfang Co.  Ltd. Class A,57107010,통합 하드웨어 및 소프트웨어,23184060174,"4조 6,792억원",CNY
600172,Henan Huanghe Whirlwind Co Ltd Class A,51201010,금 제외 귀금속 및 광물,23161482685,"4조 6,747억원",CNY
600499,Keda Industrial Group Co Ltd Class A,52102010,산업용 기계 및 장비,23129348075,"4조 6,682억원",CNY
600732,Shanghai Aiko Solar Energy Co Ltd Class A,50201010,재생 가능 에너지 장비 및 서비스,23119077011,"4조 6,661억원",CNY
601228,Guangzhou Port Co Ltd Class A,52407020,항만 운영 및 서비스,23086265934,"4조 6,595억원",CNY
688502,MLoptic Corp Class A,57105010,사무기기,23023766165,"4조 6,469억원",CNY
605090,Jiangxi Jovo Energy Co Ltd Class A,59102010,천연가스 유틸리티,22956930990,"4조 6,334억원",CNY
600967,Inner Mongolia First Machinery Group Co.  Ltd. Class A,52102020,중장비 및 차량,22906156218,"4조 6,231억원",CNY
601609,Ningbo Jintian Copper (Group) Co Ltd Class A,51201050,특수 채굴 및 금속,22904456057,"4조 6,228억원",CNY
600575,Huaihe Energy (Group) Co Ltd Class A,52407020,항만 운영 및 서비스,22862067022,"4조 6,143억원",CNY
600566,Hubei Jumpcan Pharmaceutical Co Ltd Class A,56201040,제약,22802254814,"4조 6,022억원",CNY
601128,Jiangsu Changshu Rural Commercial Bank Co Ltd Class A,55101010,은행,22801120275,"4조 6,020억원",CNY
601399,Sinomach Heavy Equipment Group Co Ltd Class A,52102010,산업용 기계 및 장비,22794836612,"4조 6,007억원",CNY
600598,Heilongjiang Agriculture Co Ltd Class A,54102010,어업 및 농업,23287606808,"4조 7,001억원",CNY
600186,Lotus Holdings Co Ltd Class A,54102020,식품 가공,23180446808,"4조 6,785억원",CNY
600664,Harbin Pharmaceutical Group Co.  Ltd. Class A,56201040,제약,22868069674,"4조 6,155억원",CNY
603002,Epoxy Base Electronic Material Corp Ltd Class A,51101030,특수 화학제,22454754478,"4조 5,320억원",CNY
601666,Pingdingshan Tianan Coal Mining Co Ltd Class A,50101010,석탄,22421835190,"4조 5,254억원",CNY
600038,Avicopter PLC Class A,52101010,항공우주 및 방위,22407681511,"4조 5,225억원",CNY
600745,Wingtech Technology Co Ltd Class A,57106020,전화 및 소형 장치,22407360090,"4조 5,225억원",CNY
601963,Bank of Chongqing Co Ltd Class A,55101010,은행,22371157823,"4조 5,152억원",CNY
603605,Proya Cosmetics Co Ltd Class A,54201020,개인 생활 필수 용품,22364730128,"4조 5,139억원",CNY
688400,LUSTER LightTech Co Ltd Class A,52102010,산업용 기계 및 장비,22331688336,"4조 5,072억원",CNY
600516,FangDa Carbon New Material Co Ltd Class A,51101030,특수 화학제,22102577320,"4조 4,610억원",CNY
600166,Beiqi Foton Motor Co Ltd Class A,53101010,자동차 및 트럭 제조,22089547024,"4조 4,583억원",CNY
600390,Minmetals Capital Co Ltd Class A,55101050,기업 금융 서비스,22085501404,"4조 4,575억원",CNY
688475,Hangzhou EZVIZ Network Co Ltd Class A,57106030,가정용 전자 제품,21916125000,"4조 4,233억원",CNY
601615,Ming Yang Smart Energy Group Ltd Class A,50201010,재생 가능 에너지 장비 및 서비스,21913903081,"4조 4,229억원",CNY
603885,JUNEYAO AIRLINES Co Ltd Class A,52406010,항공사,21906953207,"4조 4,215억원",CNY
601016,CECEP Wind-Power Corp Class A,59101020,민자 발전 사업,21858598521,"4조 4,117억원",CNY
688778,XTC New Energy Materials Xiamen Co Ltd Class A,51101030,특수 화학제,21792560964,"4조 3,984억원",CNY
600098,Guangzhou Development Group Inc Class A,50101010,석탄,21771421532,"4조 3,941억원",CNY
603358,Huada Automotive Technology Corp Ltd Class A,53101020,"자동차, 트럭 및 오토바이 부품",21749104419,"4조 3,896억원",CNY
603881,Shanghai AtHub Co Ltd Class A,52203040,경영 지원 서비스,21671997311,"4조 3,741억원",CNY
601928,Jiangsu Phoenix Publishing & Media Corp Ltd Class A,53302040,소비자 출판,21555303000,"4조 3,505억원",CNY
600606,Greenland Holdings Corp Ltd Class A,52201020,건설 및 엔지니어링,21502954020,"4조 3,399억원",CNY
601975,Nanjing Tanker Corp Class A,50103030,오일 및 가스 수송 서비스,21435978625,"4조 3,264억원",CNY
688131,Shanghai Haoyuan Chemexpress Co Ltd Class A,56201040,제약,21425763976,"4조 3,244억원",CNY
600486,Jiangsu Yangnong Chemical Co Ltd Class A,51101020,농화학제,21401768236,"4조 3,195억원",CNY
601608,CITIC Heavy Industries Co Ltd Class A,52102010,산업용 기계 및 장비,21386514551,"4조 3,164억원",CNY
600126,Hang Zhou Iron & Steel Co Ltd Class A,51201020,철 및 강철,21310063114,"4조 3,010억원",CNY
688278,Xiamen Amoytop Biotech Co Ltd Class A,56201040,제약,21282999487,"4조 2,955억원",CNY
688425,China Railway Construction Heavy Industry Corp Ltd Class A,52102020,중장비 및 차량,21227318060,"4조 2,843억원",CNY
601677,Henan Mingtai Al Industrial Co Ltd Class A,51201030,알루미늄,21210538097,"4조 2,809억원",CNY
603728,Shanghai Moons' Electric Co Ltd Class A,52102030,전기 부품 및 장비,21174510375,"4조 2,737억원",CNY
603301,Zhende Medical Co Ltd Class A,56101020,"의료 장비, 물품 및 유통",21107459238,"4조 2,601억원",CNY
600110,Nuode New Materials Co Ltd Class A,57104010,전자 장비 및 부품,21099800133,"4조 2,586억원",CNY
600873,MeiHua Holdings Group Co Ltd Class A,54102020,식품 가공,21059854792,"4조 2,505억원",CNY
601717,ZCZL Industrial Technology Group Co Ltd Class A,51201070,채굴 지원 서비스 및 장비,21050562215,"4조 2,486억원",CNY
600906,Caida Securities Co Ltd Class A,55102010,투자 은행 및 중개 서비스,20995150000,"4조 2,375억원",CNY
603773,WG Tech JiangXi Group Co Ltd Class A,57104010,전자 장비 및 부품,20935555023,"4조 2,254억원",CNY
600765,AVIC Heavy Machinery Co Ltd Class A,51201020,철 및 강철,20927621182,"4조 2,238억원",CNY
688349,Sany Renewable Energy Co Ltd Class A,50201010,재생 가능 에너지 장비 및 서비스,20888638303,"4조 2,160억원",CNY
603290,StarPower Semiconductor Ltd Class A,57101010,반도체,20867717827,"4조 2,117억원",CNY
600535,Tasly Pharmaceutical Group Co Ltd Class A,56201040,제약,20840602570,"4조 2,063억원",CNY
600848,Shanghai Lingang Holdings Co Ltd Class A,60101010,"부동산 임대, 개발 및 운영",20779158530,"4조 1,939억원",CNY
603730,Shanghai Daimay Automotive Interior Co Ltd Class A,53101020,"자동차, 트럭 및 오토바이 부품",20755414958,"4조 1,891억원",CNY
688257,Shareate Tools Ltd Class A,51201020,철 및 강철,20754480759,"4조 1,889억원",CNY
603816,Jason Furniture Hangzhou Co Ltd Class A,53204040,가정용 가구,20745676799,"4조 1,871억원",CNY
688596,Shanghai GenTech Co Ltd Class A,52102010,산업용 기계 및 장비,20705761039,"4조 1,790억원",CNY
600500,Sinochem International Corporation Class A,51101090,다각적 화학 산업,20704527368,"4조 1,788억원",CNY
603115,Nantong Haixing Electronics Co Ltd Class A,51201030,알루미늄,20586517442,"4조 1,550억원",CNY
601567,NINGBO SANXING MEDICAL ELECTRIC Co. Ltd. Class A,52102030,전기 부품 및 장비,20516057240,"4조 1,408억원",CNY
601106,China First Heavy Industries Co Ltd Class A,52102010,산업용 기계 및 장비,20504770952,"4조 1,385억원",CNY
688097,Bozhon Precision Industry Technology Co Ltd Class A,52102010,산업용 기계 및 장비,20460572939,"4조 1,296억원",CNY
600688,Sinopec Shanghai Petrochemical Co Ltd Class A,50102030,"오일, 가스 정제 및 마케팅",20447389665,"4조 1,269억원",CNY
600396,Huadian Liaoning Energy Development Co Ltd Class A,59101010,전력 유틸리티,20411716484,"4조 1,197억원",CNY
601799,Changzhou Xingyu Automotive Lighting Systems Co Ltd Class A,53101020,"자동차, 트럭 및 오토바이 부품",20386083340,"4조 1,145억원",CNY
601997,Bank of Guiyang Co Ltd Class A,55101010,은행,20255337341,4조 881억원,CNY
603233,DaShenLin Pharmaceutical Group Co Ltd Class A,54301010,의약품 소매,20214667730,4조 799억원,CNY
600008,Beijing Capital Eco-Environment Protection Group Co Ltd Class A,59103010,수자원 유틸리티,20113218455,4조 595억원,CNY
688503,Changzhou Fusion New Material Co Ltd Class A,57104010,전자 장비 및 부품,19653131812,"3조 9,666억원",CNY
605198,Yantai North Andre Juice Co Ltd Class A,54101030,무알콜 음료,19124189840,"3조 8,598억원",CNY
688392,SBT Ultrasonic Technology Co Ltd Class A,52102010,산업용 기계 및 장비,21075044856,"4조 2,536억원",CNY
688561,Qi An Xin Technology Group Inc Class A,57201020,소프트웨어,20460759223,"4조 1,296억원",CNY
688819,Tianneng Battery Group Co Ltd Class A,52102030,전기 부품 및 장비,20258564000,4조 888억원,CNY
603899,Shanghai M&G Stationery Inc. Class A,52203060,비즈니스 지원 용품,20239077832,4조 849억원,CNY
688206,Primarius Technologies Co.  Ltd. Class A,57104010,전자 장비 및 부품,20205084603,4조 780억원,CNY
688279,Fortior Technology (Shenzhen) Co Ltd Class A,57101010,반도체,20203867376,4조 777억원,CNY
603530,Jiangsu Shemar Electric Co Ltd Class A,52102030,전기 부품 및 장비,20155212493,4조 679억원,CNY
603077,Sichuan Hebang Biotechnology Co Ltd Class A,51101020,농화학제,20136289060,4조 641억원,CNY
600582,Tiandi Science & Technology Co Ltd Class A,51201070,채굴 지원 서비스 및 장비,20113542015,4조 595억원,CNY
600329,Tianjin Pharmaceutical Da Ren Tang Group Corporation Limited Class A,56201040,제약,20010311896,4조 387억원,CNY
603658,Autobio Diagnostics Co Ltd Class A,56101020,"의료 장비, 물품 및 유통",19982724137,4조 331억원,CNY
600970,Sinoma International Engineering Co Ltd Class A,52201020,건설 및 엔지니어링,19925778222,4조 216억원,CNY
600577,Tongling Jingda Special Magnet Wire Co Ltd Class A,52102030,전기 부품 및 장비,19863147608,4조 90억원,CNY
600170,Shanghai Construction Group Co Ltd Class A,52201020,건설 및 엔지니어링,19815645629,"3조 9,994억원",CNY
600007,China World Trade Center Co Ltd Class A,60101010,"부동산 임대, 개발 및 운영",19803174618,"3조 9,969억원",CNY
688800,Suzhou Recodeal Interconnect System Co Ltd Class A,57104010,전자 장비 및 부품,19800652931,"3조 9,964억원",CNY
600550,Baoding Tianwei Baobian Electric Co Ltd Class A,52102040,중전기장비,19778015875,"3조 9,918억원",CNY
603005,China Wafer Level CSP Co Ltd Class A,57101020,반도체 장비 및 테스트,19773846126,"3조 9,910억원",CNY
688281,Shaanxi Huaqin Technology Industry Co Ltd Class A,51101010,상품 화학,19766825351,"3조 9,895억원",CNY
688388,Guangdong Jiayuan Technology Co Ltd Class A,51201050,특수 채굴 및 금속,19731228479,"3조 9,824억원",CNY
600004,Guangzhou Baiyun International Airport Co Ltd Class A,52407010,공항 운영 및 서비스,19715921175,"3조 9,793억원",CNY
600511,China National Medicines Corp Ltd Class A,56201040,제약,19707618308,"3조 9,776억원",CNY
601101,Beijing Haohua Energy Resource Co Ltd Class A,50101010,석탄,19555171835,"3조 9,468억원",CNY
688372,Shanghai V-Test Semiconductor Tech Co Ltd Class A,57101020,반도체 장비 및 테스트,19532618937,"3조 9,423억원",CNY
603162,Fujian Highton Development Co Ltd Class A,52405020,해양 화물 및 물류,19457782233,"3조 9,272억원",CNY
600179,Antong Holdings Co.  Ltd. Class A,52405010,"배달, 우편, 항공 화물 및 육상 물류",19380393564,"3조 9,115억원",CNY
688690,Suzhou Nanomicro Technology Co Ltd Class A,51101010,상품 화학,19330612801,"3조 9,015억원",CNY
603737,Skshu Paint Co Ltd Class A,51101010,상품 화학,19327866531,"3조 9,009억원",CNY
600629,Arcplus Group PLC Class A,52201020,건설 및 엔지니어링,19316721950,"3조 8,987억원",CNY
688700,Kunshan Dongwei Technology Co Ltd Class A,52102010,산업용 기계 및 장비,19306567992,"3조 8,966억원",CNY
603000,People.cn Co Ltd Class A,53302010,광고 및 마케팅,19227967464,"3조 8,808억원",CNY
603124,Jiangxi Jiangnan New Material Technology Co Ltd Class A,51201050,특수 채굴 및 금속,19212132132,"3조 8,776억원",CNY
601158,Chongqing Water Group Co Ltd Class A,59103010,수자원 유틸리티,19200120476,"3조 8,752억원",CNY
603667,Zhejiang XCC Group Co Ltd Class A,52102010,산업용 기계 및 장비,19169090658,"3조 8,689억원",CNY
603950,Xiangyang Changyuandonggu Industry Co Ltd Class A,53101020,"자동차, 트럭 및 오토바이 부품",19162612896,"3조 8,676억원",CNY
601098,China South Publishing & Media Group Co Ltd Class A,53302040,소비자 출판,18983720000,"3조 8,315억원",CNY
688584,Wafer Works Shanghai Co Ltd Class A,57101010,반도체,18911460648,"3조 8,169억원",CNY
603938,Tangshan Sunfar Silicon Industries Co Ltd Class A,51101030,특수 화학제,18844256477,"3조 8,033억원",CNY
600518,Kangmei Pharmaceutical Co Ltd Class A,56201040,제약,18807299498,"3조 7,959억원",CNY
688028,Beijing Worldia Diamond Tools Co Ltd Class A,52102010,산업용 기계 및 장비,18750884780,"3조 7,845억원",CNY
601137,Ningbo Boway Alloy Material Co Ltd Class A,51201050,특수 채굴 및 금속,18683883066,"3조 7,710억원",CNY
600012,Anhui Expressway Co Ltd Class A,52407030,고속도로 및 철도,18671337815,"3조 7,684억원",CNY
600339,China Petroleum Engineering Co Ltd Class A,52201020,건설 및 엔지니어링,18647712553,"3조 7,637억원",CNY
601969,Hainan Mining Co.  Ltd. Class A,51201020,철 및 강철,18555162432,"3조 7,450억원",CNY
601187,Xiamen Bank Co Ltd Class A,55101010,은행,18553069053,"3조 7,446억원",CNY
603529,Aima Technology Group Co Ltd Class A,53205020,오락용 제품,18546770321,"3조 7,433억원",CNY
600114,NBTM New Materials Group Co Ltd Class A,52102010,산업용 기계 및 장비,18496817512,"3조 7,332억원",CNY
600602,Inesa Intelligent Tech Inc Class A,57201010,IT 서비스 및 컨설팅,18488754458,"3조 7,316억원",CNY
600132,Chongqing Brewery Co Ltd Class A,54101010,양조업,18478020340,"3조 7,294억원",CNY
603132,Jinhui Mining Inc Ltd Class A,51201050,특수 채굴 및 금속,18357060000,"3조 7,050억원",CNY
688726,Laplace Renewable Energy Technology Co Ltd Class A,50201010,재생 가능 에너지 장비 및 서비스,18280211124,"3조 6,895억원",CNY
688625,GCH Technology Co Ltd Class A,51101010,상품 화학,18078012363,"3조 6,487억원",CNY
600927,Yongan Futures Co Ltd Class A,55102020,투자 관리 및 펀드 운영,18072540414,"3조 6,476억원",CNY
600410,Beijing Teamsun Technology Co.  Ltd. Class A,57201010,IT 서비스 및 컨설팅,18070232376,"3조 6,471억원",CNY
601139,Shenzhen Gas Corp Ltd Class A,59102010,천연가스 유틸리티,18065955177,"3조 6,463억원",CNY
600655,Shanghai Yuyuan Tourist Mart (Group) Co.  Ltd. Class A,53403040,의류 및 액세서리 소매,17977382729,"3조 6,284억원",CNY
600345,Wuhan Yangtze Communication Industry Group Co Ltd Class A,57201010,IT 서비스 및 컨설팅,17934196102,"3조 6,197억원",CNY
600226,Zhejiang Hengtong Holding Co Ltd Class A,51201050,특수 채굴 및 금속,17816543532,"3조 5,959억원",CNY
688222,HitGen Inc Class A,56202010,생명 공학 및 의학 연구,17790192000,"3조 5,906억원",CNY
600435,North Navigation Control Technology Co Ltd Class A,52101010,항공우주 및 방위,17664338508,"3조 5,652억원",CNY
603355,Kingclean Electric Co.  Ltd. Class A,53204030,"가전제품, 도구 및 가정 용품",18600994852,"3조 7,542억원",CNY
603341,Shanghai Longcheer Technology Co Ltd Class A,57106020,전화 및 소형 장치,18468781279,"3조 7,276억원",CNY
688615,Intsig Information Co Ltd Class A,57201020,소프트웨어,18324040000,"3조 6,983억원",CNY
600403,Henan Dayou Energy Co Ltd Class A,50101010,석탄,18170174255,"3조 6,673억원",CNY
605196,Hebei Huatong Wires & Cables Group Co Ltd Class A,52102030,전기 부품 및 장비,18144622147,"3조 6,621억원",CNY
601519,Shanghai Dzh Ltd Class A,52203070,전문 정보 서비스,18041681200,"3조 6,414억원",CNY
601579,Kuaijishan Shaoxing Rice Wine Co Ltd Class A,54101020,증류주 및 포도주,17960699301,"3조 6,250억원",CNY
605296,Yunnan Shennong Agricultural Industry Group Co Ltd Class A,54102010,어업 및 농업,17960250992,"3조 6,249억원",CNY
603997,Ningbo Jifeng Auto Parts Co Ltd Class A,53101020,"자동차, 트럭 및 오토바이 부품",17951657231,"3조 6,232억원",CNY
688150,Shaanxi Lighte Optoelectronics Material Co Ltd Class A,57101010,반도체,17944691915,"3조 6,218억원",CNY
603833,Oppein Home Group Inc Class A,53203020,건설 자재 및 비품,17905296239,"3조 6,138억원",CNY
603337,Jack Technology Co Ltd Class A,52102010,산업용 기계 및 장비,17850261770,"3조 6,027억원",CNY
601865,Flat Glass Group Co Ltd Class A,50201010,재생 가능 에너지 장비 및 서비스,17794913985,"3조 5,915억원",CNY
600057,Xiamen Xiangyu Co Ltd Class A,52405010,"배달, 우편, 항공 화물 및 육상 물류",17516725876,"3조 5,354억원",CNY
688208,Autel Intelligent Technology Corp Ltd Class A,53101020,"자동차, 트럭 및 오토바이 부품",17511902799,"3조 5,344억원",CNY
603516,Beijing Tricolor Technology Co Ltd Class A,57104010,전자 장비 및 부품,17391633951,"3조 5,102억원",CNY
688332,Shenzhen Bluetrum Technology Co Ltd Class A,57101010,반도체,17379117166,"3조 5,076억원",CNY
688233,Thinkon Semiconductor Jinzhou Corp Class A,57101010,반도체,17371185072,"3조 5,060억원",CNY
600397,Jiangxi Tungsten Rare and Precious Equipment Co Ltd Class A,50101010,석탄,17314398336,"3조 4,946억원",CNY
688605,Sprint Precision Technologies (Jiangsu) Co.  Ltd. Class A,57101020,반도체 장비 및 테스트,17313596681,"3조 4,944억원",CNY
688520,Sinocelltech Group Limited Class A,56202010,생명 공학 및 의학 연구,17313057632,"3조 4,943억원",CNY
600131,State Grid Information & Communication Co Ltd Class A,57401010,통합 통신 서비스,17296442917,"3조 4,909억원",CNY
601020,Tibet Huayu Mining Co Ltd Class A,51201050,특수 채굴 및 금속,17284855834,"3조 4,886억원",CNY
688686,OPT Machine Vision Tech Co Ltd Class A,57106030,가정용 전자 제품,17253534473,"3조 4,823억원",CNY
688270,Great Microwave Technology Co Ltd Class A,57101010,반도체,17216101680,"3조 4,747억원",CNY
688268,Guangdong Huate Gas Co Ltd Class A,51101010,상품 화학,17196216878,"3조 4,707억원",CNY
600380,Joincare Pharmaceutical Group Industry Co Ltd Class A,56201040,제약,17160272761,"3조 4,635억원",CNY
603876,Jiangsu Dingsheng New Materials Joint-Stock Co Ltd Class A,51201030,알루미늄,17154272752,"3조 4,622억원",CNY
601858,China Science Publishing & Media Ltd Class A,53302040,소비자 출판,17122230000,"3조 4,558억원",CNY
601921,Zhejiang Publishing & Media Co Ltd Class A,53302040,소비자 출판,17088888895,"3조 4,491억원",CNY
688380,Shenzhen China Micro Semicon Co Ltd Class A,57101010,반도체,17087578200,"3조 4,488억원",CNY
688005,Ningbo Ronbay New Energy Technology Co Ltd Class A,52102030,전기 부품 및 장비,17072241985,"3조 4,457억원",CNY
601333,Guangshen Railway Co Ltd Class A,52406020,지상 및 해상 여객 운송,17069755740,"3조 4,452억원",CNY
603171,Servyou Software Group Co Ltd Class A,57201020,소프트웨어,16966202000,"3조 4,243억원",CNY
600552,Triumph Science&Technology Co Ltd Class A,57104010,전자 장비 및 부품,16908463403,"3조 4,126억원",CNY
600956,China Suntien Green Energy Corp Ltd Class A,59102010,천연가스 유틸리티,16903608893,"3조 4,117억원",CNY
688363,Bloomage Biotechnology Corp Ltd Class A,56201040,제약,16863555252,"3조 4,036억원",CNY
600754,Shanghai Jin Jiang International Hotels Co Ltd Class A,53301010,"호텔, 모텔 및 크루즈 라인",16853936255,"3조 4,016억원",CNY
603009,Shanghai Beite Technology Group Co Ltd Class A,53101020,"자동차, 트럭 및 오토바이 부품",16810297722,"3조 3,928억원",CNY
601636,Zhuzhou Kibing Group Co Ltd Class A,53203020,건설 자재 및 비품,16805153175,"3조 3,918억원",CNY
600032,Zhejiang Provincial New Energy Investment Group Co Ltd Class A,59101020,민자 발전 사업,16784633762,"3조 3,876억원",CNY
600062,China Resources Double-Crane Pharmaceutical Co Ltd Class A,56201040,제약,16721016477,"3조 3,748억원",CNY
603871,Jiayou International Logistics Co Ltd Class A,52405010,"배달, 우편, 항공 화물 및 육상 물류",16634985281,"3조 3,574억원",CNY
600820,Shanghai Tunnel Engineering Co Ltd Class A,52201020,건설 및 엔지니어링,16569386415,"3조 3,442억원",CNY
601326,Qinhuangdao Port Co Ltd Class A,52407020,항만 운영 및 서비스,16556305320,"3조 3,416억원",CNY
601083,Shanghai Jinjiang Shipping Group Co Ltd Class A,52405020,해양 화물 및 물류,16500030000,"3조 3,302억원",CNY
600171,Shanghai Belling Corp Ltd Class A,57101010,반도체,16376128299,"3조 3,052억원",CNY
688709,Chengdu Sino Microelectronics Tech Co Ltd Class A,57101010,반도체,16366968568,"3조 3,033억원",CNY
688523,Hunan Aerospace Huanyu Communication Technology Co Ltd Class A,52101010,항공우주 및 방위,16352507200,"3조 3,004억원",CNY
688708,Chengdu Jiachi Electronic Technology Co Ltd Class A,52101010,항공우주 및 방위,16267400112,"3조 2,832억원",CNY
603638,Yantai Eddie Precision Machinery Co Ltd Class A,53204030,"가전제품, 도구 및 가정 용품",16195963561,"3조 2,688억원",CNY
600120,Zhejiang Orient Holdings Group Co Ltd Class A,55102010,투자 은행 및 중개 서비스,16188908272,"3조 2,674억원",CNY
603283,Suzhou Secote Precision Electronic Co Ltd Class A,57104010,전자 장비 및 부품,16163328242,"3조 2,622억원",CNY
688661,Suzhou UIGreen Micro & Nano Technologies Co Ltd Class A,57104010,전자 장비 및 부품,16122892730,"3조 2,541억원",CNY
605020,Zhejiang Yonghe Refrigerant Co Ltd Class A,51101010,상품 화학,16095897962,"3조 2,486억원",CNY
600739,Liaoning Cheng Da Co Ltd Class A,56201040,제약,15953870925,"3조 2,200억원",CNY
688003,Suzhou TZTEK Technology Co Ltd Class A,52102010,산업용 기계 및 장비,15942932565,"3조 2,178억원",CNY
600596,Zhejiang XinAn Chemical Industrial Group Co Ltd Class A,51101020,농화학제,15925245178,"3조 2,142억원",CNY
600623,Shanghai Huayi Group Corp Ltd Class A,51101010,상품 화학,15893030195,"3조 2,077억원",CNY
600459,Sino Platinum Metals Co Ltd Class A,51201010,금 제외 귀금속 및 광물,15829698537,"3조 1,949억원",CNY
688112,Siglent Technologies Co Ltd Class A,52102010,산업용 기계 및 장비,16759268684,"3조 3,825억원",CNY
688166,BrightGene Bio-Medical Technology Co Ltd Class A,56201040,제약,16041613619,"3조 2,377억원",CNY
688029,Micro-Tech (Nanjing) Co Ltd Class A,56101020,"의료 장비, 물품 및 유통",16010235777,"3조 2,313억원",CNY
600162,Shenzhen Heungkong Holding Co Ltd Class A,60101010,"부동산 임대, 개발 및 운영",15982662417,"3조 2,258억원",CNY
688582,Anhui XDLK Microsystem Corp Ltd Class A,57101010,반도체,15888779665,"3조 2,068억원",CNY
600490,Pengxin International Mining Co Ltd Class A,51201050,특수 채굴 및 금속,15866400356,"3조 2,023억원",CNY
600888,Xinjiang Joinworld Co Ltd Class A,57104010,전자 장비 및 부품,15857007539,"3조 2,004억원",CNY
600959,Jiangsu Broadcasting Cable Information Network Corp Ltd Class A,53302020,방송,15752260711,"3조 1,793억원",CNY
688772,Zhuhai CosMX Battery Co Ltd Class A,52102030,전기 부품 및 장비,15719641607,"3조 1,727억원",CNY
605289,Shanghai Luoman Technologies Inc Class A,52201020,건설 및 엔지니어링,15654785090,"3조 1,596억원",CNY
688209,Shenzhen Injoinic Technology Co Ltd Class A,57101010,반도체,15646590647,"3조 1,580억원",CNY
688535,Jiangsu HHCK Advanced Materials Co Ltd Class A,51101030,특수 화학제,15622602412,"3조 1,531억원",CNY
600928,Bank of XiAn Co Ltd Class A,55101010,은행,15600000002,"3조 1,485억원",CNY
601702,Shanghai Huafon Aluminium Corp Class A,51201030,알루미늄,15587062666,"3조 1,459억원",CNY
603858,Shandong Buchang Pharmaceuticals Co Ltd Class A,56201040,제약,15575975888,"3조 1,437억원",CNY
603733,Xianhe Co Ltd Class A,51301020,종이 제품,15552328967,"3조 1,389억원",CNY
603031,Anhui Anfu Battery Technology Co Ltd Class A,52102030,전기 부품 및 장비,15548253061,"3조 1,381억원",CNY
603203,Quick Intelligent Equipment Co Ltd Class A,57104010,전자 장비 및 부품,15507247574,"3조 1,298억원",CNY
601369,XiAn Shaangu Power Co Ltd Class A,52102010,산업용 기계 및 장비,15478865759,"3조 1,241억원",CNY
688046,GemPharmatech Co.  Ltd. Class A,56202010,생명 공학 및 의학 연구,15476325326,"3조 1,236억원",CNY
600867,Tonghua Dongbao Pharmaceutical Co Ltd Class A,56201040,제약,15413732064,"3조 1,110억원",CNY
601966,Shandong Linglong Tyre Co Ltd Class A,53101030,타이어 및 고무 제품,15352143145,3조 985억원,CNY
688612,Shenzhen VMAX New Energy Group Co Ltd Class A,53101020,"자동차, 트럭 및 오토바이 부품",15316965382,3조 914억원,CNY
603786,Keboda Technology Co Ltd Class A,53101020,"자동차, 트럭 및 오토바이 부품",15253667559,3조 786억원,CNY
600528,China Railway Hi-tech Industry Corp Ltd Class A,52201020,건설 및 엔지니어링,15173197346,3조 624억원,CNY
601886,Jangho Group Co Ltd Class A,52201020,건설 및 엔지니어링,15170897583,3조 619억원,CNY
603613,Beijing United Information Technology Co.  Ltd. Class A,57201030,온라인 서비스,15138499451,3조 554억원,CNY
603025,Beijing Dahao Technology Corp Ltd Class A,52102010,산업용 기계 및 장비,15030173245,3조 335억원,CNY
688603,Shanghai Skychem Technology Co Ltd Class A,51101010,상품 화학,15029305142,3조 334억원,CNY
600763,Topchoice Medical Co Inc Class A,56102010,의료 시설 및 서비스,14991499295,3조 257억원,CNY
688484,Southchip Semiconductor Technology Shanghai Co Ltd Class A,57101010,반도체,14937563274,3조 148억원,CNY
600808,Maanshan Iron & Steel Co Ltd Class A,51201020,철 및 강철,14919377965,3조 112억원,CNY
600621,Shanghai Chinafortune Co Ltd Class A,55102010,투자 은행 및 중개 서비스,14863199081,"2조 9,998억원",CNY
600835,Shanghai Mechanical & Electrical Industry Co Ltd Class A,52102040,중전기장비,14783223819,"2조 9,837억원",CNY
600710,Sumec Corp Ltd Class A,53202020,의류 및 액세서리,14779336099,"2조 9,829억원",CNY
688202,Shanghai Medicilon Inc Class A,56202010,생명 공학 및 의학 연구,14759930934,"2조 9,790억원",CNY
600531,Henan Yuguang Gold & Lead Co Ltd Class A,51201050,특수 채굴 및 금속,14716727035,"2조 9,703억원",CNY
600675,China Enterprise Co Ltd Class A,60101010,"부동산 임대, 개발 및 운영",14631647501,"2조 9,531억원",CNY
603738,TKD Science and Technology Co Ltd Class A,57104010,전자 장비 및 부품,14609700447,"2조 9,487억원",CNY
688779,Minmetals New Energy Materials Hunan Co Ltd Class A,52102030,전기 부품 및 장비,14604195279,"2조 9,476억원",CNY
601019,Shandong Publishing & Media Co Ltd Class A,53302040,소비자 출판,14587431000,"2조 9,442억원",CNY
688106,Jinhong Gas Co Ltd Class A,51101010,상품 화학,14555884709,"2조 9,378억원",CNY
601568,Shaanxi Beiyuan Chemical Industry Group Co Ltd Class A,51101010,상품 화학,14538333340,"2조 9,343억원",CNY
688390,GoodWe Technologies Co Ltd Class A,50201010,재생 가능 에너지 장비 및 서비스,14536332002,"2조 9,339억원",CNY
600548,Shenzhen Expressway Corp Ltd Class A,52407030,고속도로 및 철도,14501884629,"2조 9,269억원",CNY
688401,Shenzhen Newway Photomask Making Co Ltd Class A,57101010,반도체,14480617547,"2조 9,226억원",CNY
600933,IKD Co Ltd Class A,53101020,"자동차, 트럭 및 오토바이 부품",14379069330,"2조 9,021억원",CNY
600877,CETC Chips Technology Inc Class A,57101010,반도체,14374482233,"2조 9,012억원",CNY
603118,Shenzhen Gongjin Electronics Co Ltd Class A,57102010,통신 및 네트워킹,14328430589,"2조 8,919억원",CNY
688593,Shanghai New Vision Microelectronics Co Ltd Class A,57101010,반도체,14328127066,"2조 8,918억원",CNY
688559,Hymson Laser Technology Group Co Ltd Class A,52102010,산업용 기계 및 장비,14285786477,"2조 8,833억원",CNY
605507,Guobang Pharma Ltd Class A,56201040,제약,14285763954,"2조 8,833억원",CNY
603456,Zhejiang Jiuzhou Pharmaceutical Co Ltd Class A,56201040,제약,14283702454,"2조 8,829억원",CNY
688383,Shenzhen Xinyichang Technology Co Ltd Class A,57101020,반도체 장비 및 테스트,14193917260,"2조 8,648억원",CNY
600475,Wuxi Huaguang Environment & Energy Group Co Ltd Class A,59104010,복합 유틸리티,14188209883,"2조 8,636억원",CNY
600750,China Resources Jiangzhong Pharmaceutical Co Ltd Class A,56201040,제약,14186330610,"2조 8,632억원",CNY
600391,AECC Aero Science and Technology Co Ltd Class A,52101010,항공우주 및 방위,14142742082,"2조 8,544억원",CNY
600022,Shandong Iron and Steel Co Ltd Class A,51201020,철 및 강철,14015492916,"2조 8,287억원",CNY
603063,Shenzhen Hopewind Electric Co Ltd Class A,50201010,재생 가능 에너지 장비 및 서비스,14012484234,"2조 8,281억원",CNY
603826,Fujian Kuncai Material Technology Co Ltd Class A,51101010,상품 화학,13934793600,"2조 8,125억원",CNY
603936,Bomin Electronics Co Ltd Class A,57101010,반도체,14597771850,"2조 9,463억원",CNY
688758,Suzhou Sepax Technologies Co Ltd Class A,51101010,상품 화학,14143120293,"2조 8,545억원",CNY
603303,Hengdian Group Tospo Lighting Co Ltd Class A,52102030,전기 부품 및 장비,14069864963,"2조 8,397억원",CNY
605118,Xiamen Leading Optics Co Ltd Class A,57106030,가정용 전자 제품,14039016660,"2조 8,335억원",CNY
603662,Keli Sensing Technology (Ningbo) Co.  Ltd. Class A,52102010,산업용 기계 및 장비,13990944024,"2조 8,238억원",CNY
688516,Wuxi Autowell Technology Co Ltd Class A,50201010,재생 가능 에너지 장비 및 서비스,13959626312,"2조 8,175억원",CNY
601375,Central China Securities Co Ltd Class A,55102010,투자 은행 및 중개 서비스,13927979588,"2조 8,111억원",CNY
603026,Shida Shinghwa Advanced Material Group Co Ltd Class A,51101010,상품 화학,13910866617,"2조 8,076억원",CNY
688308,OKE Precision Cutting Tools Co Ltd Class A,52102010,산업용 기계 및 장비,13899750718,"2조 8,054억원",CNY
600267,Zhejiang Hisun Pharmaceutical Co Ltd Class A,56201040,제약,13879999849,"2조 8,014억원",CNY
600452,Chongqing Fuling Electric Power Industrial Co Ltd Class A,59101010,전력 유틸리티,13874971136,"2조 8,004억원",CNY
603328,Guangdong Ellington Electronics Technology Co Ltd Class A,57101010,반도체,13798476884,"2조 7,849억원",CNY
688107,Shanghai Anlogic Infotech Co Ltd Class A,57101010,반도체,13785943212,"2조 7,824억원",CNY
603868,Shanghai Flyco Electrical Appliance Co Ltd Class A,53204030,"가전제품, 도구 및 가정 용품",13773672000,"2조 7,799억원",CNY
600320,Shanghai Zhenhua Heavy Industries Co Ltd Class A,52102020,중장비 및 차량,13731531644,"2조 7,714억원",CNY
688798,Shanghai Awinic Technology Co Ltd Class A,57101010,반도체,13698638651,"2조 7,648억원",CNY
603888,Xinhuanet Co Ltd Class A,57201030,온라인 서비스,13693811123,"2조 7,638억원",CNY
688090,Guangzhou Risong Intelligent Technology Holding Co Ltd Class A,52102010,산업용 기계 및 장비,13691399831,"2조 7,633억원",CNY
600761,Anhui Heli Co Ltd Class A,52102020,중장비 및 차량,13689947737,"2조 7,630억원",CNY
603317,Sichuan Teway Food Group Co Ltd Class A,54102020,식품 가공,13647690902,"2조 7,545억원",CNY
688378,Jilin OLED Material Tech Co Ltd Class A,51101010,상품 화학,13646393561,"2조 7,543억원",CNY
600151,Shanghai Aerospace Automobile Electromechanical Co Ltd Class A,53101020,"자동차, 트럭 및 오토바이 부품",13625396727,"2조 7,500억원",CNY
603989,Hunan Aihua Group Co Ltd Class A,57104010,전자 장비 및 부품,13618332219,"2조 7,486억원",CNY
603194,Zhejiang E-P Equipment Co.  Ltd. Class A,52102020,중장비 및 차량,13613950000,"2조 7,477억원",CNY
600056,China Meheco Group Co Ltd Class A,56201040,제약,13537711719,"2조 7,323억원",CNY
600155,Polaris Bay Group Co Ltd Class A,57301090,기타 핀테크 인프라,13535770399,"2조 7,319억원",CNY
688031,Transwarp Technology (Shanghai) Co.  Ltd. Class A,57201020,소프트웨어,13483638810,"2조 7,214억원",CNY
603882,Guangzhou Kingmed Diagnostics Group Co Ltd Class A,56102010,의료 시설 및 서비스,13462285472,"2조 7,171억원",CNY
600872,Jonjee Hi-tech Industrial and Commercial Holding Co Ltd Class A,54102020,식품 가공,13433992954,"2조 7,114억원",CNY
600072,CSSC Science & Technology Co Ltd Class A,50201010,재생 가능 에너지 장비 및 서비스,13400801901,"2조 7,047억원",CNY
603011,Hefei Metalforming Intelligent Manufacturing Co.  Ltd. Class A,52102010,산업용 기계 및 장비,13378854665,"2조 7,003억원",CNY
600064,Nanjing Gaoke Co Ltd Class A,60101010,"부동산 임대, 개발 및 운영",13375525448,"2조 6,996억원",CNY
600633,Zhejiang Digital Culture Technology Group Co.  Ltd. Class A,57201030,온라인 서비스,13340143445,"2조 6,924억원",CNY
600764,China Marine Information Electronics Co Ltd Class A,57104010,전자 장비 및 부품,13295875812,"2조 6,835억원",CNY
600744,Datang HuaYin Electric Power Co Ltd Class A,59101020,민자 발전 사업,13283552752,"2조 6,810억원",CNY
688353,Jiangsu HSC New Energy Materials Co Ltd Class A,51101030,특수 화학제,13217765000,"2조 6,677억원",CNY
600361,Innovation New Material Technology Co Ltd Class A,51201030,알루미늄,13176300083,"2조 6,594억원",CNY
601952,Jiangsu Provincial Agricultural Reclamation and Development Co Ltd Class A,54102010,어업 및 농업,13159900000,"2조 6,561억원",CNY
603014,Shandong Weigao Blood Purification Products Co Ltd Class A,56101010,첨단 의료 장비 및 기술,13150897998,"2조 6,542억원",CNY
601778,Jinko Power Technology Co Ltd Class A,59101020,민자 발전 사업,13142347078,"2조 6,525억원",CNY
600651,Shanghai Feilo Acoustics Co Ltd Class A,53101020,"자동차, 트럭 및 오토바이 부품",13136826799,"2조 6,514억원",CNY
601133,Both Engineering Technology Co Ltd Class A,57201010,IT 서비스 및 컨설팅,13117576131,"2조 6,475억원",CNY
600409,Tangshan Sanyou Chemical Industries Co Ltd Class A,51101010,상품 화학,13108618995,"2조 6,457억원",CNY
601827,Chongqing Sanfeng Environment Group Corp Ltd Class A,59101010,전력 유틸리티,13107957072,"2조 6,456억원",CNY
600367,Guizhou Redstar Developing Co Ltd Class A,51101010,상품 화학,13061902238,"2조 6,363억원",CNY
600776,Eastern Communications Co Ltd Class A,57102010,통신 및 네트워킹,13058960874,"2조 6,357억원",CNY
600779,Sichuan Swellfun Co Ltd Class A,54101020,증류주 및 포도주,13037255784,"2조 6,313억원",CNY
603305,Ningbo Xusheng Group Co Ltd Class A,53101020,"자동차, 트럭 및 오토바이 부품",13024835426,"2조 6,288억원",CNY
601965,China Automotive Engineering Research Institute Co Ltd Class A,52203040,경영 지원 서비스,13024402547,"2조 6,287억원",CNY
603505,China Kings Resources Group Co Ltd Class A,51201010,금 제외 귀금속 및 광물,12978533096,"2조 6,195억원",CNY
600343,Shaanxi Aerospace Power Hi-Tech Co Ltd Class A,52102010,산업용 기계 및 장비,12949206801,"2조 6,135억원",CNY
601107,SICHUAN EXPRESSWAY GROUP COMPANY LIMITED Class A,52407030,고속도로 및 철도,12933185200,"2조 6,103억원",CNY
688710,Shanghai InnoStar Bio-tech Co Ltd Class A,56102010,의료 시설 및 서비스,12909503346,"2조 6,055억원",CNY
688507,Shanghai Suochen Information Technology Co Ltd Class A,57201010,IT 서비스 및 컨설팅,12902951923,"2조 6,042억원",CNY
600201,Jinyu Bio-Technology Co Ltd Class A,56201040,제약,12891154121,"2조 6,018억원",CNY
601033,Grandtop Yongxing Group Co Ltd Class A,59101010,전력 유틸리티,12834000000,"2조 5,903억원",CNY
603757,Zhejiang Dayuan Pumps Industry Co Ltd Class A,52102010,산업용 기계 및 장비,12815796693,"2조 5,866억원",CNY
603626,Kunshan Kersen Science & Technology Co Ltd Class A,51201020,철 및 강철,12723391292,"2조 5,680억원",CNY
601022,Ningbo Ocean Shipping Co Ltd Class A,52405020,해양 화물 및 물류,12533799268,"2조 5,297억원",CNY
603226,Vohringer Home Technology Co Ltd Class A,53203020,건설 자재 및 비품,11699234151,"2조 3,613억원",CNY
688105,Nanjing Vazyme Biotech Co Ltd Class A,56201040,제약,13674254943,"2조 7,599억원",CNY
601811,Xinhua Winshare Publishing and Media Co Ltd Class A,53302040,소비자 출판,13319823598,"2조 6,883억원",CNY
688662,Guangdong Fuxin Technology Co Ltd Class A,52102030,전기 부품 및 장비,12891767329,"2조 6,019억원",CNY
688020,Guangzhou Fangbang Electronics Co Ltd Class A,57104010,전자 장비 및 부품,12879588900,"2조 5,995억원",CNY
603983,Guangdong Marubi Biotechnology Co.  Ltd. Class A,54201020,개인 생활 필수 용품,12848040000,"2조 5,931억원",CNY
603707,Nanjing King-friend Biochemical Pharmaceutical Co Ltd Class A,56201040,제약,12828269099,"2조 5,891억원",CNY
603297,Ningbo Yongxin Optics Co Ltd Class A,57105010,사무기기,12775923558,"2조 5,786억원",CNY
600167,Luen Mei Quantum Co Ltd Class A,59103010,수자원 유틸리티,12762420211,"2조 5,758억원",CNY
601512,China-Singapore Suzhou Industrial Park Development Group Co Ltd Class A,60101010,"부동산 임대, 개발 및 운영",12725576100,"2조 5,684억원",CNY
688006,Zhejiang Hangke Technology Incorporated Company Class A,52102030,전기 부품 및 장비,12689188635,"2조 5,611억원",CNY
600258,BTG Hotels (Group) Co.  Ltd. Class A,53301010,"호텔, 모텔 및 크루즈 라인",12673445480,"2조 5,579억원",CNY
600908,Wuxi Rural Commercial Bank Co Ltd Class A,55101010,은행,12663313380,"2조 5,558억원",CNY
600416,Xiangtan Electric Manufacturing Co Ltd Class A,52102040,중전기장비,12632697207,"2조 5,497억원",CNY
688059,Zhuzhou Huarui Precision Cutting Tools Co Ltd Class A,52102010,산업용 기계 및 장비,12619329971,"2조 5,470억원",CNY
600271,Aisino Co Ltd Class A,57107010,통합 하드웨어 및 소프트웨어,12618144385,"2조 5,467억원",CNY
688055,InfoVision Optoelectronics Kunshan Co Ltd Class A,57104010,전자 장비 및 부품,12600000252,"2조 5,431억원",CNY
688757,Wintech Nano Suzhou Co Ltd Class A,57101020,반도체 장비 및 테스트,12567185904,"2조 5,364억원",CNY
600366,Ningbo Yunsheng Co Ltd Class A,51201050,특수 채굴 및 금속,12562039213,"2조 5,354억원",CNY
603078,Jiangyin Jianghua Micro-electronic Materials Co.  Ltd. Class A,51101030,특수 화학제,12537066932,"2조 5,304억원",CNY
600827,Shanghai Bailian Group Co Ltd Class A,54301020,식품 소매 및 유통,12530753875,"2조 5,291억원",CNY
601678,Befar Group Co Ltd Class A,51101010,상품 화학,12484996195,"2조 5,198억원",CNY
605389,JiangSu Changling Hydraulic Co Ltd Class A,52102010,산업용 기계 및 장비,12483933740,"2조 5,196억원",CNY
600916,China National Gold Group Gold Jewellery Co Ltd Class A,53202020,의류 및 액세서리,12482400000,"2조 5,193억원",CNY
688138,Shenzhen Qingyi Photomask Ltd Class A,57104010,전자 장비 및 부품,12434600000,"2조 5,097억원",CNY
600315,Shanghai Jahwa United Co.  Ltd Class A,54201020,개인 생활 필수 용품,12422736110,"2조 5,073억원",CNY
688116,Jiangsu Cnano Technology Co Ltd Class A,51101010,상품 화학,12418105888,"2조 5,063억원",CNY
600529,Shandong Pharmaceutical Glass Co Ltd Class A,51302010,용기(종이 제외) 및 포장재,12409583913,"2조 5,046억원",CNY
600755,Xiamen ITG Group Corp Ltd Class A,52202010,다각적 산업용 제품 도매,12387840809,"2조 5,002억원",CNY
688100,Willfar Information Technology Co Ltd Class A,57102010,통신 및 네트워킹,12356048448,"2조 4,938억원",CNY
600113,Zhe Jiang Dong Ri Ltd Co Class A,54301020,식품 소매 및 유통,12330591865,"2조 4,887억원",CNY
600456,BaoJi Titanium Industry Co Ltd Class A,51201050,특수 채굴 및 금속,12250216100,"2조 4,725억원",CNY
600717,Tianjin Port Holdings Co Ltd Class A,52407020,항만 운영 및 서비스,12241624391,"2조 4,707억원",CNY
600216,Zhejiang Medicine Co Ltd Class A,56201040,제약,12232032180,"2조 4,688억원",CNY
601882,Ningbo Haitian Precision Machinery Co Ltd Class A,52102010,산업용 기계 및 장비,12214800000,"2조 4,653억원",CNY
600864,Harbin Hatou Investment Co Ltd Class A,59104010,복합 유틸리티,12192143247,"2조 4,607억원",CNY
688088,ArcSoft Corp Ltd Class A,57201020,소프트웨어,12191568456,"2조 4,606억원",CNY
603800,Jiangsu Hongtian Technology Co Ltd Class A,52102010,산업용 기계 및 장비,12182560000,"2조 4,588억원",CNY
601619,Jiaze Renewables Corp Ltd Class A,59101020,민자 발전 사업,12165799492,"2조 4,554억원",CNY
601222,Jiangsu Linyang Energy Co Ltd Class A,52102030,전기 부품 및 장비,12165672130,"2조 4,554억원",CNY
688515,Motorcomm Electronic Technology Co Ltd Class A,57101010,반도체,12152000000,"2조 4,526억원",CNY
603093,Nanhua Futures Co Ltd Class A,55102010,투자 은행 및 중개 서비스,12136856502,"2조 4,496억원",CNY
688660,Shanghai Electric Wind Power Group Co Ltd Class A,50201010,재생 가능 에너지 장비 및 서비스,12133333940,"2조 4,489억원",CNY
688306,Ningbo PIA Automation Holding Corp Class A,52102010,산업용 기계 및 장비,12110868408,"2조 4,443억원",CNY
601086,Gansu Guofang Industry & Trade Group Co Ltd Class A,53402010,백화점,12094560000,"2조 4,410억원",CNY
600821,Nyocor Co Ltd Class A,59101010,전력 유틸리티,11961335714,"2조 4,142억원",CNY
603601,Chongqing Zaisheng Technology Co Ltd Class A,51101030,특수 화학제,11937463147,"2조 4,093억원",CNY
603906,Jiangsu Lopal Tech Group Co Ltd Class A,51101010,상품 화학,11928114451,"2조 4,075억원",CNY
600184,North Electro-Optic Co Ltd Class A,52101010,항공우주 및 방위,11899294897,"2조 4,016억원",CNY
603267,Beijing Yuanliu Hongyuan Electronic Technology Co Ltd Class A,52102030,전기 부품 및 장비,11889111893,"2조 3,996억원",CNY
600720,CCCC Design & Consulting Group Co Ltd Class A,52201020,건설 및 엔지니어링,11863059071,"2조 3,943억원",CNY
688508,Wuxi Chipown Micro-electronics Ltd Class A,57101010,반도체,11862214595,"2조 3,942억원",CNY
603389,A-Zenith Home Furnishings Co Ltd Class A,53204040,가정용 가구,11826467520,"2조 3,869억원",CNY
603713,Milkyway Intelligent Supply Chain Service Group Co Ltd Class A,52405010,"배달, 우편, 항공 화물 및 육상 물류",11767421925,"2조 3,750억원",CNY
601992,BBMG Corp Class A,51202010,건설 자재,11757998832,"2조 3,731억원",CNY
688035,Darbond Technology Co Ltd Class A,51101030,특수 화학제,11751868800,"2조 3,719억원",CNY
600211,Tibet Rhodiola Pharmaceutical Holding Co Class A,56201040,제약,11738865118,"2조 3,693억원",CNY
600116,Chongqing Three Gorges Water Conservancy and Electric Power Co Ltd Class A,59101010,전력 유틸리티,11683193143,"2조 3,580억원",CNY
688182,Jiangsu Cai Qin Technology Co Ltd Class A,57104010,전자 장비 및 부품,11676000000,"2조 3,566억원",CNY
600063,Anhui Wanwei Updated High-tech Material Industry Co Ltd Class A,51101010,상품 화학,11628378243,"2조 3,470억원",CNY
603698,Changzheng Engineering Technology Co Ltd Class A,52201020,건설 및 엔지니어링,11604183500,"2조 3,421억원",CNY
601949,China Publishing & Media Holdings Co Ltd Class A,53302040,소비자 출판,12604268517,"2조 5,439억원",CNY
600722,Hebei Jinniu Chemical Industry Co Ltd Class A,51101010,상품 화학,12300179742,"2조 4,825억원",CNY
600589,Dawei Technology Guangdong Group Co Ltd Class A,57201010,IT 서비스 및 컨설팅,12222951593,"2조 4,670억원",CNY
603039,Weaver Network Technology Co Ltd Class A,57201020,소프트웨어,12213274096,"2조 4,650억원",CNY
688319,Chengdu Olymvax Biopharmaceuticals Inc Class A,56201040,제약,12170387186,"2조 4,563억원",CNY
605179,Zhejiang Yiming Food Co Ltd Class A,54102020,식품 가공,12046040000,"2조 4,313억원",CNY
605168,Three's Company Future Technology Group Co Ltd Class A,53302010,광고 및 마케팅,11843698273,"2조 3,904억원",CNY
605099,CoCreation Grass Co Ltd Class A,51101010,상품 화학,11785938283,"2조 3,788억원",CNY
688382,InventisBio Co Ltd Class A,56202010,생명 공학 및 의학 연구,11725146241,"2조 3,665억원",CNY
688610,Hefei I-TEK OptoElectronics Co Ltd Class A,52102010,산업용 기계 및 장비,11700760000,"2조 3,616억원",CNY
600338,Tibet Summit Resources Co Ltd Class A,51201050,특수 채굴 및 금속,11692748049,"2조 3,599억원",CNY
688321,Shenzhen Chipscreen Biosciences Co Ltd Class A,56201040,제약,11653794601,"2조 3,521억원",CNY
603927,Sinosoft Co Ltd Class A,57201020,소프트웨어,11617939200,"2조 3,448억원",CNY
600850,CETC Digital Technology Co Ltd Class A,57201010,IT 서비스 및 컨설팅,11582424159,"2조 3,377억원",CNY
600783,Luxin Venture Capital Group Co Ltd Class A,53203020,건설 자재 및 비품,11552456243,"2조 3,316억원",CNY
688153,Vanchip (Tianjin) Technology Co Ltd Class A,57101010,반도체,11454932273,"2조 3,119억원",CNY
601801,Anhui Xinhua Media Co Ltd Class A,53302040,소비자 출판,11414739112,"2조 3,038억원",CNY
605006,Shandong Fiberglass Group Corp Class A,51202010,건설 자재,11411878768,"2조 3,033억원",CNY
603406,Yangzhou Tinfulong Group Co Ltd Class A,53202010,직물 및 가죽제품,11392284800,"2조 2,993억원",CNY
601068,China Aluminum International Engineering Corp Ltd Class A,52201020,건설 및 엔지니어링,11384744655,"2조 2,978억원",CNY
688663,WindSun Science Technology Co Ltd Class A,52102030,전기 부품 및 장비,11371346278,"2조 2,951억원",CNY
603556,Hexing Electrical Co Ltd Class A,52102040,중전기장비,11363993653,"2조 2,936억원",CNY
600461,Jiangxi Hongcheng Environment Co Ltd Class A,59103010,수자원 유틸리티,11339104650,"2조 2,886억원",CNY
600383,Gemdale Corp Class A,60101010,"부동산 임대, 개발 및 운영",11286458930,"2조 2,779억원",CNY
688062,Mabwell (Shanghai) Bioscience Co.  Ltd. Class A,56202010,생명 공학 및 의학 연구,11268720000,"2조 2,744억원",CNY
600420,Shanghai Shyndec Pharmaceutical Co Ltd Class A,56201040,제약,11265850613,"2조 2,738억원",CNY
688678,Freewon China Co Ltd Class A,57104010,전자 장비 및 부품,11206360728,"2조 2,618억원",CNY
600702,Shede Spirits Co Ltd Class A,54101020,증류주 및 포도주,11164894881,"2조 2,534억원",CNY
600508,Shanghai Datun Energy Resources Co Ltd Class A,50101010,석탄,11129857200,"2조 2,463억원",CNY
603052,Suzhou K-Hiragawa Electronic Technology Co Ltd Class A,57104010,전자 장비 및 부품,11129156013,"2조 2,462억원",CNY
600859,Wangfujing Group Co Ltd Class A,53402010,백화점,11126921098,"2조 2,457억원",CNY
688231,Jiangsu Longda Superalloy Co Ltd Class A,51201050,특수 채굴 및 금속,11111771879,"2조 2,427억원",CNY
600395,Guizhou Panjiang Refined Coal Co Ltd Class A,50101010,석탄,11098050702,"2조 2,399억원",CNY
688567,Farasis Energy (Gan Zhou) Co Ltd Class A,52102030,전기 부품 및 장비,11084482237,"2조 2,372억원",CNY
601096,Hsino Tower Group Co Ltd Class A,52102040,중전기장비,11075142064,"2조 2,353억원",CNY
600635,Shanghai Dazhong Public Utilities Group Co Ltd Class A,59102010,천연가스 유틸리티,11053877955,"2조 2,310억원",CNY
601595,Shanghai Film Co Ltd Class A,53301040,여가 및 오락시설,11043648000,"2조 2,289억원",CNY
603235,JiangXi Tianxin Pharmaceutical Co Ltd Class A,56201040,제약,11027678200,"2조 2,257억원",CNY
688139,Qingdao Haier Biomedical Co Ltd Class A,56101010,첨단 의료 장비 및 기술,11010788756,"2조 2,223억원",CNY
603515,Opple Lighting Co Ltd Class A,53203020,건설 자재 및 비품,10993163083,"2조 2,188억원",CNY
688543,Jiangxi Guoke Defence Group Co Ltd Class A,52101010,항공우주 및 방위,10989267487,"2조 2,180억원",CNY
601005,Chongqing Iron & Steel Co Ltd Class A,51201020,철 및 강철,10976166912,"2조 2,153억원",CNY
688239,Guizhou Aviation Technical Development Co Ltd Class A,52101010,항공우주 및 방위,10973647626,"2조 2,148억원",CNY
600572,Zhejiang CONBA Pharmaceutical Co Ltd Class A,56201040,제약,10966458374,"2조 2,134억원",CNY
688359,Guangzhou Sanfu New Materials Technology Co Ltd Class A,51101030,특수 화학제,10928931317,"2조 2,058억원",CNY
600360,JiLin Sino-Microelectronics Co Ltd Class A,57101010,반도체,10928160560,"2조 2,056억원",CNY
600648,Shanghai Waigaoqiao Free Trade Zone Group Co Ltd Class A,60101010,"부동산 임대, 개발 및 운영",10897934349,"2조 1,995억원",CNY
605599,Beijing Caishikou Department Store Co Ltd Class A,53202020,의류 및 액세서리,10888889200,"2조 1,977억원",CNY
603099,ChangBai Mountain Tourism Co Ltd Class A,52406020,지상 및 해상 여객 운송,10886063724,"2조 1,971억원",CNY
603583,Zhejiang Jiecang Linear Motion Technology Co Ltd Class A,52102030,전기 부품 및 장비,10847598055,"2조 1,894억원",CNY
600163,Zhongmin Energy Co Ltd Class A,59101020,민자 발전 사업,10847078015,"2조 1,893억원",CNY
603393,Xinjiang Xintai Natural Gas Co Ltd Class A,50102020,"오일, 가스 탐사 및 생산",10843907545,"2조 1,886억원",CNY
600285,Henan Lingrui Pharmaceutical Co Ltd Class A,56201040,제약,10831905783,"2조 1,862억원",CNY
603693,Jiangsu New Energy Development Co Ltd Class A,59101010,전력 유틸리티,10795772907,"2조 1,789억원",CNY
603319,Hunan Meihu Intelligent Manufacturing Co Ltd Class A,53101020,"자동차, 트럭 및 오토바이 부품",10771393773,"2조 1,740억원",CNY
601339,Bros Eastern Ltd Class A,53202010,직물 및 가죽제품,10736914040,"2조 1,670억원",CNY
688293,Shanghai OPM Biosciences Co Ltd Class A,56201040,제약,10725708431,"2조 1,648억원",CNY
600458,Zhu Zhou Times New Material Technology Co Ltd Class A,53101020,"자동차, 트럭 및 오토바이 부품",10673184040,"2조 1,542억원",CNY
600123,Shanxi Lanhua Sci-Tech Venture Co Ltd Class A,50101010,석탄,10577863351,"2조 1,349억원",CNY
688552,Aerospace Nanhu Electronic Information Technology Co Ltd Class A,52101010,항공우주 및 방위,10508647680,"2조 1,210억원",CNY
688258,Jiangsu Eazytec Co Ltd Class A,57201010,IT 서비스 및 컨설팅,11427347216,"2조 3,064억원",CNY
601900,Southern Publishing and Media Co.  Ltd Class A,53302040,소비자 출판,11183380792,"2조 2,571억원",CNY
600986,Zhewen Interactive Group Co Ltd Class A,53302010,광고 및 마케팅,10991694318,"2조 2,185억원",CNY
688381,Dioo Microcircuits Co Ltd Jiangsu Class A,57101010,반도체,10860300000,"2조 1,919억원",CNY
600619,Shanghai Highly Group Co Ltd Class A,52102030,전기 부품 및 장비,10772235993,"2조 1,742억원",CNY
603859,Nancal Technology Co Ltd Class A,57201020,소프트웨어,10762523196,"2조 1,722억원",CNY
603589,Anhui Kouzi Distillery Co Ltd Class A,54101020,증류주 및 포도주,10748206912,"2조 1,693억원",CNY
688628,Uni-Trend Technology (China) Co Ltd Class A,52102030,전기 부품 및 장비,10718909729,"2조 1,634억원",CNY
688327,Cloudwalk Technology Co Ltd Class A,57201010,IT 서비스 및 컨설팅,10638947616,"2조 1,473억원",CNY
688611,Hangzhou Kelin Electric Co.  Ltd. Class A,52102030,전기 부품 및 장비,10626831488,"2조 1,448억원",CNY
600248,Shaanxi Construction Engineering Group Corp Ltd Class A,52201020,건설 및 엔지니어링,10621837758,"2조 1,438억원",CNY
600006,DongFeng Automobile Co Ltd Class A,53101010,자동차 및 트럭 제조,10620000000,"2조 1,434억원",CNY
600640,New Guomai Digital Culture Co Ltd Class A,53302030,엔터테인먼트 제작,10614703469,"2조 1,424억원",CNY
600268,Guodian Nanjing Automation Co Ltd Class A,52102040,중전기장비,10572257672,"2조 1,338억원",CNY
600127,Jinjian Cereals Industry Co Ltd Class A,54102020,식품 가공,10570169600,"2조 1,334억원",CNY
688016,Shanghai MicroPort Endovascular MedTech Group Co Ltd Class A,56101020,"의료 장비, 물품 및 유통",10548771973,"2조 1,291억원",CNY
688125,Guangdong Anda Automation Solutions Co Ltd Class A,52102010,산업용 기계 및 장비,10526554986,"2조 1,246억원",CNY
603103,Hengdian Entertainment Co Ltd Class A,53301040,여가 및 오락시설,10464300000,"2조 1,120억원",CNY
603533,IReader Technology Co.  Ltd. Class A,53302040,소비자 출판,10401854990,2조 994억원,CNY
600373,Chinese Universe Publishing and Media Group Co Ltd Class A,53302040,소비자 출판,10320767788,2조 830억원,CNY
600929,Snowsky Salt Industry Group Co Ltd Class A,54102020,식품 가공,10316312380,2조 821억원,CNY
600559,Hebei Hengshui Laobaigan Liquor Co Ltd Class A,54101020,증류주 및 포도주,10309203694,2조 807억원,CNY
603619,Zhongman Petroleum and Natural Gas Group Corp Ltd Class A,50102020,"오일, 가스 탐사 및 생산",10273160603,2조 734억원,CNY
600446,Shenzhen Kingdom Sci-Tech Co Ltd Class A,57201010,IT 서비스 및 컨설팅,10259815521,2조 707억원,CNY
688583,Scantech Hangzhou Co Ltd Class A,52102010,산업용 기계 및 장비,10251040800,2조 690억원,CNY
688063,Pylon Technologies Co Ltd Class A,52102030,전기 부품 및 장비,10224119906,2조 635억원,CNY
600971,Anhui Hengyuan Coal Industry and Electricity Power Co Ltd Class A,50101010,석탄,10188041465,2조 563억원,CNY
600649,Shanghai Chengtou Holding Co Ltd Class A,60101010,"부동산 임대, 개발 및 운영",10141629126,2조 469억원,CNY
600509,Xinjiang Tianfu Energy Co Ltd Class A,59101010,전력 유틸리티,10088076967,2조 361억원,CNY
601038,First Tractor Co Ltd Class A,52102020,중장비 및 차량,10075581637,2조 336억원,CNY
600612,Lao Feng Xiang Co Ltd Class A,53202020,의류 및 액세서리,10065059656,2조 314억원,CNY
600198,Datang Telecom Technology Co Ltd Class A,57102010,통신 및 네트워킹,10063819337,2조 312억원,CNY
603220,China Bester Group Telecom Co Ltd Class A,52201020,건설 및 엔지니어링,10062079963,2조 308억원,CNY
688198,Beijing Balance Medical Technology Co Ltd Class A,56101020,"의료 장비, 물품 및 유통",10037706452,2조 259억원,CNY
600787,CMST Development Co Ltd Class A,52405010,"배달, 우편, 항공 화물 및 육상 물류",10025767669,2조 235억원,CNY
600037,Beijing Gehua CATV Network Co Ltd Class A,53302020,방송,9992965207,2조 169억원,CNY
601163,Triangle Tyre Co Ltd Class A,53101030,타이어 및 고무 제품,9992000000,2조 167억원,CNY
600882,Shanghai Milkground Food Tech Co Ltd Class A,54102020,식품 가공,9950437872,2조 83억원,CNY
600033,Fujian Expressway Development Co Ltd Class A,52407030,고속도로 및 철도,9934728000,2조 51억원,CNY
600740,ShanXi Coking Co Ltd Class A,50101010,석탄,9864166443,"1조 9,909억원",CNY
600773,Tibet Urban Development and Investment Co Ltd Class A,60101010,"부동산 임대, 개발 및 운영",9858439921,"1조 9,897억원",CNY
605318,Fsilon Furnishing and Construction Materials Corp Class A,53203020,건설 자재 및 비품,9838296441,"1조 9,857억원",CNY
600059,Zhejiang Guyuelongshan Shaoxing Wine Co Ltd Class A,54101020,증류주 및 포도주,9835542636,"1조 9,851억원",CNY
603883,LBX Pharmacy Chain JSC Class A,54301010,의약품 소매,9820039654,"1조 9,820억원",CNY
603185,Hongyuan Green Energy Co Ltd Class A,50201010,재생 가능 에너지 장비 및 서비스,9808982877,"1조 9,797억원",CNY
603027,Qianhe Condiment and Food Co Ltd Class A,54102020,식품 가공,9798471778,"1조 9,776억원",CNY
600662,Shanghai Foreign Service Holding Group Co Ltd Class A,52203030,고용 서비스,9795970916,"1조 9,771억원",CNY
600759,Geo-Jade Petroleum Corp Class A,50102020,"오일, 가스 탐사 및 생산",9791661901,"1조 9,763억원",CNY
605123,Wuxi Paike New Materials Technology Co Ltd Class A,51201020,철 및 강철,9784549529,"1조 9,748억원",CNY
603323,Jiangsu Suzhou Rural Commercial Bank Co Ltd Class A,55101010,은행,9769740556,"1조 9,718억원",CNY
600718,Neusoft Corp Class A,57201020,소프트웨어,9750976644,"1조 9,680억원",CNY
601528,Zhejiang Shaoxing RuiFeng Rural Commercial Bank Co Ltd Class A,55101010,은행,9732320519,"1조 9,643억원",CNY
600993,Mayinglong Pharmaceutical Group Co Ltd Class A,56201040,제약,9720265242,"1조 9,618억원",CNY
688261,Suzhou Oriental Semiconductor Co Ltd Class A,57101010,반도체,9657093048,"1조 9,491억원",CNY
600058,Minmetals Development Co Ltd Class A,51201020,철 및 강철,9647196399,"1조 9,471억원",CNY
603125,JiangSu Evergreen Material Technology Inc Co Class A,51101010,상품 화학,9627008998,"1조 9,430억원",CNY
600666,Aurora Optoelectronics Co Ltd Class A,57104010,전자 장비 및 부품,9602097705,"1조 9,380억원",CNY
605060,Allied Machinery Co Ltd Class A,52102010,산업용 기계 및 장비,9592004340,"1조 9,360억원",CNY
688697,Neway CNC Equipment Suzhou Co Ltd Class A,52102010,산업용 기계 및 장비,9559182309,"1조 9,293억원",CNY
688677,Qingdao NovelBeam Technology Co Ltd Class A,56101010,첨단 의료 장비 및 기술,9503848560,"1조 9,182억원",CNY
603281,Hubei Jianghan New Materials Co Ltd Class A,51101030,특수 화학제,9802236144,"1조 9,784억원",CNY
603538,Ningbo Menovo Pharmaceutical Co Ltd Class A,56201040,제약,9796730378,"1조 9,773억원",CNY
600728,PCI Technology Group Co Ltd Class A,57201020,소프트웨어,9745978623,"1조 9,670억원",CNY
603599,Anhui Guangxin Agrochemical Co Ltd Class A,51101020,농화학제,9721676605,"1조 9,621억원",CNY
688262,C*Core Technology Co Ltd Class A,57101010,반도체,9609597512,"1조 9,395억원",CNY
603218,Riyue Heavy Industry Co Ltd Class A,51201020,철 및 강철,9608467845,"1조 9,393억원",CNY
688289,Sansure Biotech Inc Class A,56101020,"의료 장비, 물품 및 유통",9561215681,"1조 9,297억원",CNY
688698,Suzhou Veichi Electric Co Ltd Class A,52102030,전기 부품 및 장비,9541021930,"1조 9,257억원",CNY
603112,Shanxi Huaxiang Group Co Ltd Class A,51201020,철 및 강철,9524919114,"1조 9,224억원",CNY
600210,Shanghai Zijiang Enterprise Group Co Ltd Class A,51302010,용기(종이 제외) 및 포장재,9464433626,"1조 9,102억원",CNY
600480,Ling Yun Industrial Corp Ltd Class A,53101020,"자동차, 트럭 및 오토바이 부품",9460039542,"1조 9,093억원",CNY
601003,Liuzhou Iron & Steel Co Ltd Class A,51201020,철 및 강철,9456856158,"1조 9,087억원",CNY
603995,Yongjin Technology Group Co.  Ltd. Class A,51201020,철 및 강철,9435667641,"1조 9,044억원",CNY
603100,Chongqing Chuanyi Automation Co Ltd Class A,52102010,산업용 기계 및 장비,9416727780,"1조 9,006억원",CNY
600507,Fangda Special Steel Technology Co Ltd Class A,51201020,철 및 강철,9414674712,"1조 9,002억원",CNY
601890,Asian Star Anchor Chain Co Ltd Jiangsu Class A,52102050,조선,9382932000,"1조 8,938억원",CNY
601860,Jiangsu Zijin Rural Commercial Bank Co Ltd Class A,55101010,은행,9372426949,"1조 8,916억원",CNY
688486,Lontium Semiconductor Corp Class A,57101010,반도체,9371591131,"1조 8,915억원",CNY
605222,Shanghai QiFan Cable Co Ltd Class A,52102030,전기 부품 및 장비,9364747838,"1조 8,901억원",CNY
603300,Zhejiang Haikong Nanke Huatie Digital Intelligence & Technology Co Ltd Class A,52203040,경영 지원 서비스,9356200856,"1조 8,884억원",CNY
600326,Xizang Tianlu Co Ltd Class A,51202010,건설 자재,9346505942,"1조 8,864억원",CNY
600597,Bright Dairy & Food Co Ltd Class A,54102020,식품 가공,9290913163,"1조 8,752억원",CNY
600266,Beijing Urban Construction Investment & Development Co Ltd Class A,60101010,"부동산 임대, 개발 및 운영",9278573476,"1조 8,727억원",CNY
600307,Gansu Jiu Steel Group Hongxing Iron & Steel Co Ltd Class A,51201020,철 및 강철,9269768988,"1조 8,709억원",CNY
603040,Hangzhou XZB Tech Co Ltd Class A,53101020,"자동차, 트럭 및 오토바이 부품",9267906885,"1조 8,705억원",CNY
688325,Guangdong Cellwise Microelectronics Co Ltd Class A,57101010,반도체,9243261046,"1조 8,656억원",CNY
600657,Cinda Real Estate Co Ltd Class A,60101010,"부동산 임대, 개발 및 운영",9240086648,"1조 8,649억원",CNY
688337,Rigol Technologies Co Ltd Class A,52102030,전기 부품 및 장비,9238115970,"1조 8,645억원",CNY
688443,Chongqing Genrix Biopharmaceutical Co Ltd Class A,56202010,생명 공학 및 의학 연구,9236669200,"1조 8,642억원",CNY
601200,Shanghai Environment Group Co Ltd Class A,52203010,환경 서비스 및 장비,9221677219,"1조 8,612억원",CNY
605008,Ningbo Changhong Polymer Scientific and Technical Inc Class A,53101030,타이어 및 고무 제품,9211424024,"1조 8,591억원",CNY
603690,PNC Process Systems Co Ltd Class A,52102010,산업용 기계 및 장비,9202630928,"1조 8,574억원",CNY
603360,Dalian BIO-CHEM Co Ltd Class A,51101010,상품 화학,9173845265,"1조 8,516억원",CNY
600185,Zhuhai Zhumian Group Co Ltd Class A,53403090,기타 전문 소매,9161128164,"1조 8,490억원",CNY
603712,TianJin 712 Communication & Broadcasting Co Ltd Class A,57102010,통신 및 네트워킹,9125040000,"1조 8,417억원",CNY
600757,Changjiang Publishing & Media Co Ltd Class A,53302040,소비자 출판,9102377048,"1조 8,371억원",CNY
688513,Chengdu Easton Biopharmaceuticals Co Ltd Class A,56201040,제약,9047278120,"1조 8,260억원",CNY
603992,Xiamen Solex High-Tech Industries Co Ltd Class A,53203020,건설 자재 및 비품,9042483546,"1조 8,250억원",CNY
688076,Jiangsu Sinopep Allsino Biopharmaceutical Co Ltd Class A,56201040,제약,9041927527,"1조 8,249억원",CNY
600645,Vcanbio Cell & Gene Engineering Corp Ltd Class A,56101020,"의료 장비, 물품 및 유통",9026734088,"1조 8,219억원",CNY
605488,Zhejiang Fulai New Material Co Ltd Class A,51101030,특수 화학제,8999657670,"1조 8,164억원",CNY
688068,Beijing Hotgen Biotech Co Ltd Class A,56101020,"의료 장비, 물품 및 유통",8964685311,"1조 8,093억원",CNY
688128,China National Electric Apparatus Research Institute Co Ltd Class A,52203040,경영 지원 서비스,8947540000,"1조 8,059억원",CNY
688586,Hefei Jianghang Aircraft Equipment Co Ltd Class A,52101010,항공우주 및 방위,8926305680,"1조 8,016억원",CNY
688083,ZWSOFT Co Ltd Guangzhou Class A,57201020,소프트웨어,8913213765,"1조 7,990억원",CNY
600269,Jiangxi Ganyue Expressway Co.  Ltd. Class A,52407030,고속도로 및 철도,8897900723,"1조 7,959억원",CNY
603327,Sichuan Furong Technology Co Ltd Class A,57104010,전자 장비 및 부품,8886404560,"1조 7,935억원",CNY
688160,Kinco Automation Shanghai Co Ltd Class A,52102030,전기 부품 및 장비,8866118023,"1조 7,894억원",CNY
688252,Jadard Technology Inc Class A,57101010,반도체,8859402246,"1조 7,881억원",CNY
603915,Jiangsu Guomao Reducer Co Ltd Class A,52102010,산업용 기계 및 장비,8856121685,"1조 7,874억원",CNY
688190,Qingdao Yunlu Advanced Materials Technology Co Ltd Class A,51201020,철 및 강철,8827200000,"1조 7,816억원",CNY
688275,Hubei Wanrun New Energy Technology Co Ltd Class A,51101010,상품 화학,8803068717,"1조 7,767억원",CNY
600654,China Security Co Ltd Class A,52203040,경영 지원 서비스,8792315852,"1조 7,746억원",CNY
688161,Shandong Weigao Orthopaedic Device Co Ltd Class A,56101020,"의료 장비, 물품 및 유통",8792000000,"1조 7,745억원",CNY
600996,Guizhou BC&TV Information Network Co Ltd Class A,53302020,방송,8777470972,"1조 7,716억원",CNY
603890,Suzhou Chunqiu Electronic Technology Co Ltd Class A,57104010,전자 장비 및 부품,8764842901,"1조 7,690억원",CNY
600094,Greattown Holdings Ltd Class A,60101010,"부동산 임대, 개발 및 운영",8760067394,"1조 7,680억원",CNY
601311,Camel Group Co Ltd Class A,53101020,"자동차, 트럭 및 오토바이 부품",8728207118,"1조 7,616억원",CNY
600399,Fushun Special Steel Co Ltd Class A,51201020,철 및 강철,8637798000,"1조 7,434억원",CNY
605016,Shandong Bailong Chuangyuan Bio-Tech Co Ltd Class A,54102020,식품 가공,8622852930,"1조 7,404억원",CNY
688622,Guangzhou Hexin Instrument Co Ltd Class A,52102010,산업용 기계 및 장비,9728469829,"1조 9,635억원",CNY
688185,CanSino Biologics Inc. Class A,56201040,제약,9120095126,"1조 8,407억원",CNY
688135,Guangdong Leadyo IC Testing Co Ltd Class A,57101020,반도체 장비 및 테스트,8974501729,"1조 8,113억원",CNY
601929,JiShi Media Co Ltd Class A,53302020,방송,8864061947,"1조 7,890억원",CNY
688416,Zbit Semiconductor Inc Class A,57101010,반도체,8810616279,"1조 7,782억원",CNY
688227,Bingo Software Co Ltd Class A,57201020,소프트웨어,8809267028,"1조 7,780억원",CNY
600376,Beijing Capital Development Co Ltd Class A,60101010,"부동산 임대, 개발 및 운영",8770521823,"1조 7,702억원",CNY
600812,North China Pharmaceutical Co Ltd Class A,56201040,제약,8750224887,"1조 7,661억원",CNY
688428,InnoCare Pharma Limited Class A,56202010,생명 공학 및 의학 연구,8748924928,"1조 7,658억원",CNY
688739,Liaoning Chengda Biotechnology Co Ltd Class A,56201040,제약,8737121000,"1조 7,634억원",CNY
600556,Inmyshow Digital Technology Group Co Ltd Class A,53302010,광고 및 마케팅,8695266158,"1조 7,550억원",CNY
688032,Hoymiles Power Electronics Inc Class A,52102030,전기 부품 및 장비,8675222266,"1조 7,509억원",CNY
688376,MayAir Technology China Co Ltd Class A,52203010,환경 서비스 및 장비,8658829455,"1조 7,476억원",CNY
600017,Rizhao Port Co Ltd Class A,52407020,항만 운영 및 서비스,8642587425,"1조 7,443억원",CNY
601718,Jihua Group Corp Ltd Class A,53202020,의류 및 액세서리,8634917616,"1조 7,428억원",CNY
603082,BZS (Beijing) Technology Development Co.  Ltd. Class A,57107010,통합 하드웨어 및 소프트웨어,8595172424,"1조 7,348억원",CNY
600108,Gansu Yasheng Industrial Group Co Ltd Class A,54102010,어업 및 농업,8585895684,"1조 7,329억원",CNY
600020,Henan Zhongyuan Expressway Co Ltd Class A,52407030,고속도로 및 철도,8584960398,"1조 7,327억원",CNY
688091,Shanghai Yizhong Pharmaceutical Co Ltd Class A,56201040,제약,8559597732,"1조 7,276억원",CNY
600693,Fujian Dongbai Group Co Ltd Class A,53402010,백화점,8541890136,"1조 7,240억원",CNY
688176,Jiangsu Yahong Meditech Co Ltd Class A,56202010,생명 공학 및 의학 연구,8537107147,"1조 7,230억원",CNY
600133,Wuhan East Lake High Technology Group Co Ltd Class A,52201020,건설 및 엔지니어링,8529919000,"1조 7,216억원",CNY
603687,Zhejiang Great Shengda Packaging Co Ltd Class A,51302020,종이 포장재,8503492617,"1조 7,163억원",CNY
600782,Xinyu Iron & Steel Co Ltd Class A,51201020,철 및 강철,8496085479,"1조 7,148억원",CNY
603919,Jinhui Liquor Co Ltd Class A,54101020,증류주 및 포도주,8476314550,"1조 7,108억원",CNY
600328,CNSIG Inner Mongolia Chemical Industry Co Ltd Class A,51101010,상품 화학,8475269101,"1조 7,106억원",CNY
600481,Shuangliang Eco-Energy Systems Co Ltd Class A,50201010,재생 가능 에너지 장비 및 서비스,8463225285,"1조 7,081억원",CNY
600103,Fujian Qingshan Paper Industry Co Ltd Class A,51301020,종이 제품,8447916836,"1조 7,050억원",CNY
600935,Anhui Hwasu Co Ltd Class A,51101010,상품 화학,8447634432,"1조 7,050억원",CNY
601330,Dynagreen Environmental Protection Group Co Ltd Class A,52203010,환경 서비스 및 장비,8403311425,"1조 6,960억원",CNY
600746,Jiangsu SOPO Chemical Co Ltd Class A,51101010,상품 화학,8385111907,"1조 6,924억원",CNY
605167,Jiangsu Libert Inc Class A,52201020,건설 및 엔지니어링,8382880845,"1조 6,919억원",CNY
688179,Shanghai Aladdin Biochemical Technology Co Ltd Class A,56202010,생명 공학 및 의학 연구,8379893029,"1조 6,913억원",CNY
603202,Heilongjiang Tianyouwei Electronics Co Ltd Class A,53101020,"자동차, 트럭 및 오토바이 부품",8363200000,"1조 6,879억원",CNY
603193,Runben Biotechnology Co Ltd Class A,53205010,장난감 및 어린이 제품,8354851934,"1조 6,863억원",CNY
603299,Jiang Su Suyan Jingshen Co.  Ltd. Class A,51101010,상품 화학,8354149458,"1조 6,861억원",CNY
600997,Kailuan Energy Chemical Co Ltd Class A,50101010,석탄,8351827216,"1조 6,856억원",CNY
688621,Beijing Sun-Novo Pharmaceutical Research Co.  Ltd. Class A,56202010,생명 공학 및 의학 연구,8349600000,"1조 6,852억원",CNY
688351,Shanghai MicroPort EP Medtech Co Ltd Class A,56101020,"의료 장비, 물품 및 유통",8343738000,"1조 6,840억원",CNY
600273,Zhejiang Jiahua Energy Chemical Industry Co Ltd Class A,51101010,상품 화학,8339926016,"1조 6,832억원",CNY
600313,China Agriculture Development Seed Group Co.  Ltd. Class A,54102010,어업 및 농업,8338665097,"1조 6,830억원",CNY
688371,Jiangsu Favored Nanotechnology Co Ltd Class A,51101010,상품 화학,8326423876,"1조 6,805억원",CNY
603163,Acter Technology Integration Group Co Ltd Class A,52201020,건설 및 엔지니어링,8323000000,"1조 6,798억원",CNY
603612,Sunstone Development Co Ltd Class A,51101010,상품 화학,8293439242,"1조 6,739억원",CNY
688720,Jiangsu Aisen Semiconductor Material Co Ltd Class A,51101030,특수 화학제,8289101136,"1조 6,730억원",CNY
603257,China Nerin Engineering Co Ltd Class A,52201020,건설 및 엔지니어링,8280000000,"1조 6,712억원",CNY
603055,Zhejiang Taihua New Material Group Co Ltd Class A,53202010,직물 및 가죽제품,8270828863,"1조 6,693억원",CNY
600973,Baosheng Science and Technology Innovation Co Ltd Class A,52102030,전기 부품 및 장비,8269338475,"1조 6,690억원",CNY
605255,Ningbo Tip Rubber Technology Co Ltd Class A,53101030,타이어 및 고무 제품,8253964800,"1조 6,659억원",CNY
600567,Shanying International Holdings Co Ltd Class A,51301020,종이 제품,8253259281,"1조 6,658억원",CNY
688312,Shenzhen Yanmade Technology Inc Class A,52102030,전기 부품 및 장비,8245099076,"1조 6,641억원",CNY
605298,Jiangsu Bide Science and Technology Co.  Ltd. Class A,52102020,중장비 및 차량,8242858000,"1조 6,637억원",CNY
603680,KTK GROUP Co Ltd Class A,53101020,"자동차, 트럭 및 오토바이 부품",8236884241,"1조 6,625억원",CNY
600639,Shanghai Jinqiao Export Processing Zone Development Co Ltd Class A,60101010,"부동산 임대, 개발 및 운영",8204784184,"1조 6,560억원",CNY
600789,Shandong Lukang Pharmaceutical Co Ltd Class A,56201040,제약,8204739757,"1조 6,560억원",CNY
688601,Wuxi ETEK Microelectronics Co Ltd Class A,57101010,반도체,8165950116,"1조 6,481억원",CNY
605116,Aurisco Pharmaceutical Co Ltd Class A,56201040,제약,8156159339,"1조 6,462억원",CNY
600389,Nantong Jiangshan Agrochemical & Chemicals Co Ltd Class A,51101020,농화학제,8122059000,"1조 6,393억원",CNY
600545,Saurer Intelligent Technology Co Ltd Class A,52102010,산업용 기계 및 장비,8045604999,"1조 6,238억원",CNY
600400,Jiangsu Hongdou Industrial Co.  Ltd. Class A,53202020,의류 및 액세서리,7859405452,"1조 5,863억원",CNY
688177,Bio-Thera Solutions Ltd Class A,56202010,생명 공학 및 의학 연구,8737088000,"1조 7,634억원",CNY
600770,Jiangsu Zongyi Co Ltd Class A,57101010,반도체,8619000000,"1조 7,396억원",CNY
603353,Hunan Heshun Petroleum Co Ltd Class A,50102030,"오일, 가스 정제 및 마케팅",8433986820,"1조 7,022억원",CNY
688789,Hangzhou Honghua Digital Technology Stock Co Ltd Class A,52102010,산업용 기계 및 장비,8300793727,"1조 6,753억원",CNY
605319,Wuxi Zhenhua Auto Parts Co Ltd Class A,53101020,"자동차, 트럭 및 오토바이 부품",8262305649,"1조 6,676억원",CNY
603072,Baotou Tianhe Magnetics Technology Co Ltd Class A,52102030,전기 부품 및 장비,8208536800,"1조 6,567억원",CNY
605100,Power HF Co Ltd Class A,53101020,"자동차, 트럭 및 오토바이 부품",8196064380,"1조 6,542억원",CNY
603033,Sanwei Holding Group Co Ltd Class A,53101030,타이어 및 고무 제품,8177126983,"1조 6,504억원",CNY
600587,Shinva Medical Instrument Co Ltd Class A,56101020,"의료 장비, 물품 및 유통",8153302739,"1조 6,456억원",CNY
600729,Chongqing Chongbai Technology Group Co ltd Class A,54301020,식품 소매 및 유통,8139572863,"1조 6,428억원",CNY
603123,Beijing Cuiwei Tower Co Ltd Class A,52203040,경영 지원 서비스,8131139250,"1조 6,411억원",CNY
603227,Xinjiang Xuefeng Sci-Tech (Group) Co Ltd Class A,50101010,석탄,8091279802,"1조 6,331억원",CNY
603270,Shandong Golden Empire Precision Machinery Technology Co Ltd Class A,52102010,산업용 기계 및 장비,8080653879,"1조 6,309억원",CNY
603075,Hangzhou Heatwell Electric Heating Technology Co Ltd Class A,52102030,전기 부품 및 장비,8023873926,"1조 6,195억원",CNY
600903,Guizhou Gas Group Corp Ltd Class A,52201020,건설 및 엔지니어링,8019854507,"1조 6,186억원",CNY
600251,Xinjiang Guannong Co Ltd Class A,54102010,어업 및 농업,8010803841,"1조 6,168억원",CNY
603169,Lanzhou LS Heavy Equipment Co Ltd Class A,52102030,전기 부품 및 장비,8007568722,"1조 6,162억원",CNY
603508,Henan Thinker Automatic Equipment Co Ltd Class A,57107010,통합 하드웨어 및 소프트웨어,8006761917,"1조 6,160억원",CNY
603363,Fujian Aonong Biological Technology Group Incorporation Ltd Class A,54102010,어업 및 농업,8002011150,"1조 6,150억원",CNY
600828,Maoye Commercial Co Ltd Class A,53402010,백화점,8001759363,"1조 6,150억원",CNY
603271,Yong Jie New Material Co Ltd Class A,51201030,알루미늄,8000691300,"1조 6,148억원",CNY
603196,Shanghai Porigine Chemical Material Group Co.  Ltd. Class A,53202020,의류 및 액세서리,7992743230,"1조 6,132억원",CNY
601828,Red Star Macalline Group Corp Ltd Class A,53403020,주택 개조 제품 및 서비스 소매,7983408948,"1조 6,113억원",CNY
600686,Xiamen King Long Motor Group Co Ltd Class A,53101010,자동차 및 트럭 제조,7980737751,"1조 6,108억원",CNY
600682,Nanjing Xinjiekou Department Store Co Ltd Class A,56102010,의료 시설 및 서비스,7949731426,"1조 6,045억원",CNY
603809,Chengdu Haoneng Technology Co Ltd Class A,53101020,"자동차, 트럭 및 오토바이 부품",7942092404,"1조 6,030억원",CNY
688315,Novogene Co Ltd Class A,56102010,의료 시설 및 서비스,7916124000,"1조 5,977억원",CNY
688456,GRIPM Advanced Materials Co Ltd Class A,51201050,특수 채굴 및 금속,7907184800,"1조 5,959억원",CNY
600075,Xinjiang Tianye Co Ltd Class A,51101010,상품 화학,7907101698,"1조 5,959억원",CNY
688253,Innovita Biological Technology Co Ltd Class A,56101020,"의료 장비, 물품 및 유통",7899885504,"1조 5,944억원",CNY
601089,Beijing Foyou Pharma Co Ltd Class A,56201040,제약,7896000000,"1조 5,936억원",CNY
688165,EFORT Intelligent Robot Co Ltd Class A,57107010,통합 하드웨어 및 소프트웨어,7884095800,"1조 5,912억원",CNY
688103,Kunshan Guoli Electronic Technology Co Ltd Class A,52102030,전기 부품 및 장비,7878784686,"1조 5,902억원",CNY
688799,Hunan Warrant Pharmaceutical Co Ltd Class A,56201040,제약,7871219300,"1조 5,886억원",CNY
600889,Nanjing Technical Equipment Technology Co.  Ltd. Class A,51101030,특수 화학제,7866163143,"1조 5,876억원",CNY
688691,Brite Semiconductor Shanghai Co Ltd Class A,57101010,반도체,7866000000,"1조 5,876억원",CNY
601226,HuaDian Heavy Industries Co Ltd Class A,52201020,건설 및 엔지니어링,7845009975,"1조 5,834억원",CNY
603466,Shanghai Fengyuzhu Culture Technology Co Ltd Class A,57201010,IT 서비스 및 컨설팅,7816046385,"1조 5,775억원",CNY
688522,Naruida Technology Co Ltd Class A,52101010,항공우주 및 방위,7776939927,"1조 5,696억원",CNY
603053,Chengdu Gas Group Corp Ltd Class A,59102010,천연가스 유틸리티,7768898600,"1조 5,680억원",CNY
603595,Zhejiang Tony Electronic Co Ltd Class A,52102030,전기 부품 및 장비,7761249265,"1조 5,665억원",CNY
600325,Zhuhai Huafa Properties Co Ltd Class A,60101010,"부동산 임대, 개발 및 운영",7761068967,"1조 5,664억원",CNY
600478,Hunan Corun New Energy Co Ltd Class A,52102030,전기 부품 및 장비,7758148635,"1조 5,658억원",CNY
603057,Ziyan Foods Group Co Ltd Class A,54102020,식품 가공,7741894750,"1조 5,625억원",CNY
605333,Kunshan Huguang Auto Harness Co Ltd Class A,53101020,"자동차, 트럭 및 오토바이 부품",7703070740,"1조 5,547억원",CNY
600335,Sinomach Automobile Co Ltd Class A,53101010,자동차 및 트럭 제조,7690152132,"1조 5,521억원",CNY
688699,Shenzhen Sunmoon Microelectronics Co Ltd Class A,57101010,반도체,7679209933,"1조 5,499억원",CNY
600129,Chongqing Taiji Industry Group Co Ltd Class A,56201040,제약,7670226953,"1조 5,481억원",CNY
600736,Suzhou New District Hi-Tech Industrial Co Ltd Class A,60101010,"부동산 임대, 개발 및 운영",7667610761,"1조 5,476억원",CNY
600917,Chongqing Gas Group Corp Ltd Class A,59102010,천연가스 유틸리티,7649094824,"1조 5,438억원",CNY
688305,KEDE Numerical Control Co Ltd Class A,52102010,산업용 기계 및 장비,7643329049,"1조 5,427억원",CNY
603477,Leshan Giantstar Farming & Husbandry Corp Ltd Class A,54102010,어업 및 농업,7640727018,"1조 5,421억원",CNY
688439,Guizhou Zhenhua Fengguang Semiconductor Co Ltd Class A,57101010,반도체,7634000000,"1조 5,408억원",CNY
688050,Eyebright Medical Technology (Beijing) Co Ltd Class A,56101020,"의료 장비, 물품 및 유통",7534399778,"1조 5,207억원",CNY
600751,HNA Technology Co Ltd Class A,52405020,해양 화물 및 물류,7513712032,"1조 5,165억원",CNY
600936,Guangxi Beitou Technology Co Ltd Class A,53302020,방송,7502907813,"1조 5,143억원",CNY
603181,Zhejiang Huangma Technology Co Ltd Class A,51101030,특수 화학제,7482377000,"1조 5,102억원",CNY
601686,Tianjin You Fa Steel Pipe Group Stock Co Ltd Class A,51201020,철 및 강철,7470703996,"1조 5,078억원",CNY
688656,HOB Biotech Group Corp Ltd Class A,56101020,"의료 장비, 물품 및 유통",7465343526,"1조 5,067억원",CNY
600590,Tellhow Sci-Tech Co Ltd Class A,52102040,중전기장비,7351737245,"1조 4,838억원",CNY
688049,Actions Technology Co Ltd Class A,57101010,반도체,7917198061,"1조 5,979억원",CNY
605577,Heilongjiang Publishing & Media Holdings Co Ltd Class A,53302040,소비자 출판,7862222232,"1조 5,868억원",CNY
601700,Changshu Fengfan Power Equipment Co Ltd Class A,52102040,중전기장비,7686611775,"1조 5,514억원",CNY
601015,Shaanxi Heimao Coking Co Ltd Class A,51201020,철 및 강철,7659366146,"1조 5,459억원",CNY
688191,Zhiyang Innovation Technology Co Ltd Class A,57107010,통합 하드웨어 및 소프트웨어,7593263385,"1조 5,325억원",CNY
688011,Harbin Xinguang Optic-Electronics Technology Co.  Ltd. Class A,57104010,전자 장비 및 부품,7562995000,"1조 5,264억원",CNY
603985,Jiangyin Hengrun Heavy Industries Co Ltd Class A,52102010,산업용 기계 및 장비,7560714751,"1조 5,260억원",CNY
688591,Telink Semiconductor Shanghai Co Ltd Class A,57101010,반도체,7556119699,"1조 5,251억원",CNY
688276,Changchun BCHT Biotechnology Co Class A,56201040,제약,7545114588,"1조 5,228억원",CNY
603496,EmbedWay Technologies Shanghai Corp Class A,57106010,컴퓨터 하드웨어,7438460715,"1조 5,013억원",CNY
600305,Jiangsu Hengshun Vinegar Industry Co Ltd Class A,54102020,식품 가공,7434426866,"1조 5,005억원",CNY
600618,Shanghai Chlor-Alkali Chemical Co Ltd Class A,51101010,상품 화학,7415917363,"1조 4,968억원",CNY
603043,Guangzhou Restaurant Group Co Ltd Class A,54102020,식품 가공,7398549880,"1조 4,932억원",CNY
688277,Tinavi Medical Technologies Co Ltd Class A,56101010,첨단 의료 장비 및 기술,7369828772,"1조 4,875억원",CNY
600611,Dazhong Transportation (Group) Co Ltd Class A,52406020,지상 및 해상 여객 운송,7363220074,"1조 4,861억원",CNY
603416,WuXi Xinje Electric Co Ltd Class A,52102010,산업용 기계 및 장비,7359023301,"1조 4,853억원",CNY
600683,Metro Land Corp Ltd Class A,60101010,"부동산 임대, 개발 및 운영",7355921538,"1조 4,846억원",CNY
605365,Leedarson IoT Technology Inc Class A,52102030,전기 부품 및 장비,7349468505,"1조 4,833억원",CNY
605011,Hangzhou Cogeneration Group Co Ltd Class A,59104010,복합 유틸리티,7329832000,"1조 4,794억원",CNY
600748,Shanghai Industrial Development Co Ltd Class A,60101010,"부동산 임대, 개발 및 운영",7322914681,"1조 4,780억원",CNY
603010,Zhejiang Wansheng Co Ltd Class A,51101030,특수 화학제,7312878663,"1조 4,760억원",CNY
688598,KBC Corporation  Ltd. Class A,52102010,산업용 기계 및 장비,7312800877,"1조 4,759억원",CNY
603013,YAPP Automotive Systems Co Ltd Class A,53101020,"자동차, 트럭 및 오토바이 부품",7308197330,"1조 4,750억원",CNY
688230,Shanghai Prisemi Electronics Co Ltd Class A,57101010,반도체,7290024000,"1조 4,713억원",CNY
603867,Zhejiang Xinhua Chemical Co Ltd Class A,51101010,상품 화학,7287980758,"1조 4,709억원",CNY
600055,Beijing Wandong Medical Technology Co Ltd Class A,56101010,첨단 의료 장비 및 기술,7262620729,"1조 4,658억원",CNY
603262,TSI Group Co Ltd Class A,54102020,식품 가공,7256181400,"1조 4,645억원",CNY
600724,Ningbo Fuda Co Ltd Class A,50102030,"오일, 가스 정제 및 마케팅",7255110176,"1조 4,643억원",CNY
605007,Wuzhou Special Paper Group Co Ltd Class A,51302020,종이 포장재,7235853346,"1조 4,604억원",CNY
600861,FESCO Group Co Ltd Class A,52203030,고용 서비스,7234920536,"1조 4,602억원",CNY
603219,Ningbo Fujia Industrial Co Ltd Class A,53204030,"가전제품, 도구 및 가정 용품",7230832000,"1조 4,594억원",CNY
600363,Jiangxi Lian Chuang Optoelectronic Science and Technology Co Ltd Class A,57101010,반도체,7205197431,"1조 4,542억원",CNY
600169,Taiyuan Heavy Industry Co Ltd Class A,52102020,중장비 및 차량,7199585640,"1조 4,531억원",CNY
605128,Shanghai Yanpu Precision Technology (Group) Co Ltd Class A,53101020,"자동차, 트럭 및 오토바이 부품",7187156547,"1조 4,506억원",CNY
601908,Beijing Jingyuntong Technology Co Ltd Class A,57101010,반도체,7171370497,"1조 4,474억원",CNY
603395,CNSIG Anhui Hongsifang Fertilizer Co Ltd Class A,51101020,농화학제,7170800000,"1조 4,473억원",CNY
603399,Jinzhou Yongshan Lithium Co Ltd Class A,51201050,특수 채굴 및 금속,7166946180,"1조 4,465억원",CNY
603931,Hangzhou Greenda Electronic Materials Co Ltd Class A,51101030,특수 화학제,7166141426,"1조 4,463억원",CNY
600962,SDIC Zhonglu Fruit Juice Co Ltd Class A,54101030,무알콜 음료,7158333000,"1조 4,448억원",CNY
601388,Yechiu Metal Recycling (China) Ltd. Class A,51201030,알루미늄,7153973502,"1조 4,439억원",CNY
603166,Guilin Fuda Co Ltd Class A,53101020,"자동차, 트럭 및 오토바이 부품",7140896200,"1조 4,412억원",CNY
600117,Xining Special Steel Co Ltd Class A,51201020,철 및 강철,7128701537,"1조 4,388억원",CNY
688518,Shenzhen United Winners Laser Co Ltd Class A,52102010,산업용 기계 및 장비,7123454733,"1조 4,377억원",CNY
601121,Xinjiang Baodi Mining Co Ltd Class A,51201020,철 및 강철,7106232641,"1조 4,343억원",CNY
603977,Jiangxi Guotai Group Co Ltd Class A,51101010,상품 화학,7100794094,"1조 4,332억원",CNY
603223,Hengtong Logistics Co Ltd Class A,50102030,"오일, 가스 정제 및 마케팅",7100571262,"1조 4,331억원",CNY
600502,Anhui Construction Engineering Group Corp Ltd Class A,52201020,건설 및 엔지니어링,7089285164,"1조 4,308억원",CNY
600780,Top Energy Company Ltd Shanxi Class A,59101010,전력 유틸리티,7073920567,"1조 4,277억원",CNY
603517,Juewei Food Co Ltd Class A,54102020,식품 가공,7047802516,"1조 4,225억원",CNY
600252,Guangxi Wuzhou Zhongheng Group Co Ltd Class A,56201040,제약,7037000385,"1조 4,203억원",CNY
603333,Sunway Co Ltd Class A,52102030,전기 부품 및 장비,7034324154,"1조 4,197억원",CNY
688079,Hangzhou MDK Opto Electronics Co Ltd Class A,57104010,전자 장비 및 부품,7033251556,"1조 4,195억원",CNY
605133,Jiangsu Rongtai Industry Co Ltd Class A,53101020,"자동차, 트럭 및 오토바이 부품",7012063236,"1조 4,152억원",CNY
600078,Jiangsu ChengXing Phosph Chemicals Co Ltd Class A,51101090,다각적 화학 산업,7007324097,"1조 4,143억원",CNY
603155,Xinyaqiang Silicon Chemistry Co Ltd Class A,51101030,특수 화학제,7001151249,"1조 4,130억원",CNY
600676,Shanghai Juss Sports and Entertainment Group Co Ltd Class A,52405030,지상 화물 및 물류,6993752019,"1조 4,115억원",CNY
688170,Suzhou Delphi Laser Co Ltd Class A,57101020,반도체 장비 및 테스트,6993337600,"1조 4,115억원",CNY
603128,CTS International Logistics Corp Ltd Class A,52405010,"배달, 우편, 항공 화물 및 육상 물류",6977217813,"1조 4,082억원",CNY
603050,Shijiazhuang Kelin Electric Co Ltd Class A,52102040,중전기장비,6969355655,"1조 4,066억원",CNY
600708,Bright Real Estate Group Co Ltd Class A,60101010,"부동산 임대, 개발 및 운영",6953346638,"1조 4,034억원",CNY
600815,Xiamen XGMA Machinery Co Ltd Class A,52102020,중장비 및 차량,7433455871,"1조 5,003억원",CNY
605178,Beijing New Space Technology Co Ltd Class A,52201020,건설 및 엔지니어링,7410193200,"1조 4,956억원",CNY
603068,Beken Corp Class A,57101010,반도체,7311595156,"1조 4,757억원",CNY
600227,Guizhou Chitianhua Co Ltd Class A,51101020,농화학제,7227754492,"1조 4,588억원",CNY
688717,SolaX Power Network Technology Zhejiang Co Ltd Class A,50201010,재생 가능 에너지 장비 및 서비스,7081600000,"1조 4,293억원",CNY
688626,Xiangyu Medical Co Ltd Class A,56101010,첨단 의료 장비 및 기술,7040000000,"1조 4,209억원",CNY
600557,Jiangsu Kanion Pharmaceutical Co Ltd Class A,56201040,제약,7026030782,"1조 4,181억원",CNY
688488,Jiangsu Aidea Pharmaceutical Group Co Ltd Class A,56201040,제약,6980786785,"1조 4,089억원",CNY
603277,Yindu Kitchen Equipment Co Ltd Class A,53204030,"가전제품, 도구 및 가정 용품",6979656341,"1조 4,087억원",CNY
600866,Star Lake Bioscience Co.  Inc. Zhaoqing Guangdong Class A,54102010,어업 및 농업,6978184987,"1조 4,084억원",CNY
600510,Black Peony Group Co Ltd Class A,60101010,"부동산 임대, 개발 및 운영",6976492089,"1조 4,081억원",CNY
600797,Insigma Technology Co Ltd Class A,57201010,IT 서비스 및 컨설팅,6956353525,"1조 4,040억원",CNY
600604,Shanghai Shibei Hi-Tech Co Ltd Class A,60101010,"부동산 임대, 개발 및 운영",6952826732,"1조 4,033억원",CNY
603071,ZJMI Environmental Energy Co Ltd Class A,50101010,석탄,6946532803,"1조 4,020억원",CNY
600810,Shenma Industrial Co Ltd Class A,51101030,특수 화학제,6939049082,"1조 4,005억원",CNY
600125,China Railway Tielong Container Logistics Co Ltd Class A,51201020,철 및 강철,6932321151,"1조 3,992억원",CNY
600955,Lihuayi Weiyuan Chemical Co Ltd Class A,51101010,상품 화학,6924500000,"1조 3,976억원",CNY
603200,Shanghai Emperor of Cleaning Hi-Tech Co Ltd Class A,52203010,환경 서비스 및 장비,6917425660,"1조 3,961억원",CNY
600691,Shanxi LuAn Chemical Technology Co Ltd Class A,51101090,다각적 화학 산업,6914107480,"1조 3,955억원",CNY
688480,Science Environmental Protection Co Ltd Class A,52203010,환경 서비스 및 장비,6913242249,"1조 3,953억원",CNY
603489,Bafang Electric Suzhou Co Ltd Class A,53101020,"자동차, 트럭 및 오토바이 부품",6902460942,"1조 3,931억원",CNY
603091,Zhejiang Zhongxin Environmental Protection Technology Group Co Ltd Class A,51301020,종이 제품,6890485683,"1조 3,907억원",CNY
600195,China Animal Husbandry Industry Co Ltd Class A,56201040,제약,6882539272,"1조 3,891억원",CNY
600771,GuangYuYuan Chinese Herbal Medicine Co Ltd Class A,56201040,제약,6877350531,"1조 3,881억원",CNY
600715,Cultural Investment Holdings Co Ltd Class A,53301040,여가 및 오락시설,6861152415,"1조 3,848억원",CNY
600158,China Sports Industry Group Co Ltd Class A,53301040,여가 및 오락시설,6860518429,"1조 3,847억원",CNY
605277,Xinya Electronic Co Ltd Class A,52102030,전기 부품 및 장비,6858174791,"1조 3,842억원",CNY
600468,Tianjin Benefo Tejing Electric Co Ltd Class A,52102040,중전기장비,6830977816,"1조 3,787억원",CNY
600429,Beijing Sanyuan Foods Co Ltd Class A,54102020,식품 가공,6828861863,"1조 3,783억원",CNY
688512,Smarter Microelectronics Guangzhou Co Ltd Class A,57101010,반도체,6823897188,"1조 3,773억원",CNY
600874,Tianjin Capital Environmental Protection Group Co Ltd Class A,59103010,수자원 유틸리티,6804212010,"1조 3,733억원",CNY
600310,Guangxi Energy Co Ltd Class A,50102030,"오일, 가스 정제 및 마케팅",6800897750,"1조 3,726억원",CNY
688155,Shanghai SK Automation Technology Co Ltd Class A,52102010,산업용 기계 및 장비,6788279632,"1조 3,701억원",CNY
600846,Shanghai Tongji Science&Technology Industrial Co Ltd Class A,52201020,건설 및 엔지니어링,6784910064,"1조 3,694억원",CNY
603685,Zhejiang Chenfeng Technology Co Ltd Class A,52102030,전기 부품 및 장비,6768957200,"1조 3,662억원",CNY
605183,Quechen Silicon Chemical Co Ltd Class A,51101010,상품 화학,6750898425,"1조 3,625억원",CNY
605288,Changzhou Kaidi Electrical Inc Class A,52102030,전기 부품 및 장비,6747872108,"1조 3,619억원",CNY
605188,Jiangxi Guoguang Commercial Chains Co Ltd Class A,54301020,식품 소매 및 유통,6737796055,"1조 3,599억원",CNY
688550,XiAn Manareco New Materials Co Ltd Class A,57101010,반도체,6729323394,"1조 3,582억원",CNY
688108,Sino Medical Sciences Technology Inc Class A,56101020,"의료 장비, 물품 및 유통",6720668160,"1조 3,564억원",CNY
603866,Toly Bread Co Ltd Class A,54102020,식품 가공,6718820451,"1조 3,561억원",CNY
600488,Jinyao Pharmaceutical Co Ltd Class A,56201040,제약,6693265348,"1조 3,509억원",CNY
688478,Crystal Growth & Energy Equipment Inc Class A,57101020,반도체 장비 및 테스트,6692768064,"1조 3,508억원",CNY
600775,Nanjing Panda Electronics Co Ltd Class A,57104010,전자 장비 및 부품,6671356593,"1조 3,465억원",CNY
605366,Jiangxi Hungpai New Material Co Ltd Class A,51101010,상품 화학,6661774774,"1조 3,445억원",CNY
600966,Shandong Bohui Paper Industry Co Ltd Class A,51301020,종이 제품,6644116111,"1조 3,410억원",CNY
600975,Hunan New Wellful Co Ltd Class A,54102010,어업 및 농업,6610710605,"1조 3,342억원",CNY
600525,ChangYuan Technology Group Ltd Class A,52102030,전기 부품 및 장비,6607088562,"1조 3,335억원",CNY
688510,Wuxi Hyatech Co Ltd Class A,52101010,항공우주 및 방위,6589038113,"1조 3,299억원",CNY
600496,Chang Jiang&Jing Gong Steel Building (Group) Co Ltd Class A,52201020,건설 및 엔지니어링,6587315733,"1조 3,295억원",CNY
688750,Hunan Xiangtou Goldsky Titanium Industry Technology Co Ltd Class A,51201050,특수 채굴 및 금속,6576750000,"1조 3,274억원",CNY
688577,Zhejiang Headman Machinery Co Ltd Class A,52102010,산업용 기계 및 장비,6574406364,"1조 3,269억원",CNY
600255,Anhui Xinke New Materials Co Ltd Class A,51201050,특수 채굴 및 금속,6574374916,"1조 3,269억원",CNY
605305,3S Industry Group Inc Class A,52102020,중장비 및 차량,6573243600,"1조 3,267억원",CNY
600713,Nanjing Pharmaceutical Group Co Ltd Class A,56201040,제약,6566985469,"1조 3,254억원",CNY
605005,CWB Automotive Electronics Co Ltd Class A,53101020,"자동차, 트럭 및 오토바이 부품",6556350000,"1조 3,233억원",CNY
600643,Shanghai AJ Group Co Ltd Class A,55102020,투자 관리 및 펀드 운영,6547931898,"1조 3,216억원",CNY
603969,Silvery Dragon Group Co Ltd Tianjin Class A,51201020,철 및 강철,6527788162,"1조 3,175억원",CNY
688719,XiAn Actionpower Electric Co Ltd Class A,52102030,전기 부품 및 장비,6513506846,"1조 3,146억원",CNY
600894,Guangzhou Guangri Stock Co Ltd Class A,52102040,중전기장비,6506543839,"1조 3,132억원",CNY
688365,Hangzhou Raycloud Technology Co Ltd Class A,57201020,소프트웨어,7119054423,"1조 4,368억원",CNY
688073,Bide Pharmatech Co Ltd Class A,56202010,생명 공학 및 의학 연구,6916192343,"1조 3,959억원",CNY
603229,Zhejiang Ausun Pharmaceutical Co Ltd Class A,56201040,제약,6733709846,"1조 3,591억원",CNY
600825,Shanghai Xinhua Media Co Ltd Class A,53302040,소비자 출판,6708179997,"1조 3,539억원",CNY
600479,ZhuZhou QianJin Pharmaceutical Co Ltd Class A,56201040,제약,6679289917,"1조 3,481억원",CNY
603336,Great-Sun Foods Co Ltd Class A,54102010,어업 및 농업,6622862122,"1조 3,367억원",CNY
688087,Intco Recycling Resources Co Ltd Class A,51101010,상품 화학,6620993117,"1조 3,363억원",CNY
603367,Cisen Pharmaceutical Co Ltd Class A,56201040,제약,6610210283,"1조 3,341억원",CNY
603373,Anbang Save-Guard Group Co Ltd Class A,52203040,경영 지원 서비스,6563440886,"1조 3,247억원",CNY
688221,Frontier Biotechnologies Inc Class A,56201040,제약,6543889068,"1조 3,208억원",CNY
600368,Guangxi Wuzhou Communications Co Ltd Class A,52407030,고속도로 및 철도,6535194663,"1조 3,190억원",CNY
688093,Suzhou Shihua New Material Technology Co Ltd Class A,57104010,전자 장비 및 부품,6507684579,"1조 3,134억원",CNY
688556,Qingdao Gaoce Technology Co Ltd Class A,57101020,반도체 장비 및 테스트,6504959903,"1조 3,129억원",CNY
688788,ShenZhen Consys Science&Technology Co Ltd Class A,57104010,전자 장비 및 부품,6503642920,"1조 3,126억원",CNY
601789,Ningbo Construction Co Ltd Class A,52201020,건설 및 엔지니어링,6493909396,"1조 3,107억원",CNY
600987,Zhejiang Hangmin Co Ltd Class A,53202010,직물 및 가죽제품,6482199844,"1조 3,083억원",CNY
688653,Grand Kangxi Communication Technologies Shanghai Co Ltd Class A,57101010,반도체,6477564800,"1조 3,074억원",CNY
688290,Hangzhou Boomy Intelligent Technology Co Ltd Class A,57104010,전자 장비 및 부품,6471674588,"1조 3,062억원",CNY
603279,Jingjin Equipment Inc Class A,52102010,산업용 기계 및 장비,6443850140,"1조 3,006억원",CNY
688767,Hangzhou Biotest Biotech Co Ltd Class A,56101020,"의료 장비, 물품 및 유통",6439253362,"1조 2,996억원",CNY
600121,Zhengzhou Coal Industry & Electric Power Co Ltd Class A,50101010,석탄,6421031440,"1조 2,960억원",CNY
603507,JiangSu Zhenjiang NewEnergy Equipment Co Ltd Class A,50201010,재생 가능 에너지 장비 및 서비스,6401041699,"1조 2,919억원",CNY
603897,Zhejiang Grandwall Electric Science&Technology Co Ltd Class A,52102030,전기 부품 및 장비,6395377397,"1조 2,908억원",CNY
603668,Fujian Tianma Science and Technology Group Co Ltd Class A,54102010,어업 및 농업,6388212725,"1조 2,893억원",CNY
600237,Anhui Tongfeng Electronics Co Ltd Class A,57104010,전자 장비 및 부품,6380556321,"1조 2,878억원",CNY
688570,Beijing Tianma Intelligent Control Technology Co Ltd Class A,52102010,산업용 기계 및 장비,6373760000,"1조 2,864억원",CNY
600501,Aerosun Corp Class A,52102010,산업용 기계 및 장비,6353189370,"1조 2,823억원",CNY
605098,Shanghai Action Education Technology Co Ltd Class A,63103010,전문 및 비즈니스 교육,6348928564,"1조 2,814억원",CNY
605580,Hengsheng Energy Co Ltd Class A,59103010,수자원 유틸리티,6342000000,"1조 2,800억원",CNY
601515,Quzhou DFP New Material Group Co Ltd Class A,52203020,상업 인쇄 서비스,6331508508,"1조 2,779억원",CNY
600897,Xiamen International Airport Co Ltd Class A,52407010,공항 운영 및 서비스,6324888780,"1조 2,766억원",CNY
603197,Shanghai Baolong Automotive Corp Class A,53101020,"자동차, 트럭 및 오토바이 부품",6307335228,"1조 2,730억원",CNY
600851,Shanghai Haixin Group Co Ltd Class A,56201040,제약,6289516057,"1조 2,694억원",CNY
600449,Ningxia Building Materials Group Co Ltd Class A,52405030,지상 화물 및 물류,6264171650,"1조 2,643억원",CNY
601199,Jiangsu Jiangnan Water Co Ltd Class A,59103010,수자원 유틸리티,6247204751,"1조 2,609억원",CNY
600422,KPC Pharmaceuticals Inc Class A,56201040,제약,6245049995,"1조 2,604억원",CNY
688658,Youcare Pharmaceutical Group Co Ltd Class A,56201040,제약,6228000000,"1조 2,570억원",CNY
605555,Ningbo Dechang Electrical Machinery Made Co Ltd Class A,53204030,"가전제품, 도구 및 가정 용품",6220287164,"1조 2,554억원",CNY
603778,Grand Sunergy Tech Co Ltd Class A,57101010,반도체,6204395928,"1조 2,522억원",CNY
600963,Yueyang Forest & Paper Co Ltd Class A,51301020,종이 제품,6204214525,"1조 2,522억원",CNY
688631,Nanjing Les Information Technology Co Ltd Class A,57107010,통합 하드웨어 및 소프트웨어,6175896600,"1조 2,465억원",CNY
600881,Jilin Yatai Group Co Ltd Class A,51202010,건설 자재,6173408387,"1조 2,460억원",CNY
600855,Beijing Aerospace Changfeng Co Ltd Class A,52101010,항공우주 및 방위,6161336873,"1조 2,435억원",CNY
688418,Genew Technologies Co Ltd Class A,57102010,통신 및 네트워킹,6157897195,"1조 2,428억원",CNY
601500,Jiangsu General Science Technology Co Ltd Class A,53101030,타이어 및 고무 제품,6157872859,"1조 2,428억원",CNY
603108,Shanghai Runda Medical Technology Co Ltd Class A,56101020,"의료 장비, 물품 및 유통",6148820890,"1조 2,410억원",CNY
600593,Dalian Sunasia Tourism Holding Co Ltd Class A,53301040,여가 및 오락시설,6146568400,"1조 2,406억원",CNY
603686,Fulongma Group Co Ltd Class A,52203010,환경 서비스 및 장비,6140061371,"1조 2,392억원",CNY
603391,Zhejiang Liju Thermal Equipment Co Ltd Class A,52102030,전기 부품 및 장비,6139770000,"1조 2,392억원",CNY
603368,Guangxi LiuYao Group Co Ltd Class A,56201040,제약,6136915435,"1조 2,386억원",CNY
603285,Shandong Jianbang New Material Co Ltd Class A,51101010,상품 화학,6128000000,"1조 2,368억원",CNY
688711,Macmic Science & Technology Co Ltd Class A,57101010,반도체,6095081115,"1조 2,302억원",CNY
600841,Shanghai New Power Automotive Technology Co Ltd Class A,52102020,중장비 및 차량,6091262987,"1조 2,294억원",CNY
688499,Guangdong Lyric Robot Automation Co Ltd Class A,57104010,전자 장비 및 부품,6082662786,"1조 2,277억원",CNY
600769,Wuhan Xianglong Power Industry Co Ltd Class A,59103010,수자원 유틸리티,6055881780,"1조 2,223억원",CNY
688307,Jiaxing ZMAX Optech Co Ltd Class A,57106030,가정용 전자 제품,6049181222,"1조 2,209억원",CNY
603861,GuangZhou Baiyun Electric Equipment Co Ltd Class A,52102030,전기 부품 및 장비,6043102537,"1조 2,197억원",CNY
600370,Jiangsu Sanfame Polyester Material Co Ltd Class A,51101090,다각적 화학 산업,6033971340,"1조 2,178억원",CNY
605598,Shanghai Geoharbour Construction Group Co Ltd Class A,52201020,건설 및 엔지니어링,6031350971,"1조 2,173억원",CNY
603366,Solareast Holdings Co Ltd Class A,52102030,전기 부품 및 장비,6016555947,"1조 2,143억원",CNY
603065,Suqian Unitech Corp Ltd Class A,51101030,특수 화학제,6259375526,"1조 2,633억원",CNY
688696,Xgimi Tech Co Ltd Class A,57106030,가정용 전자 제품,6214275000,"1조 2,542억원",CNY
603213,Zhejiang Oceanking Development Co Ltd Class A,51101010,상품 화학,6099491736,"1조 2,311억원",CNY
600203,Fujian Furi Electronics Co Ltd Class A,57102010,통신 및 네트워킹,6072197960,"1조 2,256억원",CNY
600088,China Television Media Ltd Class A,53302030,엔터테인먼트 제작,6033206088,"1조 2,177억원",CNY
688505,Shanghai Fudan-Zhangjiang Bio-Pharmaceutical Co Ltd Class A,56201040,제약,6025651408,"1조 2,162억원",CNY
688575,Shenzhen YHLO Biotech Co Ltd Class A,56101020,"의료 장비, 물품 및 유통",5965293852,"1조 2,040억원",CNY
600106,Chongqing Road & Bridge Co Ltd Class A,52407030,고속도로 및 철도,5954032278,"1조 2,017억원",CNY
600375,Hanma Technology Group Co Ltd Class A,52102020,중장비 및 차량,5947394772,"1조 2,004억원",CNY
603012,Shanghai Chuangli Group Co Ltd Class A,51201070,채굴 지원 서비스 및 장비,5941335000,"1조 1,991억원",CNY
600189,JILIN QUANYANGQUAN Co Ltd Class A,54101030,무알콜 음료,5936141840,"1조 1,981억원",CNY
688151,Hubei Huaqiang High-Tech Co Ltd Class A,52203060,비즈니스 지원 용품,5932290000,"1조 1,973억원",CNY
600617,Shanxi Guoxin Energy Corp Ltd Class A,59102010,천연가스 유틸리티,5930312581,"1조 1,969억원",CNY
600698,Hunan Tyen Machinery Co Ltd Class A,53101020,"자동차, 트럭 및 오토바이 부품",5929168765,"1조 1,967억원",CNY
603217,Yuanli Chemical Group Co Ltd Class A,51101030,특수 화학제,5918011344,"1조 1,944억원",CNY
688225,Asiainfo Security Technologies Co Ltd Class A,57201020,소프트웨어,5908147700,"1조 1,924억원",CNY
600433,Guangdong Guanhao High-Tech Co Ltd Class A,51301020,종이 제품,5898441015,"1조 1,905억원",CNY
600035,Hubei Chutian Smart Communication Co Ltd Class A,52407030,고속도로 및 철도,5876923039,"1조 1,861억원",CNY
600829,HPGC Renmintongtai Pharmaceutical Corp Class A,56201040,제약,5856874830,"1조 1,821억원",CNY
605056,Xianheng International Science & Technology Co Ltd Class A,52102010,산업용 기계 및 장비,5850228828,"1조 1,808억원",CNY
688366,Shanghai Haohai Biological Technology Co Ltd Class A,56101020,"의료 장비, 물품 및 유통",5840960836,"1조 1,789억원",CNY
603439,Guizhou Sanli Pharmaceutical Co Ltd Class A,56201040,제약,5839529523,"1조 1,786억원",CNY
688733,Anhui Estone Materials Technology Co Ltd Class A,51101010,상품 화학,5827442292,"1조 1,762억원",CNY
600425,Xinjiang Qingsong Building Materials and Chemicals Group Co Ltd Class A,51202010,건설 자재,5825074456,"1조 1,757억원",CNY
603098,Center International Group Co Ltd Class A,53203020,건설 자재 및 비품,5816025363,"1조 1,738억원",CNY
688562,Beijing Shenzhou Aerospace Software Technology Co Ltd Class A,57201020,소프트웨어,5816000000,"1조 1,738억원",CNY
688197,Shouyao Holdings Co Ltd Class A,56202010,생명 공학 및 의학 연구,5811951924,"1조 1,730억원",CNY
688526,Wuhan Keqian Biology Co Ltd Class A,56201040,제약,5803294297,"1조 1,713억원",CNY
688226,Wetown Electric Group Co Ltd Class A,52102030,전기 부품 및 장비,5800216248,"1조 1,707억원",CNY
600592,Fujian Longxi Bearing Group Co Ltd Class A,52102010,산업용 기계 및 장비,5797522315,"1조 1,701억원",CNY
603609,Wellhope Foods Co Ltd Class A,54102010,어업 및 농업,5794747259,"1조 1,696억원",CNY
688109,Pinming Technology Co Ltd Class A,57201020,소프트웨어,5787024820,"1조 1,680억원",CNY
600081,Dongfeng Electronic Technology Co Ltd Class A,53101020,"자동차, 트럭 및 오토바이 부품",5779123477,"1조 1,664억원",CNY
603587,Dazzle Fashion Co Ltd Class A,53202020,의류 및 액세서리,5766974001,"1조 1,639억원",CNY
601968,Shanghai Baosteel Packaging Co Ltd Class A,51302010,용기(종이 제외) 및 포장재,5766523159,"1조 1,639억원",CNY
601011,Baotailong New Materials Co Ltd Class A,51201020,철 및 강철,5766150262,"1조 1,638억원",CNY
603708,Jiajiayue Group Co Ltd Class A,54301020,식품 소매 및 유통,5764198235,"1조 1,634억원",CNY
600223,Lushang Freda Pharmaceutical Co Ltd Class A,56201040,제약,5763944954,"1조 1,633억원",CNY
600477,Hang Xiao Steel Structure Co Ltd Class A,52201020,건설 및 엔지니어링,5755882984,"1조 1,617억원",CNY
600586,Shandong Jinjing Science & Technology Stock Co Ltd Class A,51101010,상품 화학,5754391062,"1조 1,614억원",CNY
603889,Zhejiang Xinao Textiles Inc Class A,53202010,직물 및 가죽제품,5752180337,"1조 1,610억원",CNY
688232,Guotai Epoint Software Co Ltd Class A,57201020,소프트웨어,5747378254,"1조 1,600억원",CNY
600576,Zhejiang Sunriver Culture Tourism Co Ltd Class A,53301040,여가 및 오락시설,5747288998,"1조 1,600억원",CNY
600742,Changchun FAWAY Group Automobile Components Co Ltd Class A,53101020,"자동차, 트럭 및 오토바이 부품",5736406834,"1조 1,578억원",CNY
600826,DLG Exhibitions & Events Corp Ltd Class A,52203040,경영 지원 서비스,5721050187,"1조 1,547억원",CNY
688334,XiAn High Voltage Apparatus Research Institute Co Ltd Class A,52203040,경영 지원 서비스,5714259361,"1조 1,533억원",CNY
601116,Sanjiang Shopping Club Co Ltd Class A,54301020,식품 소매 및 유통,5712285712,"1조 1,529억원",CNY
600983,Whirlpool China Co Ltd Class A,53204030,"가전제품, 도구 및 가정 용품",5709970550,"1조 1,524억원",CNY
603499,Shanghai Sunglow Packaging Technology Co Ltd Class A,51302020,종이 포장재,5693616042,"1조 1,491억원",CNY
603383,Fujian Apex Software Co Ltd Class A,57301010,핀테크,5684817617,"1조 1,474억원",CNY
600278,Orient International Enterprise Ltd Class A,53202020,의류 및 액세서리,5679423136,"1조 1,463억원",CNY
688219,Orinko Advanced Plastics Co Ltd Class A,51101010,상품 화학,5672869356,"1조 1,450억원",CNY
603380,Suzhou Etron Technologies Co Ltd Class A,52102010,산업용 기계 및 장비,5671596420,"1조 1,447억원",CNY
603855,Warom Technology Inc Co Class A,52102030,전기 부품 및 장비,5670184800,"1조 1,444억원",CNY
600644,Leshan Electric Power Co Ltd Class A,59101010,전력 유틸리티,5655977600,"1조 1,415억원",CNY
600982,Ningbo Energy Group Co Ltd Class A,59103010,수자원 유틸리티,5621666250,"1조 1,346억원",CNY
603135,Zhongzhong Science & Technology Tianjin Co Ltd Class A,52102010,산업용 기계 및 장비,5600490016,"1조 1,303억원",CNY
601177,Hangzhou Advance Gearbox Group Co Ltd Class A,52102010,산업용 기계 및 장비,5581597815,"1조 1,265억원",CNY
600230,Cangzhou Dahua Co Ltd Class A,51101010,상품 화학,5576054872,"1조 1,254억원",CNY
600603,Guanghui Logistics Co Ltd Class A,60101010,"부동산 임대, 개발 및 운영",5572853763,"1조 1,248억원",CNY
688356,Jenkem Technology Co Ltd Class A,51101030,특수 화학제,6028679580,"1조 2,168억원",CNY
600743,Beijing Huayuan Xinhang Holding Co Ltd Class A,53301010,"호텔, 모텔 및 크루즈 라인",6006018237,"1조 2,122억원",CNY
600605,Shanghai Huitong Energy Co Ltd Class A,60101010,"부동산 임대, 개발 및 운영",5928557009,"1조 1,966억원",CNY
603776,Youon Technology Co Ltd Class A,57201020,소프트웨어,5794898206,"1조 1,696억원",CNY
603230,Inner Mongolia Xinhua Distribution Group Co Ltd Class A,53302040,소비자 출판,5765960130,"1조 1,637억원",CNY
600610,Guizhou Zhongyida Co Ltd Class A,51101010,상품 화학,5765517447,"1조 1,637억원",CNY
688228,Ucap Cloud Information Technology Co Ltd Class A,57201020,소프트웨어,5760053305,"1조 1,626억원",CNY
603660,Suzhou Keda Technology Co Ltd Class A,57102010,통신 및 네트워킹,5646347836,"1조 1,396억원",CNY
603666,Yijiahe Technology Co Ltd Class A,52102010,산업용 기계 및 장비,5631533508,"1조 1,366억원",CNY
605018,Changhua Holding Group Co Ltd Class A,53101020,"자동차, 트럭 및 오토바이 부품",5617286226,"1조 1,337억원",CNY
688787,Beijing Haitian Ruisheng Science Technology Ltd Class A,57201010,IT 서비스 및 컨설팅,5609035236,"1조 1,321억원",CNY
603877,Ningbo Peacebird Fashion Co Ltd Class A,53403040,의류 및 액세서리 소매,5601265252,"1조 1,305억원",CNY
605339,Namchow Food Group Shanghai Co Ltd Class A,54102020,식품 가공,5596393225,"1조 1,295억원",CNY
600054,Huangshan Tourism Development Co Ltd Class A,53301040,여가 및 오락시설,5559039000,"1조 1,220억원",CNY
688173,Halo Microelectronics Co Ltd Class A,57101010,반도체,5543594122,"1조 1,189억원",CNY
601279,Changchun Engley Automobile Industry Co Ltd Class A,53101020,"자동차, 트럭 및 오토바이 부품",5534393088,"1조 1,170억원",CNY
603122,Cowealth Medical China Co Ltd Class A,56101020,"의료 장비, 물품 및 유통",5532931599,"1조 1,167억원",CNY
603978,Shenzhen Sunxing Light Alloys Materials Co Ltd Class A,51201030,알루미늄,5530670634,"1조 1,163억원",CNY
688320,Zhejiang Hechuan Technology Co Ltd Class A,52102030,전기 부품 및 장비,5527100249,"1조 1,155억원",CNY
601008,Jiangsu Lianyungang Port Co Ltd Class A,52407020,항만 운영 및 서비스,5496026367,"1조 1,093억원",CNY
600714,Qinghai Jinrui Mining Development Co Ltd Class A,51101010,상품 화학,5495521526,"1조 1,092억원",CNY
600694,Dashang Co Ltd Class A,53402010,백화점,5492507360,"1조 1,086억원",CNY
603153,Shanghai Research Institute of Building Sciences Group Co Ltd Class A,52203040,경영 지원 서비스,5475744376,"1조 1,052억원",CNY
600981,Jiangsu Soho High Hope Group Corp Class A,52202010,다각적 산업용 제품 도매,5471536988,"1조 1,043억원",CNY
603275,Shanghai Zhongchen Electronic Technology Co Ltd Class A,52102030,전기 부품 및 장비,5467525420,"1조 1,035억원",CNY
688721,ShenZhen Longtu Photomask Co.  Ltd. Class A,57101010,반도체,5462820000,"1조 1,026억원",CNY
600730,China Hi-Tech Group Co Ltd Class A,63103010,전문 및 비즈니스 교육,5461767379,"1조 1,023억원",CNY
688095,Fujian Fuxin Software Development Joint Stock Co.  Ltd  Class A,57201020,소프트웨어,5449595607,1조 999억원,CNY
603211,Jintuo Technology Co Ltd Class A,53101020,"자동차, 트럭 및 오토바이 부품",5444314240,1조 988억원,CNY
603887,Shanghai CDXJ Digital Technology Co Ltd Class A,57201010,IT 서비스 및 컨설팅,5442345966,1조 984억원,CNY
603848,Guangdong Hotata Technology Group Co Ltd Class A,53204030,"가전제품, 도구 및 가정 용품",5440536029,1조 981억원,CNY
688566,Jiangsu Jibeier Pharmaceutical Co Ltd Class A,56201040,제약,5409633713,1조 918억원,CNY
600217,China Resources and Environment Co Ltd Class A,52203010,환경 서비스 및 장비,5387374437,1조 873억원,CNY
603901,Hangzhou Youngsun Intelligent Equipment Co Ltd Class A,52102010,산업용 기계 및 장비,5374756364,1조 848억원,CNY
688379,Hangzhou Huaguang Advanced Welding Materials Co Ltd Class A,51201050,특수 채굴 및 금속,5347292984,1조 792억원,CNY
601566,Joeone Co Ltd Class A,53202020,의류 및 액세서리,5344125495,1조 786억원,CNY
605228,Shentong Technology Group Co Ltd Class A,53101020,"자동차, 트럭 및 오토바이 부품",5333767147,1조 765억원,CNY
605009,Hangzhou Haoyue Personal Care Co Ltd Class A,54201020,개인 생활 필수 용품,5333094409,1조 764억원,CNY
603158,Changzhou Tenglong Auto Parts Co Ltd Class A,53101020,"자동차, 트럭 및 오토바이 부품",5324856106,1조 747억원,CNY
688679,Anhui Tongyuan Environment Energy Saving Co Ltd Class A,52203010,환경 서비스 및 장비,5324213560,1조 746억원,CNY
600165,Ningxia Zhongke Biotechnology Co Ltd Class A,51101010,상품 화학,5300098782,1조 697억원,CNY
600868,Guangdong Meiyan Jixiang Hydropower Co Ltd Class A,59101010,전력 유틸리티,5295834814,1조 689억원,CNY
600207,Henan Ancai Hi-tech Co Ltd Class A,51101010,상품 화학,5294059012,1조 685억원,CNY
600880,Chengdu B-ray Media Co Ltd Class A,57201020,소프트웨어,5280794004,1조 658억원,CNY
603111,Nanjing Kangni Mechanical & Electrical Co Ltd Class A,52102020,중장비 및 차량,5275627713,1조 648억원,CNY
603130,Zhejiang Yunzhongma Co Ltd Class A,53202010,직물 및 가죽제품,5273669570,1조 644억원,CNY
603408,Runner (Xiamen) Corp Class A,53203020,건설 자재 및 비품,5267934210,1조 632억원,CNY
603727,BOMESC Offshore Engineering Co Ltd Class A,50103020,오일 관련 서비스 및 장비,5245612938,1조 587억원,CNY
603088,JDM Jingda Machine (Ningbo) Co Ltd Class A,52102010,산업용 기계 및 장비,5244930365,1조 586억원,CNY
601518,Jilin Expressway Co Ltd Class A,52407030,고속도로 및 철도,5236832278,1조 569억원,CNY
603212,Cybrid Technologies Inc Class A,50201010,재생 가능 에너지 장비 및 서비스,5223638194,1조 543억원,CNY
688061,Shanghai Orient-Chip Technology Co Ltd Class A,57101010,반도체,5221722821,1조 539억원,CNY
688707,Guizhou Zhenhua E-chem Inc Class A,51101030,특수 화학제,5209499699,1조 514억원,CNY
600790,Zhejiang China Light & Textile Industrial City Group Co Ltd Class A,60101010,"부동산 임대, 개발 및 운영",5203557794,1조 502억원,CNY
603567,HeiLongJiang ZBD Pharmaceutical Co Ltd Class A,56201040,제약,5180696431,1조 456억원,CNY
600814,Hangzhou Jiebai Group Co Ltd Class A,53402010,백화점,5167602544,1조 430억원,CNY
600073,Shanghai Bright Meat Group Co Ltd Class A,54102020,식품 가공,5166889391,1조 428억원,CNY
603286,Jiangsu Riying Electronics Co Ltd Class A,53101020,"자동차, 트럭 및 오토바이 부품",5145703992,1조 386억원,CNY
601218,Jiangsu SINOJIT Wind Energy Technology Co Ltd Class A,50201010,재생 가능 에너지 장비 및 서비스,5097116273,1조 288억원,CNY
688117,ChengDu Sheng Nuo Biotec Co Ltd Class A,56201040,제약,4404603976,"8,890억원",CNY
600551,Time Publishing and Media Co Ltd Class A,53302040,소비자 출판,5356636388,1조 811억원,CNY
688330,Shanghai Holystar Electrical Technology Co Ltd Class A,52102040,중전기장비,5331200000,1조 760억원,CNY
688207,Beijing Deep Glint Technology Co Ltd Class A,57201020,소프트웨어,5275283004,1조 647억원,CNY
688685,Jiangsu Maixinlin Aviation Science and Technology Corp Class A,52101010,항공우주 및 방위,5235261929,1조 566억원,CNY
688667,Wuhan Lincontrol Automotive Electronics Systems Co Ltd Class A,53101020,"자동차, 트럭 및 오토바이 부품",5174693877,1조 444억원,CNY
688683,GuangDong Leary New Material Technology Co Ltd Class A,52102030,전기 부품 및 장비,5172850358,1조 440억원,CNY
600279,Chongqing Port Co Ltd Class A,52202010,다각적 산업용 제품 도매,5162868331,1조 420억원,CNY
603322,Super Telecom Co Ltd Class A,57201010,IT 서비스 및 컨설팅,5160967569,1조 416억원,CNY
688007,Appotronics Corp Ltd Class A,57104010,전자 장비 및 부품,5156887425,1조 408억원,CNY
688267,China Catalyst Holding Co Ltd Class A,51101010,상품 화학,5155880244,1조 406억원,CNY
600336,Aucma Co Ltd Class A,53204030,"가전제품, 도구 및 가정 용품",5147195260,1조 389억원,CNY
605299,Shuhua Sports Co Ltd Class A,53205020,오락용 제품,5144660467,1조 383억원,CNY
603701,Zhejiang Dehong Automotive Electronic & Electrical Co Ltd Class A,52102030,전기 부품 및 장비,5138374974,1조 371억원,CNY
600817,Yutong Heavy Industries Co Ltd Class A,52102020,중장비 및 차량,5129124395,1조 352억원,CNY
603310,Zhejiang Weihua New Material Co Ltd Class A,51101010,상품 화학,5124845600,1조 343억원,CNY
600138,China CYTS Tours Holding Co Ltd Class A,53301040,여가 및 오락시설,5124787200,1조 343억원,CNY
603387,Getein Biotech Inc Class A,56101020,"의료 장비, 물품 및 유통",5117178987,1조 328억원,CNY
603312,Suzhou West Deane New Power Electric Co Ltd Class A,52102030,전기 부품 및 장비,5111984025,1조 318억원,CNY
603110,New East New Materials Co Ltd Class A,51101030,특수 화학제,5111158993,1조 316억원,CNY
688776,Guoguang Electric Co Ltd Chengdu Class A,57104010,전자 장비 및 부품,5110278206,1조 314억원,CNY
603960,Shanghai Kelai Mechatronics Engineering Co Ltd Class A,53101020,"자동차, 트럭 및 오토바이 부품",5107615092,1조 309억원,CNY
605287,Decai Decoration Co Ltd Class A,52201020,건설 및 엔지니어링,5105800000,1조 305억원,CNY
688136,Kexing Biopharm Co Ltd Class A,56201040,제약,5090022000,1조 273억원,CNY
600569,Anyang Iron and Steel Co Ltd Class A,51201020,철 및 강철,5084185853,1조 261억원,CNY
688623,Zhejiang Shuangyuan Technology Co Ltd Class A,52102010,산업용 기계 및 장비,5079419750,1조 252억원,CNY
600308,Shandong Huatai Paper Industry Shareholding Co Ltd Class A,51301020,종이 제품,5066346388,1조 225억원,CNY
688609,Unionman Technology Co Ltd Class A,57102010,통신 및 네트워킹,5062943111,1조 219억원,CNY
600626,Shanghai Shenda Co Ltd Class A,53101020,"자동차, 트럭 및 오토바이 부품",5058452075,1조 209억원,CNY
600084,Citic Niya Wine Co Ltd Class A,54101020,증류주 및 포도주,5045533467,1조 183억원,CNY
600300,V V Food & Beverage Co Ltd Class A,54102020,식품 가공,5045483602,1조 183억원,CNY
605050,Friend Co Ltd Class A,51201020,철 및 강철,5026857646,1조 146억원,CNY
600284,Shanghai Pudong Construction Co Ltd Class A,52201020,건설 및 엔지니어링,5025926080,1조 144억원,CNY
600939,Chongqing Construction Engineering Group Co Ltd Class A,52201020,건설 및 엔지니어링,5003509103,1조 99억원,CNY
601002,Gem-Year Industrial Co Ltd Class A,52102010,산업용 기계 및 장비,5000583744,1조 93억원,CNY
688408,Arctech Solar Holding Co Ltd Class A,50201010,재생 가능 에너지 장비 및 서비스,4999083519,1조 90억원,CNY
603511,Aimer Co Ltd Class A,53202020,의류 및 액세서리,4996312781,1조 84억원,CNY
605088,GSP Automotive Group Wenzhou Co Ltd Class A,53101020,"자동차, 트럭 및 오토바이 부품",4989088164,1조 69억원,CNY
603711,Xiangpiaopiao Food Co Ltd Class A,54102020,식품 가공,4979261646,1조 50억원,CNY
603803,Raisecom Technology Co Ltd Class A,57102010,통신 및 네트워킹,4971137617,1조 33억원,CNY
600495,Jinxi Axle Co Ltd Class A,53101010,자동차 및 트럭 제조,4965664541,1조 22억원,CNY
600758,Liaoning Energy Industry Co Ltd Class A,50101010,석탄,4957565228,1조 6억원,CNY
600979,Sichuan Guangan AAA Public Co Ltd Class A,59104010,복합 유틸리티,4955539842,1조 2억원,CNY
600228,Fanli Digital Technology Co Ltd Class A,57201030,온라인 서비스,4954235157,"9,999억원",CNY
688345,Guangdong Greenway Technology Co Ltd Class A,52102030,전기 부품 및 장비,4948958277,"9,988억원",CNY
600571,Sunyard Technology Co Ltd Class A,57301010,핀테크,4942974075,"9,976억원",CNY
600756,Inspur Software Co Ltd Class A,57201010,IT 서비스 및 컨설팅,4922772842,"9,936억원",CNY
688168,Beijing ABT Networks Co Ltd Class A,57201020,소프트웨어,4922087678,"9,934억원",CNY
603610,Keeson Technology Corp Ltd Class A,53204040,가정용 가구,4910113448,"9,910억원",CNY
600523,Guizhou Guihang Automotive Components Co Ltd Class A,53101020,"자동차, 트럭 및 오토바이 부품",4904296312,"9,898억원",CNY
600990,Sun Create Electronics Co Ltd Class A,52101010,항공우주 및 방위,4861059417,"9,811억원",CNY
688101,Suntar Environmental Technology Co Ltd Class A,59103010,수자원 유틸리티,4857336526,"9,804억원",CNY
600288,Daheng New Epoch Technology Inc Class A,57201010,IT 서비스 및 컨설팅,4835376000,"9,759억원",CNY
600199,Anhui Golden Seed Winery Co Ltd Class A,54101020,증류주 및 포도주,4828228688,"9,745억원",CNY
600231,Lingyuan Iron & Steel Co Ltd Class A,51201020,철 및 강철,4825066480,"9,738억원",CNY
600784,Luyin Investment Group Co Ltd Class A,54102020,식품 가공,4797131167,"9,682억원",CNY
605368,Henan Lantian Gas Co Ltd Class A,59102010,천연가스 유틸리티,4780914271,"9,649억원",CNY
603683,Shanghai Smith Adhesive New Material Co Ltd Class A,51101030,특수 화학제,4778673049,"9,645억원",CNY
600568,Zhongzhu Healthcare Holding Co Ltd Class A,56102010,의료 시설 및 서비스,4762958538,"9,613억원",CNY
600609,Jinbei Automotive Co Ltd Class A,53101020,"자동차, 트럭 및 오토바이 부품",4761638737,"9,610억원",CNY
603016,Wuxi New Hongtai Electrical Technology Co Ltd Class A,52102030,전기 부품 및 장비,4724822400,"9,536억원",CNY
603598,Inly Media Co Ltd Class A,53302010,광고 및 마케팅,5113566984,1조 321억원,CNY
688238,Shanghai Obio Technology (Group) Corp Ltd Class A,56201040,제약,5088447728,1조 270억원,CNY
603216,Mengtian Home Group Inc Class A,53203020,건설 자재 및 비품,5066197500,1조 225억원,CNY
688023,DBAPPSecurity Co Ltd Class A,57201010,IT 서비스 및 컨설팅,4995342741,1조 82억원,CNY
688210,Shenzhen Pacific Union Precision Manufacturing Co Ltd Class A,52102010,산업용 기계 및 장비,4946506048,"9,984억원",CNY
600337,Markor International Home Furnishings Co Ltd Class A,53204040,가정용 가구,4871423684,"9,832억원",CNY
603170,Shanghai Bolex Food Technology Co Ltd Class A,54102020,식품 가공,4832120800,"9,753억원",CNY
688085,Shanghai Sanyou Medical Co Ltd Class A,56101020,"의료 장비, 물품 및 유통",4819866949,"9,728억원",CNY
605300,Jiahe Foods Industry Co Ltd Class A,54102020,식품 가공,4807537156,"9,703억원",CNY
603912,Nanjing Canatal Data-Centre Environmental Tech Co Ltd Class A,52102030,전기 부품 및 장비,4777894615,"9,643억원",CNY
603758,Chongqing QinAn M&E PLC Class A,53101020,"자동차, 트럭 및 오토바이 부품",4777270020,"9,642억원",CNY
688348,Yuneng Technology Co Ltd Class A,57101010,반도체,4772712865,"9,633억원",CNY
688282,Beijing Navigation Control Technology Co Ltd Class A,52101010,항공우주 및 방위,4771530984,"9,630억원",CNY
688389,Shenzhen Lifotronic Technology Co Ltd Class A,56101020,"의료 장비, 물품 및 유통",4769046175,"9,625억원",CNY
603209,Xingtong Shipping Co Ltd Class A,52405020,해양 화물 및 물류,4764500000,"9,616억원",CNY
603590,Beijing Konruns Pharmaceutical Co Ltd Class A,56201040,제약,4763953891,"9,615억원",CNY
601588,Beijing North Star Co Ltd Class A,60101010,"부동산 임대, 개발 및 운영",4761400000,"9,610억원",CNY
603173,Hangzhou Fortune Gas Cryogenic Group Co Ltd Class A,52102010,산업용 기계 및 장비,4753600000,"9,594억원",CNY
603191,Chongqing Wangbian Electric Group Corp Ltd Class A,52102040,중전기장비,4752626298,"9,592억원",CNY
688386,Pan Asian Microvent Tech Jiangsu Corp Class A,51101030,특수 화학제,4751347297,"9,590억원",CNY
603777,Shanghai Laiyifen Co Ltd Class A,54301020,식품 소매 및 유통,4745478916,"9,578억원",CNY
603661,Henglin Home Furnishings Co Ltd Class A,53204040,가정용 가구,4738013746,"9,563억원",CNY
600351,Yabao Pharmaceutical Group Co Ltd Class A,56201040,제약,4733280315,"9,553억원",CNY
601113,Yiwu Huading Nylon Co Ltd Class A,51101030,특수 화학제,4725991269,"9,538억원",CNY
600071,Phenix Optics Co Ltd Class A,57105010,사무기기,4724809857,"9,536억원",CNY
603131,Shanghai Hugong Electric Group Co Ltd Class A,52102010,산업용 기계 및 장비,4703224791,"9,493억원",CNY
603001,Zhejiang Aokang Shoes Co Ltd Class A,53202030,제화,4659387600,"9,404억원",CNY
603528,Duolun Technology Corp Ltd Class A,57107010,통합 하드웨어 및 소프트웨어,4652079563,"9,389억원",CNY
688639,Anhui Huaheng Biotechnology Co Ltd Class A,54102020,식품 가공,4647149576,"9,379억원",CNY
600658,Beijing Electronic Zone High-tech Group Co Ltd Class A,60101010,"부동산 임대, 개발 및 운영",4642127937,"9,369억원",CNY
603344,Cinderson Tech Suzhou Co Ltd Class A,52102030,전기 부품 및 장비,4639563873,"9,364억원",CNY
603070,Wecome Intelligent Manufacturing Co Ltd Class A,52102040,중전기장비,4635560000,"9,356억원",CNY
688539,NanJing GOVA Technology Co Ltd Class A,57101010,반도체,4634985600,"9,355억원",CNY
600681,Bestsun Energy Co Ltd Class A,59102010,천연가스 유틸리티,4625949095,"9,337억원",CNY
600261,Zhejiang Yankon Group Co Ltd Class A,52102030,전기 부품 및 장비,4619283262,"9,323억원",CNY
603615,Chahua Modern Housewares Co Ltd Class A,54201010,가정용 제품,4618762000,"9,322억원",CNY
603210,Zhejiang Tion Vanly Tech Co Ltd Class A,53101020,"자동차, 트럭 및 오토바이 부품",4612420000,"9,309억원",CNY
688595,Chipsea Technologies Shenzhen Corp Ltd Class A,57101010,반도체,4603788156,"9,292억원",CNY
603681,Shanghai Yongguan Adhesive Products Corp Ltd Class A,51101030,특수 화학제,4583662482,"9,251억원",CNY
600191,Baotou Huazi Industry Co Ltd Class A,54102020,식품 가공,4572908760,"9,230억원",CNY
603429,Anhui Genuine New Materials Co.  Ltd. Class A,52203020,상업 인쇄 서비스,4563023546,"9,210억원",CNY
605377,Hangzhou Huawang New Material Technology Co Ltd Class A,51301020,종이 제품,4559129495,"9,202억원",CNY
688247,Sinotherapeutics Inc Class A,56201040,제약,4537933400,"9,159억원",CNY
688581,Hangzhou AGS MedTech Co Ltd Class A,56101010,첨단 의료 장비 및 기술,4537624867,"9,158억원",CNY
603916,Sobute New Materials Co Ltd Class A,51101030,특수 화학제,4535336865,"9,154억원",CNY
603348,Wencan Group Co.  Ltd. Class A,53101020,"자동차, 트럭 및 오토바이 부품",4525326793,"9,133억원",CNY
603138,Beijing Vastdata Technology Co Ltd Class A,57201020,소프트웨어,4524541041,"9,132억원",CNY
600283,Qian Jiang Water Resources Development Co Ltd Class A,59103010,수자원 유틸리티,4520248678,"9,123억원",CNY
600613,Shanghai Shenqi Pharmaceutical Investment Management Co Ltd Class A,56201040,제약,4519987393,"9,123억원",CNY
603255,Liaoning Dingjide Petrochemical Co Ltd Class A,51101010,상품 화학,4515442636,"9,114억원",CNY
688010,Fujian Forecam Optics Co Ltd Class A,57106030,가정용 전자 제품,4506963494,"9,096억원",CNY
603004,Zhejiang Dragon Technology Co Ltd Class A,51101010,상품 화학,4486656000,"9,055억원",CNY
600469,Aeolus Tyre Co Ltd Class A,53101030,타이어 및 고무 제품,4485775452,"9,054억원",CNY
688410,SWS Hemodialysis Care Co Ltd Class A,56101010,첨단 의료 장비 및 기술,4483357517,"9,049억원",CNY
600178,Harbin Dongan Auto Engine Co Ltd Class A,53101020,"자동차, 트럭 및 오토바이 부품",4454847338,"8,991억원",CNY
603421,Qingdao Topscomm Communication Co Ltd Class A,52102030,전기 부품 및 장비,4441417380,"8,964억원",CNY
600197,Xinjiang Yilite Industry Co Ltd Class A,54101020,증류주 및 포도주,4438378845,"8,958억원",CNY
600819,Shanghai Yaohua Pilkington Glass Group Co Ltd Class A,51101010,상품 화학,4435624739,"8,952억원",CNY
600984,Shaanxi Construction Machinery Co Ltd Class A,52203040,경영 지원 서비스,4424794616,"8,931억원",CNY
603703,Zhejiang Shengyang Science and Technology Co Ltd Class A,57102010,통신 및 네트워킹,4394660651,"8,870억원",CNY
603636,Linewell Software Co Ltd Class A,57107010,통합 하드웨어 및 소프트웨어,4648687789,"9,382억원",CNY
688196,Longyan Zhuoyue New Energy Co Ltd Class A,50201020,재생 가능 연료,4540711382,"9,165억원",CNY
688489,Sansec Technology Co Ltd Class A,57107010,통합 하드웨어 및 소프트웨어,4414129526,"8,909억원",CNY
600796,Zhejiang Qianjiang Biochemical Co Ltd Class A,52201020,건설 및 엔지니어링,4410921549,"8,903억원",CNY
603069,Hainan Haiqi Transportation Group Co Ltd Class A,52406020,지상 및 해상 여객 운송,4405040000,"8,891억원",CNY
600513,Jiangsu Lianhuan Pharmaceutical Co Ltd Class A,56201040,제약,4393171995,"8,867억원",CNY
603060,China Testing & Certification International Group Co Ltd Class A,52203040,경영 지원 서비스,4389643740,"8,860억원",CNY
600101,Sichuan Mingxing Electric Power Co Ltd Class A,59101010,전력 유틸리티,4366463894,"8,813억원",CNY
600340,China Fortune Land Development Co Ltd Class A,60101010,"부동산 임대, 개발 및 운영",4360557669,"8,801억원",CNY
603330,Tianyang New Materials (Shanghai) Technology Co Ltd Class A,51101030,특수 화학제,4357023645,"8,794억원",CNY
688119,Sinosteel Luonai Materials Technology Co Ltd Class A,51202010,건설 자재,4353750000,"8,787억원",CNY
605268,Wangli Security & Surveillance Product Co Ltd Class A,53203020,건설 자재 및 비품,4348228500,"8,776억원",CNY
688665,Cubic Sensor and Instrument Co Ltd Class A,57104010,전자 장비 및 부품,4347222969,"8,774억원",CNY
601065,Jiangxi Salt Industry Group Co Ltd Class A,51101010,상품 화학,4345166294,"8,770억원",CNY
600558,Atlantic China Welding Consumables Inc Class A,52102010,산업용 기계 및 장비,4344407382,"8,768억원",CNY
600734,Fujian Start Group Co Ltd Class A,52203040,경영 지원 서비스,4313040150,"8,705억원",CNY
600168,Wuhan Sanzhen Industry Holding Co Ltd Class A,59103010,수자원 유틸리티,4311345449,"8,702억원",CNY
603032,Delixi New Energy Technology Co Ltd Class A,52102010,산업용 기계 및 장비,4305377804,"8,690억원",CNY
600135,Lucky Film Co Ltd Class A,57106030,가정용 전자 제품,4304729230,"8,688억원",CNY
605286,Jiangsu Tongli Tianqi Technology Co Ltd Class A,52102040,중전기장비,4304160000,"8,687억원",CNY
688311,Chengdu M&S Electronics Technology Co Ltd Class A,52101010,항공우주 및 방위,4298876629,"8,676억원",CNY
603206,Bestlink Technologies Co Ltd Class A,57401020,무선 통신 서비스,4297215831,"8,673억원",CNY
688768,Anhui Ronds Science and Technology Incorporated Company Class A,52102010,산업용 기계 및 장비,4296488856,"8,672억원",CNY
605338,Zhongyin Babi Food Co Ltd Class A,54102020,식품 가공,4295430250,"8,669억원",CNY
603015,Ningbo Techmation Co Ltd Class A,52102010,산업용 기계 및 장비,4292805780,"8,664억원",CNY
603018,China Design Group Co Ltd Class A,52201020,건설 및 엔지니어링,4292334089,"8,663억원",CNY
603669,Lionco Pharmaceutical Group Co Ltd Class A,56201040,제약,4281110302,"8,641억원",CNY
603121,Shanghai Sinotec Co Ltd Class A,53101020,"자동차, 트럭 및 오토바이 부품",4279066158,"8,636억원",CNY
603988,SEC Electric Machinery Co Ltd Class A,52102040,중전기장비,4275936000,"8,630억원",CNY
603222,Chimin Health Management Co Ltd Class A,56101020,"의료 장비, 물품 및 유통",4268986700,"8,616억원",CNY
688211,Wayzim Technology Co Ltd Class A,52102010,산업용 기계 및 장비,4265761729,"8,610억원",CNY
603105,Zhejiang Sunoren Solar Technology Co Ltd Class A,59101010,전력 유틸리티,4265097029,"8,608억원",CNY
603165,Zhejiang Rongsheng Environmental Protection Paper Joint Stock Co Ltd Class A,51301020,종이 제품,4256233225,"8,590억원",CNY
603365,Shanghai Shuixing Home Textile Co Ltd Class A,53204040,가정용 가구,4249815097,"8,577억원",CNY
603097,Jiangsu Huachen Transformer Co Ltd Class A,52102040,중전기장비,4240017406,"8,558억원",CNY
605086,Longyan Kaolin Clay Co Ltd Class A,51202010,건설 자재,4238080000,"8,554억원",CNY
688580,Nanjing Vishee Medical Technology Co Ltd Class A,56101010,첨단 의료 장비 및 기술,4233090930,"8,544억원",CNY
603113,Jinneng Science & Technology Co Ltd Class A,51101010,상품 화학,4225483268,"8,528억원",CNY
603325,Shanghai Bloom Technology Inc Class A,52102040,중전기장비,4218610920,"8,514억원",CNY
603869,ENC Digital Technology Co Ltd Class A,57201010,IT 서비스 및 컨설팅,4192376657,"8,461억원",CNY
603187,Qingdao Hiron Commercial Cold Chain Co Ltd Class A,52102030,전기 부품 및 장비,4180821394,"8,438억원",CNY
688360,Damon Technology Group Co Ltd Class A,52102040,중전기장비,4180368822,"8,437억원",CNY
600976,Jianmin Pharmaceutical Group Co Ltd Class A,56201040,제약,4173975906,"8,424억원",CNY
600333,Changchun Gas Co Ltd Class A,59102010,천연가스 유틸리티,4171860185,"8,420억원",CNY
603767,Zhejiang Zomax Transmission Co Ltd Class A,53101020,"자동차, 트럭 및 오토바이 부품",4169611565,"8,416억원",CNY
600152,Veken Technology Co Ltd Class A,52102030,전기 부품 및 장비,4169145475,"8,415억원",CNY
603007,Danyang SYNGEN Intelligent Technology Co Ltd Class A,52201020,건설 및 엔지니어링,4165741136,"8,408억원",CNY
600173,Wolong New Energy Group Co Ltd Class A,60101010,"부동산 임대, 개발 및 운영",4161007089,"8,398억원",CNY
603956,WPG (Shanghai) Smart Water Public Co Ltd Class A,52102010,산업용 기계 및 장비,4137519636,"8,351억원",CNY
600212,Gresgying Digital Energy Technology Co Ltd Class A,52102030,전기 부품 및 장비,4133361750,"8,342억원",CNY
600628,Shanghai New World Co Ltd Class A,56201040,제약,4127064950,"8,330억원",CNY
603107,Shanghai Automobile Air-Conditioner Accessories Co Ltd Class A,53101020,"자동차, 트럭 및 오토바이 부품",4112113650,"8,299억원",CNY
688033,Beijing Tianyishangjia High-tech Materials Corp Ltd Class A,57101020,반도체 장비 및 테스트,4098427765,"8,272억원",CNY
600520,HIIG Trinity (Anhui) Technology Co Ltd Class A,52102010,산업용 기계 및 장비,4085909700,"8,247억원",CNY
688236,Beijing Chunlizhengda Medical Instruments Co Ltd Class A,56101020,"의료 장비, 물품 및 유통",4081256200,"8,237억원",CNY
603396,Yingkou Jinchen Machinery Co Ltd Class A,52102010,산업용 기계 및 장비,4079634227,"8,234억원",CNY
600725,Yunnan Yunwei Co Ltd Class A,50101010,석탄,4079475700,"8,234억원",CNY
603611,Noblelift Intelligent Equipment Co Ltd Class A,52102010,산업용 기계 및 장비,4077820522,"8,230억원",CNY
600526,Zhejiang Feida Environmental Science & Technology Co Ltd Class A,52203010,환경 서비스 및 장비,4069210187,"8,213억원",CNY
603339,Square Technology Group Co Ltd Class A,52102010,산업용 기계 및 장비,3997979981,"8,069억원",CNY
600503,Deluxe Family Co Ltd Class A,60101010,"부동산 임대, 개발 및 운영",4278114300,"8,635억원",CNY
603062,MEGA P&C Advanced Materials Shanghai Co Ltd Class A,51101010,상품 화학,4190400000,"8,457억원",CNY
603051,Guangzhou Lushan New Materials Co Ltd Class A,51101030,특수 화학제,4111530624,"8,298억원",CNY
688377,Nanjing Develop Advanced Manufacturing Co Ltd Class A,52102010,산업용 기계 및 장비,4106182874,"8,288억원",CNY
603207,Shanghai Xiao Fang Pharmaceutical Co Ltd Class A,56201040,제약,4101213297,"8,277억원",CNY
600650,Shanghai Jin Jiang Online Network Service Co Ltd Class A,52405010,"배달, 우편, 항공 화물 및 육상 물류",4085258385,"8,245억원",CNY
688373,Shanghai MicuRx Pharmaceutical Co Ltd Class A,56201040,제약,4035804537,"8,145억원",CNY
603324,Shanghai Shengjian Technology Co.  Ltd. Class A,52203010,환경 서비스 및 장비,4029744811,"8,133억원",CNY
688648,China Post Technology Co Ltd Class A,52102010,산업용 기계 및 장비,4014720000,"8,103억원",CNY
603918,Shanghai Golden Bridge InfoTech Co Ltd Class A,57201010,IT 서비스 및 컨설팅,4012531711,"8,098억원",CNY
603106,Cashway Fintech Co Ltd Class A,57106010,컴퓨터 하드웨어,4008004000,"8,089억원",CNY
603081,Zhejiang Dafeng Industry Co Ltd Class A,53302030,엔터테인먼트 제작,4005291933,"8,084억원",CNY
688053,Chengdu Screen Micro Electronics Co Ltd Class A,52203040,경영 지원 서비스,4005000000,"8,083억원",CNY
600684,Guangzhou Pearl River Development Group Co Ltd Class A,60101020,부동산 서비스,4003988904,"8,081억원",CNY
688186,Zhangjiagang Guangda Special Material Co Ltd Class A,51201020,철 및 강철,3999778217,"8,073억원",CNY
688590,Shanghai Newtouch Software Co Ltd Class A,57201020,소프트웨어,3976515993,"8,026억원",CNY
601368,Guangxi Nanning Waterworks Group Co Ltd Class A,59103010,수자원 유틸리티,3973378847,"8,019억원",CNY
605378,Zhejiang Mustang Battery Co Ltd Class A,52102030,전기 부품 및 장비,3972465280,"8,018억원",CNY
688299,Ningbo Solartron Technology Co Ltd Class A,51101010,상품 화학,3968895866,"8,010억원",CNY
603090,Wuxi Hongsheng Heat Exchanger Manufacturing Co Ltd Class A,52102010,산업용 기계 및 장비,3968000000,"8,009억원",CNY
603716,Thalys Medical Technology Group Corp Class A,56101020,"의료 장비, 물품 및 유통",3967143829,"8,007억원",CNY
603313,Healthcare Co Ltd Class A,53204040,가정용 가구,3965578851,"8,004억원",CNY
688429,Changzhou Shichuang Energy Co Ltd Class A,50201010,재생 가능 에너지 장비 및 서비스,3960007920,"7,992억원",CNY
603676,Xizang Weixinkang Pharmaceutical Co Ltd Class A,56201040,제약,3933859960,"7,940억원",CNY
600229,Qingdao Citymedia Co Ltd Class A,53302040,소비자 출판,3931211315,"7,934억원",CNY
603966,Eurocrane (China) Co Ltd Class A,52102020,중장비 및 차량,3928981465,"7,930억원",CNY
600830,Sunny Loan Top Co Ltd Class A,55101050,기업 금융 서비스,3925348534,"7,923억원",CNY
603697,YouYou Foods Co Ltd Class A,54102020,식품 가공,3909105776,"7,890억원",CNY
688569,Beijing Tieke Shougang Railway-Tech Co Ltd Class A,52102010,산업용 기계 및 장비,3907867285,"7,887억원",CNY
600382,Guangdong Mingzhu Group Co Ltd Class A,51201020,철 및 강철,3902869068,"7,877억원",CNY
603126,Sinoma Energy Conservation Ltd Class A,52201020,건설 및 엔지니어링,3901095000,"7,874억원",CNY
688212,Shanghai Aohua Photoelectricity Endoscope Co Ltd Class A,56101010,첨단 의료 장비 및 기술,3890479073,"7,852억원",CNY
600805,Jiangsu Yueda Investment Co Ltd Class A,53202010,직물 및 가죽제품,3888587838,"7,848억원",CNY
605369,Zhejiang Gongdong Medical Technology Co Ltd Class A,56101020,"의료 장비, 물품 및 유통",3881721492,"7,834억원",CNY
600824,Shanghai Yimin Commercial Group Co Ltd Class A,53402010,백화점,3878819629,"7,829억원",CNY
600505,Sichuan Xichang Electric Power Co Ltd Class A,59101010,전력 유틸리티,3860769825,"7,792억원",CNY
603116,Zhejiang Red Dragonfly Footwear Co Ltd Class A,53202030,제화,3860545360,"7,792억원",CNY
600794,Zhangjiagang Freetrade Science & Technology Group Co Ltd Class A,51101010,상품 화학,3840486902,"7,751억원",CNY
603178,Ningbo Shenglong Automotive Powertrain System Co Ltd Class A,53101020,"자동차, 트럭 및 오토바이 부품",3834600710,"7,739억원",CNY
688298,Zhejiang Orient Gene Biotech Co Ltd Class A,56101020,"의료 장비, 물품 및 유통",3828384000,"7,727억원",CNY
688075,Assure Tech (Hangzhou) Co Ltd Class A,56101020,"의료 장비, 물품 및 유통",3827734087,"7,726억원",CNY
600527,Jiangsu Jiangnan High Polymer Fiber Co Ltd Class A,51101030,특수 화학제,3809873984,"7,689억원",CNY
688152,Hunan Kylinsec Technology Co Ltd Class A,57201010,IT 서비스 및 컨설팅,3802836196,"7,675억원",CNY
603167,Bohai Ferry Group Co Ltd Class A,52406020,지상 및 해상 여객 운송,3800070474,"7,670억원",CNY
603520,Zhejiang Starry Pharmaceutical Co Ltd Class A,56201040,제약,3796629569,"7,663억원",CNY
603351,Nanjing Well Pharmaceutical Group Co Ltd Class A,50102030,"오일, 가스 정제 및 마케팅",3792295696,"7,654억원",CNY
603035,Jiangsu Changshu Automotive Trim Group Co Ltd Class A,53101020,"자동차, 트럭 및 오토바이 부품",3791692278,"7,653억원",CNY
603291,Jiangsu United Water Technology Co Ltd Class A,59103010,수자원 유틸리티,3787824406,"7,645억원",CNY
603239,Zhejiang Xiantong Rubber&Plastic Co Ltd Class A,53101020,"자동차, 트럭 및 오토바이 부품",3779251200,"7,628억원",CNY
688039,Hangzhou Arcvideo Technology Co Ltd Class A,57201020,소프트웨어,3773720587,"7,617억원",CNY
603232,Koal Software Co Ltd Class A,57201020,소프트웨어,3771889551,"7,613억원",CNY
603398,Mubang High Tech Co Ltd Class A,50201010,재생 가능 에너지 장비 및 서비스,3755335598,"7,579억원",CNY
603008,Sleemon Healthy Sleep Technology Co Ltd Class A,53204040,가정용 가구,3752899913,"7,574억원",CNY
600067,Citychamp Dartong Advanced Materials Co Ltd Class A,52102030,전기 부품 및 장비,3743588908,"7,556억원",CNY
600581,Xinjiang Ba Yi Iron & Steel Co Ltd Class A,51201020,철 및 강철,3740270803,"7,549억원",CNY
600622,Everbright Jiabao Co.  Ltd Class A,60101010,"부동산 임대, 개발 및 운영",3734216651,"7,537억원",CNY
688283,Chengdu KSW Technologies Co Ltd Class A,52102010,산업용 기계 및 장비,3701502000,"7,471억원",CNY
688636,Chengdu Zhimingda Electronics Co Ltd Class A,57107010,통합 하드웨어 및 소프트웨어,3681598573,"7,431억원",CNY
600800,Tian Jin Bohai Chemical Co Ltd Class A,51101010,상품 화학,3674249665,"7,416억원",CNY
600262,Inner Mongolia North Hauler Joint Stock Co Ltd Class A,52102020,중장비 및 차량,3641400000,"7,349억원",CNY
605398,Shanghai New Centurion Network Information Technology Co Ltd Class A,57201010,IT 서비스 및 컨설팅,3844988036,"7,760억원",CNY
688026,Guangzhou Jet Bio-Filtration Co Ltd Class A,56101020,"의료 장비, 물품 및 유통",3794051543,"7,658억원",CNY
605388,Juneyao Grand Healthy Drinks Co Ltd Class A,54102020,식품 가공,3765034680,"7,599억원",CNY
688680,Shanghai HIUV New Materials Co Ltd Class A,51101010,상품 화학,3749651916,"7,568억원",CNY
688157,Sokan New Materials Group Co Ltd Class A,51101010,상품 화학,3705539423,"7,479억원",CNY
688339,Beijing SinoHytec Co Ltd Class A,53101020,"자동차, 트럭 및 오토바이 부품",3702334420,"7,472억원",CNY
605186,Shanghai General Healthy Information and Technology Co Ltd Class A,56101020,"의료 장비, 물품 및 유통",3686960000,"7,441억원",CNY
603719,Bestore Co Ltd Class A,54301020,식품 소매 및 유통,3665427114,"7,398억원",CNY
603579,Shanghai Rongtai Health Technology Corp Ltd Class A,53204030,"가전제품, 도구 및 가정 용품",3659153025,"7,385억원",CNY
603639,Hailir Pesticides and Chemicals Group Co Ltd Class A,51101020,농화학제,3657320549,"7,382억원",CNY
600318,Anhui Xinli Finance Co Ltd Class A,55101050,기업 금융 서비스,3645493464,"7,358억원",CNY
688269,Kaili Catalyst & New Materials Co Ltd Class A,51101010,상품 화학,3625728960,"7,318억원",CNY
688133,Shanghai Titan Scientific Co Ltd Class A,51101030,특수 화학제,3620902234,"7,308억원",CNY
688259,Triductor Technology (Suzhou) Inc Class A,57101010,반도체,3616846000,"7,300억원",CNY
688588,Linkage Software Co Ltd Class A,57201020,소프트웨어,3615392728,"7,297억원",CNY
603109,Senci Electric Machinery Co Ltd Class A,52102030,전기 부품 및 장비,3615165112,"7,296억원",CNY
603258,Hangzhou Electronic Soul Network Technology Co Ltd Class A,57201020,소프트웨어,3585635358,"7,237억원",CNY
603566,Pulike Biological Engineering Inc Class A,56201040,제약,3571362657,"7,208억원",CNY
600467,Shandong Homey Aquatic Development Co Ltd Class A,54102010,어업 및 농업,3564826102,"7,195억원",CNY
605077,Zhejiang Huakang Pharmaceutical Co Ltd Class A,54102020,식품 가공,3562823467,"7,191억원",CNY
605399,Jiangxi Chenguang New Materials Co Ltd Class A,51101010,상품 화학,3558974005,"7,183억원",CNY
603381,Yonz Technology Co Ltd Class A,51201030,알루미늄,3556472327,"7,178억원",CNY
688606,Hangzhou Alltest Biotech Co Ltd Class A,56202010,생명 공학 및 의학 연구,3554241504,"7,174억원",CNY
600785,Yinchuan Xinhua Commercial Group Co Ltd Class A,54301020,식품 소매 및 유통,3547374984,"7,160억원",CNY
600280,Nanjing Central Emporium Group Stocks Co Ltd Class A,53402010,백화점,3542971234,"7,151억원",CNY
688292,Beijing Haohan Data Technology Co Ltd Class A,57201010,IT 서비스 및 컨설팅,3542310774,"7,149억원",CNY
605337,Zhe Jiang Li Zi Yuan Food Co Ltd Class A,54101030,무알콜 음료,3538938718,"7,143억원",CNY
600716,Jiangsu Phoenix Property Investment Co Ltd Class A,60101010,"부동산 임대, 개발 및 운영",3519587818,"7,104억원",CNY
603315,Liaoning Fu-An Heavy Industry Co Ltd Class A,51201020,철 및 강철,3517621579,"7,100억원",CNY
603569,Beijing Changjiu Logistics Corp Class A,52405030,지상 화물 및 물류,3506377128,"7,077억원",CNY
600218,Anhui Quanchai Engine Co Ltd Class A,52102010,산업용 기계 및 장비,3497867350,"7,060억원",CNY
688159,Shenzhen Neoway Technology Co Ltd Class A,57102010,통신 및 네트워킹,3489683072,"7,043억원",CNY
600616,Shanghai Jinfeng Wine Co Ltd Class A,54101020,증류주 및 포도주,3485515790,"7,035억원",CNY
688317,Shanghai ZJ Bio-Tech Co Ltd Class A,56101020,"의료 장비, 물품 및 유통",3476038367,"7,016억원",CNY
603665,ZheJiang KangLongDa Special Protection Technology Co Ltd Class A,53202020,의류 및 액세서리,3470834211,"7,005억원",CNY
600327,Wuxi Commercial Mansion Grand Orient Co Ltd Class A,56102010,의료 시설 및 서비스,3468335711,"7,000억원",CNY
603798,Qingdao Copton Technology Co Ltd Class A,50102030,"오일, 가스 정제 및 마케팅",3456941282,"6,977억원",CNY
605136,Shanghai Lily & Beauty Cosmetics Co Ltd Class A,57201030,온라인 서비스,3451952270,"6,967억원",CNY
600638,Shanghai New Huang Pu Industrial Group Co Ltd Class A,60101010,"부동산 임대, 개발 및 운영",3447791544,"6,959억원",CNY
600838,Shanghai Join Buy Co.  Ltd. Class A,60101010,"부동산 임대, 개발 및 운영",3447585037,"6,958억원",CNY
688162,Jee Technology Co Ltd Class A,52102010,산업용 기계 및 장비,3431632398,"6,926억원",CNY
600860,Beijing Jingcheng Machinery Electric Co Ltd Class A,52102010,산업용 기계 및 장비,3427793569,"6,918억원",CNY
605138,Sunrise Manufacture Group Co Ltd Class A,53202020,의류 및 액세서리,3416765832,"6,896억원",CNY
603600,UE Furniture Co Ltd Class A,52203060,비즈니스 지원 용품,3393548656,"6,849억원",CNY
688084,Beijing JingPinTeZhuang Science and Technology Co Ltd Class A,52101010,항공우주 및 방위,3389526157,"6,841억원",CNY
688399,Jiangsu Bioperfectus Technologies Co Ltd Class A,56101020,"의료 장비, 물품 및 유통",3388753013,"6,840억원",CNY
603898,Guangzhou Holike Creative Home Co Ltd Class A,53204040,가정용 가구,3386588557,"6,835억원",CNY
601996,Guangxi Fenglin Wood Industry Group Co Ltd Class A,51301010,임업 및 목재 제품,3362743248,"6,787억원",CNY
688533,Suzhou Sonavox Electronics Co Ltd Class A,53101020,"자동차, 트럭 및 오토바이 부품",3347588442,"6,756억원",CNY
600053,Kunwu Jiuding Investment Holdings Co Ltd Class A,55102020,투자 관리 및 펀드 운영,3346934976,"6,755억원",CNY
603357,Anhui Transport Consulting & Design Institute Co Ltd Class A,52203040,경영 지원 서비스,3335232355,"6,731억원",CNY
603987,Shanghai Kindly Enterprise Development Group Co Ltd Class A,56101020,"의료 장비, 물품 및 유통",3328346506,"6,718억원",CNY
688302,Hinova Pharmaceuticals Inc Class A,56202010,생명 공학 및 의학 연구,3326924093,"6,715억원",CNY
600624,Shanghai Fudan Forward S&T Co Ltd Class A,56201040,제약,3260865322,"6,581억원",CNY
600738,Lanzhou Lishang Guochao Industrial Group Co Ltd Class A,53402010,백화점,3250901458,"6,561억원",CNY
600843,Shang Gong Group Co Ltd Class A,52102010,산업용 기계 및 장비,3247021292,"6,553억원",CNY
603815,Anhui Gourgen Traffic Construction Co Ltd Class A,52201020,건설 및 엔지니어링,3243162991,"6,546억원",CNY
603309,Well Lead Medical Co Ltd Class A,56101020,"의료 장비, 물품 및 유통",3228097883,"6,515억원",CNY
600876,Triumph New Energy Co Ltd Class A,51101010,상품 화학,3204967200,"6,469억원",CNY
605108,TongQingLou Catering Co Ltd Class A,53301020,레스토랑 및 바,3185000000,"6,428억원",CNY
603535,Guangzhou Jiacheng International Logistics Co Ltd Class A,52405010,"배달, 우편, 항공 화물 및 육상 물류",3213676302,"6,486억원",CNY
688682,Shanghai Hollywave Electronic System Co Ltd Class A,52101010,항공우주 및 방위,3208943581,"6,477억원",CNY
688579,Dareway Intelligent Technology Co.  Ltd. Class A,57201020,소프트웨어,3200080000,"6,459억원",CNY
688687,Beijing Kawin Technology Share-Holding Co Ltd Class A,56201040,제약,3179566249,"6,417억원",CNY
603808,Shenzhen Ellassay Fashion Co Ltd Class A,53202020,의류 및 액세서리,3175391124,"6,409억원",CNY
603630,Lafang China Co Ltd Class A,54201020,개인 생활 필수 용품,3143855937,"6,345억원",CNY
600530,Shanghai Jiaoda Onlly Co Ltd Class A,54102020,식품 가공,3130676800,"6,319억원",CNY
688391,Hi Trend Technology Shanghai Co Ltd Class A,57101010,반도체,3095241630,"6,247억원",CNY
688148,Guangdong Fangyuan New Materials Group Co Ltd Class A,51101030,특수 화학제,3081445240,"6,219억원",CNY
600405,Beijing Dynamic Power Co.  Ltd. Class A,52102030,전기 부품 및 장비,3070276236,"6,197억원",CNY
600136,Wuhan MC Culture & Sports Co Ltd Class A,57201030,온라인 서비스,3061238897,"6,178억원",CNY
600668,Zhe Jiang Jian Feng Group Co Ltd Class A,51202010,건설 자재,3051335390,"6,159억원",CNY
600470,Anhui Liuguo Chemical Co Ltd Class A,51101020,농화학제,3030496000,"6,116억원",CNY
600620,Shanghai Tianchen Co Ltd Class A,60101010,"부동산 임대, 개발 및 운영",3000778984,"6,056억원",CNY
603970,Sino-Agri Leading Biosciences Co Ltd Class A,51101020,농화학제,2997121494,"6,049억원",CNY
600594,Guizhou Yibai Pharmaceutical Co Ltd Class A,56201040,제약,2965008942,"5,984억원",CNY
603896,Zhejiang Shouxiangu Pharmaceutical Co Ltd Class A,56201040,제약,2945904919,"5,946억원",CNY
605089,Suzhou Weizhixiang Food Co Ltd Class A,54102020,식품 가공,2914560000,"5,882억원",CNY
600386,Beijing Bashi Media Co Ltd Class A,53403010,"자동차 차량, 부품 및 서비스 소매",2894976000,"5,843억원",CNY
603585,Suli Co Ltd Class A,51101020,농화학제,2888482457,"5,830억원",CNY
603895,Shanghai Tianyong Engineering Co Ltd Class A,52102010,산업용 기계 및 장비,2834938400,"5,722억원",CNY
603080,Xinjiang Torch Gas Co Ltd Class A,59102010,천연가스 유틸리티,2828585000,"5,709억원",CNY
603628,Clenergy Technology Co Ltd Class A,50201010,재생 가능 에너지 장비 및 서비스,2816362141,"5,684억원",CNY
600289,Bright Oceans Inter-Telecom Corp Class A,57201010,IT 서비스 및 컨설팅,2789250145,"5,630억원",CNY
600419,Xinjiang Terun Dairy Co Ltd Class A,54102020,식품 가공,2776530310,"5,604억원",CNY
603006,Shanghai Lianming Machinery Co Ltd Class A,53101020,"자동차, 트럭 및 오토바이 부품",2766286240,"5,583억원",CNY
600257,Dahu Health Industry Co Ltd Class A,54102010,어업 및 농업,2738239600,"5,527억원",CNY
603818,QuMei Home Furnishings Group Co Ltd Class A,53204040,가정용 가구,2732444543,"5,515억원",CNY
603801,Zbom Home Collection Co Ltd Class A,53203020,건설 자재 및 비품,2697322709,"5,444억원",CNY
601798,Lanpec Technologies Ltd Class A,50103020,오일 관련 서비스 및 장비,2690869023,"5,431억원",CNY
603189,Shanghai Wondertek Software Co Ltd Class A,57201020,소프트웨어,2673919622,"5,397억원",CNY
601010,Wenfeng Great World Chain Development Corp Class A,53402010,백화점,2658783414,"5,366억원",CNY
688357,Luoyang Jalon Micro-Nano New Materials Co Ltd Class A,51101010,상품 화학,2650586089,"5,350억원",CNY
600537,EGing Photovoltaic Technology Co Ltd Class A,50201010,재생 가능 에너지 장비 및 서비스,2639684490,"5,328억원",CNY
603188,Jiangsu Yabang Dyestuff Co Ltd Class A,51101030,특수 화학제,2628483700,"5,305억원",CNY
603863,Guangdong Songyang Recycle Resources Co Ltd Class A,51302020,종이 포장재,2611334000,"5,270억원",CNY
600858,Inzone Group Co Ltd Class A,53402010,백화점,2600332945,"5,248억원",CNY
688435,Shanghai Information2 Software Inc Class A,57201020,소프트웨어,2591840000,"5,231억원",CNY
603332,Suzhou Longjie Special Fiber Co Ltd Class A,51101030,특수 화학제,2576694961,"5,201억원",CNY
600661,Shanghai Xinnanyang Only Education & Technology Co Ltd Class A,63101010,기타 교육 서비스 제공,2561746540,"5,170억원",CNY
688560,Crown Advanced Material Co Ltd Class A,51101010,상품 화학,2554521339,"5,156억원",CNY
600560,Beijing AriTime Intelligent Control Co Ltd Class A,52102010,산업용 기계 및 장비,2545085790,"5,137억원",CNY
600992,Guizhou Wire Rope Co Ltd Class A,51201020,철 및 강철,2519525200,"5,085억원",CNY
603136,Jiangsu Tianmu Lake Tourism Co Ltd Class A,53301040,여가 및 오락시설,2517580937,"5,081억원",CNY
600491,Long Yuan Construction Group Co Ltd Class A,52201020,건설 및 엔지니어링,2508803046,"5,064억원",CNY
600802,Fujian Cement Inc Class A,51202010,건설 자재,2506618748,"5,059억원",CNY
688201,Beijing Infosec Technologies Co Ltd Class A,57201020,소프트웨어,2505515146,"5,057억원",CNY
600381,Qinghai Spring Medicinal Resources Technology Co Ltd Class A,56201040,제약,2500878757,"5,048억원",CNY
688246,Goodwill E-Health Info Co Ltd Class A,56101010,첨단 의료 장비 및 기술,2494426892,"5,035억원",CNY
600831,Shaanxi Broadcast & TV Network Intermediary Group Co Ltd Class A,53302020,방송,2438548183,"4,922억원",CNY
603180,GoldenHome Living Co Ltd Class A,53204040,가정용 가구,2437262812,"4,919억원",CNY
605266,JZJ Chain Drugstore Corp Class A,54301010,의약품 소매,2435596545,"4,916억원",CNY
600833,Shanghai No.1 Pharmacy Co Ltd Class A,54301010,의약품 소매,2424948592,"4,894억원",CNY
600807,Jinan High-tech Development Co.  Ltd. Class A,56101020,"의료 장비, 물품 및 유통",2361974732,"4,767억원",CNY
603377,Eastern Pioneer Driving School Co.  Ltd. Class A,63101010,기타 교육 서비스 제공,2341973807,"4,727억원",CNY
605199,Hainan Huluwa Pharmaceutical Group Co Ltd Class A,56201040,제약,2328632937,"4,700억원",CNY
600239,Yunnan Metropolitan Real Estate Development Co Ltd Class A,60101020,부동산 서비스,2312189149,"4,667억원",CNY
603982,Nanjing Chervon Auto Precision Technology Co Ltd Class A,53101020,"자동차, 트럭 및 오토바이 부품",2296661379,"4,635억원",CNY
603378,Asia Cuanon Technology Shanghai Co Ltd Class A,51101010,상품 화학,2275848169,"4,593억원",CNY
688066,Piesat Information Technology Co Ltd Class A,57201010,IT 서비스 및 컨설팅,2238300045,"4,518억원",CNY
600837,Haitong Securities Co Ltd Class A,55102010,투자 은행 및 중개 서비스,100504710584,"20조 2,849억원",CNY
601995,China International Capital Corporation Limited Class A,55102010,투자 은행 및 중개 서비스,92968649592,"18조 7,639억원",CNY
601059,Cinda Securities Co Ltd Class A,55102010,투자 은행 및 중개 서비스,50461080000,"10조 1,846억원",CNY
601198,Dongxing Securities Corporation Limited Class A,55102010,투자 은행 및 중개 서비스,42215738491,"8조 5,204억원",CNY
601238,Guangzhou Automobile Group Co Ltd Class A,53101010,자동차 및 트럭 제조,37583020759,"7조 5,854억원",CNY
603400,Suzhou Huazhijie Telecom Co Ltd Class A,52102030,전기 부품 및 장비,7097810200,"1조 4,326억원",CNY
688369,BeiJing Seeyon Internet Software Corp Class A,57201020,소프트웨어,2342383383,"4,728억원",CNY
600097,Shanghai Kaichuang Marine International Co Ltd Class A,54102010,어업 및 농업,2262394289,"4,566억원",CNY
600965,Fortune Ng Fung Food Hebei Co Ltd Class A,54102020,식품 가공,2251427626,"4,544억원",CNY
603168,Zhejiang Shapuaisi Pharmaceutical Co Ltd Class A,56201040,제약,2222311440,"4,485억원",CNY
603959,HUNAN BAILI ENGINEERING SCI & TECH CO.  LTD Class A,52201020,건설 및 엔지니어링,2191636494,"4,423억원",CNY
600287,Soho Fashion Group Co Ltd Class A,53202020,의류 및 액세서리,2188348331,"4,417억원",CNY
603616,Beijing Hanjian Heshan Pipeline Co Ltd Class A,51202010,건설 자재,2172292980,"4,384억원",CNY
600818,Zhonglu Co Ltd Class A,53205020,오락용 제품,2144000769,"4,327억원",CNY
600439,Henan Rebecca Hair Products Co Ltd Class A,54201020,개인 생활 필수 용품,2128132627,"4,295억원",CNY
600187,Heilongjiang Interchina Water Treatment Co Ltd Class A,59103010,수자원 유틸리티,2097915434,"4,234억원",CNY
600082,Tianjin Hi-Tech Development Co Ltd Class A,60101010,"부동산 임대, 개발 및 운영",2041726010,"4,121억원",CNY
603718,Shanghai Hile Bio-Technology Co Ltd Class A,56201040,제약,2005347273,"4,047억원",CNY
603208,Jiangshan Oupai Door Industry Co Ltd Class A,53203020,건설 자재 및 비품,1992713002,"4,022억원",CNY
600238,Hainan Yedao Group Co Ltd Class A,54101020,증류주 및 포도주,1927260000,"3,890억원",CNY
600697,Chang Chun Eurasia Group Co Ltd Class A,53402010,백화점,1848603432,"3,731억원",CNY
600119,Y U D Yangtze River Investment Industry Co Ltd Class A,52405010,"배달, 우편, 항공 화물 및 육상 물류",1837309961,"3,708억원",CNY
600778,Xinjiang Youhao Group Co Ltd Class A,54301020,식품 소매 및 유통,1828454236,"3,690억원",CNY
600080,Ginwa Enterprise Group Inc Class A,56201040,제약,1791697368,"3,616억원",CNY
600180,CCS Supply Chain Management Co Ltd Class A,50101010,석탄,1771202766,"3,575억원",CNY
600561,Jiangxi Changyun Co Ltd Class A,52406020,지상 및 해상 여객 운송,1678413120,"3,388억원",CNY
688022,Suzhou Harmontronics Automation Technology Co Ltd Class A,52102010,산업용 기계 및 장비,1565317084,"3,159억원",CNY
688089,Cabio Biotech Wuhan Co Ltd Class A,54102020,식품 가공,1439014026,"2,904억원",CNY
603359,Dongzhu Ecological Environment Protection Co Ltd Class A,52201020,건설 및 엔지니어링,1003716000,"2,026억원",CNY
688121,Shanghai Supezet Engineering Technology Corp Ltd Class A,50103020,오일 관련 서비스 및 장비,308370484,622억원,CNY
688496,Suzhou Qingyue Optoelectronics Technology Co Ltd Class A,57104010,전자 장비 및 부품,261000000,527억원,CNY
600193,Shanghai Prosolar Resources Development Co Ltd Class A,52201020,건설 및 엔지니어링,68059680,137억원,CNY
