Symbol,Name,IndustryCode,Industry,MarketCapLocal,MarketCapKrwText,Currency
04338,Microsoft Corporation,57201020,소프트웨어,11880872785600,"2,047조 3,120억원",HKD
00700,Tencent Holdings Limited,57201030,온라인 서비스,4107341150559,"707조 7,770억원",HKD
80700,Tencent Holdings Limited,57201030,온라인 서비스,3499789359466,"706조 3,625억원",CNY
04333,Cisco Systems Inc,57102010,통신 및 네트워킹,2956940154750,"509조 5,399억원",HKD
00005,HSBC Holdings PLC,55101010,은행,2731387923630,"470조 6,728억원",HKD
00939,China Construction Bank Corp Class H,55101010,은행,2342866782231,"403조 7,228억원",HKD
09988,Alibaba Group Holding Limited,57201030,온라인 서비스,2282796727786,"393조 3,715억원",HKD
89988,Alibaba Group Holding Limited,57201030,온라인 서비스,1952705911748,"394조 1,146억원",CNY
00941,China Mobile Ltd,57401010,통합 통신 서비스,1641226004684,"282조 8,161억원",HKD
04335,Intel Corp,57101010,반도체,1585520853300,"273조 2,170억원",HKD
80941,China Mobile Ltd,57401010,통합 통신 서비스,1402162052133,"282조 9,984억원",CNY
04336,Applied Materials Inc,57101020,반도체 장비 및 테스트,1285627857660,"221조 5,394억원",HKD
00883,CNOOC Ltd,50102010,통합 오일 및 가스,1054706110341,"181조 7,470억원",HKD
06288,FAST RETAILING CO.  LTD. DRC,53403040,의류 및 액세서리 소매,1037156461120,"178조 7,228억원",HKD
04332,Amgen Inc,56201040,제약,1000169209250,"172조 3,492억원",HKD
80883,CNOOC Ltd,50102010,통합 오일 및 가스,899707070477,"181조 5,879억원",CNY
01299,AIA Group Limited,55301030,생명 및 건강 보험,788931671338,"135조 9,487억원",HKD
01810,Xiaomi Corporation,57106020,전화 및 소형 장치,701049998182,"120조 8,049억원",HKD
81299,AIA Group Limited,55301030,생명 및 건강 보험,674083913281,136조 504억원,CNY
01398,Industrial and Commercial Bank of China Ltd Class H,55101010,은행,654427095907,"112조 7,709억원",HKD
81810,Xiaomi Corporation,57106020,전화 및 소형 장치,600016321974,"121조 1,013억원",CNY
09999,NetEase  Inc.,57201030,온라인 서비스,592871681681,"102조 1,636억원",HKD
00945,Manulife Financial Corporation,55301030,생명 및 건강 보험,577086921843,"99조 4,436억원",HKD
02388,BOC Hong Kong Holdings Ltd,55101010,은행,552956407912,"95조 2,854억원",HKD
02888,Standard Chartered PLC,55101010,은행,521380547755,"89조 8,443억원",HKD
00388,Hong Kong Exchanges and Clearing Limited,55102050,"금융, 상품 시장 운영 및 서비스 제공",503838382073,"86조 8,214억원",HKD
03988,Bank of China Ltd Class H,55101010,은행,503406103898,"86조 7,469억원",HKD
82388,BOC Hong Kong Holdings Ltd,55101010,은행,470488721837,"94조 9,587억원",CNY
00992,Lenovo Group Limited,57106010,컴퓨터 하드웨어,456118537302,"78조 5,983억원",HKD
03690,Meituan,57201030,온라인 서비스,452045487360,"77조 8,965억원",HKD
09633,Nongfu Spring Co Ltd Class H,54101030,무알콜 음료,439511906912,"75조 7,367억원",HKD
80388,Hong Kong Exchanges and Clearing Limited,55102050,"금융, 상품 시장 운영 및 서비스 제공",429036005268,"86조 5,923억원",CNY
02318,Ping An Insurance (Group) Company of China  Ltd. Class H,55301030,생명 및 건강 보험,401424395557,"69조 1,735억원",HKD
02259,Zijin Gold International Co Ltd,51201060,금,393154243170,"67조 7,483억원",HKD
80992,Lenovo Group Limited,57106010,컴퓨터 하드웨어,389575386514,"78조 6,280억원",CNY
00981,Semiconductor Manufacturing International Corp,57101010,반도체,386731617173,"66조 6,416억원",HKD
83690,Meituan,57201030,온라인 서비스,385967800000,"77조 8,999억원",CNY
00267,CITIC Ltd,55101010,은행,384282369342,"66조 2,195억원",HKD
02328,PICC Property and Casualty Co Ltd Class H,55301020,손해보험,375457878315,"64조 6,989억원",HKD
02513,Z.AI Co Ltd Class H,57201010,IT 서비스 및 컨설팅,361790362780,"62조 3,437억원",HKD
82318,Ping An Insurance (Group) Company of China  Ltd. Class H,55301030,생명 및 건강 보험,343631198720,"69조 3,551억원",CNY
00016,Sun Hung Kai Properties Limited,60101010,"부동산 임대, 개발 및 운영",317886496058,"54조 7,782억원",HKD
06160,BeOne Medicines AG,56202010,생명 공학 및 의학 연구,310565230810,"53조 5,166억원",HKD
09618,JD.com  Inc. Class A,53402010,백화점,300148421015,"51조 7,216억원",HKD
01211,BYD Company Limited Class H,53101010,자동차 및 트럭 제조,299644590000,"51조 6,348억원",HKD
03328,Bank of Communications Co Ltd Class H,55101010,은행,288497748071,"49조 7,139억원",HKD
80016,Sun Hung Kai Properties Limited,60101010,"부동산 임대, 개발 및 운영",271087344633,"54조 7,136억원",CNY
00001,CK Hutchison Holdings Limited,53403090,기타 전문 소매,258719505975,"44조 5,825억원",HKD
89618,JD.com  Inc. Class A,53402010,백화점,255901188996,"51조 6,485억원",CNY
81211,BYD Company Limited Class H,53101010,자동차 및 트럭 제조,255443790000,"51조 5,562억원",CNY
02378,Prudential PLC,55301030,생명 및 건강 보험,252057585406,"43조 4,346억원",HKD
09888,Baidu  Inc. Class A,57201030,온라인 서비스,244653754071,"42조 1,587억원",HKD
03968,China Merchants Bank Co.  Ltd. Class H,55101010,은행,237120045534,"40조 8,605억원",HKD
00669,Techtronic Industries Company Limited,52102010,산업용 기계 및 장비,234051054092,"40조 3,317억원",HKD
02628,China Life Insurance Co Ltd Class H,55301030,생명 및 건강 보험,221002897500,38조 832억원,HKD
01347,Hua Hong Grace Semiconductor Ltd,57101010,반도체,219462707557,"37조 8,178억원",HKD
02269,WuXi Biologics (Cayman) Inc.,56202010,생명 공학 및 의학 연구,216724799614,"37조 3,460억원",HKD
03692,Hansoh Pharmaceutical Group Company Limited,56201040,제약,214307063474,"36조 9,294억원",HKD
09961,Trip.com Group Limited,53301040,여가 및 오락시설,211006441591,"36조 3,606억원",HKD
01378,China Hongqiao Group Ltd,51201030,알루미늄,209742337884,"36조 1,428억원",HKD
89888,Baidu  Inc. Class A,57201030,온라인 서비스,209117454597,"42조 2,062억원",CNY
01109,China Resources Land Limited,60101010,"부동산 임대, 개발 및 운영",207652960540,"35조 7,828억원",HKD
09992,Pop Mart International Group Limited,53403090,기타 전문 소매,205360353103,"35조 3,877억원",HKD
00066,MTR Corporation Limited,52406020,지상 및 해상 여객 운송,205294668180,"35조 3,764억원",HKD
02899,Zijin Mining Group Co Ltd Class H,51201060,금,203743108818,"35조 1,090억원",HKD
02020,ANTA Sports Products Ltd,53202020,의류 및 액세서리,201079372270,"34조 6,500억원",HKD
01288,Agricultural Bank of China Ltd Class H,55101010,은행,199802350124,"34조 4,299억원",HKD
00857,PetroChina Company Limited Class H,50102010,통합 오일 및 가스,198962627000,"34조 2,852억원",HKD
00002,CLP Holdings Limited,59101010,전력 유틸리티,196684176875,"33조 8,926억원",HKD
01801,Innovent Biologics  Inc.,56201040,제약,179792445415,"30조 9,818억원",HKD
00762,China Unicom Hong Kong Ltd,57401020,무선 통신 서비스,175021271253,"30조 1,597억원",HKD
82020,ANTA Sports Products Ltd,53202020,의류 및 액세서리,171434847290,"34조 6,007억원",CNY
00175,Geely Automobile Holdings Ltd,53101010,자동차 및 트럭 제조,169660509686,"29조 2,359억원",HKD
01038,CK Infrastructure Holdings Ltd,59104010,복합 유틸리티,165412458539,"28조 5,039억원",HKD
01113,CK Asset Holdings Ltd,60101010,"부동산 임대, 개발 및 운영",162529705785,28조 71억원,HKD
00625,SHEIN Global Holdings Limited,53402010,백화점,160506458620,"27조 6,585억원",HKD
00788,China Tower Corp Ltd Class H,52201020,건설 및 엔지니어링,158407623918,"27조 2,968억원",HKD
01088,China Shenhua Energy Co Ltd Class H,50101010,석탄,153202583520,"26조 3,999억원",HKD
09973,Chery Automobile Co Ltd Class H,53101010,자동차 및 트럭 제조,150907545767,26조 44억원,HKD
02423,KE Holdings Inc.,60101020,부동산 서비스,146981867216,"25조 3,279억원",HKD
01888,Kingboard Laminates Holdings Ltd,57104010,전자 장비 및 부품,145470932000,25조 676억원,HKD
80175,Geely Automobile Holdings Ltd,53101010,자동차 및 트럭 제조,144313898258,"29조 1,269억원",CNY
00027,Galaxy Entertainment Group Limited,53301030,카지노 및 도박,140573626855,"24조 2,236억원",HKD
01972,Swire Properties Ltd,60101010,"부동산 임대, 개발 및 운영",140482629120,"24조 2,080억원",HKD
00688,China Overseas Land & Investment Limited,60101010,"부동산 임대, 개발 및 운영",136044902340,"23조 4,433억원",HKD
01024,Kuaishou Technology,57201030,온라인 서비스,135089857681,"23조 2,787억원",HKD
00003,Hong Kong and China Gas Co Ltd,59102010,천연가스 유틸리티,132764975747,"22조 8,781억원",HKD
01308,SITC International Holdings Co Ltd,52405020,해양 화물 및 물류,130749891395,"22조 5,308억원",HKD
00006,Power Assets Holdings Limited,59101010,전력 유틸리티,129038417075,"22조 2,359억원",HKD
00012,Henderson Land Development Co Ltd,60101010,"부동산 임대, 개발 및 운영",127812616879,22조 247억원,HKD
00998,China Citic Bank Corp Ltd Class H,55101010,은행,126796028564,"21조 8,495억원",HKD
02057,ZTO Express (Cayman) Inc,52405010,"배달, 우편, 항공 화물 및 육상 물류",118866192064,"20조 4,830억원",HKD
06990,Sichuan Kelun-Biotech Biopharmaceutical Co Ltd Class H,56202010,생명 공학 및 의학 연구,117169549604,"20조 1,907억원",HKD
81024,Kuaishou Technology,57201030,온라인 서비스,115531684820,"23조 3,178억원",CNY
06618,JD Health International Inc,54301010,의약품 소매,115240174117,"19조 8,582억원",HKD
09903,Shanghai Iluvatar CoreX Semiconductor Co.  Ltd. Class H,57101010,반도체,112568874595,"19조 3,979억원",HKD
01208,MMG Ltd,51201050,특수 채굴 및 금속,112470428252,"19조 3,809억원",HKD
02359,WuXi AppTec Co.  Ltd. Class H,56202010,생명 공학 및 의학 연구,112375727152,"19조 3,646억원",HKD
01093,CSPC PHARMACEUTICAL GROUP LIMITED,56201040,제약,111883006318,"19조 2,797억원",HKD
06082,Shanghai Biren Technology Co Ltd Class H,57101010,반도체,111190729650,"19조 1,604억원",HKD
09987,Yum China Holdings Inc,53301020,레스토랑 및 바,110819452810,19조 964억원,HKD
03750,Contemporary Amperex Technology Co.  Limited Class H,52102030,전기 부품 및 장비,110678252100,19조 721억원,HKD
01177,Sino Biopharmaceutical Limited,56201040,제약,109015026262,"18조 7,855억원",HKD
01929,Chow Tai Fook Jewellery Group Ltd,53202020,의류 및 액세서리,108628306512,"18조 7,188억원",HKD
01658,Postal Savings Bank of China Co Ltd Class H,55101010,은행,107322582635,"18조 4,938억원",HKD
00386,China Petroleum and Chemical Corporation Class H,50102030,"오일, 가스 정제 및 마케팅",105712547909,"18조 2,164억원",HKD
01179,H World Group Limited,53301010,"호텔, 모텔 및 크루즈 라인",103878998836,"17조 9,004억원",HKD
02268,WuXi XDC Cayman Inc,56201040,제약,102161225401,"17조 6,044억원",HKD
01698,Tencent Music Entertainment Group,57201030,온라인 서비스,101611274520,"17조 5,097억원",HKD
03808,Sinotruk (Hong Kong) Ltd,52102020,중장비 및 차량,101604554875,"17조 5,085억원",HKD
06228,Merdeka Gold Resources PT Tbk DRC,51201060,금,100644692922,"17조 3,431억원",HKD
00100,MiniMax Group Inc,57201010,IT 서비스 및 컨설팅,100020992211,"17조 2,356억원",HKD
01928,Sands China Ltd,53301030,카지노 및 도박,98415495523,"16조 9,590억원",HKD
86618,JD Health International Inc,54301010,의약품 소매,98394434379,"19조 8,589억원",CNY
00836,China Resources Power Holdings Co Ltd,59101020,민자 발전 사업,97794620709,"16조 8,520억원",HKD
00823,Link Real Estate Investment Trust,60102020,상업용 REITs,97461803170,"16조 7,946억원",HKD
00083,Sino Land Co Ltd,60101010,"부동산 임대, 개발 및 운영",96820026595,"16조 6,840억원",HKD
00316,Orient Overseas (International) Ltd,52405020,해양 화물 및 물류,95820165395,"16조 5,117억원",HKD
01913,Prada S.p.A.,53202020,의류 및 액세서리,95648841120,"16조 4,822억원",HKD
06823,HKT Trust And HKT Units,57401010,통합 통신 서비스,94931627955,"16조 3,586억원",HKD
01997,Wharf Real Estate Investment Company Limited,60101010,"부동산 임대, 개발 및 운영",93819424404,"16조 1,670억원",HKD
02015,Li Auto Inc. Class A,53101010,자동차 및 트럭 제조,92960343273,16조 189억원,HKD
01548,Genscript Biotech Corp,56202010,생명 공학 및 의학 연구,92268886893,"15조 8,998억원",HKD
02099,China Gold International Resources Corp. Ltd.,51201080,다각적 채굴,90540901185,"15조 6,020억원",HKD
09926,Akeso Inc,56202010,생명 공학 및 의학 연구,88337630578,"15조 2,223억원",HKD
06030,CITIC Securities Company Limited Class H,55102010,투자 은행 및 중개 서비스,87443909159,15조 683억원,HKD
00293,Cathay Pacific Airways Limited,52406010,항공사,85926339177,"14조 8,068억원",HKD
01209,China Resources Mixc Lifestyle Services Limited,60101020,부동산 서비스,85456800000,"14조 7,259억원",HKD
01519,J&T Global Express Limited,52405010,"배달, 우편, 항공 화물 및 육상 물류",84325010120,"14조 5,309억원",HKD
00288,WH Group Limited,54102020,식품 가공,83909635857,"14조 4,593억원",HKD
06656,Sigenergy Technology Co.  Ltd. Class H,52102030,전기 부품 및 장비,83607864480,"14조 4,073억원",HKD
06869,Yangtze Optical Fibre and Cable Joint Stock Ltd Co Class H,57102010,통신 및 네트워킹,80308474257,"13조 8,388억원",HKD
02601,China Pacific Insurance (Group) Co.  Ltd. Class H,55301030,생명 및 건강 보험,80150664000,"13조 8,116억원",HKD
01768,Busy Ming Group Co Ltd Class H,54301020,식품 소매 및 유통,79815769920,"13조 7,539억원",HKD
01876,Budweiser Brewing Company APAC Ltd,54101010,양조업,79791466925,"13조 7,497억원",HKD
00019,Swire Pacific Ltd Class A,54101030,무알콜 음료,79456776000,"13조 6,920억원",HKD
09868,Xpeng Inc Class A,53101010,자동차 및 트럭 제조,78166986901,"13조 4,697억원",HKD
03308,Zhongji Innolight Co.  Ltd. Class H,57102010,통신 및 네트워킹,76400825000,"13조 1,654억원",HKD
00966,China Taiping Insurance Holdings Co Ltd,55301030,생명 및 건강 보험,74899346332,"12조 9,067억원",HKD
09901,New Oriental Education & Technology Group Inc.,63101010,기타 교육 서비스 제공,73471420768,"12조 6,606억원",HKD
02382,Sunny Optical Technology Group Co Ltd,52102030,전기 부품 및 장비,72398538080,"12조 4,757억원",HKD
02097,MIXUE Group Class H,53301020,레스토랑 및 바,71823876960,"12조 3,767억원",HKD
00522,ASMPT Ltd,57101020,반도체 장비 및 테스트,71383281257,"12조 3,008억원",HKD
09866,NIO Inc. Class A,53101010,자동차 및 트럭 제조,70219876935,"12조 1,003억원",HKD
00144,China Merchants Port Holdings Co Ltd,52407020,항만 운영 및 서비스,69980813131,12조 591억원,HKD
02618,JD Logistics Inc,52405010,"배달, 우편, 항공 화물 및 육상 물류",68938704349,"11조 8,795억원",HKD
02319,China Mengniu Dairy Company Ltd,54102020,식품 가공,68442683630,"11조 7,940억원",HKD
01818,Zhaojin Mining Industry Co Ltd Class H,51201060,금,68049373449,"11조 7,263억원",HKD
03698,Huishang Bank Corp Ltd Class H,55101010,은행,66601596807,"11조 4,768억원",HKD
04337,Starbucks Corp,53301020,레스토랑 및 바,66120000000,"11조 3,938억원",HKD
00135,Kunlun Energy Company Ltd,59102010,천연가스 유틸리티,65214753595,"11조 2,378억원",HKD
09660,Horizon Robotics,53101020,"자동차, 트럭 및 오토바이 부품",64922560484,"11조 1,875억원",HKD
00322,Tingyi (Cayman Islands) Holding Corp.,54102020,식품 가공,64322578368,11조 841억원,HKD
06181,Laopu Gold Co.  Ltd. Class H,53202020,의류 및 액세서리,64122904600,11조 497억원,HKD
03939,Wanguo Gold Group Ltd,51201050,특수 채굴 및 금속,63452212978,"10조 9,341억원",HKD
00300,Midea Group Co.  Ltd. Class H,53204030,"가전제품, 도구 및 가정 용품",62605668125,"10조 7,882억원",HKD
01196,Realord Technology Company Ltd,52203010,환경 서비스 및 장비,62596248792,"10조 7,866억원",HKD
01258,China Nonferrous Mining Corp Ltd,51201050,특수 채굴 및 금속,62432576000,"10조 7,584억원",HKD
00148,Kingboard Holdings Limited,57104010,전자 장비 및 부품,62314975435,"10조 7,381억원",HKD
03993,CMOC Group Limited Class H,51201050,특수 채굴 및 금속,61794782280,"10조 6,485억원",HKD
00728,China Telecom Corp Ltd Class H,57401010,통합 통신 서비스,61546313350,"10조 6,057억원",HKD
02338,Weichai Power Co Ltd Class H,53101020,"자동차, 트럭 및 오토바이 부품",60350822400,"10조 3,997억원",HKD
00004,Wharf Holdings Ltd,60101010,"부동산 임대, 개발 및 운영",59867575336,"10조 3,164억원",HKD
00291,China Resources Beer Holdings Co Ltd,54101010,양조업,59530646207,"10조 2,583억원",HKD
06969,Smoore International Holdings Limited,54102030,담배,57872376773,"9조 9,726억원",HKD
06690,Haier Smart Home Co Ltd Class H,53204030,"가전제품, 도구 및 가정 용품",56786386593,"9조 7,854억원",HKD
00270,Guangdong Investment Ltd,59103010,수자원 유틸리티,56552155456,"9조 7,451억원",HKD
03396,Legend Holdings Corp Class H,57106010,컴퓨터 하드웨어,55984046184,"9조 6,472억원",HKD
02638,HK Electric Investments Units,59101010,전력 유틸리티,55358793000,"9조 5,394억원",HKD
09698,GDS Holdings Limited Class A,57201010,IT 서비스 및 컨설팅,54780873562,"9조 4,398억원",HKD
02688,ENN Energy Holdings Ltd,59102010,천연가스 유틸리티,54599926095,"9조 4,087억원",HKD
00020,SenseTime Group Inc Class B,57201010,IT 서비스 및 컨설팅,53403987239,"9조 2,026억원",HKD
00285,Byd Electronic (International) Co Ltd,57104010,전자 장비 및 부품,52995369840,"9조 1,322억원",HKD
02076,KANZHUN LIMITED,52203030,고용 서비스,52967595195,"9조 1,274억원",HKD
06862,Haidilao International Holding Ltd,53301020,레스토랑 및 바,52256250000,9조 48억원,HKD
02611,Guotai Haitong Securities Co Ltd Class H,55102010,투자 은행 및 중개 서비스,52025476144,"8조 9,650억원",HKD
02313,Shenzhou International Group Holdings Limited,53202020,의류 및 액세서리,51968068776,"8조 9,551억원",HKD
00023,The Bank of East Asia  Limited,55101010,은행,51929689517,"8조 9,485억원",HKD
01508,China Reinsurance (Group) Corporation Class H,55301050,재보험,51825365864,"8조 9,305억원",HKD
09863,Zhejiang Leapmotor Technology Co Ltd Class H,53101010,자동차 및 트럭 제조,50730275423,"8조 7,418억원",HKD
02799,China CITIC Financial Asset Management Co.  Ltd. Class H,55102020,투자 관리 및 펀드 운영,51357874590,"8조 8,500억원",HKD
01339,People's Insurance Company Group of China Ltd Class H,55301020,손해보험,51135731240,"8조 8,117억원",HKD
80291,China Resources Beer Holdings Co Ltd,54101010,양조업,50933577409,"10조 2,799억원",CNY
01364,Guming Holdings Ltd,53301020,레스토랑 및 바,50426629238,"8조 6,895억원",HKD
02588,BOC Aviation Ltd,55101050,기업 금융 서비스,49795241465,"8조 5,807억원",HKD
09626,Bilibili Inc,57201030,온라인 서비스,49619000309,"8조 5,503억원",HKD
01171,Yankuang Energy Group Company Limited Class H,50101010,석탄,49476570000,"8조 5,258억원",HKD
01336,New China Life Insurance Co Ltd Class H,55301030,생명 및 건강 보험,48933955543,"8조 4,323억원",HKD
00358,Jiangxi Copper Co Ltd Class H,51201050,특수 채굴 및 금속,47618382240,"8조 2,056억원",HKD
01099,Sinopharm Group Co Ltd Class H,56201040,제약,46903462551,8조 824억원,HKD
01919,COSCO Shipping Holdings Co Ltd Class H,52405020,해양 화물 및 물류,46232541300,"7조 9,668억원",HKD
02018,AAC Technologies Holdings Inc.,57104010,전자 장비 및 부품,46180058490,"7조 9,577억원",HKD
03998,Bosideng International Holdings Limited,53202020,의류 및 액세서리,46138994397,"7조 9,507억원",HKD
00241,Alibaba Health Information Technology Limited,54301010,의약품 소매,46018731245,"7조 9,299억원",HKD
01828,FWD Group Holdings Ltd,55301030,생명 및 건강 보험,45836062762,"7조 8,985억원",HKD
80020,SenseTime Group Inc Class B,57201010,IT 서비스 및 컨설팅,45382835006,"9조 1,596억원",CNY
03311,China State Construction International Holdings Ltd,52201020,건설 및 엔지니어링,44502675428,"7조 6,687억원",HKD
00486,United Company Rusal IPJSC,51201030,알루미늄,44059743100,"7조 5,924억원",HKD
01898,China Coal Energy Co Ltd Class H,50101010,석탄,43859160840,"7조 5,578억원",HKD
00247,Tsim Sha Tsui Properties Ltd,60101010,"부동산 임대, 개발 및 운영",43519088243,"7조 4,992억원",HKD
00087,Swire Pacific Ltd Class B,54101030,무알콜 음료,42790966150,"7조 3,737억원",HKD
06963,Sunshine Insurance Group Co Ltd Class H,55301020,손해보험,42555633250,"7조 3,332억원",HKD
03668,Yancoal Australia Ltd,50101010,석탄,42438923505,"7조 3,131억원",HKD
01530,3SBio Inc.,56201040,제약,42278652669,"7조 2,855억원",HKD
06880,Momenta Global Ltd,57201010,IT 서비스 및 컨설팅,42161303969,"7조 2,652억원",HKD
01729,Time Interconnect Technology Ltd,57104010,전자 장비 및 부품,42057569743,"7조 2,474억원",HKD
01070,TCL Electronics Holdings Ltd,57106030,가정용 전자 제품,41746686167,"7조 1,938억원",HKD
00008,PCCW Ltd,57401010,통합 통신 서비스,41179357783,7조 960억원,HKD
02723,Beijing DeepZero Technology Co Ltd Class H,53302010,광고 및 마케팅,41077666275,7조 785억원,HKD
06088,Foxconn Interconnect Technology Ltd,57104010,전자 장비 및 부품,41047010775,7조 732억원,HKD
00656,FOSUN INTERNATIONAL LIMITED,54401010,소비재 대기업,41000509638,7조 652억원,HKD
09880,Ubtech Robotics Corp Ltd Class H,57104010,전자 장비 및 부품,40272109840,"6조 9,397억원",HKD
00960,Longfor Group Holdings Limited,60101010,"부동산 임대, 개발 및 운영",39958376233,"6조 8,856억원",HKD
02577,InnoScience Suzhou Technology Holding Co Ltd Class H,57101010,반도체,39550650223,"6조 8,154억원",HKD
03908,China International Capital Corporation Limited Class H,55102010,투자 은행 및 중개 서비스,39521111525,"6조 8,103억원",HKD
01735,Central New Energy Holding Group Ltd,52201020,건설 및 엔지니어링,39240960000,"6조 7,620억원",HKD
00392,Beijing Enterprises Holdings Ltd,59102010,천연가스 유틸리티,37513657452,"6조 4,644억원",HKD
02228,XtalPi Holdings Ltd,56101010,첨단 의료 장비 및 기술,37347576434,"6조 4,357억원",HKD
01193,China Resources Gas Group Ltd,59102010,천연가스 유틸리티,37325027609,"6조 4,318억원",HKD
03696,InSilico Medicine Cayman TopCo,56202010,생명 공학 및 의학 연구,37101227090,"6조 3,933억원",HKD
07618,JINGDONG Industrials Inc,52202010,다각적 산업용 제품 도매,36597659870,"6조 3,065억원",HKD
02526,Hangzhou Diagens Biotechnology Co Ltd Class H,56101010,첨단 의료 장비 및 기술,36458247840,"6조 2,825억원",HKD
02282,MGM China Holdings Ltd,53301030,카지노 및 도박,36294956460,"6조 2,543억원",HKD
00868,Xinyi Glass Holdings Limited,53203020,건설 자재 및 비품,36105653697,"6조 2,217억원",HKD
00659,CTF Services Ltd,52201020,건설 및 엔지니어링,36050607076,"6조 2,122억원",HKD
00576,Zhejiang Expressway Co Ltd Class H,52407030,고속도로 및 철도,35866400973,"6조 1,805억원",HKD
02726,Epiworld International Co Ltd Class H,57101010,반도체,35387376952,6조 980억원,HKD
06818,China Everbright Bank Co Ltd Class H,55101010,은행,35310278368,6조 847억원,HKD
03888,Kingsoft Corporation Limited,57201020,소프트웨어,34663384618,"5조 9,732억원",HKD
03277,Gpixel Changchun Microelectronics Inc Class H,57101010,반도체,34583360910,"5조 9,594억원",HKD
02696,Shanghai Henlius Biotech  Inc. Class H,56201040,제약,34407348024,"5조 9,291억원",HKD
01359,China Cinda Asset Management Co Ltd Class H,55102020,투자 관리 및 펀드 운영,34348081632,"5조 9,189억원",HKD
03317,Shenzhen Xunce Technology Co Ltd Class H,57301010,핀테크,34305716678,"5조 9,116억원",HKD
00101,Hang Lung Properties Ltd,60101010,"부동산 임대, 개발 및 운영",34106205971,"5조 8,772억원",HKD
02788,Chuangxin Industries Holdings Ltd,51201030,알루미늄,33739500000,"5조 8,140억원",HKD
01776,GF Securities Co.  Ltd. Class H,55102020,투자 관리 및 펀드 운영,33633141462,"5조 7,957억원",HKD
03606,Fuyao Glass Industry Group Co Ltd Class H,53101020,"자동차, 트럭 및 오토바이 부품",32764888800,"5조 6,460억원",HKD
03931,CALB Group Co Ltd Class H,52102030,전기 부품 및 장비,32734415317,"5조 6,408억원",HKD
02331,Li Ning Co Ltd,53202020,의류 및 액세서리,31948297987,"5조 5,053억원",HKD
02225,Jinhai Medical Technology Ltd,52203030,고용 서비스,31846990000,"5조 4,879억원",HKD
01816,CGN Power Co Ltd Class H,59101020,민자 발전 사업,33044330000,"5조 6,942억원",HKD
02380,China Power International Development Ltd,59101010,전력 유틸리티,32533497085,"5조 6,062억원",HKD
00151,Want Want China Holdings Limited,54102020,식품 가공,32219215697,"5조 5,520억원",HKD
01133,Harbin Electric Co Ltd Class H,52102040,중전기장비,31889295760,"5조 4,952억원",HKD
02600,Aluminum Corporation of China Ltd Class H,51201030,알루미늄,31413688935,"5조 4,132억원",HKD
03360,Far East Horizon Limited,55101050,기업 금융 서비스,31057666551,"5조 3,519억원",HKD
01879,Shanghai Xizhi Technology Co Ltd Class H,57101010,반도체,30242420443,"5조 2,114억원",HKD
03330,Lingbao Gold Group Co Ltd Class H,51201060,금,30142868946,"5조 1,942억원",HKD
02096,Simcere Pharmaceutical Group Ltd,56201040,제약,29791103969,"5조 1,336억원",HKD
00220,Uni-President China Holdings Ltd,54101030,무알콜 음료,29673824580,"5조 1,134억원",HKD
06886,Huatai Securities Co.  Ltd. Class H,55102010,투자 은행 및 중개 서비스,29378490671,5조 625억원,HKD
00384,China Gas Holdings Ltd,59102010,천연가스 유틸리티,29202098692,5조 321억원,HKD
01908,C&D International Investment Group Ltd,60101010,"부동산 임대, 개발 및 운영",29111273360,5조 165억원,HKD
01988,China Minsheng Banking Corp.  Ltd. Class H,55101010,은행,28996229082,"4조 9,966억원",HKD
02245,Lygend Resources & Technology Co Ltd Class H,51201050,특수 채굴 및 금속,28940323110,"4조 9,870억원",HKD
00552,China Communications Services Corp Ltd Class H,52201020,건설 및 엔지니어링,28812236544,"4조 9,649억원",HKD
02689,Nine Dragons Paper (Holdings) Ltd,51302020,종이 포장재,28270630386,"4조 8,716억원",HKD
06881,China Galaxy Securities Co Ltd Class H,55102010,투자 은행 및 중개 서비스,28254487366,"4조 8,688억원",HKD
01797,East Buy Holding Ltd,57201030,온라인 서비스,28121647321,"4조 8,459억원",HKD
01440,Star Shine Holdings Group Ltd,53202010,직물 및 가죽제품,28067675600,"4조 8,366억원",HKD
01882,Haitian International Holdings Ltd,52102010,산업용 기계 및 장비,28025760000,"4조 8,294억원",HKD
00257,China Everbright Environment Group Ltd,59104010,복합 유틸리티,28011967332,"4조 8,270억원",HKD
00268,Kingdee International Software Group Co Ltd,57201010,IT 서비스 및 컨설팅,27817637692,"4조 7,935억원",HKD
01788,Guotai Junan International Holdings Ltd,55102020,투자 관리 및 펀드 운영,27684489374,"4조 7,706억원",HKD
00631,Sany Heavy Equipment International Holdings Company Ltd,51201070,채굴 지원 서비스 및 장비,27633650008,"4조 7,618억원",HKD
02442,Easy Smart Group Holdings Ltd,52201020,건설 및 엔지니어링,27458400000,"4조 7,316억원",HKD
82331,Li Ning Co Ltd,53202020,의류 및 액세서리,27399025782,"5조 5,299억원",CNY
01128,Wynn Macau  Limited,53301030,카지노 및 도박,27220365926,"4조 6,906억원",HKD
03320,China Resources Pharmaceutical Group Ltd,56201040,제약,27171857744,"4조 6,823억원",HKD
00425,Minth Group Limited,53101020,"자동차, 트럭 및 오토바이 부품",26991203305,"4조 6,511억원",HKD
00867,China Medical System Holdings Limited,56201040,제약,26886103208,"4조 6,330억원",HKD
01392,Shenzhen HQVT Technology Co Ltd Class H,57107010,통합 하드웨어 및 소프트웨어,26601801311,"4조 5,840억원",HKD
01585,Yadea Group Holdings Ltd.,53101010,자동차 및 트럭 제조,26364122580,"4조 5,431억원",HKD
00902,Huaneng Power International Inc Class H,59101020,민자 발전 사업,26298645347,"4조 5,318억원",HKD
02929,Tsingtao Brewery Co Ltd Class H,54101010,양조업,26071753284,"4조 4,927억원",HKD
02367,Giant Biogene Holding Co Ltd,54201020,개인 생활 필수 용품,26011748000,"4조 4,823억원",HKD
00168,Tsingtao Brewery Co Ltd Class H,54101010,양조업,25809725613,"4조 4,475억원",HKD
06979,ZJLD Group Inc,54101020,증류주 및 포도주,25668823391,"4조 4,233억원",HKD
00683,Kerry Properties Ltd,60101010,"부동산 임대, 개발 및 운영",25513954698,"4조 3,966억원",HKD
00696,TravelSky Technology Ltd Class H,57201010,IT 서비스 및 컨설팅,25428761328,"4조 3,819억원",HKD
01138,COSCO Shipping Energy Transportation Co Ltd Class H,50103030,오일 및 가스 수송 서비스,24935040000,"4조 2,968억원",HKD
00780,Tongcheng Travel Holdings Limited,53301040,여가 및 오락시설,24555515484,"4조 2,314억원",HKD
00136,China Ruyi Holdings Limited,53302030,엔터테인먼트 제작,24360891192,"4조 1,979억원",HKD
02930,Shanghai Able Digital Science&Tech Co Ltd Class H,57201030,온라인 서비스,24346678840,"4조 1,954억원",HKD
03323,China National Building Material Co Ltd Class H,51202010,건설 자재,24335633452,"4조 1,935억원",HKD
06651,Beijing 51WORLD Digital Twin Technology Co Ltd Class H,57201020,소프트웨어,24119488833,"4조 1,563억원",HKD
09688,Zai Lab Ltd,56201040,제약,24076441115,"4조 1,489억원",HKD
03896,Kingsoft Cloud Holdings Ltd,57201010,IT 서비스 및 컨설팅,23950482673,"4조 1,271억원",HKD
01199,COSCO SHIPPING Ports Ltd,52407020,항만 운영 및 서비스,23939595998,"4조 1,253억원",HKD
02476,Victory Giant Technology (HuiZhou) Co Ltd Class H,57101010,반도체,23897322000,"4조 1,180억원",HKD
02475,Luxshare Precision Industry Co Ltd Class H,57104010,전자 장비 및 부품,23859885675,"4조 1,115억원",HKD
03800,GCL Technology Holdings Limited,50201010,재생 가능 에너지 장비 및 서비스,23796980660,"4조 1,007억원",HKD
02357,AviChina Industry & Technology Co Ltd Class H,52101010,항공우주 및 방위,23759105641,4조 942억원,HKD
03858,Jiaxin International Resources Investment Ltd,51201050,특수 채굴 및 금속,23688600000,4조 820억원,HKD
00053,Guoco Group Ltd,60101010,"부동산 임대, 개발 및 운영",23527173170,4조 542억원,HKD
02162,Keymed Biosciences Inc.,56202010,생명 공학 및 의학 연구,23390994818,4조 307억원,HKD
02386,Sinopec Engineering Group Co Ltd Class H,52201020,건설 및 엔지니어링,23332267440,4조 206억원,HKD
01044,Hengan International Group Company Limited,54201020,개인 생활 필수 용품,23152631177,"3조 9,897억원",HKD
02039,China International Marine Containers Group Co Ltd Class H,52102020,중장비 및 차량,23148299801,"3조 9,889억원",HKD
02510,T.S. Lines Limited,52405020,해양 화물 및 물류,22960777490,"3조 9,566억원",HKD
02276,Shanghai Conant Optical Co Ltd Class H,56101020,"의료 장비, 물품 및 유통",23867123420,"4조 1,128억원",HKD
06810,Shanghai Sunmi Technology Co Ltd Class H,57107010,통합 하드웨어 및 소프트웨어,23656291554,4조 765억원,HKD
06809,Montage Technology Co.  Ltd. Class H,57101010,반도체,23459475600,4조 425억원,HKD
09969,InnoCare Pharma Limited,56202010,생명 공학 및 의학 연구,23348066413,4조 233억원,HKD
02026,Pony AI Inc,57201010,IT 서비스 및 컨설팅,23154245680,"3조 9,899억원",HKD
06887,Sunshine Lake Pharma Co Ltd Class H,56201040,제약,22981109880,"3조 9,601억원",HKD
01766,Crrc Corp Ltd Class H,52102020,중장비 및 차량,22685832748,"3조 9,092억원",HKD
06186,China Feihe Ltd,54102020,식품 가공,22239353378,"3조 8,323억원",HKD
02945,China Star Entertainment Ltd,53302030,엔터테인먼트 제작,22224491282,"3조 8,297억원",HKD
00666,REPT BATTERO Energy Co.  Ltd. Class H,52102030,전기 부품 및 장비,21873141108,"3조 7,692억원",HKD
01860,Mobvista Inc.,53302010,광고 및 마케팅,21830094543,"3조 7,618억원",HKD
02938,PegBio Co Ltd Class H,56201040,제약,21783798332,"3조 7,538억원",HKD
02419,DEKON Food and Agriculture Group Class H,54102010,어업 및 농업,21772666884,"3조 7,519억원",HKD
01318,Mao Geping Cosmetics Co.  Ltd. Class H,53403090,기타 전문 소매,21743688348,"3조 7,469억원",HKD
02343,Pacific Basin Shipping Limited,52405020,해양 화물 및 물류,21712009041,"3조 7,414억원",HKD
09896,MINISO Group Holding Ltd,53402010,백화점,21609937792,"3조 7,238억원",HKD
01787,Shandong Gold Mining Co Ltd Class H,51201060,금,21462681998,"3조 6,984억원",HKD
09889,Dongguan Rural Commercial Bank Co Ltd Class H,55101010,은행,21457819264,"3조 6,976억원",HKD
02602,Onewo Inc Class H,60101020,부동산 서비스,21314296511,"3조 6,729억원",HKD
01551,Guangzhou Rural Commercial Bank Co Ltd Class H,55101010,은행,21182390311,"3조 6,501억원",HKD
02525,Hesai Group,57104010,전자 장비 및 부품,21006770766,"3조 6,199억원",HKD
00622,Oshidori International Holdings Ltd,55101030,소비자 대출,20899884811,"3조 6,015억원",HKD
02356,Dah Sing Banking Group Ltd,55101010,은행,20805131554,"3조 5,851억원",HKD
09677,Weihai Bank Co Ltd Class H,55101010,은행,20676257424,"3조 5,629억원",HKD
02922,Realord Technology Company Ltd,52203010,환경 서비스 및 장비,20596185086,"3조 5,491억원",HKD
02687,Shanghai Able Digital Science&Tech Co Ltd Class H,57201030,온라인 서비스,20453343560,"3조 5,245억원",HKD
00142,First Pacific Company Limited,54102020,식품 가공,20436865539,"3조 5,217억원",HKD
00914,Anhui Conch Cement Company Limited Class H,51202010,건설 자재,20341335250,"3조 5,052억원",HKD
00189,Dongyue Group Ltd,51101030,특수 화학제,20272726153,"3조 4,934억원",HKD
02400,XD Inc.,57201030,온라인 서비스,20177811179,"3조 4,770억원",HKD
00772,China Literature Ltd,53302040,소비자 출판,20083011637,"3조 4,607억원",HKD
01415,Cowell e Holdings Inc.,57104010,전자 장비 및 부품,19995967068,"3조 4,457억원",HKD
00551,Yue Yuen Industrial (Holdings) Limited,53202030,제화,19944637121,"3조 4,369억원",HKD
07666,Metis TechBio Co.  Ltd. Class H,56202010,생명 공학 및 의학 연구,19845669923,"3조 4,198억원",HKD
06099,China Merchants Securities Co Ltd Class H,55102010,투자 은행 및 중개 서비스,19296256025,"3조 3,251억원",HKD
00013,HUTCHMED (China) Ltd,56201040,제약,19278606152,"3조 3,221억원",HKD
01606,China Development Bank Financial Leasing Co Ltd Class H,55101050,기업 금융 서비스,19089993800,"3조 2,896억원",HKD
09606,Duality Biotherapeutics Inc,56201040,제약,19075058940,"3조 2,870억원",HKD
02518,Autohome Inc,57201030,온라인 서비스,19072302862,"3조 2,865억원",HKD
02706,Beijing Haizhi Technology Group Co.  Ltd. Class H,57201010,IT 서비스 및 컨설팅,18796310120,"3조 2,390억원",HKD
00753,Air China Limited Class H,52406010,항공사,18732208340,"3조 2,279억원",HKD
02919,Greater Bay Area AI Computingtech Co Ltd,60101010,"부동산 임대, 개발 및 운영",18640206438,"3조 2,121억원",HKD
02232,Crystal International Group Ltd,53202020,의류 및 액세서리,18628927660,"3조 2,101억원",HKD
01357,Meitu  Inc.,57201030,온라인 서비스,18416672067,"3조 1,736억원",HKD
09858,China Youran Dairy Group Ltd,54102020,식품 가공,18414034115,"3조 1,731억원",HKD
09899,Netease Cloud Music Inc,53302030,엔터테인먼트 제작,18309532568,"3조 1,551억원",HKD
03774,Fameglow Holdings Ltd,54201030,개인 서비스,18163645600,"3조 1,300억원",HKD
00968,Xinyi Solar Holdings Ltd,50201010,재생 가능 에너지 장비 및 서비스,18065411140,"3조 1,130억원",HKD
02698,Softcare Limited,54201020,개인 생활 필수 용품,17792537838,3조 660억원,HKD
02460,China Resources Beverage (Holdings) Company Limited,54101030,무알콜 음료,17602763044,3조 333억원,HKD
00763,ZTE Corp Class H,57102010,통신 및 네트워킹,17557878890,3조 256억원,HKD
00512,Grand Pharmaceutical Group Ltd,56201040,제약,17499385760,3조 155억원,HKD
01651,Precision Tsugami (China) Corporation Ltd,52102010,산업용 기계 및 장비,17324858000,"2조 9,854억원",HKD
00916,China Longyuan Power Group Corporation Limited Class H,59101010,전력 유틸리티,17286165220,"2조 9,788억원",HKD
06098,Country Garden Services Holdings Co Ltd,60101020,부동산 서비스,17261013684,"2조 9,744억원",HKD
01396,Greater Bay Area AI Computingtech Co Ltd,60101010,"부동산 임대, 개발 및 운영",17230709094,"2조 9,692억원",HKD
03986,GigaDevice Semiconductor Inc Class H,57101010,반도체,17158599600,"2조 9,568억원",HKD
06060,ZhongAn Online P & C Insurance Co.  Ltd. Class H,55301020,손해보험,17084002806,"2조 9,439억원",HKD
02333,Great Wall Motor Co Ltd Class H,53101010,자동차 및 트럭 제조,16993648600,"2조 9,283억원",HKD
00179,Johnson Electric Holdings Ltd,52102030,전기 부품 및 장비,16866137214,"2조 9,064억원",HKD
02672,Baige Online Digital Technology Co Ltd Class H,55101050,기업 금융 서비스,17698258886,3조 498억원,HKD
00817,China Jinmao Holdings Group Ltd,60101010,"부동산 임대, 개발 및 운영",16755458272,"2조 8,873억원",HKD
02658,Guangdong Tianyu Semiconductor Co Ltd Class H,57101010,반도체,16718671002,"2조 8,810억원",HKD
09985,Weilong Delicious Global Holdings Ltd,54102020,식품 가공,16708573599,"2조 8,792억원",HKD
06055,China Tobacco International (HK) Co Ltd,54301020,식품 소매 및 유통,16697155200,"2조 8,773억원",HKD
00010,Hang Lung Group Ltd,60101010,"부동산 임대, 개발 및 운영",16611742552,"2조 8,625억원",HKD
09995,RemeGen Co.  Ltd. Class H,56202010,생명 공학 및 의학 연구,16550921315,"2조 8,521억원",HKD
01164,CGN Mining Co Ltd,50301010,우라늄,16531484753,"2조 8,487억원",HKD
03355,FS.Com Ltd Class H,57102010,통신 및 네트워킹,16473938400,"2조 8,388억원",HKD
00290,GoFintech Quantum Innovation Ltd,55102010,투자 은행 및 중개 서비스,16434644919,"2조 8,320억원",HKD
01277,Kinetic Development Group Ltd,50101010,석탄,16382062740,"2조 8,230억원",HKD
01910,Samsonite Group S.A.,53202020,의류 및 액세서리,16379183727,"2조 8,225억원",HKD
00014,Hysan Development Company Limited,60101010,"부동산 임대, 개발 및 운영",16257540170,"2조 8,015억원",HKD
03231,Excelland Robotics (Wuxi) Co. Ltd. Class H,52102010,산업용 기계 및 장비,16238368419,"2조 7,982억원",HKD
01772,Ganfeng Lithium Group Co.  Ltd Class H,51101010,상품 화학,16106577505,"2조 7,755억원",HKD
03618,Chongqing Rural Commercial Bank Co Ltd Class H,55101010,은행,15871717099,"2조 7,350억원",HKD
06658,Liuliumei Co Ltd Class H,54102020,식품 가공,15793766083,"2조 7,216억원",HKD
00371,Beijing Enterprises Water Group Ltd,59103010,수자원 유틸리티,15773177497,"2조 7,180억원",HKD
09900,Hong Kong Zcloud Technology Construction Ltd,52201020,건설 및 엔지니어링,15772800000,"2조 7,180억원",HKD
00991,Datang International Power Generation Co Ltd Class H,59101020,민자 발전 사업,15765403207,"2조 7,167억원",HKD
03933,United Laboratories International Holdings Ltd,56201040,제약,15752360681,"2조 7,144억원",HKD
06682,Phancy Group Co Ltd Class H,57201010,IT 서비스 및 컨설팅,15675033365,"2조 7,011억원",HKD
00325,Bloks Group Ltd,53205010,장난감 및 어린이 제품,15630884975,"2조 6,935억원",HKD
00326,China Star Entertainment Ltd,53302030,엔터테인먼트 제작,15508565774,"2조 6,724억원",HKD
02507,Cirrus Aircraft Ltd,52101010,항공우주 및 방위,15481327001,"2조 6,677억원",HKD
03899,CIMC Enric Holdings Limited,50103020,오일 관련 서비스 및 장비,15342008247,"2조 6,437억원",HKD
03900,Greentown China Holdings Limited,60101010,"부동산 임대, 개발 및 운영",15301082107,"2조 6,367억원",HKD
02610,Nanshan Aluminium International Holdings Ltd,51201030,알루미늄,15188253696,"2조 6,172억원",HKD
06993,Blue Moon Group Holdings Ltd,54201010,가정용 제품,15135215798,"2조 6,081억원",HKD
02556,Marketingforce Management Ltd,57201020,소프트웨어,15060195000,"2조 5,952억원",HKD
00800,WeRide Inc,57201010,IT 서비스 및 컨설팅,15059611250,"2조 5,951억원",HKD
03877,CSSC (Hong Kong) Shipping Co Ltd,55101050,기업 금융 서비스,15046264159,"2조 5,928억원",HKD
01800,China Communications Construction Co Ltd Class H,52201020,건설 및 엔지니어링,15022818400,"2조 5,887억원",HKD
06699,Angelalign Technology Inc.,56101020,"의료 장비, 물품 및 유통",14970202398,"2조 5,797억원",HKD
06049,Poly Property Services Co Ltd Class H,60101020,부동산 서비스,14940001800,"2조 5,745억원",HKD
00017,New World Development Company Limited,60101010,"부동산 임대, 개발 및 운영",14885885206,"2조 5,651억원",HKD
00440,Dah Sing Financial Holdings Limited,55101010,은행,14821893138,"2조 5,541억원",HKD
02314,Lee & Man Paper Manufacturing Ltd,51302020,종이 포장재,14774800000,"2조 5,460억원",HKD
01066,Shandong Weigao Group Medical Polymer Co Ltd Class H,56101020,"의료 장비, 물품 및 유통",14731234647,"2조 5,385억원",HKD
00901,Shenzhen SDMC Technology Co Ltd Class H,57106030,가정용 전자 제품,14667804900,"2조 5,276억원",HKD
00363,Shanghai Industrial Holdings Ltd,60101010,"부동산 임대, 개발 및 운영",14601251788,"2조 5,161억원",HKD
06066,China Securities Co Ltd Class H,55102010,투자 은행 및 중개 서비스,14590044926,"2조 5,142억원",HKD
82333,Great Wall Motor Co Ltd Class H,53101010,자동차 및 트럭 제조,14513494480,"2조 9,293억원",CNY
01626,Jia Yao Holdings Ltd,51302020,종이 포장재,14400000000,"2조 4,814억원",HKD
08279,AGTech Holdings Ltd,52203040,경영 지원 서비스,14356980949,"2조 4,740억원",HKD
01191,Crealights Technology Co Ltd Class H,57101010,반도체,14282852220,"2조 4,612억원",HKD
01060,Damai Entertainment Holdings Ltd,53302030,엔터테인먼트 제작,14238959254,"2조 4,537억원",HKD
00340,Tongguan Gold Group Ltd,51201060,금,14237460113,"2조 4,534억원",HKD
01579,Yihai International Holding Ltd.,54102020,식품 가공,14119854000,"2조 4,331억원",HKD
02016,China Zheshang Bank Co Ltd Class H,55101010,은행,14119677000,"2조 4,331억원",HKD
00068,Manycore Tech Inc,57201020,소프트웨어,14111679605,"2조 4,317억원",HKD
01286,Impro Precision Industries Limited,52102010,산업용 기계 및 장비,14098348215,"2조 4,294억원",HKD
03393,Wasion Holdings Ltd,52102030,전기 부품 및 장비,14013368383,"2조 4,148억원",HKD
00639,Shougang Fushan Resources Group Ltd,51201020,철 및 강철,14000430868,"2조 4,126억원",HKD
02637,Fujian Haixi Pharmaceuticals Co Ltd Class H,56201040,제약,13797384431,"2조 3,776억원",HKD
09668,China Bohai Bank Co Ltd Class H,55101010,은행,13765550000,"2조 3,721억원",HKD
02889,PATEO CONNECT Technology (Shanghai) Corp Class H,53101020,"자동차, 트럭 및 오토바이 부품",13753205235,"2조 3,700억원",HKD
03339,Lonking Holdings Ltd,52102020,중장비 및 차량,13696320000,"2조 3,601억원",HKD
02630,Vigonvita Life Sciences Co Ltd Class H,56201040,제약,13675980480,"2조 3,566억원",HKD
02580,AUX Electric Co Ltd,52102030,전기 부품 및 장비,13658822720,"2조 3,537억원",HKD
02675,Shenzhen Edge Medical Co.  Ltd Class H,56101010,첨단 의료 장비 및 기술,14454794410,"2조 4,909억원",HKD
03918,Nagacorp Ltd,53301030,카지노 및 도박,14087223660,"2조 4,275억원",HKD
03752,Rokae (Shandong) Robotics Group Inc Class H,52102010,산업용 기계 및 장비,13961773859,"2조 4,059억원",HKD
00390,China Railway Group Ltd Class H,52201020,건설 및 엔지니어링,13800239200,"2조 3,781억원",HKD
01055,China Southern Airlines Co Ltd Class H,52406010,항공사,13792672005,"2조 3,768억원",HKD
01686,Sunevision Holdings Ltd,57201010,IT 서비스 및 컨설팅,13659208335,"2조 3,538억원",HKD
09911,Newborn Town Inc,57201030,온라인 서비스,13611289161,"2조 3,455억원",HKD
00586,China Conch Venture Holdings Ltd,52203010,환경 서비스 및 장비,13601591638,"2조 3,438억원",HKD
00600,Axera Semiconductor Co Ltd Class H,57101010,반도체,13451311510,"2조 3,179억원",HKD
02883,China Oilfield Services Ltd Class H,50103010,오일 및 가스 시추,13447595700,"2조 3,173억원",HKD
03928,China Next-Gen Commerce and Supply Chain Limited,52201020,건설 및 엔지니어링,13392000000,"2조 3,077억원",HKD
01833,Ping An Healthcare and Technology Company Limited,56102010,의료 시설 및 서비스,13390143845,"2조 3,074억원",HKD
00069,Shangri-La Asia Limited,53301010,"호텔, 모텔 및 크루즈 라인",13340996520,"2조 2,989억원",HKD
00579,Beijing Jingneng Clean Energy Co Ltd Class H,59101020,민자 발전 사업,13314880653,"2조 2,944억원",HKD
01783,Envision Greenwise Holdings Ltd,52201020,건설 및 엔지니어링,13307153289,"2조 2,931억원",HKD
01956,Beijing Zhongke WengeAI Science and Technology Co Ltd Class H,57201010,IT 서비스 및 컨설팅,13300760784,"2조 2,920억원",HKD
03898,Zhuzhou CRRC Times Electric Co Ltd Class H,52102040,중전기장비,13281250084,"2조 2,886억원",HKD
01963,Bank of Chongqing Co Ltd Class H,55101010,은행,13279565029,"2조 2,883억원",HKD
06199,Bank of Guizhou Co Ltd Class H,55101010,은행,13275122537,"2조 2,876억원",HKD
00856,VSTECS Holdings Ltd,57106010,컴퓨터 하드웨어,13139751702,"2조 2,642억원",HKD
00670,China Eastern Airlines Corp Ltd Class H,52406010,항공사,13137892761,"2조 2,639억원",HKD
02142,Hbm Holdings Ltd,56201040,제약,13134586927,"2조 2,634억원",HKD
00303,Vtech Holdings Ltd,57102010,통신 및 네트워킹,13134276739,"2조 2,633억원",HKD
01918,Sunac China Holdings Limited,60101010,"부동산 임대, 개발 및 운영",13077402251,"2조 2,535억원",HKD
00152,Shenzhen International Holdings Limited,52407030,고속도로 및 철도,13064180373,"2조 2,512억원",HKD
00123,Yuexiu Property Company Limited,60101010,"부동산 임대, 개발 및 운영",13062400003,"2조 2,509억원",HKD
09636,JF SmartInvest Holdings Ltd,57301010,핀테크,13053240892,"2조 2,493억원",HKD
06936,S.F. Holding Co Ltd Class H,52405010,"배달, 우편, 항공 화물 및 육상 물류",13038986985,"2조 2,469억원",HKD
02869,Greentown Service Group Co Ltd,60101020,부동산 서비스,12873166197,"2조 2,183억원",HKD
09898,Weibo Corp,57201030,온라인 서비스,12780870109,"2조 2,024억원",HKD
00177,Jiangsu Expressway Co Ltd Class H,52407030,고속도로 및 철도,12757680000,"2조 1,984억원",HKD
01578,Bank of Tianjin Co Ltd Class H,55101010,은행,12748158826,"2조 1,968억원",HKD
02285,Chervon Holdings Ltd,53204030,"가전제품, 도구 및 가정 용품",12719911199,"2조 1,919억원",HKD
06031,Sany Heavy Industry Co Ltd Class H,52102020,중장비 및 차량,12661195008,"2조 1,818억원",HKD
06666,Evergrande Property Services Group Ltd,60101020,부동산 서비스,12648648870,"2조 1,796억원",HKD
02778,Champion Real Estate Investment Trust,60102020,상업용 REITs,12564201453,"2조 1,651억원",HKD
01117,China Modern Dairy Holdings Ltd,54102010,어업 및 농업,12506746036,"2조 1,552억원",HKD
00590,Luk Fook Holdings (International) Ltd,53403040,의류 및 액세서리 소매,12481912891,"2조 1,509억원",HKD
03388,Shenzhen Creality 3D Technology Co Ltd Class H,57104010,전자 장비 및 부품,12443322092,"2조 1,442억원",HKD
02038,FIH Mobile Ltd,57106020,전화 및 소형 장치,12420224994,"2조 1,403억원",HKD
01866,China XLX Fertiliser Ltd,51101020,농화학제,12313408800,"2조 1,218억원",HKD
09971,BASiC Semiconductor Co Ltd Class H,57101010,반도체,12232446945,"2조 1,079억원",HKD
01428,Bright Smart Securities & Commodities Group Ltd,55102010,투자 은행 및 중개 서비스,12229019899,"2조 1,073억원",HKD
01276,Jiangsu Hengrui Pharmaceuticals Co Ltd Class H,56201040,제약,12217910432,"2조 1,054억원",HKD
09638,Ferretti S.p.A.,53205020,오락용 제품,12178605891,2조 986억원,HKD
02596,Yibin City Commercial Bank Co Ltd Class H,55101010,은행,12159260000,2조 953억원,HKD
02299,Billion Industrial Holdings Ltd,53202010,직물 및 가죽제품,12071602400,2조 802억원,HKD
01681,Consun Pharmaceutical Group Ltd,56201040,제약,11939171764,2조 574억원,HKD
06616,Global New Material International Holdings Ltd,51101030,특수 화학제,11822743666,2조 373억원,HKD
02050,Zhejiang Sanhua Intelligent Controls Co Ltd Class H,52102010,산업용 기계 및 장비,11808571992,2조 349억원,HKD
03310,Viewtrix Technology Co Ltd Class H,57101010,반도체,11807680025,2조 347억원,HKD
06855,Ascentage Pharma Group International,56202010,생명 공학 및 의학 연구,11739022261,2조 229억원,HKD
02729,Zhejiang Galaxis Technology Group Co Ltd Class H,52102010,산업용 기계 및 장비,11715456500,2조 188억원,HKD
03677,Jiangsu Zenergy Battery Technologies Group Co.  Ltd. Class H,52102030,전기 부품 및 장비,11712020757,2조 182억원,HKD
06166,CIG ShangHai Co Ltd Class H,57102010,통신 및 네트워킹,11675412000,2조 119억원,HKD
06655,Huaxin Building Materials Group Co Ltd Class H,51202010,건설 자재,11660006400,2조 93억원,HKD
01316,Nexteer Automotive Group Ltd,53101020,"자동차, 트럭 및 오토바이 부품",11645584720,2조 68억원,HKD
02714,Muyuan Foods Group Co Ltd Class H,54102010,어업 및 농업,11618054240,2조 20억원,HKD
03866,Bank of Qingdao Co Ltd Class H,55101010,은행,11539945462,"1조 9,886억원",HKD
02546,Xizang Zhihui Mining Co Ltd Class H,51201050,특수 채굴 및 금속,10360992197,"1조 7,854억원",HKD
00336,Huabao International Holdings Limited,54102020,식품 가공,11903963037,2조 513억원,HKD
08603,Fameglow Holdings Ltd,54201030,개인 서비스,11710556000,2조 180억원,HKD
00565,Art Group Holdings Ltd,60101010,"부동산 임대, 개발 및 운영",11588750253,"1조 9,970억원",HKD
07687,EACON Group Co Ltd Class H,57201020,소프트웨어,11433638162,"1조 9,702억원",HKD
03306,JNBY Design Ltd,53202020,의류 및 액세서리,11433630400,"1조 9,702억원",HKD
01112,Health and Happiness (H&H) International Holdings Limited,54102020,식품 가공,11206945105,"1조 9,312억원",HKD
00546,Fufeng Group Ltd,54102020,식품 가공,11132616404,"1조 9,184억원",HKD
01030,Seazen Group Ltd,60101010,"부동산 임대, 개발 및 운영",10968249697,"1조 8,900억원",HKD
01083,Towngas Smart Energy Co Ltd,59102010,천연가스 유틸리티,10909009729,"1조 8,798억원",HKD
02595,GenFleet Therapeutics (Shanghai) Inc Class H,56202010,생명 공학 및 의학 연구,10902873170,"1조 8,788억원",HKD
00041,Great Eagle Holdings Ltd,60101010,"부동산 임대, 개발 및 운영",10856500836,"1조 8,708억원",HKD
02669,China Overseas Property Holdings Limited,60101020,부동산 서비스,10853489320,"1조 8,703억원",HKD
03759,Pharmaron Beijing Co Ltd Class H,56202010,생명 공학 및 의학 연구,10836440585,"1조 8,673억원",HKD
09887,Nanjing Leads Biolabs Co Ltd Class H,56202010,생명 공학 및 의학 연구,10769990970,"1조 8,559억원",HKD
01999,Man Wah Holdings Ltd,53204040,가정용 가구,10743843604,"1조 8,514억원",HKD
06951,Chaozhou Three-circle (Group) Co Ltd Class H,57104010,전자 장비 및 부품,10669419600,"1조 8,386억원",HKD
00354,Chinasoft International Limited,57201010,IT 서비스 및 컨설팅,10614128306,"1조 8,290억원",HKD
00636,KLN Logistics Group Ltd,52405010,"배달, 우편, 항공 화물 및 육상 물류",10609610238,"1조 8,282억원",HKD
00467,United Energy Group Limited,50102020,"오일, 가스 탐사 및 생산",10598333862,"1조 8,263억원",HKD
01384,Deepexi Technology Co Ltd Class H,57201020,소프트웨어,10514640400,"1조 8,119억원",HKD
06675,SENASIC Electronics Technology Co Ltd Class H,57101010,반도체,10509822502,"1조 8,111억원",HKD
00165,China Everbright Ltd,55102020,투자 관리 및 펀드 운영,10473851820,"1조 8,049억원",HKD
00697,Shoucheng Holdings Limited,52407030,고속도로 및 철도,10450858827,"1조 8,009억원",HKD
02590,Beijing Geekplus Technology Co.  Ltd. Class H,52102010,산업용 기계 및 장비,10437356606,"1조 7,986억원",HKD
09615,Mech-Mind Robotics Technologies Co.  Ltd. Class H,52102010,산업용 기계 및 장비,10238404995,"1조 7,643억원",HKD
01216,Zhongyuan Bank Co Ltd Class H,55101010,은행,10233950530,"1조 7,635억원",HKD
00506,China Foods Ltd,54101030,무알콜 음료,10223851512,"1조 7,618억원",HKD
01952,Everest Medicines Limited,56201040,제약,10162019400,"1조 7,511억원",HKD
02025,Ruifeng Power Group Company Ltd,53101020,"자동차, 트럭 및 오토바이 부품",10128000000,"1조 7,453억원",HKD
00999,Xiaocaiyuan International Holding Ltd.,53301020,레스토랑 및 바,10124082892,"1조 7,446억원",HKD
02607,Shanghai Pharmaceuticals Holding Co Ltd Class H,56201040,제약,10091418290,"1조 7,390억원",HKD
00921,Hisense Home Appliances Group Co Ltd Class H,53204030,"가전제품, 도구 및 가정 용품",10065016795,"1조 7,344억원",HKD
02261,NASN Intelligent Tech (Zhejiang) Co.  Ltd. Class H,53101020,"자동차, 트럭 및 오토바이 부품",10031435163,"1조 7,286억원",HKD
02233,West China Cement Ltd,51202010,건설 자재,10023747725,"1조 7,273억원",HKD
06808,Sun Art Retail Group Ltd,54301020,식품 소매 및 유통,10017529935,"1조 7,262억원",HKD
00081,China Overseas Grand Oceans Group Ltd,60101010,"부동산 임대, 개발 및 운영",9966249250,"1조 7,174억원",HKD
01368,Xtep International Holdings Ltd,53202030,제화,9909141387,"1조 7,075억원",HKD
00880,SJM Holdings Limited,53301030,카지노 및 도박,9907018486,"1조 7,072억원",HKD
02697,Guangdong True Health Medical Technology Development Co.  Ltd. Class H,56101020,"의료 장비, 물품 및 유통",9852831629,"1조 6,978억원",HKD
01836,Stella International Holdings Ltd,53202030,제화,9813049330,"1조 6,910억원",HKD
02128,China Lesso Group Holdings Ltd,53203020,건설 자재 및 비품,9741593776,"1조 6,787억원",HKD
06600,OneRobotics (Shenzhen) Co Ltd Class H,53204030,"가전제품, 도구 및 가정 용품",9685805178,"1조 6,691억원",HKD
01361,361 Degrees International Ltd,53202030,제화,9667861720,"1조 6,660억원",HKD
00517,Cosco Shipping International (Hongkong) Co Ltd,52102050,조선,9653421860,"1조 6,635억원",HKD
03996,China Energy Engineering Corp Ltd Class H,52201020,건설 및 엔지니어링,9632933440,"1조 6,599억원",HKD
02196,Shanghai Fosun Pharmaceutical Group Co Ltd Class H,56201040,제약,9604722690,"1조 6,551억원",HKD
01672,Ascletis Pharma Inc.,56201040,제약,9467863605,"1조 6,315억원",HKD
06938,Suzhou Ribo Life Science Co Ltd Class H,56202010,생명 공학 및 의학 연구,9327060050,"1조 6,072억원",HKD
03881,CiDi Inc Class H,53101010,자동차 및 트럭 제조,9318365168,"1조 6,057억원",HKD
02432,Shenzhen Dobot Corp Ltd Class H,57104010,전자 장비 및 부품,9221465184,"1조 5,890억원",HKD
00317,CSSC Offshore & Marine Engineering Group Co Ltd Class H,52102050,조선,9218548537,"1조 5,885억원",HKD
09637,Alebund Pharmaceuticals (Jiangsu) Ltd Class H,56201040,제약,9148078844,"1조 5,764억원",HKD
01186,China Railway Construction Corp Ltd Class H,52201020,건설 및 엔지니어링,9114939440,"1조 5,707억원",HKD
01511,UISEE Technologies (Beijing) Co Ltd Class H,57201010,IT 서비스 및 컨설팅,9099161120,"1조 5,680억원",HKD
00598,Sinotrans Ltd Class H,52405010,"배달, 우편, 항공 화물 및 육상 물류",9083345905,"1조 5,652억원",HKD
00934,Sinopec Kantons Holdings Ltd,50103030,오일 및 가스 수송 서비스,9062053200,"1조 5,616억원",HKD
02666,Genertec Universal Medical Group Co Ltd,56102010,의료 시설 및 서비스,9033709084,"1조 5,567억원",HKD
03738,Vobile Group Limited,57201020,소프트웨어,8958351463,"1조 5,437억원",HKD
02155,Morimatsu International Holdings Co Ltd,52102010,산업용 기계 및 장비,8924729580,"1조 5,379억원",HKD
01157,Zoomlion Heavy Industry Science and Technology Co Ltd Class H,52102020,중장비 및 차량,8903630788,"1조 5,343억원",HKD
02616,CStone Pharmaceuticals,56201040,제약,9083081125,"1조 5,652억원",HKD
00045,Hongkong and Shanghai Hotels Ltd,53301010,"호텔, 모텔 및 크루즈 라인",9018144589,"1조 5,540억원",HKD
01114,Brilliance China Automotive Holdings Limited,53101010,자동차 및 트럭 제조,8955353164,"1조 5,432억원",HKD
00990,Deep Source Holdings Limited,51201020,철 및 강철,8934533902,"1조 5,396억원",HKD
00805,New Gonow Recreational Vehicles Inc,53205020,오락용 제품,8928000000,"1조 5,385억원",HKD
00778,Fortune Real Estate Investment Trust (SG),60102020,상업용 REITs,8907581069,"1조 5,350억원",HKD
00975,Mongolian Mining Corporation,50101010,석탄,8862620711,"1조 5,272억원",HKD
01883,CITIC Telecom International Holdings Ltd,57401010,통합 통신 서비스,8845130403,"1조 5,242억원",HKD
01236,Shenzhen Ldrobot Co Ltd Class H,52102010,산업용 기계 및 장비,8820001764,"1조 5,199억원",HKD
06693,Chifeng Jilong Gold Mining Group Limited Class H,51201060,금,8769412584,"1조 5,111억원",HKD
06636,Shandong Extreme Vision Technology Co Ltd Class H,57201020,소프트웨어,8750895683,"1조 5,080억원",HKD
03983,China BlueChemical Ltd Class H,51101020,농화학제,8735950000,"1조 5,054억원",HKD
02727,Shanghai Electric Group Co Ltd Class H,52102040,중전기장비,8714956360,"1조 5,018억원",HKD
01811,CGN New Energy Holdings Co Ltd,59101020,민자 발전 사업,8708545720,"1조 5,007억원",HKD
01779,LongBio Pharma (Suzhou) Co Ltd Class H,56202010,생명 공학 및 의학 연구,8632029510,"1조 4,875억원",HKD
00667,China East Education Holdings Ltd,63103010,전문 및 비즈니스 교육,8607021250,"1조 4,832억원",HKD
00376,Yunfeng Financial Group Ltd,55301010,복합보험 및 중개인,8585401888,"1조 4,794억원",HKD
00116,Chow Sang Sang Holdings International Ltd,53202020,의류 및 액세서리,8550893760,"1조 4,735억원",HKD
00297,Sinofert Holdings Ltd,51101020,농화학제,8534713716,"1조 4,707억원",HKD
00826,Tiangong International Co Ltd,51201020,철 및 강철,8529250000,"1조 4,698억원",HKD
09690,TUHU Car Inc,53403010,"자동차 차량, 부품 및 서비스 소매",8464080097,"1조 4,585억원",HKD
08137,Honbridge Holdings Limited,52102030,전기 부품 및 장비,8441629491,"1조 4,547억원",HKD
07688,Shanghai Top Numerical Control Technology Co Ltd Class H,52102010,산업용 기계 및 장비,8381625800,"1조 4,443억원",HKD
02007,Country Garden Holdings Co Ltd,60101010,"부동산 임대, 개발 및 운영",8371383737,"1조 4,426억원",HKD
00863,OSL Group Ltd,57301030,블록 체인 및 암호화폐,8346447069,"1조 4,383억원",HKD
06198,Qingdao Port International Co Ltd Class H,52407020,항만 운영 및 서비스,8286648500,"1조 4,280억원",HKD
02145,Shanghai Chicmax Cosmetic Co.  Ltd. Class H,54201020,개인 생활 필수 용품,8268646491,"1조 4,249억원",HKD
01310,HKBN Ltd,57401020,무선 통신 서비스,8230198526,"1조 4,182억원",HKD
01523,Plover Bay Technologies Ltd,57102010,통신 및 네트워킹,8230092120,"1조 4,182억원",HKD
09879,Migao Group Holdings Ltd,51101020,농화학제,8198638800,"1조 4,128억원",HKD
02506,Xunfei Healthcare Technology Co Ltd Class H,56101010,첨단 의료 장비 및 기술,8153236816,"1조 4,050억원",HKD
01905,Haitong Unitrust International Financial Leasing Co Ltd Class H,55101050,기업 금융 서비스,8152947000,"1조 4,049억원",HKD
00995,Anhui Expressway Co Ltd Class H,52407030,고속도로 및 철도,8139448416,"1조 4,026억원",HKD
09699,Hangzhou Sf Intra-City Industrial Co Ltd Class H,52405010,"배달, 우편, 항공 화물 및 육상 물류",8109173570,"1조 3,974억원",HKD
02632,Jiangsu New Vision Automotive Electronics Co Ltd Class H,57104010,전자 장비 및 부품,8070050396,"1조 3,906억원",HKD
02391,Tuya Inc.,57201020,소프트웨어,7998338802,"1조 3,783억원",HKD
02005,SSY Group Ltd,56201040,제약,7995863676,"1조 3,778억원",HKD
02498,RoboSense Technology Co Ltd,57104010,전자 장비 및 부품,7962591842,"1조 3,721억원",HKD
02272,Keytop Parking Inc Class H,57201020,소프트웨어,7928012546,"1조 3,662억원",HKD
03288,Foshan Haitian Flavouring and Food Co Ltd Class H,54102020,식품 가공,7927128168,"1조 3,660억원",HKD
03660,Qfin Holdings  Inc.,55101030,소비자 대출,7921604760,"1조 3,651억원",HKD
02339,Beijingwest Industries International Ltd,53101020,"자동차, 트럭 및 오토바이 부품",7856958450,"1조 3,539억원",HKD
00086,Sun Hung Kai & Co Ltd,55101030,소비자 대출,7842548919,"1조 3,514억원",HKD
06871,Robotphoenix Intelligent Technology Co Ltd Class H,52102010,산업용 기계 및 장비,7838526976,"1조 3,507억원",HKD
09966,Alphamab Oncology,56202010,생명 공학 및 의학 연구,7835344194,"1조 3,502억원",HKD
02655,Guoxia Technology Co Ltd Class H,52102030,전기 부품 및 장비,7796736320,"1조 3,435억원",HKD
02171,CARsgen Therapeutics Holdings Ltd,56202010,생명 공학 및 의학 연구,7796396617,"1조 3,435억원",HKD
03625,Shanghai Foursemi Semiconductor Co Ltd Class H,57101010,반도체,7744800000,"1조 3,346억원",HKD
01072,Dongfang Electric Corp Ltd Class H,50201010,재생 가능 에너지 장비 및 서비스,7739760000,"1조 3,337억원",HKD
06106,Shanghai Seer Intelligent Technology Co Ltd Class H,52102010,산업용 기계 및 장비,7712711540,"1조 3,291억원",HKD
01385,Shanghai Fudan Microelectronics Group Co Ltd Class H,57101010,반도체,7705343000,"1조 3,278억원",HKD
06190,Bank of Jiujiang Co Ltd Class H,55101010,은행,7687891440,"1조 3,248억원",HKD
00400,Ingdan Inc,57101010,반도체,7686928272,"1조 3,246억원",HKD
02157,Lepu Biopharma Co Ltd Class H,56202010,생명 공학 및 의학 연구,7587669519,"1조 3,075억원",HKD
03788,Hanking Gold International Ltd,51201020,철 및 강철,7578407972,"1조 3,059억원",HKD
01798,China Datang Corporation Renewable Power Co.  Limited Class H,59101020,민자 발전 사업,7455543525,"1조 2,847억원",HKD
02315,Biocytogen Pharmaceuticals (Beijing) Co Ltd Class H,56202010,생명 공학 및 의학 연구,7422388640,"1조 2,790억원",HKD
02533,Black Sesame International Holding Ltd,57101010,반도체,7395250606,"1조 2,743억원",HKD
02858,Yixin Group Ltd,55101030,소비자 대출,7375438352,"1조 2,709억원",HKD
02553,Beijing Shougang Lanzatech Technology Co Ltd Class H,51101090,다각적 화학 산업,7180000000,"1조 2,373억원",HKD
03600,Modern Dental Group Ltd,56101020,"의료 장비, 물품 및 유통",7548449120,"1조 3,007억원",HKD
01566,CA Cultural Technology Group Ltd,53301040,여가 및 오락시설,7442859423,"1조 2,826억원",HKD
02797,Jiangxi Qiyunshan Food Co Ltd Class H,54102020,식품 가공,7415000000,"1조 2,778억원",HKD
02589,Auntea Jenny (Shanghai) Industrial Co Ltd Class H,53301020,레스토랑 및 바,7358951249,"1조 2,681억원",HKD
02585,Mokingran Jewellery Group Co Ltd Class H,53202020,의류 및 액세서리,7355252174,"1조 2,675억원",HKD
02335,Shaanxi Micot Pharmaceutical Technology Co Ltd Class H,56202010,생명 공학 및 의학 연구,7351366156,"1조 2,668억원",HKD
02186,Luye Pharma Group Ltd.,56201040,제약,7349909354,"1조 2,665억원",HKD
06715,Hangzhou Qiandaohu Xunlong Sci-Tech Co Ltd Class H,54102010,어업 및 농업,7317112320,"1조 2,609억원",HKD
09696,Tianqi Lithium Corporation Class H,51201050,특수 채굴 및 금속,7287451303,"1조 2,558억원",HKD
02657,Shanghai Forest Cabin Cosmetics Group Co Ltd Class H,54201020,개인 생활 필수 용품,7264123620,"1조 2,518억원",HKD
00956,China Suntien Green Energy Corp Ltd Class H,59102010,천연가스 유틸리티,7242764837,"1조 2,481억원",HKD
01907,China Risun Group Ltd,51101010,상품 화학,7228700900,"1조 2,456억원",HKD
07489,Voyah Automotive Technology Co Ltd Class H,53101010,자동차 및 트럭 제조,7176000000,"1조 2,366억원",HKD
03633,Zhongyu Energy Holdings Limited,59102010,천연가스 유틸리티,7165559143,"1조 2,348억원",HKD
03887,HashKey Holdings Ltd,57301030,블록 체인 및 암호화폐,7144074449,"1조 2,311억원",HKD
03380,Logan Group Co Ltd,60101010,"부동산 임대, 개발 및 운영",7106759313,"1조 2,246억원",HKD
01501,Shanghai INT Medical Instruments Co Ltd Class H,56101020,"의료 장비, 물품 및 유통",7075200000,"1조 2,192억원",HKD
02451,Luyuan Group Holding Cayman Ltd,53205020,오락용 제품,7025997100,"1조 2,107억원",HKD
02436,LX Technology Group Ltd,57106010,컴퓨터 하드웨어,7006301400,"1조 2,073억원",HKD
00108,SR Medical Technology Co Ltd,60101020,부동산 서비스,6974885371,"1조 2,019억원",HKD
01475,Nissin Foods Co Ltd,54102020,식품 가공,6971859086,"1조 2,014억원",HKD
02643,CaoCao Inc,52406020,지상 및 해상 여객 운송,6948855384,"1조 1,974억원",HKD
00881,Zhongsheng Group Holdings Limited,53403010,"자동차 차량, 부품 및 서비스 소매",6947126988,"1조 1,971억원",HKD
02190,ZYLOX-TONBRIDGE MEDICAL TECHNOLOGY CO.  LTD. Class H,56101020,"의료 장비, 물품 및 유통",6911588720,"1조 1,910억원",HKD
01071,Huadian Power International Corp Ltd Class H,59101020,민자 발전 사업,6903279072,"1조 1,896억원",HKD
00373,Allied Group Ltd,55101030,소비자 대출,6886821346,"1조 1,867억원",HKD
02208,Goldwind Science & Technology Co Ltd Class H,50201010,재생 가능 에너지 장비 및 서비스,6869580999,"1조 1,838억원",HKD
00855,China Water Affairs Group Ltd,59103010,수자원 유틸리티,6864726100,"1조 1,829억원",HKD
02238,Guangzhou Automobile Group Co Ltd Class H,53101010,자동차 및 트럭 제조,6864618664,"1조 1,829억원",HKD
06872,TenNor Therapeutics (Suzhou) Ltd Class H,56202010,생명 공학 및 의학 연구,6849856413,"1조 1,804억원",HKD
00071,Miramar Hotel and Investment Co Ltd,60101010,"부동산 임대, 개발 및 운영",6840500981,"1조 1,788억원",HKD
03296,Huaqin Co. Ltd. Class H,57106010,컴퓨터 하드웨어,6777478064,"1조 1,679억원",HKD
03868,Xinyi Energy Holdings Ltd,59101020,민자 발전 사업,6774017381,"1조 1,673억원",HKD
02877,China Shineway Pharmaceutical Group Ltd,56201040,제약,6768995000,"1조 1,664억원",HKD
00694,Beijing Capital International Airport Co Ltd Class H,52407010,공항 운영 및 서비스,6754288991,"1조 1,639억원",HKD
00460,Sihuan Pharmaceutical Holdings Group Ltd,56201040,제약,6745831272,"1조 1,624억원",HKD
02670,Beijing Yunji Technology Co Ltd Class H,57104010,전자 장비 및 부품,6726560254,"1조 1,591억원",HKD
06613,Lens Technology Co.  Ltd. Class H,57104010,전자 장비 및 부품,6713509152,"1조 1,569억원",HKD
00345,Vitasoy International Holdings Limited,54101030,무알콜 음료,6644739211,"1조 1,450억원",HKD
00751,Skyworth Group Ltd,57106030,가정용 전자 제품,6565256420,"1조 1,313억원",HKD
00200,Melco International Development Limited,53301030,카지노 및 도박,6552073820,"1조 1,291억원",HKD
02256,Abbisko Cayman Limited,56202010,생명 공학 및 의학 연구,6514102625,"1조 1,225억원",HKD
01313,China Resources Building Materials Technology Holdings Ltd,51202010,건설 자재,6494132170,"1조 1,191억원",HKD
02558,Jinshang Bank Co Ltd Class H,55101010,은행,6422515000,"1조 1,067억원",HKD
06069,SY Holdings Group Ltd,55101050,기업 금융 서비스,6390067752,"1조 1,011억원",HKD
02718,Mininglamp Technology,57201020,소프트웨어,6384309432,"1조 1,001억원",HKD
00570,China Traditional Chinese Medicine Holdings Co Ltd,56201040,제약,6345110334,1조 934억원,HKD
03200,Shenzhen Han's Cnc Technology Co Ltd Class H,57101020,반도체 장비 및 테스트,6341531350,1조 928억원,HKD
00737,Shenzhen Investment Holdings Bay Area Development Co Ltd,52407030,고속도로 및 철도,6330211538,1조 908억원,HKD
02249,Nexchip Semiconductor Corp Class H,57101010,반도체,6321180576,1조 893억원,HKD
00308,China Travel International Investment Hong Kong Ltd,53301040,여가 및 오락시설,6311762428,1조 876억원,HKD
01478,Q Technology (Group) Co Ltd,57106030,가정용 전자 제품,6279150760,1조 820억원,HKD
01302,LifeTech Scientific Corp,56101010,첨단 의료 장비 및 기술,6275970302,1조 815억원,HKD
02722,Chongqing Machinery & Electric Co Ltd Class H,52102010,산업용 기계 및 장비,6263888262,1조 794억원,HKD
06806,Shenwan Hongyuan Group Co Ltd Class H,55102010,투자 은행 및 중개 서비스,6260000000,1조 787억원,HKD
06110,Topsports International Holdings Limited,53403040,의류 및 액세서리 소매,6232228134,1조 739억원,HKD
02555,Sichuan Baicha Baidao Industrial Co Ltd Class H,53301020,레스토랑 및 바,6206063850,1조 694억원,HKD
01513,Livzon Pharmaceutical Group Inc Class H,56201040,제약,6206007322,1조 694억원,HKD
00173,K Wah International Holdings Ltd,60101010,"부동산 임대, 개발 및 운영",6179348070,1조 648억원,HKD
01021,Guangdong Huayan Robotics Co Ltd Class H,57104010,전자 장비 및 부품,5838057758,1조 60억원,HKD
01300,Trigiant Group Ltd,52102030,전기 부품 및 장비,6223360000,1조 724억원,HKD
09936,Ximei Resources Holding Ltd,51201050,특수 채굴 및 금속,6170090000,1조 632억원,HKD
02418,Deewin Tianxia Co Ltd Class H,52405030,지상 화물 및 물류,6134335440,1조 571억원,HKD
09658,Super Hi International Holding Ltd.,53301020,레스토랑 및 바,6116062095,1조 539억원,HKD
02273,GUSHENGTANG HOLDINGS LIMITED,56102010,의료 시설 및 서비스,6096618021,1조 506억원,HKD
01989,Delton Technology (Guangzhou) Inc Class H,57101010,반도체,6049000000,1조 424억원,HKD
00613,Planetree International Development Ltd,55102010,투자 은행 및 중개 서비스,6029826186,1조 391억원,HKD
01609,Star Sports Medicine Co Ltd Class H,56101020,"의료 장비, 물품 및 유통",5984448725,1조 312억원,HKD
03958,Orient Securities Company Limited Class H,55102010,투자 은행 및 중개 서비스,5978085331,1조 301억원,HKD
06078,Hygeia Healthcare Holdings Co.  Limited,56102010,의료 시설 및 서비스,5961014125,1조 272억원,HKD
03661,SG Micro Corp Class H,57101010,반도체,5955514670,1조 263억원,HKD
01757,Global Chinese Business Club,52201020,건설 및 엔지니어링,5880000000,1조 132억원,HKD
00034,Kowloon Development Co Ltd,60101010,"부동산 임대, 개발 및 운영",5877927261,1조 129억원,HKD
01880,China Tourism Group Duty Free Corp Ltd Class H,52407010,공항 운영 및 서비스,5855001792,1조 89억원,HKD
03969,China Railway Signal & Communication Corp Ltd Class H,52102010,산업용 기계 및 장비,5847338970,1조 76억원,HKD
00668,Anker Innovations Technology Co Ltd Class H,52102030,전기 부품 및 장비,5833865650,1조 53억원,HKD
09976,Shenzhen Longsys Electronics Co.  Ltd. Class H,57101010,반도체,5820952245,1조 31억원,HKD
03347,Hangzhou Tigermed Consulting Co Ltd Class H,56202010,생명 공학 및 의학 연구,5735153184,"9,883억원",HKD
03316,Binjiang Service Group Co Ltd,60101020,부동산 서비스,5693984200,"9,812억원",HKD
09980,Eastroc Beverage (Group) Co Ltd Class H,54101030,무알콜 음료,5693148819,"9,810억원",HKD
01951,Jinxin Fertility Group Limited,56102010,의료 시설 및 서비스,5689206279,"9,804억원",HKD
01983,Luzhou Bank Co Ltd Class H,55101010,은행,5652924289,"9,741억원",HKD
01052,Yuexiu Transport infrastructure Ltd,52407030,고속도로 및 철도,5621825311,"9,688억원",HKD
01958,BAIC Motor Corp Ltd Class H,53101010,자동차 및 트럭 제조,5610736727,"9,668억원",HKD
06168,Zhou Liu Fu Jewellery Co Ltd Class H,53202020,의류 및 액세서리,5547587704,"9,560억원",HKD
01691,JS Global Lifestyle Co Ltd,53204030,"가전제품, 도구 및 가정 용품",5541941984,"9,550억원",HKD
01280,China Qidian Guofeng Holdings Ltd,53402010,백화점,5529239882,"9,528억원",HKD
00604,Shenzhen Investment Ltd,60101010,"부동산 임대, 개발 및 운영",5517251731,"9,507억원",HKD
02202,China Vanke Co.  Ltd. Class H,60101010,"부동산 임대, 개발 및 운영",5516282345,"9,506억원",HKD
06687,Jst Group Corporation Ltd,57201020,소프트웨어,5496414300,"9,471억원",HKD
80737,Shenzhen Investment Holdings Bay Area Development Co Ltd,52407030,고속도로 및 철도,5480630516,"1조 1,062억원",CNY
00215,HUTCHISON TELECOMMUNICATIONS HONG KONG HOLDINGS LIMITED,57401010,통합 통신 서비스,5421483234,"9,342억원",HKD
00315,Smartone Telecommunications Holdings Ltd,57401020,무선 통신 서비스,5389158087,"9,287억원",HKD
00866,China Qinfa Group Ltd,50101010,석탄,5386198669,"9,281억원",HKD
00839,China Education Group Holdings Limited,63102010,"초, 중, 고등 교육기관",5320594444,"9,168억원",HKD
01789,AK Medical Holdings Ltd,56101020,"의료 장비, 물품 및 유통",5317266985,"9,163억원",HKD
08083,Youzan Technology Ltd,57201020,소프트웨어,5269805629,"9,081억원",HKD
09893,Pizu Group Holdings Ltd,51101010,상품 화학,5266912781,"9,076억원",HKD
02678,Texhong International Group Ltd,53202010,직물 및 가죽제품,5262873980,"9,069억원",HKD
09630,Circuit Fabology Microelectronics Equipment Co Ltd Class H,57101020,반도체 장비 및 테스트,5259079280,"9,062억원",HKD
00775,CK Life Sciences Intl (Holdings) Inc,54102020,식품 가공,5238034458,"9,026억원",HKD
01184,S A S Dragon Holdings Ltd,57104010,전자 장비 및 부품,5169417254,"8,908억원",HKD
02192,Medlive Technology Co Ltd,53302010,광고 및 마케팅,5163414638,"8,898억원",HKD
09678,Unisound AI Technology Co Ltd Class H,57201010,IT 서비스 및 컨설팅,5160083476,"8,892억원",HKD
01610,COFCO Joycome Foods Ltd,54102020,식품 가공,5154748113,"8,883억원",HKD
01799,Xinte Energy Co Ltd Class H,57101010,반도체,5119400000,"8,822억원",HKD
03952,Zhejiang Laifual Drive Co Ltd Class H,52102010,산업용 기계 및 장비,5098458756,"8,786억원",HKD
06178,Everbright Securities Co Ltd Class H,55102010,투자 은행 및 중개 서비스,5041275808,"8,687억원",HKD
01877,Shanghai Junshi Biosciences Co Ltd Class H,56201040,제약,5002883354,"8,621억원",HKD
09890,Tanwan Inc,57201020,소프트웨어,4974461933,"8,572억원",HKD
00028,Tian An China Investments Co Ltd,60101010,"부동산 임대, 개발 및 운영",4955314880,"8,539억원",HKD
01688,Lingyi iTech (Guangdong) Co Class H,57104010,전자 장비 및 부품,4939875290,"8,512억원",HKD
00548,Shenzhen Expressway Corp Ltd Class H,52407030,고속도로 및 철도,4918550000,"8,476억원",HKD
01333,Breton Technology Co Ltd Class H,52102020,중장비 및 차량,4902729163,"8,448억원",HKD
00258,Tomson Group Ltd,60101010,"부동산 임대, 개발 및 운영",4902080366,"8,447억원",HKD
07656,Reconova Technologies Co Ltd Class H,57201010,IT 서비스 및 컨설팅,4887739409,"8,423억원",HKD
09959,Linklogis Inc,57301010,핀테크,4871299681,"8,394억원",HKD
00119,Poly Property Group Co Ltd,60101010,"부동산 임대, 개발 및 운영",4833796644,"8,330억원",HKD
02597,Beijing Xunzhong Communication Technology Co Ltd Class H,57201020,소프트웨어,4785994476,"8,247억원",HKD
02652,CF PharmTech  Inc. Class H,56201040,제약,4452989596,"7,673억원",HKD
02586,Dmall Inc,57201020,소프트웨어,5061074363,"8,721억원",HKD
01896,Maoyan Entertainment,53302030,엔터테인먼트 제작,4708310050,"8,113억원",HKD
00062,Transport International Holdings Ltd,52406020,지상 및 해상 여객 운송,4701525499,"8,102억원",HKD
06686,Noah Holdings Limited,55102020,투자 관리 및 펀드 운영,4667911884,"8,044억원",HKD
01167,Jacobio Pharmaceuticals Group Co Ltd,56202010,생명 공학 및 의학 연구,4650049280,"8,013억원",HKD
03613,Beijing Tong Ren Tang Chinese Medicine Co Ltd,56201040,제약,4633348500,"7,984억원",HKD
01921,Dalipal Holdings Ltd,51201020,철 및 강철,4624923100,"7,970억원",HKD
01224,C C Land Holdings Ltd,60101010,"부동산 임대, 개발 및 운영",4600566582,"7,928억원",HKD
00147,International Business Settlement Holdings Ltd,60101010,"부동산 임대, 개발 및 운영",4597179062,"7,922억원",HKD
02373,Beauty Farm Medical and Health Industry Inc.,54201030,개인 서비스,4569795545,"7,875억원",HKD
07630,IMPACT Therapeutics Inc Class H,56202010,생명 공학 및 의학 연구,4558929094,"7,856억원",HKD
01205,CITIC Resources Holdings Ltd,50102020,"오일, 가스 탐사 및 생산",4518193111,"7,786억원",HKD
02575,Xuanzhu Biopharmaceutical Co Ltd Class H,56201040,제약,4513914990,"7,778억원",HKD
00232,Continental Aerospace Technologies Holding Ltd,52101010,항공우주 및 방위,4512136770,"7,775억원",HKD
01763,China Isotope & Radiation Corp Class H,56101020,"의료 장비, 물품 및 유통",4507037341,"7,767억원",HKD
06821,Asymchem Laboratories (Tianjin) Co Ltd Class H,56201040,제약,4467438855,"7,698억원",HKD
02198,China Sanjiang Fine Chemicals Co Ltd,51101010,상품 화학,4462500000,"7,690억원",HKD
00819,Tianneng Power International Limited,53101020,"자동차, 트럭 및 오토바이 부품",4448191775,"7,665억원",HKD
02659,Shanghai Bao Pharmaceuticals Co Ltd Class H,56202010,생명 공학 및 의학 연구,4421240089,"7,619억원",HKD
09676,Shiyue Daotian Group Co.  Ltd. Class H,54102020,식품 가공,4401366874,"7,584억원",HKD
02617,TransThera Sciences (Nanjing) Inc Class H,56202010,생명 공학 및 의학 연구,4377406805,"7,543억원",HKD
02041,Medcaptain Medical Technology Co.  Ltd. Class H,56101020,"의료 장비, 물품 및 유통",4370955557,"7,532억원",HKD
00861,Digital China Holdings Limited,57201010,IT 서비스 및 컨설팅,4351379204,"7,498억원",HKD
09993,Radiance Holdings (Group) Co Ltd,60101010,"부동산 임대, 개발 및 운영",4308166755,"7,424억원",HKD
00107,SICHUAN EXPRESSWAY GROUP COMPANY LIMITED Class H,52407030,고속도로 및 철도,4306489200,"7,421억원",HKD
01809,Prinx Chengshan Holdings Ltd,53101030,타이어 및 고무 제품,4285307950,"7,384억원",HKD
06915,Jiangxi Institute of Biological Products Inc Class H,56201040,제약,4252523229,"7,328억원",HKD
00662,Asia Financial Holdings Ltd,55301010,복합보험 및 중개인,4251053200,"7,325억원",HKD
03833,Xinjiang Xinxin Mining Industry Co Ltd Class H,51201050,특수 채굴 및 금속,4232150000,"7,293억원",HKD
01477,Ocumension Therapeutics,56201040,제약,4215527080,"7,264억원",HKD
01050,Karrie International Holdings Ltd,52102010,산업용 기계 및 장비,4206363278,"7,248억원",HKD
00695,Dongwu Cement International Ltd,51202010,건설 자재,4195200000,"7,229억원",HKD
01126,Dream International Ltd,53205010,장난감 및 어린이 제품,4135645150,"7,127억원",HKD
01770,Dke Holding Co Ltd Class H,57104010,전자 장비 및 부품,4112774129,"7,087억원",HKD
00777,NetDragon Websoft Holdings Ltd,57201030,온라인 서비스,4006253396,"6,904억원",HKD
09878,Huitongda Network Co Ltd Class H,57201030,온라인 서비스,4006097898,"6,903억원",HKD
00327,Pax Global Technology Ltd,57105010,사무기기,4003295140,"6,898억원",HKD
01666,Tong Ren Tang Technologies Co Ltd Class H,56201040,제약,3983238240,"6,864억원",HKD
01851,China Gingko Education Group Company Limited,53301010,"호텔, 모텔 및 크루즈 라인",3982500000,"6,863억원",HKD
01675,AsiaInfo Technologies Ltd,57201020,소프트웨어,3929153769,"6,771억원",HKD
02635,Nuobikan Artificial Intelligence Technology (Chengdu) Co Ltd Class H,57201010,IT 서비스 및 컨설팅,3922979760,"6,760억원",HKD
02291,Lepu Scientech Medical Technology Shanghai Co Ltd Class H,56101020,"의료 장비, 물품 및 유통",3922617686,"6,759억원",HKD
01618,Metallurgical Corporation of China Ltd Class H,52201020,건설 및 엔지니어링,3861040000,"6,653억원",HKD
06680,Jl Mag Rare-Earth Co Ltd Class H,51101010,상품 화학,3831786359,"6,603억원",HKD
00289,Wing On Company International Ltd,53402010,백화점,3828530040,"6,597억원",HKD
02609,Bayzed Health Group Inc,56102010,의료 시설 및 서비스,3816961453,"6,577억원",HKD
09927,Seres Group Co.  Ltd. Class H,53101010,자동차 및 트럭 제조,3816871660,"6,577억원",HKD
02509,Qyuns Therapeutics Co Ltd Class H,56202010,생명 공학 및 의학 연구,3797276400,"6,543억원",HKD
00900,Aeon Credit Service Asia Co Ltd,55101030,소비자 대출,3794016336,"6,538억원",HKD
02517,Guoquan Food Shanghai Co Ltd Class H,54301020,식품 소매 및 유통,3792607320,"6,535억원",HKD
03382,Tianjin Port Development Holdings Ltd,52407020,항만 운영 및 서비스,3787170000,"6,526억원",HKD
00585,Imagi International Holdings Ltd,55102010,투자 은행 및 중개 서비스,3776143153,"6,507억원",HKD
01405,DPC Dash Ltd,53301020,레스토랑 및 바,3774840119,"6,505억원",HKD
02139,Bank of Gansu Co Ltd Class H,55101010,은행,3767447833,"6,492억원",HKD
00581,China Oriental Group Co Ltd,51201020,철 및 강철,3759794690,"6,479억원",HKD
03378,Hanx Biopharmaceuticals (Wuhan) Co Ltd Class H,56202010,생명 공학 및 의학 연구,3710801006,"6,394억원",HKD
01857,China Everbright Water Ltd,59103010,수자원 유틸리티,3704835356,"6,384억원",HKD
06683,Star Plus Legend Holdings Ltd,54301020,식품 소매 및 유통,3704132829,"6,383억원",HKD
02028,Jolimark Holdings Ltd,57105010,사무기기,3686544960,"6,353억원",HKD
01489,GC Construction Holdings Ltd,52201020,건설 및 엔지니어링,2290000000,"3,946억원",HKD
06185,CanSino Biologics Inc. Class H,56201040,제약,3900524460,"6,721억원",HKD
02631,SICC Co Ltd Class H,57101010,반도체,3769399875,"6,495억원",HKD
01571,Xin Point Holdings Ltd,53101020,"자동차, 트럭 및 오토바이 부품",3724955365,"6,419억원",HKD
02270,Desun Real Estate Investment Services Group Co Ltd,60101020,부동산 서비스,3715352608,"6,402억원",HKD
00933,Viva Goods Co Ltd,53202020,의류 및 액세서리,3684672840,"6,349억원",HKD
01223,Symphony Holdings Ltd,53403040,의류 및 액세서리 소매,3673168163,"6,330억원",HKD
00435,Sunlight Real Estate Investment Trust REIT,60102020,상업용 REITs,3672691125,"6,329억원",HKD
00501,OmniVision Integrated Circuits Group Inc Class H,57101010,반도체,3663507420,"6,313억원",HKD
00133,China Merchants China Direct Investments Ltd,55102020,투자 관리 및 펀드 운영,3655992312,"6,300억원",HKD
06090,Butong Group,53205010,장난감 및 어린이 제품,3635358843,"6,264억원",HKD
00806,Value Partners Group Ltd,55102020,투자 관리 및 펀드 운영,3635152564,"6,264억원",HKD
00746,Lee & Man Chemical Co Ltd,51101010,상품 화학,3634125000,"6,262억원",HKD
02598,Lianlian DigiTech Co Ltd Class H,52203040,경영 지원 서비스,3632207490,"6,259억원",HKD
00811,Xinhua Winshare Publishing and Media Co Ltd Class H,53302040,소비자 출판,3626093906,"6,248억원",HKD
02156,C&D Property Management Group Co Ltd,60101020,부동산 서비스,3619238521,"6,237억원",HKD
02422,Rego Interactive Co Ltd,53302010,광고 및 마케팅,3610500000,"6,222억원",HKD
00412,Shandong Hi-Speed Holdings Group Limited,55102020,투자 관리 및 펀드 운영,3609438665,"6,220억원",HKD
02158,Yidu Tech Inc,56101010,첨단 의료 장비 및 기술,3585251124,"6,178억원",HKD
00178,Sa Sa International Holdings Ltd,53403090,기타 전문 소매,3584183824,"6,176억원",HKD
09979,Greentown Management Holdings Co Ltd,52201020,건설 및 엔지니어링,3560000000,"6,135억원",HKD
01033,Sinopec Oilfield Service Corp Class H,50103010,오일 및 가스 시추,3543571931,"6,106억원",HKD
00338,Sinopec Shanghai Petrochemical Co Ltd Class H,50102030,"오일, 가스 정제 및 마케팅",3535184400,"6,092억원",HKD
02880,Liaoning Port Co Ltd Class H,52407020,항만 운영 및 서비스,3507926879,"6,045억원",HKD
00799,IGG Inc,57201030,온라인 서비스,3504206733,"6,038억원",HKD
00272,Shui On Land Limited,60101010,"부동산 임대, 개발 및 운영",3491860416,"6,017억원",HKD
02013,Weimob Inc,57201020,소프트웨어,3491758186,"6,017억원",HKD
09963,Transtech Optelecom Science Holdings Ltd,57102010,통신 및 네트워킹,3480276855,"5,997억원",HKD
01377,Guangdong Dtech Technology Co Ltd Class H,52102010,산업용 기계 및 장비,3466220800,"5,973억원",HKD
01916,Jiangxi Bank Co Ltd Class H,55101010,은행,3463959218,"5,969억원",HKD
03990,Midea Real Estate Holding Ltd,60101010,"부동산 임대, 개발 및 운영",3444987559,"5,936억원",HKD
01234,China Lilang Ltd,53202020,의류 및 액세서리,3442769142,"5,933억원",HKD
00038,First Tractor Co Ltd Class H,52102020,중장비 및 차량,3433394400,"5,916억원",HKD
01576,Qilu Expressway Co Ltd Class H,52407030,고속도로 및 철도,3430000000,"5,911억원",HKD
09996,Peijia Medical Ltd,56101020,"의료 장비, 물품 및 유통",3418657656,"5,891억원",HKD
02676,Suzhou Novosense Microelectronics Co Ltd Class H,57101010,반도체,3416150000,"5,887억원",HKD
03318,China Boton Group Co Ltd,54201020,개인 생활 필수 용품,3394019872,"5,849억원",HKD
00301,Sanvo Fine Chemicals Group Ltd,51101010,상품 화학,3387310128,"5,837억원",HKD
06998,Edding Genor Group Holdings Ltd,56202010,생명 공학 및 의학 연구,3375655616,"5,817억원",HKD
02650,Shanghai Zhida Technology Development Co Ltd Class H,52102030,전기 부품 및 장비,3365177267,"5,799억원",HKD
06138,Harbin Bank Co Ltd Class H,55101010,은행,3353657864,"5,779억원",HKD
02520,Shanxi Installation Group Co Ltd Class H,52201020,건설 및 엔지니어링,3310101260,"5,704억원",HKD
00167,IDT International Ltd,53204030,"가전제품, 도구 및 가정 용품",3301899549,"5,690억원",HKD
02720,Ridge Outdoor International Ltd,53205020,오락용 제품,3294868500,"5,678억원",HKD
06831,Green Tea Group Ltd,53301020,레스토랑 및 바,3288981726,"5,668억원",HKD
01785,Chengdu Expressway Co Ltd Class H,52407030,고속도로 및 철도,3279081960,"5,651억원",HKD
00405,Yuexiu Real Estate Investment Trust,60102020,상업용 REITs,3268744009,"5,633억원",HKD
00525,Guangshen Railway Co Ltd Class H,52406020,지상 및 해상 여객 운송,3234738000,"5,574억원",HKD
01272,Datang Environment Industry Group Co Ltd Class H,52201020,건설 및 엔지니어링,3234620780,"5,574억원",HKD
00710,Boe Varitronix Ltd,57104010,전자 장비 및 부품,3221711080,"5,552억원",HKD
00693,Tan Chong International Ltd,52405030,지상 화물 및 물류,3221294400,"5,551억원",HKD
06805,Kimou Environmental Holding Ltd,51101010,상품 화학,3207052000,"5,526억원",HKD
02866,COSCO SHIPPING Development Co Ltd Class H,51302010,용기(종이 제외) 및 포장재,3182114970,"5,483억원",HKD
02105,Laekna Inc,56202010,생명 공학 및 의학 연구,3177991291,"5,476억원",HKD
03709,EEKA Fashion Holdings Ltd,53403040,의류 및 액세서리 소매,3174752874,"5,471억원",HKD
03223,Ingenic Semiconductor Co.  Ltd. Class H,57101010,반도체,3160017300,"5,445억원",HKD
08395,ZXZN Qi-House Holdings Ltd,52203040,경영 지원 서비스,3144405000,"5,418억원",HKD
06657,BAIWANG CO.  LTD. Class H,57201010,IT 서비스 및 컨설팅,3090404395,"5,325억원",HKD
01081,Dajin Heavy Industry Co Ltd Class H,50201010,재생 가능 에너지 장비 및 서비스,3051674430,"5,259억원",HKD
02583,Shenzhen Hipine Precision Technology Co Ltd Class H,53202020,의류 및 액세서리,2953015000,"5,089억원",HKD
06132,HJ Science Co Ltd Class H,56202010,생명 공학 및 의학 연구,2936624240,"5,060억원",HKD
01873,VIVA Biotech Holdings,56201040,제약,3224072164,"5,556억원",HKD
01780,Rongzun International Holdings Group Ltd,52201020,건설 및 엔지니어링,3162000000,"5,449억원",HKD
06127,Joinn Laboratories China Co Ltd Class H,56202010,생명 공학 및 의학 연구,3155752863,"5,438억원",HKD
00051,Harbour Centre Development Ltd,53301010,"호텔, 모텔 및 크루즈 라인",3153937500,"5,435억원",HKD
02668,Pak Tak International Ltd,52202010,다각적 산업용 제품 도매,3152800000,"5,433억원",HKD
06601,Cheerwin Group Ltd,54201010,가정용 제품,3133333725,"5,399억원",HKD
01837,Natural Food International Holding Ltd,54102020,식품 가공,3118703700,"5,374억원",HKD
06929,OrbusNeich Medical Group Holdings Ltd,56101020,"의료 장비, 물품 및 유통",3113160947,"5,365억원",HKD
01476,Financial Street Securities Co Ltd Class H,55102030,다각적 투자 서비스,3112458057,"5,363억원",HKD
00989,China Changbaishan International Holdings Ltd,60101010,"부동산 임대, 개발 및 운영",3110328666,"5,360억원",HKD
01515,China Resources Medical Holdings Company Ltd,56102010,의료 시설 및 서비스,3105540256,"5,351억원",HKD
01104,APAC Resources Ltd,51201020,철 및 강철,3095736545,"5,335억원",HKD
01875,BioDlink International Co Ltd,56202010,생명 공학 및 의학 연구,3060240033,"5,273억원",HKD
01051,G-Resources Group Limited,55102020,투자 관리 및 펀드 운영,3042995033,"5,244억원",HKD
01432,China Shengmu Organic Milk Ltd,54102020,식품 가공,3017266282,"5,199억원",HKD
00323,Maanshan Iron & Steel Co Ltd Class H,51201020,철 및 강철,2989304250,"5,151억원",HKD
00341,Cafe De Coral Holdings Ltd,53301020,레스토랑 및 바,2980589861,"5,136억원",HKD
09877,Jenscare Scientific Co Ltd Class H,56101020,"의료 장비, 물품 및 유통",2961887759,"5,104억원",HKD
03880,Medtide Inc. Class H,56202010,생명 공학 및 의학 연구,2960784000,"5,102억원",HKD
02411,Shenzhen Pagoda Industrial Group Corp Ltd Class H,54301020,식품 소매 및 유통,2960164559,"5,101억원",HKD
01115,5100 Xizang Glacier Co Ltd,54101030,무알콜 음료,2956421423,"5,095억원",HKD
00470,Wuxi Lead Intelligent Equipment Co Ltd Class H,52102010,산업용 기계 및 장비,2952779292,"5,088억원",HKD
01497,Xiamen Yan Palace Bird's Nest Industry Co Ltd Class H,54102020,식품 가공,2942979308,"5,071억원",HKD
02488,Launch Tech Co Ltd Class H,52102010,산업용 기계 및 장비,2942866430,"5,071억원",HKD
02179,Jiangsu Recbio Technology Co.  Ltd. Class H,56202010,생명 공학 및 의학 연구,2942555799,"5,071억원",HKD
02199,Regina Miracle International (Holdings) Ltd,53202020,의류 및 액세서리,2938200000,"5,063억원",HKD
00411,Lam Soon Hong Kong Ltd,54102020,식품 가공,2920249980,"5,032억원",HKD
02408,Guangzhou Xiao Noodles Catering Management Co Ltd Class H,53301020,레스토랑 및 바,2913826130,"5,021억원",HKD
00874,Guangzhou Baiyunshan Pharmaceutical Holdings Co Ltd Class H,56201040,제약,2907078000,"5,009억원",HKD
02342,Comba Telecom Systems Holdings Ltd,57102010,통신 및 네트워킹,2875748624,"4,955억원",HKD
01970,IMAX China Holding Inc,53302030,엔터테인먼트 제작,2875445890,"4,955억원",HKD
09929,SEM Holdings Ltd,52201020,건설 및 엔지니어링,2870000000,"4,946억원",HKD
02235,MicroTech Medical (Hangzhou) Co Ltd Class H,56101020,"의료 장비, 물품 및 유통",2862872790,"4,933억원",HKD
01304,Fortior Technology (Shenzhen) Co Ltd Class H,57101010,반도체,2845392000,"4,903억원",HKD
06868,Tenfu (Cayman) Holdings Co Ltd,54102020,식품 가공,2831083883,"4,879억원",HKD
03336,Ju Teng International Holdings Ltd,57106010,컴퓨터 하드웨어,2820019846,"4,859억원",HKD
00564,ZCZL Industrial Technology Group Co Ltd Class H,51201070,채굴 지원 서비스 및 장비,2792328616,"4,812억원",HKD
01995,Ever Sunshine Services Group Ltd,60101020,부동산 서비스,2792011020,"4,811억원",HKD
01345,Shanghai Pioneer Holding Ltd,56201040,제약,2766383400,"4,767억원",HKD
01848,China Aircraft Leasing Group Holdings Ltd,55101050,기업 금융 서비스,2752623537,"4,743억원",HKD
00752,Pico Far East Holdings Ltd,52203040,경영 지원 서비스,2746132661,"4,732억원",HKD
02420,Zibuyu Group Ltd,53403040,의류 및 액세서리 소매,2705000000,"4,661억원",HKD
02111,Best Pacific International Holdings Ltd,53202010,직물 및 가죽제품,2687903680,"4,632억원",HKD
02490,LC Group Holding Limited,52405020,해양 화물 및 물류,2686203655,"4,629억원",HKD
02480,Beijing Luzhu Biotechnology Co Ltd Class H,56201040,제약,2685328632,"4,627억원",HKD
01600,Tian Lun Gas Holdings Ltd,59102010,천연가스 유틸리티,2681886730,"4,621억원",HKD
00032,Cross-Harbour Holdings Ltd,63101010,기타 교육 서비스 제공,2668447555,"4,598억원",HKD
06626,Yuexiu Services Group Ltd,60101020,부동산 서비스,2666426614,"4,595억원",HKD
02552,Hua Medicine,56202010,생명 공학 및 의학 연구,2662644640,"4,588억원",HKD
02197,Clover Biopharmaceuticals Ltd,56202010,생명 공학 및 의학 연구,2662131396,"4,587억원",HKD
00797,7Road Holdings Ltd,57201030,온라인 서비스,2658573280,"4,581억원",HKD
00117,Tianli Holdings Group Ltd,57104010,전자 장비 및 부품,2647586250,"4,562억원",HKD
00026,China Motor Bus Co Ltd,60101010,"부동산 임대, 개발 및 운영",2645303076,"4,558억원",HKD
02576,Zhejiang Taimei Medical Technology Co Ltd Class H,57201020,소프트웨어,2615804740,"4,508억원",HKD
01815,Mount Everest Gold Group Co Ltd,53403040,의류 및 액세서리 소매,2579956948,"4,446억원",HKD
01872,Guan Chao Holdings Ltd,53101010,자동차 및 트럭 제조,2574219270,"4,436억원",HKD
02427,Guanze Medical Information Industry (Holding) Co Ltd,56101010,첨단 의료 장비 및 기술,2565000000,"4,420억원",HKD
03337,Anton Oilfield Services Group,50103020,오일 관련 서비스 및 장비,2536437723,"4,371억원",HKD
00199,ITC Properties Group Ltd,60101010,"부동산 임대, 개발 및 운영",2520197183,"4,343억원",HKD
00368,Superland Group Holdings Ltd,52201020,건설 및 엔지니어링,2360000000,"4,067억원",HKD
00931,China HK Power Smart Energy Group Ltd,59102010,천연가스 유틸리티,2725107194,"4,696억원",HKD
03636,Yunnan Jinxun Resources Co Ltd Class H,51201050,특수 채굴 및 금속,2612196127,"4,501억원",HKD
06960,Shuangdeng Group Co Ltd Class H,52102030,전기 부품 및 장비,2587705760,"4,459억원",HKD
01091,South Manganese Investment Ltd,51201050,특수 채굴 및 금속,2577104061,"4,441억원",HKD
00743,Asia Cement (China) Holdings Corp,51202010,건설 자재,2561801385,"4,414억원",HKD
00434,Boyaa Interactive International Limited,57201020,소프트웨어,2560680327,"4,413억원",HKD
02648,Anjoy Foods Group Co Ltd Class H,54102020,식품 가공,2555661330,"4,404억원",HKD
00661,China Daye Non-Ferrous Metals Mining Ltd,51201050,특수 채굴 및 금속,2541172318,"4,379억원",HKD
08299,GT Gold Holdings Ltd,51201060,금,2528316696,"4,357억원",HKD
00259,Yeebo (International Holdings) Ltd,57104010,전자 장비 및 부품,2520628200,"4,344억원",HKD
00182,Concord New Energy Group Ltd,59101020,민자 발전 사업,2516351731,"4,336억원",HKD
09860,Adicon Holdings Ltd,56102010,의료 시설 및 서비스,2510725787,"4,326억원",HKD
06865,Flat Glass Group Co Ltd Class H,50201010,재생 가능 에너지 장비 및 서비스,2487343470,"4,286억원",HKD
02450,Huaibei GreenGold Industry Investment Co Ltd Class H,51202010,건설 자재,2476320000,"4,267억원",HKD
02665,Seyond Holdings Ltd,57104010,전자 장비 및 부품,2467952991,"4,253억원",HKD
02522,Jiangxi Rimag Group Co Ltd Class H,56102010,의료 시설 및 서비스,2461967919,"4,242억원",HKD
00369,Wing Tai Properties Ltd,60101010,"부동산 임대, 개발 및 운영",2446703502,"4,216억원",HKD
02660,Zengame Technology Holding Ltd,57201020,소프트웨어,2437778081,"4,201억원",HKD
06996,Antengene Corp Ltd,56202010,생명 공학 및 의학 연구,2433759317,"4,194억원",HKD
01948,Uju Holding Ltd,53302010,광고 및 마케팅,2421000000,"4,172억원",HKD
00626,Public Financial Holdings Ltd,55101010,은행,2420908348,"4,172억원",HKD
01959,Zhong Ju Investment Group Ltd,53403010,"자동차 차량, 부품 및 서비스 소매",2416809120,"4,165억원",HKD
00807,SIIC Environment Holdings Ltd,59103010,수자원 유틸리티,2408247454,"4,150억원",HKD
01330,Dynagreen Environmental Protection Group Co Ltd Class H,52203010,환경 서비스 및 장비,2397853567,"4,132억원",HKD
01250,Shandong Hi-Speed New Energy Group Ltd,52201020,건설 및 엔지니어링,2392616993,"4,123억원",HKD
09885,YSB Inc,56201040,제약,2375231511,"4,093억원",HKD
00064,Get Nice Holdings Ltd,55102010,투자 은행 및 중개 서비스,2355331568,"4,059억원",HKD
02166,Smart-Core Holdings Ltd,57101010,반도체,2354464375,"4,057억원",HKD
09913,Chi Kan Holdings Ltd,52201020,건설 및 엔지니어링,2350000000,"4,050억원",HKD
02579,CNGR Advanced Material Co.  Ltd. Class H,52102030,전기 부품 및 장비,2342986992,"4,037억원",HKD
02295,Maxicity Holdings Ltd,52201020,건설 및 엔지니어링,2342000000,"4,036억원",HKD
00732,Truly International Holdings Ltd,57104010,전자 장비 및 부품,2335215518,"4,024억원",HKD
06980,Bama Tea Co Ltd Class H,54102020,식품 가공,2316168428,"3,991억원",HKD
06058,China Industrial Securities International Financial Group Ltd,55102010,투자 은행 및 중개 서비스,2300000000,"3,963억원",HKD
03319,A-Living Smart City Services Co Ltd Class H,60101020,부동산 서비스,2290942988,"3,948억원",HKD
03680,Ruihe Data Technology Holdings Ltd,57201010,IT 서비스 및 컨설팅,2287621509,"3,942억원",HKD
01516,Sunac Services Holdings Ltd,60101020,부동산 서비스,2286119615,"3,939억원",HKD
00113,Dickson Concepts (International) Ltd,53403040,의류 및 액세서리 소매,2279680214,"3,928억원",HKD
00331,FSE Lifestyle Services Ltd,52201020,건설 및 엔지니어링,2279250000,"3,928억원",HKD
02511,HighTide Therapeutics Inc,56202010,생명 공학 및 의학 연구,2274771093,"3,920억원",HKD
02409,Seacon Shipping Group Holdings Ltd,52203040,경영 지원 서비스,2272500000,"3,916억원",HKD
01458,Zhou Hei Ya International Holdings Company Ltd,54102020,식품 가공,2257955525,"3,891억원",HKD
09930,Horizon Construction Development Ltd,52203040,경영 지원 서비스,2254057020,"3,884억원",HKD
02549,Carote Ltd,53204030,"가전제품, 도구 및 가정 용품",2252776499,"3,882억원",HKD
00596,Inspur Digital Enterprise Technology Ltd,57201010,IT 서비스 및 컨설팅,2245431108,"3,869억원",HKD
01028,C banner International Holdings Ltd,53403040,의류 및 액세서리 소매,2243160000,"3,865억원",HKD
00521,CWT International Ltd,52405010,"배달, 우편, 항공 화물 및 육상 물류",2222999240,"3,831억원",HKD
00882,Tianjin Development Holdings Ltd,59104010,복합 유틸리티,2220634159,"3,827억원",HKD
02565,PegBio Co Ltd Class H,56201040,제약,2209667156,"3,808억원",HKD
00098,Xingfa Aluminium Holdings Ltd,51201030,알루미늄,2208407954,"3,806억원",HKD
01168,Z Fin Ltd,60101010,"부동산 임대, 개발 및 운영",2207916893,"3,805억원",HKD
02255,Haichang Ocean Park Holdings Ltd,53301040,여가 및 오락시설,2206738334,"3,803억원",HKD
01521,Frontage Holdings Corp,56202010,생명 공학 및 의학 연구,2205440903,"3,800억원",HKD
09669,Beisen Holding Ltd,57201020,소프트웨어,2184699110,"3,765억원",HKD
00808,Prosperity Real Estate Investment Trust,60102020,상업용 REITs,2178816750,"3,755억원",HKD
06633,Qingci Games Inc,57201020,소프트웨어,2177691075,"3,753억원",HKD
00030,YNBY International Ltd,54301020,식품 소매 및 유통,2173224590,"3,745억원",HKD
02290,Lung Fung Group Holdings Ltd,53403090,기타 전문 소매,2147500000,"3,701억원",HKD
02169,Canggang Railway Ltd,52405030,지상 화물 및 물류,2100000000,"3,619억원",HKD
00357,Hainan Meilan International Airport Co Ltd Class H,52407010,공항 운영 및 서비스,2058476550,"3,547억원",HKD
02390,Zhihu Inc,57201030,온라인 서비스,2309605474,"3,980억원",HKD
00186,Nimble Holdings Co Ltd,60101010,"부동산 임대, 개발 및 운영",2306737813,"3,975억원",HKD
08239,Capital Finance Holdings Ltd,55101030,소비자 대출,2242819965,"3,865억원",HKD
02561,Visen Pharmaceuticals,56202010,생명 공학 및 의학 연구,2204540194,"3,799억원",HKD
87001,Hui Xian Real Estate Investment Trust REIT Units,60102020,상업용 REITs,2152655748,"4,345억원",CNY
01911,China Renaissance Holdings Ltd,55102010,투자 은행 및 중개 서비스,2147187421,"3,700억원",HKD
02571,Beijing Saimo Technology Co Ltd Class H,57201020,소프트웨어,2130667732,"3,672억원",HKD
01710,Trio Industrial Electronics Group Ltd,52102030,전기 부품 및 장비,2130000000,"3,670억원",HKD
06609,Shanghai HeartCare Medical Technology Corp Ltd Class H,56101020,"의료 장비, 물품 및 유통",2129638038,"3,670억원",HKD
00709,Giordano International Ltd,53403040,의류 및 액세서리 소매,2125535121,"3,663억원",HKD
03978,China Beststudy Education Group,63101010,기타 교육 서비스 제공,2117652500,"3,649억원",HKD
00029,Dynamic Holdings Ltd,60101010,"부동산 임대, 개발 및 운영",2115562761,"3,646억원",HKD
02149,BaTeLab Co Ltd Class H,57101010,반도체,2109240000,"3,635억원",HKD
02191,SF Real Estate Investment Trust,60102020,상업용 REITs,2100110697,"3,619억원",HKD
06889,Dynam Japan Holdings Co Ltd,53301030,카지노 및 도박,2098431089,"3,616억원",HKD
01747,Home Control International Ltd,57102010,통신 및 네트워킹,2084113230,"3,591억원",HKD
06660,AIM Vaccine Co Ltd Class H,56201040,제약,2079023605,"3,583억원",HKD
02768,Qingdao Gon Technology Co Ltd Class H,51101010,상품 화학,2077032000,"3,579억원",HKD
01417,Riverine China Holdings Ltd,60101020,부동산 서비스,2071575000,"3,570억원",HKD
00917,Qunabox Group Ltd,53302010,광고 및 마케팅,2051640013,"3,535억원",HKD
00497,CSI Properties Limited,60101010,"부동산 임대, 개발 및 운영",2050111424,"3,533억원",HKD
02499,Folangsi Co Ltd Class H,52203040,경영 지원 서비스,2041003454,"3,517억원",HKD
00035,Far East Consortium International Limited,60101010,"부동산 임대, 개발 및 운영",2018966718,"3,479억원",HKD
02489,Persistence Gold Group Ltd,51201060,금,2015525400,"3,473억원",HKD
02236,Wison Engineering Services Co Ltd,52201020,건설 및 엔지니어링,1999252822,"3,445억원",HKD
01009,International Entertainment Corp,53301030,카지노 및 도박,1998969563,"3,445억원",HKD
01426,Spring Real Estate Investment Trust,60102020,상업용 REITs,1993287828,"3,435억원",HKD
03813,Pou Sheng International (Holdings) Ltd,53403040,의류 및 액세서리 소매,1979297856,"3,411억원",HKD
01375,Central China Securities Co Ltd Class H,55102010,투자 은행 및 중개 서비스,1978329075,"3,409억원",HKD
01899,Xingda International Holdings Ltd,53101030,타이어 및 고무 제품,1977728955,"3,408억원",HKD
03839,CPBIO Holding Company Ltd,51101020,농화학제,1973890142,"3,401억원",HKD
01570,Weiye Holdings Ltd,60101010,"부동산 임대, 개발 및 운영",1971138178,"3,397억원",HKD
00580,Sun.King Technology Group Ltd,52102030,전기 부품 및 장비,1970253360,"3,395억원",HKD
06063,Lotus Horizon Holdings Ltd,52201020,건설 및 엔지니어링,1970000000,"3,395억원",HKD
00679,Asia Tele-Net and Technology Corporation Ltd,57101010,반도체,1969413680,"3,394억원",HKD
02685,Quantgroup Holding Ltd,57201030,온라인 서비스,1964447860,"3,385억원",HKD
02633,Jacobson Pharma Corporation Ltd,56201040,제약,1960216580,"3,378억원",HKD
00887,Emperor Watch & Jewellery Ltd,53403040,의류 및 액세서리 소매,1959311195,"3,376억원",HKD
00393,Glorious Sun Enterprises Ltd,53403020,주택 개조 제품 및 서비스 소매,1957500000,"3,373억원",HKD
03369,Qinhuangdao Port Co Ltd Class H,52407020,항만 운영 및 서비스,1954303815,"3,368억원",HKD
06051,Youzan Technology Ltd,57201020,소프트웨어,1952048091,"3,364억원",HKD
00527,Ruifeng Green Energy AI Computing Holdings Ltd,59101010,전력 유틸리티,1947932002,"3,357억원",HKD
06669,Acotec Scientific Holdings Limited,56101020,"의료 장비, 물품 및 유통",1947713698,"3,356억원",HKD
00127,Chinese Estates Holdings Ltd,60101010,"부동산 임대, 개발 및 운영",1945771461,"3,353억원",HKD
01717,Ausnutria Dairy Corp Ltd,54102020,식품 가공,1938177877,"3,340억원",HKD
02309,Zo Future Group,53301040,여가 및 오락시설,1937846173,"3,339억원",HKD
01854,China Wantian Holdings Ltd,54102010,어업 및 농업,1936413281,"3,337억원",HKD
00816,Jinmao Property Services Co Ltd,60101020,부동산 서비스,1925922570,"3,319억원",HKD
02623,Hong Kong Gold Industry Group Ltd,51201020,철 및 강철,1914717974,"3,299억원",HKD
06608,Bairong Inc.,57201010,IT 서비스 및 컨설팅,1914125241,"3,298억원",HKD
00909,Ming Yuan Cloud Group Holdings Ltd,57201020,소프트웨어,1882429020,"3,244억원",HKD
00088,Tai Cheung Holdings Ltd,60101010,"부동산 임대, 개발 및 운영",1877295532,"3,235억원",HKD
01733,E-Commodities Holdings Ltd,50101010,석탄,1855499159,"3,197억원",HKD
01045,APT Satellite Holdings Ltd,57401020,무선 통신 서비스,1852502138,"3,192억원",HKD
01782,International Business Digital Technology Ltd,57201020,소프트웨어,1836000000,"3,164억원",HKD
02508,Saint Bella Group Ltd,56102010,의료 시설 및 서비스,1822153470,"3,140억원",HKD
01762,Wanka Online Inc,53302010,광고 및 마케팅,1806513807,"3,113억원",HKD
03700,Inkeverse Group Ltd,57201030,온라인 서비스,1790196408,"3,085억원",HKD
02591,Guangzhou Innogen Pharmaceutical Group Co Ltd Class H,56201040,제약,1772459074,"3,054억원",HKD
00918,Majestic Dragon AeroTech Holdings Ltd,52101010,항공우주 및 방위,1721236851,"2,966억원",HKD
01709,DL Holdings Group Ltd,55102020,투자 관리 및 펀드 운영,1828881005,"3,152억원",HKD
00105,Associated International Hotels Ltd,60101010,"부동산 임대, 개발 및 운영",1825200000,"3,145억원",HKD
02429,Beijing UBOX Online Technology Corp Class H,54301020,식품 소매 및 유통,1816662591,"3,130억원",HKD
09923,Yeahka Ltd,52203040,경영 지원 서비스,1815924694,"3,129억원",HKD
01656,ISDN Holdings Ltd,52102030,전기 부품 및 장비,1812998984,"3,124억원",HKD
00245,China Vered Financial Holding Corp Ltd,55601010,투자 지주 회사,1812620513,"3,124억원",HKD
02361,Sinohealth Technology Holdings Limited,52203040,경영 지원 서비스,1807080000,"3,114억원",HKD
01221,Sino Hotels (Holdings) Ltd,53301010,"호텔, 모텔 및 크루즈 라인",1803004559,"3,107억원",HKD
02385,Readboy Education Holding Co Ltd,57106010,컴퓨터 하드웨어,1793440000,"3,090억원",HKD
01657,SG Group Holdings Ltd,53202020,의류 및 액세서리,1788800000,"3,082억원",HKD
06196,Bank of Zhengzhou Co Ltd Class H,55101010,은행,1788105330,"3,081억원",HKD
00335,Upbest Group Ltd,55101030,소비자 대출,1770329060,"3,051억원",HKD
00699,Ningbo Joyson Electronic Corp. Class H,53101020,"자동차, 트럭 및 오토바이 부품",1767561700,"3,046억원",HKD
02521,Shenghui Cleanness Group Holdings Ltd,52203040,경영 지원 서비스,1764510175,"3,041억원",HKD
06858,Honma Golf Limited,53205020,오락용 제품,1762419675,"3,037억원",HKD
01912,Contel Technology Co Ltd,57104010,전자 장비 및 부품,1745679218,"3,008억원",HKD
01713,Sichuan Energy Investment Development Co Ltd Class H,59101010,전력 유틸리티,1740459474,"2,999억원",HKD
00658,China High Speed Transmission Equipment Group Co Ltd,50201010,재생 가능 에너지 장비 및 서비스,1733409049,"2,987억원",HKD
02181,Mabpharm Ltd,56202010,생명 공학 및 의학 연구,1732113600,"2,985억원",HKD
02425,AustAsia Group Ltd,54102010,어업 및 농업,1730844348,"2,983억원",HKD
00240,Build King Holdings Ltd,52201020,건설 및 엔지니어링,1726210409,"2,975억원",HKD
00558,LK Technology Holdings Ltd,52102010,산업용 기계 및 장비,1719133290,"2,962억원",HKD
02219,Chaoju Eye Care Holdings Ltd,56102010,의료 시설 및 서비스,1718577000,"2,961억원",HKD
00830,China State Construction Development Holdings Ltd,52201020,건설 및 엔지니어링,1713527160,"2,953억원",HKD
02656,160 Health International Ltd,56201040,제약,1710159857,"2,947억원",HKD
00878,Soundwill Holdings Ltd,60101010,"부동산 임대, 개발 및 운영",1702684896,"2,934억원",HKD
06681,BrainAurora Medical Technology Ltd,56101010,첨단 의료 장비 및 기술,1697847500,"2,926억원",HKD
03798,Homeland Interactive Technology Ltd,57201020,소프트웨어,1690237810,"2,913억원",HKD
02302,CNNC International Ltd,51201050,특수 채굴 및 금속,1690076504,"2,912억원",HKD
00050,Hong Kong Ferry Holdings Co Ltd,60101010,"부동산 임대, 개발 및 운영",1685175467,"2,904억원",HKD
02121,Ainnovation Technology Group Co Ltd Class H,57201020,소프트웨어,1677547812,"2,891억원",HKD
01982,Nameson Holdings Ltd,53202020,의류 및 액세서리,1675353120,"2,887억원",HKD
01890,China Kepei Education Group Ltd,63101010,기타 교육 서비스 제공,1671826394,"2,881억원",HKD
02360,Best Mart 360 Holdings Ltd,54301020,식품 소매 및 유통,1665000000,"2,869억원",HKD
02271,Zhong An Intelligent Living Service Ltd,60101020,부동산 서비스,1661163840,"2,863억원",HKD
01456,Guolian Minsheng Securities Co Ltd Class H,55102010,투자 은행 및 중개 서비스,1657686800,"2,857억원",HKD
01086,Goodbaby International Holdings Ltd,53205010,장난감 및 어린이 제품,1656598844,"2,855억원",HKD
00398,Oriental Watch Holdings Ltd,53403040,의류 및 액세서리 소매,1639960424,"2,826억원",HKD
02519,AuGroup SHENZHEN Cross Border Business Co Ltd Class H,53204040,가정용 가구,1635911309,"2,819억원",HKD
00085,China Electronics Huada Technology Company Ltd,57101010,반도체,1634046960,"2,816억원",HKD
09933,GHW International,51101010,상품 화학,1630342500,"2,809억원",HKD
00347,Angang Steel Co Ltd Class H,51201020,철 및 강철,1616213300,"2,785억원",HKD
02368,Eagle Nice (International) Holdings Ltd,53202020,의류 및 액세서리,1613445800,"2,780억원",HKD
01830,Perfect Medical Health Management Ltd,54201030,개인 서비스,1607933147,"2,771억원",HKD
09680,Chenqi Technology Ltd,52406020,지상 및 해상 여객 운송,1607396585,"2,770억원",HKD
00222,Min Xin Holdings Ltd,55301030,생명 및 건강 보험,1606622008,"2,769억원",HKD
02306,YH Entertainment Group,53302030,엔터테인먼트 제작,1602978870,"2,762억원",HKD
00720,Auto Italia Holdings Ltd,60101010,"부동산 임대, 개발 및 운영",1597054001,"2,752억원",HKD
01270,Langham Hospitality Investments Units,60102040,특수 REITs,1595821876,"2,750억원",HKD
02886,Binhai Investment Company Ltd,50102030,"오일, 가스 정제 및 마케팅",1595811101,"2,750억원",HKD
03848,Haosen Fintech Group Ltd,55101050,기업 금융 서비스,1595453400,"2,749억원",HKD
01940,China Gas Industry Investment Holdings Co Ltd,51101010,상품 화학,1590000000,"2,740억원",HKD
01712,DRAGON GOLD MINING LIMITED,51201060,금,1570847942,"2,707억원",HKD
00391,Mei Ah Entertainment Group Ltd,53302030,엔터테인먼트 제작,1569790709,"2,705억원",HKD
01979,Ten Pao Group Holdings Ltd,52102030,전기 부품 및 장비,1563177424,"2,694억원",HKD
03818,China Dongxiang (Group) Co Ltd,53202020,의류 및 액세서리,1562194352,"2,692억원",HKD
06136,Kangda International Environmental Company Limited,59103010,수자원 유틸리티,1545695695,"2,664억원",HKD
00535,Gemdale Properties and Investment Corporation Ltd,60101010,"부동산 임대, 개발 및 운영",1545072875,"2,662억원",HKD
00547,Digital Domain Holdings Ltd,53302030,엔터테인먼트 제작,1539994985,"2,654억원",HKD
01773,Tianli International Holdings Ltd,63101010,기타 교육 서비스 제공,1524625440,"2,627억원",HKD
06955,Shandong Boan Biotechnology Co Ltd Class H,56201040,제약,1678288153,"2,892억원",HKD
01953,SFQ Global Limited,52201020,건설 및 엔지니어링,1600200000,"2,757억원",HKD
00242,Shun Tak Holdings Ltd,60101010,"부동산 임대, 개발 및 운영",1584272437,"2,730억원",HKD
02563,Beijing Biostar Pharmaceuticals Co Ltd Class H,56201040,제약,1577831400,"2,719억원",HKD
00194,Liu Chong Hing Investment Ltd,60101010,"부동산 임대, 개발 및 운영",1574907110,"2,714억원",HKD
01611,Bitfire Group Holdings Ltd,55102020,투자 관리 및 펀드 운영,1555044894,"2,680억원",HKD
02515,Tianjin Construction Development Group Co Ltd Class H,52201020,건설 및 엔지니어링,1553713745,"2,677억원",HKD
06169,China Yuhua Education Corp Ltd,63102010,"초, 중, 고등 교육기관",1551078291,"2,673억원",HKD
02677,Distinct Healthcare Holdings Ltd,56102010,의료 시설 및 서비스,1549930800,"2,671억원",HKD
01488,Best Food Holding Company Ltd,53301020,레스토랑 및 바,1547090720,"2,666억원",HKD
06667,Mega Genomics Ltd,56102010,의료 시설 및 서비스,1545083325,"2,662억원",HKD
03681,SinoMab BioScience Ltd,56201040,제약,1539168553,"2,652억원",HKD
00408,Yip's Chemical Holdings Ltd,51101010,상품 화학,1527388363,"2,632억원",HKD
01568,Sundart Holdings Ltd,53203010,주택 건설,1526147000,"2,630억원",HKD
01793,Wecon Holdings Ltd,53203010,주택 건설,1520000000,"2,619억원",HKD
01257,China Everbright Greentech Ltd,59101010,전력 유틸리티,1518567330,"2,617억원",HKD
02410,TYK Medicines Inc Class H,56202010,생명 공학 및 의학 연구,1512661956,"2,607억원",HKD
08148,Wuxi Life International Holdings Group Ltd,57201020,소프트웨어,1511896320,"2,605억원",HKD
01645,Haina Intelligent Equipment International Holdings Ltd,52102010,산업용 기계 및 장비,1494536400,"2,575억원",HKD
03669,China Yongda Automobiles Services Holdings Ltd,53403010,"자동차 차량, 부품 및 서비스 소매",1493193162,"2,573억원",HKD
00480,HKR International Ltd,60101010,"부동산 임대, 개발 및 운영",1485301803,"2,559억원",HKD
02348,Dawnrays Pharmaceutical (Holdings) Ltd,56201040,제약,1484419625,"2,558억원",HKD
02651,Wuhan Dazhong Dental Medical Co Ltd Class H,56102010,의료 시설 및 서비스,1468815380,"2,531억원",HKD
01473,Pangaea Connectivity Technology Ltd,57101010,반도체,1466227198,"2,527억원",HKD
01020,Ciprun Technology Holdings Company Ltd,57201030,온라인 서비스,1465879591,"2,526억원",HKD
02355,Baoye Group Co Ltd Class H,52201020,건설 및 엔지니어링,1457758548,"2,512억원",HKD
06811,Tai Hing Group Holdings Ltd,53301020,레스토랑 및 바,1457128500,"2,511억원",HKD
00410,SOHO China Ltd,60101010,"부동산 임대, 개발 및 운영",1455866729,"2,509억원",HKD
02569,Soft International Group Ltd,54201020,개인 생활 필수 용품,1455000000,"2,507억원",HKD
06896,Golden Throat Holdings Group Co Ltd,56201040,제약,1452728430,"2,503억원",HKD
00158,Melbourne Enterprises Ltd,60101010,"부동산 임대, 개발 및 운영",1450000000,"2,499억원",HKD
00031,China Aerospace International Holdings Ltd,52102030,전기 부품 및 장비,1449960285,"2,499억원",HKD
03938,LFG Investment Holdings Ltd,55102010,투자 은행 및 중개 서비스,1446887671,"2,493억원",HKD
00025,Chevalier International Holdings Ltd,52201020,건설 및 엔지니어링,1446088512,"2,492억원",HKD
02383,Tom Group Ltd,53302040,소비자 출판,1444856354,"2,490억원",HKD
01541,ImmuneOnco Biopharmaceuticals (Shanghai) Inc Class H,56202010,생명 공학 및 의학 연구,1442231263,"2,485억원",HKD
02798,Perennial Energy Holdings Ltd,50101010,석탄,1440000000,"2,481억원",HKD
00650,Productive Technologies Company Ltd,50102020,"오일, 가스 탐사 및 생산",1438732272,"2,479억원",HKD
01321,China New City Group Ltd,60101010,"부동산 임대, 개발 및 운영",1438338031,"2,479억원",HKD
03389,Hengdeli Holdings Ltd,53202020,의류 및 액세서리,1431306162,"2,466억원",HKD
02715,Estun Automation Co Ltd Class H,52102010,산업용 기계 및 장비,1430408400,"2,465억원",HKD
00628,Tong Tong AI Social Group Ltd,55101050,기업 금융 서비스,1430308858,"2,465억원",HKD
01283,Accel Group Holdings Ltd,52201020,건설 및 엔지니어링,1428680710,"2,462억원",HKD
01481,Smart Globe Holdings Ltd,52203020,상업 인쇄 서비스,1428000000,"2,461억원",HKD
06668,E-Star Commercial Management Co Ltd,60101020,부동산 서비스,1425394980,"2,456억원",HKD
00218,Shenwan Hongyuan HK Ltd,55102010,투자 은행 및 중개 서비스,1420636207,"2,448억원",HKD
02002,China Sunshine Paper Holdings Co Ltd,51302020,종이 포장재,1416641997,"2,441억원",HKD
02009,BBMG Corp Class H,51202010,건설 자재,1414952746,"2,438억원",HKD
01943,King's Stone Holdings Group Ltd,52201020,건설 및 엔지니어링,1413971100,"2,437억원",HKD
02416,Edianyun Ltd,57201010,IT 서비스 및 컨설팅,1413772109,"2,436억원",HKD
01431,YuanShengTai Dairy Farm Ltd,54102010,어업 및 농업,1407148920,"2,425억원",HKD
02209,YesAsia Holdings Ltd,53402010,백화점,1403609452,"2,419억원",HKD
03893,CROSSTEC Group Holdings Ltd,53203010,주택 건설,1402891738,"2,417억원",HKD
00837,Carpenter Tan Holdings Ltd,51301010,임업 및 목재 제품,1397772680,"2,409억원",HKD
06622,Zhaoke Ophthalmology Limited,56201040,제약,1377585920,"2,374억원",HKD
01760,Intron Technology Holdings Ltd,53101020,"자동차, 트럭 및 오토바이 부품",1376115576,"2,371억원",HKD
02531,GL-Carlink Technology Holding Ltd,57107010,통합 하드웨어 및 소프트웨어,1341756000,"2,312억원",HKD
01526,Rici Healthcare Holdings Ltd,56102010,의료 시설 및 서비스,1341370745,"2,311억원",HKD
01140,Wealthink Ai-innovation Capital Ltd,55102020,투자 관리 및 펀드 운영,1328929977,"2,290억원",HKD
01826,FDB Holdings Ltd,52201020,건설 및 엔지니어링,1270728000,"2,190억원",HKD
01906,Bonny International Holding Ltd,53202020,의류 및 액세서리,1463768091,"2,522억원",HKD
01597,China Nature Energy Technology Holdings Ltd,52102030,전기 부품 및 장비,1457500000,"2,512억원",HKD
09922,Jiumaojiu International Holdings Ltd,53301020,레스토랑 및 바,1371023293,"2,363억원",HKD
02161,JBM (Healthcare) Ltd,56201040,제약,1352190000,"2,330억원",HKD
03718,Beijing Enterprises Urban Resources Group Ltd,52203010,환경 서비스 및 장비,1351532320,"2,329억원",HKD
08087,China 33 Group Ltd,53302010,광고 및 마케팅,1344600000,"2,317억원",HKD
03658,New Hope Service Holdings Ltd,60101020,부동산 서비스,1343307900,"2,315억원",HKD
09991,Baozun Inc,57201030,온라인 서비스,1343119193,"2,314억원",HKD
01466,Baijin Life Science Holdings Ltd,53202020,의류 및 액세서리,1342445882,"2,313억원",HKD
08370,Zhi Sheng Group Holdings Ltd,52203060,비즈니스 지원 용품,1338269638,"2,306억원",HKD
01599,Beijing Urban Construction Design & Development Group Co Ltd Class H,52201020,건설 및 엔지니어링,1328439950,"2,289억원",HKD
01588,Chanjet Information Technology Co Ltd Class H,57201020,소프트웨어,1324196037,"2,282억원",HKD
02566,Hangzhou Jiuyuan Genetic Biopharmaceutical Co Ltd Class H,56201040,제약,1319034200,"2,273억원",HKD
02512,Cloud Factory Technology Holdings Ltd,57201010,IT 서비스 및 컨설팅,1318262000,"2,272억원",HKD
01973,Tian Tu Capital Co Ltd Class H,55102020,투자 관리 및 펀드 운영,1316759109,"2,269억원",HKD
01660,Seven Elements Investment Holdings Ltd,60101020,부동산 서비스,1313340000,"2,263억원",HKD
08049,Jilin Province Huinan Changlong Bio-pharmacy Co Ltd Class H,56201040,제약,1310985000,"2,259억원",HKD
02535,WK Group (Holdings) Ltd,51201020,철 및 강철,1310000000,"2,257억원",HKD
02283,TK Group (Holdings) Ltd,52102010,산업용 기계 및 장비,1308218200,"2,254억원",HKD
08476,Ocean One Holding Ltd,54301020,식품 소매 및 유통,1307600000,"2,253억원",HKD
00542,China Cultural Tourism and Agriculture Group Ltd,60101010,"부동산 임대, 개발 및 운영",1301291187,"2,242억원",HKD
03329,BOCOM International Holdings Co Ltd,55102010,투자 은행 및 중개 서비스,1298836200,"2,238억원",HKD
00686,Beijing Energy International Holding Co Ltd,59101010,전력 유틸리티,1297330021,"2,236억원",HKD
01977,Analogue Holdings Ltd,52201020,건설 및 엔지니어링,1288000000,"2,219억원",HKD
00951,Chaowei Power Holdings Ltd,53101020,"자동차, 트럭 및 오토바이 부품",1280787296,"2,207억원",HKD
01231,Newton Resources Ltd,51201020,철 및 강철,1280000000,"2,206억원",HKD
01200,Midland Holdings Ltd,60101020,부동산 서비스,1279659369,"2,205억원",HKD
01358,PW Medtech Group Ltd,56101020,"의료 장비, 물품 및 유통",1275584577,"2,198억원",HKD
00321,Texwinca Holdings Ltd,53202010,직물 및 가죽제품,1271160416,"2,190억원",HKD
09990,Archosaur Games Inc,57201030,온라인 서비스,1268571599,"2,186억원",HKD
00474,Aceso Life Science Group Ltd,52102020,중장비 및 차량,1266712133,"2,183억원",HKD
01027,Asia Strategy Digit Technology Holdings Ltd,53202020,의류 및 액세서리,1254737750,"2,162억원",HKD
09981,Shenzhen Woer Heat-shrinkable Material Co.  Ltd Class H,57104010,전자 장비 및 부품,1247300208,"2,149억원",HKD
01382,Pacific Textiles Holdings Ltd,53202010,직물 및 가죽제품,1244775010,"2,145억원",HKD
01065,Tianjin Capital Environmental Protection Group Co Ltd Class H,59103010,수자원 유틸리티,1241000000,"2,138억원",HKD
09869,Helens International Holdings Co Ltd,53301020,레스토랑 및 바,1239702474,"2,136억원",HKD
02613,ContiOcean Environment Tech Group Co Ltd Class H,52102010,산업용 기계 및 장비,1236000000,"2,130억원",HKD
02559,Dida Inc,52406020,지상 및 해상 여객 운송,1231538813,"2,122억원",HKD
01372,China Carbon Neutral Development Group Ltd,52201020,건설 및 엔지니어링,1230500784,"2,120억원",HKD
00568,Shandong Molong Petroleum Machinery Co Ltd Class H,50103020,오일 관련 서비스 및 장비,1228668928,"2,117억원",HKD
06036,Apex Ace Holding Ltd,52102030,전기 부품 및 장비,1225625400,"2,112억원",HKD
02150,Nayuki Holdings Ltd,53301020,레스토랑 및 바,1219682261,"2,102억원",HKD
00306,Kwoon Chung Bus Holdings Ltd,52406020,지상 및 해상 여객 운송,1215780947,"2,095억원",HKD
02465,Jiangsu Lopal Tech Group Co Ltd Class H,51101010,상품 화학,1212975000,"2,090억원",HKD
09663,Sino-Synergy Hydrogen Energy Technology Jiaxing Co Ltd Class H,50201010,재생 가능 에너지 장비 및 서비스,1208709881,"2,083억원",HKD
01061,Essex Bio-Technology Ltd,56201040,제약,1206091390,"2,078억원",HKD
00838,EVA Precision Industrial Holdings Ltd,52102010,산업용 기계 및 장비,1202654271,"2,072억원",HKD
00691,China Shanshui Cement Group Ltd,51202010,건설 자재,1197340713,"2,063억원",HKD
09909,Powerlong Commercial Management Holdings Ltd,60101020,부동산 서비스,1195794000,"2,061억원",HKD
00978,China Merchants Land Ltd,60101010,"부동산 임대, 개발 및 운영",1191977660,"2,054억원",HKD
03989,Capital Environment Holdings Ltd,52203010,환경 서비스 및 장비,1186462853,"2,045억원",HKD
01635,Shanghai Dazhong Public Utilities Group Co Ltd Class H,59102010,천연가스 유틸리티,1184687460,"2,041억원",HKD
00465,Futong Technology Development Holdings Ltd,57106010,컴퓨터 하드웨어,1183147930,"2,039억원",HKD
01046,Universe Entertainment and Culture Group Company Ltd,53302030,엔터테인먼트 제작,1178621959,"2,031억원",HKD
00687,Tysan Holdings Ltd,52201020,건설 및 엔지니어링,1178112498,"2,030억원",HKD
09616,Neutech Group Ltd,63102010,"초, 중, 고등 교육기관",1176119918,"2,027억원",HKD
00719,Shandong Xinhua Pharmaceutical Co Ltd Class H,56201040,제약,1174875000,"2,025억원",HKD
09978,Fineland Living Services Group Ltd,60101020,부동산 서비스,1152000000,"1,985억원",HKD
06067,Shenzhen Senior Technology Material Co Ltd Class H,51101010,상품 화학,1129650043,"1,947억원",HKD
00894,Man Yue Technology Holdings Ltd,57104010,전자 장비 및 부품,1085665395,"1,871억원",HKD
01935,JH Educational Technology INC,63102010,"초, 중, 고등 교육기관",1192618350,"2,055억원",HKD
02175,China General Education Group Ltd,63102010,"초, 중, 고등 교육기관",1187964950,"2,047억원",HKD
00842,Leoch International Technology Ltd,52102030,전기 부품 및 장비,1182286757,"2,037억원",HKD
01765,XJ International Holdings Co Ltd,63101010,기타 교육 서비스 제공,1170981379,"2,018억원",HKD
02265,Hongcheng Environmental Technology Co Ltd,52203010,환경 서비스 및 장비,1170000000,"2,016억원",HKD
01969,China Chunlai Education Group Co Ltd,63101010,기타 교육 서비스 제공,1158000000,"1,995억원",HKD
01122,Qingling Motors Co Ltd Class H,53101010,자동차 및 트럭 제조,1154254745,"1,989억원",HKD
00314,Sipai Health Technology Co  Ltd,54301010,의약품 소매,1153281241,"1,987억원",HKD
01601,Zhongguancun Science-Tech Leasing Co Ltd Class H,55101050,기업 금융 서비스,1138646910,"1,962억원",HKD
01471,Zhongmiao Holdings Qingdao Co Ltd Class H,55301010,복합보험 및 중개인,1136624580,"1,959억원",HKD
02317,Vedan International (Holdings) Ltd,54102020,식품 가공,1134442790,"1,955억원",HKD
09611,Shanghai Longcheer Technology Co Ltd Class H,57106020,전화 및 소형 장치,1133974296,"1,954억원",HKD
01142,Eandp Global Holdings Ltd,50102030,"오일, 가스 정제 및 마케팅",1128262282,"1,944억원",HKD
09609,Hebei Haiwei Electronic New Material Technology Co Ltd Class H,57104010,전자 장비 및 부품,1126485409,"1,941억원",HKD
02501,Maiyue Technology Ltd,57201010,IT 서비스 및 컨설팅,1126058570,"1,940억원",HKD
01981,Cathay Group Holdings Inc,63101010,기타 교육 서비스 제공,1125357160,"1,939억원",HKD
02218,Yantai North Andre Juice Co Ltd Class H,54101030,무알콜 음료,1121231600,"1,932억원",HKD
00095,LVGEM (China) Real Estate Investment Co Ltd,60101010,"부동산 임대, 개발 및 운영",1120022898,"1,930억원",HKD
03886,Town Health International Medical Group Ltd,56102010,의료 시설 및 서비스,1117631205,"1,926억원",HKD
01503,China Merchants Commercial Real Estate Invt Trust,60102020,상업용 REITs,1116541354,"1,924억원",HKD
01228,CANbridge Pharmaceuticals Inc.,56201040,제약,1111765425,"1,916억원",HKD
01697,Shandong International Trust Co Ltd Class H,55102020,투자 관리 및 펀드 운영,1104147450,"1,903억원",HKD
01449,Leader Education Ltd,63101010,기타 교육 서비스 제공,1104000000,"1,902억원",HKD
00563,Shanghai Industrial Urban Development Group Ltd,60101010,"부동산 임대, 개발 및 운영",1099495493,"1,895억원",HKD
01903,JBB Builders International Ltd,51202010,건설 자재,1097500000,"1,891억원",HKD
02153,Tat Hong Equipment Service Co Ltd,52201020,건설 및 엔지니어링,1096858975,"1,890억원",HKD
01593,Chen Lin Education Group Holdings Ltd,63101010,기타 교육 서비스 제공,1092058000,"1,882억원",HKD
02495,Voicecomm International Ltd Class H,57201010,IT 서비스 및 컨설팅,1090624123,"1,879억원",HKD
02399,China Anchu Energy Storage Group Ltd,53101020,"자동차, 트럭 및 오토바이 부품",1089275170,"1,877억원",HKD
00305,Wuling Motors Holdings Ltd,53101020,"자동차, 트럭 및 오토바이 부품",1088393240,"1,876억원",HKD
00103,Shougang Century Holdings Ltd,51201020,철 및 강철,1086943076,"1,873억원",HKD
02543,Dahon Tech (Shenzhen) Co Ltd Class H,53205020,오락용 제품,1085966414,"1,871억원",HKD
02279,Yonghe Medical Group Co.  Ltd.,56102010,의료 시설 및 서비스,1084588419,"1,869억원",HKD
06745,Befar Group Co Ltd Class H,51101010,상품 화학,1077505560,"1,857억원",HKD
08115,Qingda Oriental Group Co Ltd Class H,52102010,산업용 기계 및 장비,1077150000,"1,856억원",HKD
09908,Jiaxing Gas Group Co Ltd Class H,59102010,천연가스 유틸리티,1075187100,"1,853억원",HKD
06100,Tongdao Liepin Group,52203030,고용 서비스,1072923495,"1,849억원",HKD
01702,Dongguang Chemical Ltd,51101020,농화학제,1071128400,"1,846억원",HKD
00595,AV Concept Holdings Ltd,57101010,반도체,1069196628,"1,842억원",HKD
02667,Beijing Tong Ren Tang Healthcare Investment Co Ltd Class H,56102010,의료 시설 및 서비스,1068005902,"1,840억원",HKD
01463,C-Link Squared Ltd,57201020,소프트웨어,1063473054,"1,833억원",HKD
06603,IFBH Ltd,54101030,무알콜 음료,1061759780,"1,830억원",HKD
06086,Fangzhou Inc,54301010,의약품 소매,1059868070,"1,826억원",HKD
01613,Synertone Communication Corp,57201010,IT 서비스 및 컨설팅,1059746499,"1,826억원",HKD
02789,Yuanda China Holdings Ltd,53203020,건설 자재 및 비품,1055484780,"1,819억원",HKD
00635,Playmates Holdings Ltd,53205010,장난감 및 어린이 제품,1054680000,"1,817억원",HKD
01539,Unity Group Holdings International Ltd,52102030,전기 부품 및 장비,1043903816,"1,799억원",HKD
01786,Crcc High-Tech Equipment Corp Ltd Class H,52102020,중장비 및 차량,1041120540,"1,794억원",HKD
01483,Net A Go Technology Co Ltd,52203010,환경 서비스 및 장비,1036604250,"1,786억원",HKD
01450,Be Friends Holding Ltd,57201030,온라인 서비스,1032420075,"1,779억원",HKD
03838,China Starch Holdings Ltd,54102020,식품 가공,1029462668,"1,774억원",HKD
01881,Regal Real Estate Investment Trust REIT Units,60102040,특수 REITs,1026090825,"1,768억원",HKD
00638,Fibocom Wireless Inc. Class H,57102010,통신 및 네트워킹,1024583317,"1,766억원",HKD
02691,Nanhua Futures Co Ltd Class H,55102010,투자 은행 및 중개 서비스,1016166091,"1,751억원",HKD
09857,Linmon Media Ltd,53302030,엔터테인먼트 제작,1013483957,"1,746억원",HKD
02865,Hainan Drinda New Energy Technology Co Ltd Class H,50201010,재생 가능 에너지 장비 및 서비스,1008363604,"1,738억원",HKD
03309,C-Mer Medical Holdings Ltd,56102010,의료 시설 및 서비스,996450568,"1,717억원",HKD
01716,Most Kwai Chung Ltd,52203020,상업 인쇄 서비스,966600000,"1,666억원",HKD
00798,China Electronics Optics Valley Union Holding Co Ltd,60101010,"부동산 임대, 개발 및 운영",963112800,"1,660억원",HKD
00488,Lai Sun Development Co Ltd,60101010,"부동산 임대, 개발 및 운영",937397095,"1,615억원",HKD
02126,JW (Cayman) Therapeutics Co Ltd,56202010,생명 공학 및 의학 연구,1187789863,"2,047억원",HKD
00745,China National Culture Group Ltd,57201030,온라인 서비스,1066367375,"1,838억원",HKD
01536,Yuk Wing Group Holdings Ltd,51201070,채굴 지원 서비스 및 장비,1048800000,"1,807억원",HKD
00804,Pinestone Capital Ltd,55102010,투자 은행 및 중개 서비스,1032000195,"1,778억원",HKD
00156,Lippo China Resources Ltd,54102020,식품 가공,1010560398,"1,741억원",HKD
03773,Yinsheng Digifavor Co Ltd,57401020,무선 통신 서비스,1008450000,"1,738억원",HKD
02493,Mabwell (Shanghai) Bioscience Co.  Ltd. Class H,56202010,생명 공학 및 의학 연구,1007643676,"1,736억원",HKD
02692,Shenzhen Zhaowei Machinery & Electronics Co Ltd Class H,52102010,산업용 기계 및 장비,1007525620,"1,736억원",HKD
06661,Huzhou Gas Co Ltd Class H,59102010,천연가스 유틸리티,1002423203,"1,727억원",HKD
02503,Zhongshen Jianye Holding Ltd,52201020,건설 및 엔지니어링,995526817,"1,715억원",HKD
02251,Beijing Airdoc Technology Co Ltd Class H,56101010,첨단 의료 장비 및 기술,995086064,"1,715억원",HKD
09886,Dingdang Health Technology Group Ltd,54301010,의약품 소매,988431118,"1,703억원",HKD
09939,Kintor Pharmaceutical Ltd,56202010,생명 공학 및 의학 연구,987346998,"1,701억원",HKD
02180,Manpowergroup Greater China Ltd,52203030,고용 서비스,985648750,"1,698억원",HKD
00511,TVB Ltd,53302020,방송,985289474,"1,698억원",HKD
02603,Xiamen Jihong Co Ltd Class H,57201030,온라인 서비스,983793495,"1,695억원",HKD
01180,Paradise Entertainment Ltd,53301030,카지노 및 도박,978532343,"1,686억원",HKD
01003,Huanxi Media Group Ltd,53302030,엔터테인먼트 제작,977656611,"1,685억원",HKD
00212,Nanyang Holdings Ltd,55601010,투자 지주 회사,976232790,"1,682억원",HKD
09960,Kindstar Globalgene Technology Inc,56102010,의료 시설 및 서비스,970124312,"1,672억원",HKD
00383,Tian An Medicare Ltd,56102010,의료 시설 및 서비스,970109239,"1,672억원",HKD
02477,WellCell Holdings Co Ltd,57401010,통합 통신 서비스,963996000,"1,661억원",HKD
03399,Guangdong Yueyun Transportation Co Ltd Class H,52406020,지상 및 해상 여객 운송,959817360,"1,654억원",HKD
00057,Chen Hsong Holdings Ltd,52102010,산업용 기계 및 장비,958453632,"1,652억원",HKD
03303,Jutal Offshore Oil Services Ltd,50103020,오일 관련 서비스 및 장비,958201585,"1,651억원",HKD
02001,China New Higher Education Group Ltd,63102010,"초, 중, 고등 교육기관",956391765,"1,648억원",HKD
00374,Four Seas Mercantile Holdings Ltd,54102020,식품 가공,950069100,"1,637억원",HKD
00093,Zero Fintech Group Ltd,55101030,소비자 대출,947013283,"1,632억원",HKD
06117,Rizhao Port Jurong Co Ltd Class H,52407020,항만 운영 및 서비스,946200000,"1,630억원",HKD
01696,Sisram Medical Ltd,56101010,첨단 의료 장비 및 기술,946053046,"1,630억원",HKD
02130,CN Logistics International Holdings Ltd,52405010,"배달, 우편, 항공 화물 및 육상 물류",943535460,"1,626억원",HKD
01525,Shanghai Gench Education Group Ltd,63101010,기타 교육 서비스 제공,942050000,"1,623억원",HKD
00196,Honghua Group Ltd,50103020,오일 관련 서비스 및 장비,940210872,"1,620억원",HKD
02327,Meilleure Health International Industry Group Ltd,56201040,제약,932732026,"1,607억원",HKD
00536,TradeLink Electronic Commerce Ltd,57201010,IT 서비스 및 컨설팅,931388701,"1,605억원",HKD
00609,Tiande Chemical Holdings Ltd,51101010,상품 화학,931123080,"1,605억원",HKD
00451,Dynasty Digital Holdings Ltd,59101010,전력 유틸리티,930858036,"1,604억원",HKD
08540,Victory Securities (Holdings) Co Ltd,55101030,소비자 대출,928571872,"1,600억원",HKD
02458,Gala Technology Holding Ltd,57201020,소프트웨어,927615832,"1,598억원",HKD
01986,Tsaker New Energy Tech Co Ltd,51101030,특수 화학제,924329698,"1,593억원",HKD
00815,China Silver Group Ltd,51201010,금 제외 귀금속 및 광물,923442989,"1,591억원",HKD
02431,Minieye Technology Co Ltd Class H,53101020,"자동차, 트럭 및 오토바이 부품",921955369,"1,589억원",HKD
00353,Energy International Investments Holdings Ltd,50102030,"오일, 가스 정제 및 마케팅",920269857,"1,586억원",HKD
09639,Wing Lee Development Construction Holdings Ltd,59101010,전력 유틸리티,920000000,"1,585억원",HKD
00716,Singamas Container Holdings Ltd,51302010,용기(종이 제외) 및 포장재,917149278,"1,580억원",HKD
01127,Lion Rock Group Ltd,52203020,상업 인쇄 서비스,916300000,"1,579억원",HKD
01204,BoardWare Intelligence Technology Ltd,57201010,IT 서비스 및 컨설팅,910000000,"1,568억원",HKD
02661,QingSong Health Corp,56101010,첨단 의료 장비 및 기술,905358488,"1,560억원",HKD
00818,Hi Sun Technology (China) Ltd,52102030,전기 부품 및 장비,902470996,"1,555억원",HKD
00157,Natural Beauty Bio-Technology Ltd,54201020,개인 생활 필수 용품,900945419,"1,553억원",HKD
02098,Zall Smart Commerce Group Ltd,60101010,"부동산 임대, 개발 및 운영",892764418,"1,538억원",HKD
02550,Easou Technology Holdings Ltd,57201030,온라인 서비스,885521391,"1,526억원",HKD
00538,Ajisen (China) Holdings Ltd,53301020,레스토랑 및 바,878688750,"1,514억원",HKD
00526,Lisi Group (Holdings) Ltd,51302010,용기(종이 제외) 및 포장재,875558019,"1,509억원",HKD
02881,Wuhan Youji Holdings Ltd,51101010,상품 화학,872355000,"1,503억원",HKD
00255,Lung Kee Group Holdings Ltd,52102010,산업용 기계 및 장비,871760042,"1,502억원",HKD
01726,HKE Holdings Ltd,52201020,건설 및 엔지니어링,867727468,"1,495억원",HKD
09876,Ocean One Holding Ltd,54301020,식품 소매 및 유통,865200000,"1,491억원",HKD
01328,Goldstream Investment Ltd,55102020,투자 관리 및 펀드 운영,824588960,"1,421억원",HKD
00621,Taung Gold International Ltd,51201060,금,816816239,"1,408억원",HKD
01201,Tesson Holdings Ltd,53101020,"자동차, 트럭 및 오토바이 부품",923338979,"1,591억원",HKD
02483,K Cash Corp Ltd,55101030,소비자 대출,874500000,"1,507억원",HKD
01349,Shanghai Fudan-Zhangjiang Bio-Pharmaceutical Co Ltd Class H,56201040,제약,873680000,"1,506억원",HKD
00266,Tian Teck Land Ltd,60101010,"부동산 임대, 개발 및 운영",873506556,"1,505억원",HKD
00505,Xingye Alloy Materials Group Ltd,51201050,특수 채굴 및 금속,872571428,"1,504억원",HKD
02581,BenQ BM Holding Cayman Corp,56102010,의료 시설 및 서비스,871886278,"1,502억원",HKD
08220,Bingo Group Holdings Ltd,53301040,여가 및 오락시설,867649597,"1,495억원",HKD
00623,Golden Bridge Group Holdings Ltd,53302010,광고 및 마케팅,864490226,"1,490억원",HKD
00554,Hans Group Holdings Ltd,50102030,"오일, 가스 정제 및 마케팅",864304616,"1,489억원",HKD
02136,Lifestyle China Group Ltd,53402010,백화점,864024615,"1,489억원",HKD
01346,Lever Style Corp,53202020,의류 및 액세서리,862785000,"1,487억원",HKD
02030,Cabbeen Fashion Ltd,53202020,의류 및 액세서리,862484970,"1,486억원",HKD
01161,Water Oasis Group Ltd,53403090,기타 전문 소매,860899246,"1,484억원",HKD
09989,Shenzhen Hepalink Pharmaceutical Group Co Ltd Class H,56201040,제약,856167605,"1,475억원",HKD
00131,Cheuk Nang Holdings Ltd,60101010,"부동산 임대, 개발 및 운영",855006583,"1,473억원",HKD
01057,Zhejiang Shibao Co Ltd Class H,53101020,"자동차, 트럭 및 오토바이 부품",854132900,"1,472억원",HKD
02551,APT Electronics Co Ltd Class H,57104010,전자 장비 및 부품,854063267,"1,472억원",HKD
01410,Edvance International Holdings Ltd,57201010,IT 서비스 및 컨설팅,853210865,"1,470억원",HKD
01731,Prosperous Industrial (Holdings) Ltd,53202020,의류 및 액세서리,851200000,"1,467억원",HKD
03991,Changhong Jiahua Holdings Ltd,57106030,가정용 전자 제품,850971420,"1,466억원",HKD
00655,Hongkong Chinese Ltd,60101010,"부동산 임대, 개발 및 운영",849269041,"1,463억원",HKD
08095,Beijing Beida Jade Bird Universal Sci-Tech Co Ltd Class H,51201020,철 및 강철,848099840,"1,461억원",HKD
00611,China Nuclear Energy Technology Corp Ltd,52201020,건설 및 엔지니어링,842676809,"1,452억원",HKD
01187,Cofoe Medical Technology Co Ltd Class H,56101020,"의료 장비, 물품 및 유통",842400000,"1,452억원",HKD
00533,Goldlion Holdings Ltd,53202020,의류 및 액세서리,842375090,"1,452억원",HKD
09686,Xikang Cloud Hospital Holdings Inc,56102010,의료 시설 및 서비스,841877805,"1,451억원",HKD
01820,Pacific Millennium Packaging Group Corp,51302020,종이 포장재,841769600,"1,451억원",HKD
01090,Da Ming International Holdings Ltd,51201020,철 및 강철,841188480,"1,450억원",HKD
02443,Autostreets Development Ltd,53403010,"자동차 차량, 부품 및 서비스 소매",840989052,"1,449억원",HKD
00873,Shimao Services Holdings Ltd,60101020,부동산 서비스,839178820,"1,446억원",HKD
02701,Nsing Technologies Inc Class H,57101010,반도체,836950000,"1,442억원",HKD
08017,TradeGo FinTech Ltd,57301010,핀테크,833002856,"1,435억원",HKD
00128,ENM Holdings Ltd,53403040,의류 및 액세서리 소매,825329338,"1,422억원",HKD
00618,Peking University Resources (Holdings) Company Ltd,57106010,컴퓨터 하드웨어,821225184,"1,415억원",HKD
00472,New Silkroad Holding Group Ltd,60101010,"부동산 임대, 개발 및 운영",819860361,"1,413억원",HKD
00418,Founder Holdings Ltd,57201010,IT 서비스 및 컨설팅,818891985,"1,411억원",HKD
01586,China Leon Inspection Holding Ltd,52203040,경영 지원 서비스,818352781,"1,410억원",HKD
00237,Safety Godown Co Ltd,60101010,"부동산 임대, 개발 및 운영",814050000,"1,403억원",HKD
00711,Asia Allied Infrastructure Holdings Ltd,52201020,건설 및 엔지니어링,810881150,"1,397억원",HKD
00993,XinKong International Capital Holdings Ltd,55102020,투자 관리 및 펀드 운영,809991499,"1,396억원",HKD
03268,MeiG Smart Technology Co Ltd Class H,57102010,통신 및 네트워킹,809025000,"1,394억원",HKD
00184,Keck Seng Investments Hong Kong Ltd,53301010,"호텔, 모텔 및 크루즈 라인",804573000,"1,386억원",HKD
08371,Taste . Gourmet Group Ltd,53301020,레스토랑 및 바,803688900,"1,385억원",HKD
08450,EDICO Holdings Ltd,52203020,상업 인쇄 서비스,800000000,"1,379억원",HKD
00419,Hony Media Group,57201030,온라인 서비스,799505252,"1,378억원",HKD
00664,Hangzhou Tongshifu Cultural and Creative (Group) Co Ltd Class H,53403030,가정용 가구 소매,798644320,"1,376억원",HKD
06820,FriendTimes Inc,57201020,소프트웨어,796010250,"1,372억원",HKD
06828,Beijing Gas Blue Sky Holdings Ltd,59102010,천연가스 유틸리티,795764015,"1,371억원",HKD
01528,Red Star Macalline Group Corp Ltd Class H,53403020,주택 개조 제품 및 서비스 소매,793175628,"1,367억원",HKD
06829,Dragon Rise Group Holdings Ltd,52201020,건설 및 엔지니어링,790560000,"1,362억원",HKD
02381,SMC Electric Ltd,52102030,전기 부품 및 장비,790000000,"1,361억원",HKD
02560,Anhui Conch Material Technology Co Ltd Class H,51202010,건설 자재,788655840,"1,359억원",HKD
02167,TI Cloud Inc,57201020,소프트웨어,783679408,"1,350억원",HKD
01137,Hong Kong Technology Venture Co Ltd,57201030,온라인 서비스,783559043,"1,350억원",HKD
01029,IRC Ltd,51201020,철 및 강철,776353767,"1,338억원",HKD
00829,Shenguan Holdings (Group) Ltd,54102020,식품 가공,775315200,"1,336억원",HKD
00264,China International Development Corporation Ltd,53202010,직물 및 가죽제품,764196160,"1,317억원",HKD
00370,Hong Kong Robotics Group Holding Limited,52201020,건설 및 엔지니어링,755145357,"1,301억원",HKD
02570,Shanghai REFIRE Group Ltd Class H,52102030,전기 부품 및 장비,735769374,"1,268억원",HKD
00377,China Huajun Group Ltd,51101010,상품 화학,395607806,682억원,HKD
00627,Vision Synergy Holdings Ltd,60101010,"부동산 임대, 개발 및 운영",823990492,"1,420억원",HKD
00360,New Focus Auto Tech Holdings Ltd,53101020,"자동차, 트럭 및 오토바이 부품",774762676,"1,335억원",HKD
06939,Megain Holding (Cayman) Co Ltd,57101010,반도체,771900000,"1,330억원",HKD
00420,Fountain Set Holdings Ltd,53202010,직물 및 가죽제품,771766985,"1,330억원",HKD
01262,Labixiaoxin Snacks Group Ltd,54102020,식품 가공,769190576,"1,325억원",HKD
00239,Pak Fah Yeow International Ltd,56201040,제약,766634400,"1,321억원",HKD
01985,Microware Group Ltd,57201010,IT 서비스 및 컨설팅,765935000,"1,320억원",HKD
02146,Roiserv Lifestyle Services Co Ltd Class H,60101020,부동산 서비스,765160000,"1,319억원",HKD
00493,GOME Retail Holdings Ltd,53403050,컴퓨터 및 전자 제품 소매,764283719,"1,317억원",HKD
02473,XXF Group Holdings Ltd,55101030,소비자 대출,761062500,"1,311억원",HKD
02100,Baioo Family Interactive Ltd,57201030,온라인 서비스,756994230,"1,304억원",HKD
01846,Euroeyes International Eye Clinic Ltd,56102010,의료 시설 및 서비스,756866160,"1,304억원",HKD
00553,Nanjing Panda Electronics Co Ltd Class H,57104010,전자 장비 및 부품,756250000,"1,303억원",HKD
01931,Ethk Labs Inc,56101020,"의료 장비, 물품 및 유통",754015875,"1,299억원",HKD
02481,SL Gemini Energy Co Ltd Class H,59103010,수자원 유틸리티,754000000,"1,299억원",HKD
01858,Beijing Chunlizhengda Medical Instruments Co Ltd Class H,56101020,"의료 장비, 물품 및 유통",752561355,"1,297억원",HKD
02372,WEIli Holdings Ltd,51301020,종이 제품,752000000,"1,296억원",HKD
01520,Virtual Mind Holding Co Ltd,53202020,의류 및 액세서리,749990894,"1,292억원",HKD
01627,Able Engineering Holdings Ltd,52201020,건설 및 엔지니어링,740000000,"1,275억원",HKD
00676,Pegasus International Holdings Ltd,53202030,제화,737956500,"1,272억원",HKD
00898,Multifield International Holdings Ltd,60101010,"부동산 임대, 개발 및 운영",735745312,"1,268억원",HKD
01121,Golden Solar New Energy Technology Holdings Ltd,53202030,제화,731222451,"1,260억원",HKD
03836,China Harmony Auto Holding Ltd,53403010,"자동차 차량, 부품 및 서비스 소매",731167045,"1,260억원",HKD
00610,Wai Kee Holdings Ltd,52201020,건설 및 엔지니어링,729674111,"1,257억원",HKD
02469,Fenbi Ltd,63101010,기타 교육 서비스 제공,729298690,"1,257억원",HKD
01085,Hengxin Technology Ltd,52102030,전기 부품 및 장비,726336000,"1,252억원",HKD
02530,Numans Health Food Holdings Co Ltd,54102020,식품 가공,725000000,"1,249억원",HKD
01502,Financial Street Property Co Ltd Class H,60101020,부동산 서비스,724590000,"1,249억원",HKD
01119,iDreamSky Technology Holdings Ltd,57201030,온라인 서비스,724560561,"1,249억원",HKD
00528,Kingdom Holdings Ltd,53202010,직물 및 가죽제품,724129700,"1,248억원",HKD
02671,USAS Building System (Shanghai) Co Ltd Class H,52201020,건설 및 엔지니어링,723300030,"1,246억원",HKD
01036,Vanke Overseas Investment Holding Co Ltd,60101010,"부동산 임대, 개발 및 운영",722574314,"1,245억원",HKD
01425,Justin Allen Holdings Ltd,53202020,의류 및 액세서리,718750000,"1,239억원",HKD
00640,Infinity Development Holdings Company Ltd,51101030,특수 화학제,718218420,"1,238억원",HKD
06676,ZG Group,51201020,철 및 강철,718058013,"1,237억원",HKD
01538,Zhong Ao Home Group Ltd,60101020,부동산 서비스,717822000,"1,237억원",HKD
00950,Lee's Pharmaceutical Holdings Ltd,56201040,제약,712490765,"1,228억원",HKD
03383,Agile Group Holdings Ltd,60101010,"부동산 임대, 개발 및 운영",711492698,"1,226억원",HKD
01577,Quanzhou Huixin Micro-credit Co Ltd Class H,55101050,기업 금융 서비스,707200000,"1,219억원",HKD
08198,Crypto Flow Technology Ltd,52203040,경영 지원 서비스,705806328,"1,216억원",HKD
00603,China Oil and Gas Group Ltd,59102010,천연가스 유틸리티,704600479,"1,214억원",HKD
02120,Wenzhou Kangning Hospital Co Ltd Class H,56102010,의료 시설 및 서비스,702583018,"1,211억원",HKD
02567,Qiniu Ltd,57201010,IT 서비스 및 컨설팅,701232096,"1,208억원",HKD
00217,China Chengtong Development Group Ltd,51201020,철 및 강철,697862300,"1,203억원",HKD
08321,Tai Kam Holdings Ltd,52201020,건설 및 엔지니어링,697320000,"1,202억원",HKD
01152,Momentum Financial Holdings Ltd,54301020,식품 소매 및 유통,696430092,"1,200억원",HKD
01878,SouthGobi Resources Ltd,50101010,석탄,692927169,"1,194억원",HKD
01011,China NT Pharma Group Co Ltd,56201040,제약,691676981,"1,192억원",HKD
02011,Gilston Group Ltd,53202020,의류 및 액세서리,689397360,"1,188억원",HKD
01118,Golik Holdings Ltd,51202010,건설 자재,689253754,"1,188억원",HKD
02068,China Aluminum International Engineering Corp Ltd Class H,52201020,건설 및 엔지니어링,689096100,"1,187억원",HKD
03650,Keep Inc,57201030,온라인 서비스,689063848,"1,187억원",HKD
01980,Tian Ge Interactive Holdings Ltd,57201030,온라인 서비스,685633300,"1,181억원",HKD
01238,Powerlong Real Estate Holdings Ltd,60101010,"부동산 임대, 개발 및 운영",683166495,"1,177억원",HKD
01278,China New Town Development Co Ltd,60101010,"부동산 임대, 개발 및 운영",680837249,"1,173억원",HKD
01244,3D Medicines Inc,56201040,제약,673841970,"1,161억원",HKD
01461,ZHONGTAI FUTURES Company Limited Class H,55102010,투자 은행 및 중개 서비스,671273000,"1,157억원",HKD
06898,China Aluminum Cans Holdings Ltd,51302010,용기(종이 제외) 및 포장재,668394710,"1,152억원",HKD
00205,BFB Health Ltd,53302010,광고 및 마케팅,650631329,"1,121억원",HKD
02587,HealthyWay Inc,56102010,의료 시설 및 서비스,638218049,"1,100억원",HKD
00224,Pioneer Global Group Ltd,60101010,"부동산 임대, 개발 및 운영",692423194,"1,193억원",HKD
02407,Gaush Meditech Ltd,56101020,"의료 장비, 물품 및 유통",672889804,"1,160억원",HKD
00206,CM Energy Tech Co Ltd,50103020,오일 관련 서비스 및 장비,671390820,"1,157억원",HKD
01499,OKG Technology Holdings Ltd,52201020,건설 및 엔지니어링,671313750,"1,157억원",HKD
02621,Shouhui Group Ltd,55301030,생명 및 건강 보험,670080656,"1,155억원",HKD
00251,S E A Holdings Ltd,60101010,"부동산 임대, 개발 및 운영",668356226,"1,152억원",HKD
00560,Chu Kong Shipping Enterprises Group Co Ltd,52405020,해양 화물 및 물류,667094297,"1,150억원",HKD
00080,Cai Corp,55102010,투자 은행 및 중개 서비스,665123688,"1,146억원",HKD
00860,Apollo Future Mobility Group Ltd,53101010,자동차 및 트럭 제조,664584759,"1,145억원",HKD
01026,Universal Technologies Holdings Ltd,59103010,수자원 유틸리티,661560000,"1,140억원",HKD
00154,Beijing Enterprises Environment Group Ltd,50201010,재생 가능 에너지 장비 및 서비스,660158466,"1,138억원",HKD
02377,China Boqi Environmental (Holding) Co Ltd,52201020,건설 및 엔지니어링,658244263,"1,134억원",HKD
06959,Changjiu Holdings Ltd,57107010,통합 하드웨어 및 소프트웨어,658030800,"1,134억원",HKD
01285,Jiashili Group Ltd,54102020,식품 가공,657775000,"1,133억원",HKD
00149,China Agri-Products Exchange Ltd,,,656902476,"1,132억원",HKD
01583,Qinqin Foodstuffs Group Cayman Co Ltd,54102020,식품 가공,655785605,"1,130억원",HKD
03348,China PengFei Group Ltd,52102010,산업용 기계 및 장비,655000000,"1,129억원",HKD
01553,Maike Tube Industry Holdings Ltd,51201020,철 및 강철,650700000,"1,121억원",HKD
01141,CMBC Capital Holdings Ltd,55102010,투자 은행 및 중개 서비스,647211529,"1,115억원",HKD
02000,SIM Technology Group Ltd,57106020,전화 및 소형 장치,646309427,"1,114억원",HKD
02138,EC Healthcare,54201030,개인 서비스,645940139,"1,113억원",HKD
01865,Pengo Holdings Group Ltd,52201020,건설 및 엔지니어링,645543855,"1,112억원",HKD
02496,Wuhan YZY Biopharma Co Ltd Class H,56202010,생명 공학 및 의학 연구,639702360,"1,102억원",HKD
02137,Brii Biosciences Ltd,56202010,생명 공학 및 의학 연구,639138252,"1,101억원",HKD
03737,Zhongzhi Pharmaceutical Holdings Ltd,56201040,제약,639064000,"1,101억원",HKD
00727,Sinopros Co Ltd,60101010,"부동산 임대, 개발 및 운영",635922000,"1,096억원",HKD
02350,MTT Group Holdings Ltd,57201020,소프트웨어,634375000,"1,093억원",HKD
00334,China Display Optoelectronics Technology Holdings Ltd,57104010,전자 장비 및 부품,634292379,"1,093억원",HKD
02008,Phoenix Media Investment (Holdings) Ltd,53302020,방송,634194757,"1,093억원",HKD
06922,Cryofocus Medtech (Shanghai) Co Ltd Class H,56101020,"의료 장비, 물품 및 유통",628891850,"1,084억원",HKD
06989,Excellence Commercial Property & Facilities Management Group Ltd,60101020,부동산 서비스,628479220,"1,083억원",HKD
06182,Twintek Investment Holdings Ltd,53203020,건설 자재 및 비품,628000000,"1,082억원",HKD
00884,CIFI Holdings (Group) Co Ltd,60101010,"부동산 임대, 개발 및 운영",622766150,"1,073억원",HKD
00040,Gold Peak Technology Group Ltd,52102030,전기 부품 및 장비,622716796,"1,073억원",HKD
00809,Global Bio-chem Technology Group Co Ltd,51101020,농화학제,621163826,"1,070억원",HKD
00677,Golden Resources Development International Ltd,54301020,식품 소매 및 유통,619553357,"1,068억원",HKD
02051,Vala Inc,53301040,여가 및 오락시설,619394006,"1,067억원",HKD
00163,Emperor International Holdings Ltd,60101010,"부동산 임대, 개발 및 운영",617827672,"1,065억원",HKD
08162,Loco Hong Kong Holdings Ltd,51201050,특수 채굴 및 금속,617076576,"1,063억원",HKD
01022,Feiyu Technology International Company Ltd,57201030,온라인 서비스,612304722,"1,055억원",HKD
01856,Ernest Borel Holdings Ltd,53202020,의류 및 액세서리,610636483,"1,052억원",HKD
00450,Hung Hing Printing Group Ltd,52203020,상업 인쇄 서비스,608269533,"1,048억원",HKD
01082,Bradaverse Education (Int'l) Investments Group Ltd,57106010,컴퓨터 하드웨어,608046880,"1,048억원",HKD
02878,Solomon Systech (International) Ltd,57101010,반도체,606953821,"1,046억원",HKD
02516,FAR International Holdings Group Co Ltd,52405010,"배달, 우편, 항공 화물 및 육상 물류",603720000,"1,040억원",HKD
01529,Yues International Holdings Group Ltd,51302020,종이 포장재,603707400,"1,040억원",HKD
01290,China Huirong Financial Holdings Ltd,55101030,소비자 대출,599684250,"1,033억원",HKD
01203,GDH Guangnan (Holdings) Ltd,51201020,철 및 강철,599011568,"1,032억원",HKD
00351,Asia Energy Logistics Group Ltd,52405020,해양 화물 및 물류,598492573,"1,031억원",HKD
01753,Duiba Group Ltd,57201020,소프트웨어,597636876,"1,030억원",HKD
01853,Jilin Province Chuncheng Heating Co Ltd Class H,59103010,수자원 유틸리티,597376000,"1,029억원",HKD
00256,Citychamp Watch & Jewellery Group Ltd,53202020,의류 및 액세서리,597142908,"1,029억원",HKD
00771,Automated Systems Holdings Ltd,57106010,컴퓨터 하드웨어,595994939,"1,027억원",HKD
06966,China Wan Tong Yuan (Holdings) Ltd,54201030,개인 서비스,595000000,"1,025억원",HKD
06727,Transwarp Technology (Shanghai) Co.  Ltd.,57201020,소프트웨어,594618352,"1,025억원",HKD
01202,Chengdu SIWI Science and Technology Co Ltd Class H,52102030,전기 부품 및 장비,592000000,"1,020억원",HKD
00433,North Mining Shares Co Ltd,51101010,상품 화학,585083475,"1,008억원",HKD
02298,Cosmo Lady (China) Holdings Co Ltd,53202020,의류 및 액세서리,584858875,"1,008억원",HKD
01643,Modern Chinese Medicine Group Co Ltd,56201040,제약,565200000,974억원,HKD
01652,Fusen Pharmaceutical Co Ltd,56201040,제약,558172255,962억원,HKD
02582,Jiangsu Guofu Hydrogen Energy Equipment Co Ltd Class H,52102010,산업용 기계 및 장비,620691031,"1,070억원",HKD
00099,Wong's International Holdings Ltd,57104010,전자 장비 및 부품,614851675,"1,060억원",HKD
02003,VCREDIT Holdings Ltd,57301010,핀테크,606930138,"1,046억원",HKD
03689,Guangdong Kanghua Healthcare Group Co Ltd Class H,56102010,의료 시설 및 서비스,593549350,"1,023억원",HKD
02289,Charmacy Pharmaceutical Co Ltd Class H,56201040,제약,593460000,"1,023억원",HKD
03999,Dachan Food Asia Ltd,54102010,어업 및 농업,589389620,"1,016억원",HKD
00952,Quam Plus International Financial Ltd,55102010,투자 은행 및 중개 서비스,588719676,"1,014억원",HKD
01835,Shanghai Realway Capital Assets Management Co.  Ltd. Class H,55102020,투자 관리 및 펀드 운영,588058900,"1,013억원",HKD
09882,Best Linking Group Holdings Ltd,52102010,산업용 기계 및 장비,588000000,"1,013억원",HKD
00210,Daphne International Holdings Ltd,53202030,제화,583657037,"1,006억원",HKD
02260,Vanov Holdings Co Ltd,53202010,직물 및 가죽제품,580130400,"1,000억원",HKD
00302,CMGE Technology Group Ltd,57201030,온라인 서비스,580015815,999억원,HKD
01669,Global International Credit Group Ltd,55101030,소비자 대출,580000000,999억원,HKD
02453,Concord Healthcare Group Co Ltd Class H,56102010,의료 시설 및 서비스,579909892,999억원,HKD
01442,Infinity Logistics and Transport Ventures Ltd,52405030,지상 화물 및 물류,577920000,996억원,HKD
00537,Rigol Technologies Co Ltd Class H,52102030,전기 부품 및 장비,577395216,995억원,HKD
01084,Green Fresh Biotechnology Co Ltd,54102020,식품 가공,576919200,994억원,HKD
02159,Mediwelcome Healthcare Management & Technology Inc,52203040,경영 지원 서비스,572016000,986억원,HKD
02958,Vision Values Holdings Ltd,52405030,지상 화물 및 물류,569007617,981억원,HKD
01769,Scholar Education Group,63101010,기타 교육 서비스 제공,565976082,975억원,HKD
00225,Pokfulam Development Co Ltd,60101010,"부동산 임대, 개발 및 운영",564118451,972억원,HKD
02502,Henan Jinyuan Hydrogenated Chemicals Co Ltd Class H,51101010,상품 화학,563827600,972억원,HKD
00929,IPE Group Ltd,52102030,전기 부품 및 장비,562955962,970억원,HKD
02392,Xuan Wu Cloud Technology Holdings Ltd,57201030,온라인 서비스,560407590,966억원,HKD
01100,Mainland Headwear Holdings Ltd,53202020,의류 및 액세서리,560059605,965억원,HKD
03300,China Glass Holdings Ltd,51101010,상품 화학,560046569,965억원,HKD
01412,Q P Group Holdings Ltd,53205010,장난감 및 어린이 제품,558600000,963억원,HKD
00279,ARTA TechFin Corporation Ltd,55102010,투자 은행 및 중개 서비스,558210920,962억원,HKD
09919,Activation Group Holdings Ltd,53301040,여가 및 오락시설,557818500,961억원,HKD
00382,Edvantage Group Holdings Ltd,63102010,"초, 중, 고등 교육기관",557566026,961억원,HKD
01108,Triumph New Energy Co Ltd Class H,51101010,상품 화학,555000000,956억원,HKD
03678,Soho Holly Futures Co.  Ltd. Class H,55102010,투자 은행 및 중개 서비스,553085500,953억원,HKD
01402,i-Control Holdings Ltd,57201010,IT 서비스 및 컨설팅,551512500,950억원,HKD
06826,Shanghai Haohai Biological Technology Co Ltd Class H,56101020,"의료 장비, 물품 및 유통",549529372,947억원,HKD
08507,i.century Holding Ltd,53202020,의류 및 액세서리,548000000,944억원,HKD
02779,China Xinhua Education Group Ltd,63102010,"초, 중, 고등 교육기관",546918220,942억원,HKD
08037,China Biotech Services Holdings Ltd,56102010,의료 시설 및 서비스,546409444,942억원,HKD
03828,Ming Fai International Holdings Ltd,54201020,개인 생활 필수 용품,543354396,936억원,HKD
08637,Metasurface Technologies Holdings Ltd,52203040,경영 지원 서비스,542452050,935억원,HKD
01319,Oi Wah Pawnshop Credit Holdings Ltd,55101030,소비자 대출,538806354,928억원,HKD
00052,Fairwood Holdings Ltd,53301020,레스토랑 및 바,538291801,928억원,HKD
01861,Precious Dragon Technology Holdings Ltd,54201010,가정용 제품,538009675,927억원,HKD
02863,Golden Faith Group Holdings Ltd,55601010,투자 지주 회사,537818580,927억원,HKD
01823,Huayu Expressway Group Ltd,54301020,식품 소매 및 유통,537063120,925억원,HKD
00201,Magnificent Hotel Investments Ltd,53301010,"호텔, 모텔 및 크루즈 라인",536823079,925억원,HKD
09689,JTF International Holdings Ltd,50102030,"오일, 가스 정제 및 마케팅",535680000,923억원,HKD
00089,Tai Sang Land Development Ltd,60101010,"부동산 임대, 개발 및 운영",535065597,922억원,HKD
08189,Tianjin TEDA Biomedical Engineering Co Ltd Class H,51101020,농화학제,533475000,919억원,HKD
00869,Playmates Toys Ltd,53205010,장난감 및 어린이 제품,533450000,919억원,HKD
00979,Green Energy Group Ltd,50201020,재생 가능 연료,532391928,917억원,HKD
01274,iMotion Automotive Technology (Suzhou) Co.  Ltd. Class H,53101020,"자동차, 트럭 및 오토바이 부품",530111761,913억원,HKD
02337,United Strength Power Holdings Ltd,59102010,천연가스 유틸리티,529920330,913억원,HKD
02573,Newtrend Group Holding Co Ltd Class H,54102020,식품 가공,528309475,910억원,HKD
08188,GME Group Holdings Ltd,52201020,건설 및 엔지니어링,526740240,908억원,HKD
00987,China Renewable Energy Investment Ltd,59101010,전력 유틸리티,526293067,907억원,HKD
02500,Venus Medtech (Hangzhou) Inc Class H,56101020,"의료 장비, 물품 및 유통",520393503,897억원,HKD
00464,China In-Tech Ltd,53204030,"가전제품, 도구 및 가정 용품",518025770,893억원,HKD
06919,Renrui Human Resources Technology Holdings Ltd,52203030,고용 서비스,517077008,891억원,HKD
01271,Grand Ming Group Holdings Ltd,60101010,"부동산 임대, 개발 및 운영",497077821,857억원,HKD
00852,Strong Petrochemical Holdings Ltd,50102030,"오일, 가스 정제 및 마케팅",496867197,856억원,HKD
01925,Kwung's Aroma Holdings Ltd,54201010,가정용 제품,530605020,914억원,HKD
02281,Luzhou Xinglu Water (Group) Co Ltd Class H,59103010,수자원 유틸리티,528721650,911억원,HKD
00018,Oriental Media Group Ltd,52405030,지상 화물 및 물류,520348184,897억원,HKD
02536,Palasino Holdings Ltd,53301010,"호텔, 모텔 및 크루즈 라인",520253130,897억원,HKD
01790,TIL Enviro Ltd,59103010,수자원 유틸리티,520000000,896억원,HKD
06113,BitStrat Holdings Ltd,53302010,광고 및 마케팅,520000000,896억원,HKD
00458,Tristate Holdings Ltd,53202020,의류 및 액세서리,519183104,895억원,HKD
08403,Defeng Solife Holdings Ltd,52203040,경영 지원 서비스,516060000,889억원,HKD
08026,China Brilliant Global Ltd,53202020,의류 및 액세서리,515895105,889억원,HKD
02321,Swang Chai Chuan Ltd,54301020,식품 소매 및 유통,515077250,888억원,HKD
00854,Willas-Array Electronics (Holdings) Ltd,57104010,전자 장비 및 부품,514945245,887억원,HKD
09968,Huijing Holdings Co Ltd,60101010,"부동산 임대, 개발 및 운영",509638000,878억원,HKD
00160,Hon Kwok Land Investment Co Ltd,60101010,"부동산 임대, 개발 및 운영",504300511,869억원,HKD
08041,IntelliMark AI International Ltd,53402010,백화점,504014403,869억원,HKD
01832,SAI Leisure Group Co Ltd,53301040,여가 및 오락시설,504000000,868억원,HKD
02415,MedSci Healthcare Holdings Ltd,56102010,의료 시설 및 서비스,503951889,868억원,HKD
06933,Sino-Entertainment Technology Holdings Ltd,57201020,소프트웨어,496483267,856억원,HKD
00980,Lianhua Supermarket Holdings Co Ltd Class H,54301020,식품 소매 및 유통,495666000,854억원,HKD
03377,Sino-Ocean Group Holding Ltd,60101010,"부동산 임대, 개발 및 운영",494064524,851억원,HKD
02396,B&K Corp Ltd Class H,56202010,생명 공학 및 의학 연구,493573305,851억원,HKD
02107,First Service Holding Ltd,60101020,부동산 서비스,492960000,849억원,HKD
03315,Goldpac Group Ltd,57201020,소프트웨어,491539220,847억원,HKD
01075,Capinfo Co Ltd Class H,57201010,IT 서비스 및 컨설팅,491225592,846억원,HKD
01746,Man Shun Group (Holdings) Ltd,52201020,건설 및 엔지니어링,490000000,844억원,HKD
06628,Transcenta Holding Ltd,56201040,제약,489220019,843억원,HKD
08030,Fengyinhe Holdings Ltd,57301010,핀테크,489085940,843억원,HKD
02540,Lesi Group Ltd,53302010,광고 및 마케팅,489000000,843억원,HKD
00365,Sino Ict Holdings Ltd,52102010,산업용 기계 및 장비,487425000,840억원,HKD
00280,King Fook Holdings Ltd,53403040,의류 및 액세서리 소매,486480029,838억원,HKD
02921,Capital Industrial Financial Services Group Ltd,51201020,철 및 강철,486334460,838억원,HKD
01255,TATA Health International Holdings Ltd,53403040,의류 및 액세서리 소매,485690000,837억원,HKD
01183,MECOM Power and Construction Ltd,52201020,건설 및 엔지니어링,485647741,837억원,HKD
02539,Lemo Services Co Ltd Class H,53204030,"가전제품, 도구 및 가정 용품",485555944,837억원,HKD
01693,BGMC International Ltd,52201020,건설 및 엔지니어링,485281961,836억원,HKD
01097,CTF Media & Entertainment Limited,53302020,방송,485154399,836억원,HKD
02152,Suxin Joyful Life Services Co Ltd Class H,60101020,부동산 서비스,485025600,836억원,HKD
02389,Beijing Health (Holdings) Ltd,56102010,의료 시설 및 서비스,484701762,835억원,HKD
00588,Beijing North Star Co Ltd Class H,60101010,"부동산 임대, 개발 및 운영",484308700,835억원,HKD
08227,XiAn Haitian Antenna Technologies Co Ltd Class H,57102010,통신 및 네트워킹,483895395,834억원,HKD
00606,SCE Intelligent Commercial Management Holdings Ltd,60101020,부동산 서비스,483750000,834억원,HKD
00529,SiS International Holdings Ltd,53403050,컴퓨터 및 전자 제품 소매,483661999,833억원,HKD
06123,YTO International Express and Supply Chain Technology Ltd,52405010,"배달, 우편, 항공 화물 및 육상 물류",483218500,833억원,HKD
01569,Minsheng Education Group Company Ltd,63102010,"초, 중, 고등 교육기관",480820080,829억원,HKD
09928,Times Neighborhood Holdings Ltd,60101020,부동산 서비스,478051282,824억원,HKD
01373,International Housewares Retail Co Ltd,53403030,가정용 가구 소매,477879510,823억원,HKD
03686,Clifford Modern Living Holdings Ltd,54301020,식품 소매 및 유통,477402500,823억원,HKD
00698,Tongda Group Holdings Ltd,52102030,전기 부품 및 장비,477044772,822억원,HKD
00784,Ailife International Group Ltd,52201020,건설 및 엔지니어링,476000000,820억원,HKD
00846,Mingfa Group (International) Company Limited,60101010,"부동산 임대, 개발 및 운영",475289180,819억원,HKD
02994,Great Wall Terroir Holdings Ltd,57401010,통합 통신 서비스,472555000,814억원,HKD
02438,Mobvoi Inc,57107010,통합 하드웨어 및 소프트웨어,472397529,814억원,HKD
03869,Hospital Corporation of China Ltd,56102010,의료 시설 및 서비스,469859600,810억원,HKD
01565,Virscend Education Company Ltd,63102010,"초, 중, 고등 교육기관",467665198,806억원,HKD
01282,Renze Harvest International Ltd,52102010,산업용 기계 및 장비,465000000,801억원,HKD
00159,Brockman Mining Ltd,51201020,철 및 강철,464011607,800억원,HKD
02777,Guangzhou R&F Properties Co Ltd Class H,60101010,"부동산 임대, 개발 및 운영",461541183,795억원,HKD
00750,China Shuifa Singyes Energy Holdings Ltd,52201020,건설 및 엔지니어링,461357966,795억원,HKD
00567,Jsmart Technologies Group Ltd,51302020,종이 포장재,459786957,792억원,HKD
01243,Wang On Properties Ltd,60101010,"부동산 임대, 개발 및 운영",456000000,786억원,HKD
01317,China Maple Leaf Educational Systems Ltd,63102010,"초, 중, 고등 교육기관",446491502,769억원,HKD
01580,Da Sen Holdings Group Ltd,51301010,임업 및 목재 제품,558796568,963억원,HKD
02402,Beijing SinoHytec Co Ltd Class H,53101020,"자동차, 트럭 및 오토바이 부품",491299683,847억원,HKD
00587,China Conch Environment Protection Holdings Ltd,52203010,환경 서비스 및 장비,474958915,818억원,HKD
00524,Great Wall Terroir Holdings Ltd,57401010,통합 통신 서비스,473736388,816억원,HKD
01116,Huiyuan Cowins Technology Group Ltd,51201020,철 및 강철,470444000,811억원,HKD
02189,Kato (Hong Kong) Holdings Ltd,56102010,의료 시설 및 서비스,465000000,801억원,HKD
08418,Optima Automobile Group Holdings Ltd,54201030,개인 서비스,459000000,791억원,HKD
08247,Biosino Bio-Technology and Science Inc Class H,56101020,"의료 장비, 물품 및 유통",458721748,790억원,HKD
06890,Kangli International Holdings Ltd,51201020,철 및 강철,457720260,789억원,HKD
02892,Million Cities Holdings Ltd,60101010,"부동산 임대, 개발 및 운영",457500000,788억원,HKD
01685,Boer Power Holdings Ltd,57201010,IT 서비스 및 컨설팅,456523710,787억원,HKD
01756,China Science and Education Industry Group Ltd,63102010,"초, 중, 고등 교육기관",456000000,786억원,HKD
00825,New World Department Store China Ltd,53402010,백화점,455259150,785억원,HKD
01053,Chongqing Iron & Steel Co Ltd Class H,51201020,철 및 강철,454717484,784억원,HKD
00090,Puxing Energy Ltd,59101020,민자 발전 사업,454014000,782억원,HKD
01622,Redco Properties Group Ltd,60101010,"부동산 임대, 개발 및 운영",451054384,777억원,HKD
01522,Bii Railway Transportation Technology Holdings Co Ltd,57201010,IT 서비스 및 컨설팅,450886546,777억원,HKD
08611,Jufeel International Holdings Ltd,57201010,IT 서비스 및 컨설팅,449990718,775억원,HKD
01617,Nanfang Communication Holdings Ltd,57102010,통신 및 네트워킹,447216000,771억원,HKD
02683,Wah Sun Handbags International Holdings Ltd,53202020,의류 및 액세서리,445402340,768억원,HKD
02033,Time Watch Investments Ltd,53202020,의류 및 액세서리,444542688,766억원,HKD
01334,Ruichang International Holdings Ltd,52102010,산업용 기계 및 장비,442500000,763억원,HKD
01332,Touyun Biotech Group Ltd,51302010,용기(종이 제외) 및 포장재,442271774,762억원,HKD
08229,Future Data Group Ltd,57201010,IT 서비스 및 컨설팅,441606600,761억원,HKD
08521,WebX International Holdings Co Ltd,53202020,의류 및 액세서리,440910000,760억원,HKD
01808,Enterprise Development Holdings Ltd,57201020,소프트웨어,440798733,760억원,HKD
02262,Steve Leung Design Group Ltd,52203040,경영 지원 서비스,439439385,757억원,HKD
01692,Town Ray Holdings Ltd,53204030,"가전제품, 도구 및 가정 용품",437980000,755억원,HKD
01909,Fire Rock Holdings Ltd,57201030,온라인 서비스,437077874,753억원,HKD
09982,Central China Management Co Ltd,52201020,건설 및 엔지니어링,436030001,751억원,HKD
02329,Glory Health Industry Ltd,60101010,"부동산 임대, 개발 및 운영",435552963,751억원,HKD
02529,Hollwin Urban Operation Service Group Co Ltd Class H,52203040,경영 지원 서비스,434400000,749억원,HKD
03882,Sky Light Holdings Ltd,57106030,가정용 전자 제품,433692606,747억원,HKD
02457,Buyang International Holding Inc,53101020,"자동차, 트럭 및 오토바이 부품",430000000,741억원,HKD
00690,Uni-Bio Science Group Ltd,56201040,제약,429928427,741억원,HKD
01612,Vincent Medical Holdings Ltd,56101020,"의료 장비, 물품 및 유통",429064241,739억원,HKD
01079,Pine Technology Holdings Ltd,57107010,통합 하드웨어 및 소프트웨어,428010522,738억원,HKD
01037,Maxnerva Technology Services Ltd,57201010,IT 서비스 및 컨설팅,427234936,736억원,HKD
00097,Henderson Investment Ltd,53402010,백화점,426625835,735억원,HKD
00114,Herald Holdings Ltd,53205010,장난감 및 어린이 제품,426165988,734억원,HKD
01260,Wonderful Sky Financial Group Holdings Ltd,53302010,광고 및 마케팅,426037980,734억원,HKD
00862,Vision Values Holdings Ltd,52405030,지상 화물 및 물류,423812570,730억원,HKD
01087,InvesTech Holdings Ltd,57107010,통합 하드웨어 및 소프트웨어,420964128,725억원,HKD
01371,China Ecotourism Group Ltd,53301030,카지노 및 도박,420793917,725억원,HKD
02205,Kangqiao Service Group Ltd,60101020,부동산 서비스,420000000,724억원,HKD
00111,Cinda International Holdings Ltd,55102020,투자 관리 및 펀드 운영,419989668,724억원,HKD
02165,Ling Yue Services Group Ltd,60101020,부동산 서비스,419956950,724억원,HKD
02487,Cutia Therapeutics,56201040,제약,419817702,723억원,HKD
02101,Fulu Holdings Ltd,57201030,온라인 서비스,418201514,721억원,HKD
00169,Wanda Hotel Development Co Ltd,53301010,"호텔, 모텔 및 크루즈 라인",418063837,720억원,HKD
00432,Pacific Century Premium Developments Ltd,60101010,"부동산 임대, 개발 및 운영",417838532,720억원,HKD
01023,Sitoy Group Holdings Ltd,53202020,의류 및 액세서리,415134900,715억원,HKD
01429,Skymission Group Holdings Ltd,52201020,건설 및 엔지니어링,412800000,711억원,HKD
02257,Sirnaomics Ltd,56202010,생명 공학 및 의학 연구,412738268,711억원,HKD
00519,Novautek Technologies Group Ltd,60101010,"부동산 임대, 개발 및 운영",409384169,705억원,HKD
08246,Zhonghua Gas Holdings Ltd,59102010,천연가스 유틸리티,408620070,704억원,HKD
00717,Emperor Capital Group Ltd,55101030,소비자 대출,404450743,697억원,HKD
00244,Sincere Co Ltd,53402010,백화점,400758581,691억원,HKD
00994,CT Vision (International) Holdings Ltd,52201020,건설 및 엔지니어링,400211860,690억원,HKD
00672,Zhong An Group Ltd,60101010,"부동산 임대, 개발 및 운영",394506686,680억원,HKD
00202,EverChina Intl Holdings Co Ltd,54102010,어업 및 농업,583549549,"1,006억원",HKD
01673,Huazhang Technology Holding Limited,52102010,산업용 기계 및 장비,486820890,839억원,HKD
01631,REF Holdings Ltd,52203020,상업 인쇄 서비스,414720000,715억원,HKD
00731,C&D Newin Paper & Pulp Corporation Ltd,51301020,종이 제품,410234241,707억원,HKD
00235,CSC Holdings Ltd,50101010,석탄,407705077,703억원,HKD
01623,Hilong Holding Ltd,50103020,오일 관련 서비스 및 장비,407145264,702억원,HKD
00641,CHTC Fong's International Co Ltd,52102010,산업용 기계 및 장비,407080131,701억원,HKD
00897,Wai Yuen Tong Medicine Holdings Ltd,56201040,제약,406749754,701억원,HKD
00229,Raymond Industrial Ltd,53204030,"가전제품, 도구 및 가정 용품",406073137,700억원,HKD
01727,Hebei Construction Group Corp Ltd Class H,52201020,건설 및 엔지니어링,405118205,698억원,HKD
01653,MOS House Group Ltd,52201020,건설 및 엔지니어링,404483800,697억원,HKD
09998,Kwan Yong Holdings Ltd,52201020,건설 및 엔지니어링,404000000,696억원,HKD
02187,Zhixin Group Holding Ltd,51202010,건설 자재,403920000,696억원,HKD
00236,San Miguel Brewery Hong Kong Ltd,54101010,양조업,403456205,695억원,HKD
02230,Medialink Group Ltd,53302030,엔터테인먼트 제작,402384000,693억원,HKD
06038,G & M Holdings Ltd,52201020,건설 및 엔지니어링,401200000,691억원,HKD
01327,Luxxu Group Ltd,53202020,의류 및 액세서리,401117184,691억원,HKD
01245,Niraku GC Holdings Inc,53301030,카지노 및 도박,400609904,690억원,HKD
00219,Shun Ho Property Investments Ltd,53301010,"호텔, 모텔 및 크루즈 라인",400029769,689억원,HKD
01827,Miricor Enterprises Holdings Ltd,54201030,개인 서비스,400000000,689억원,HKD
00078,Regal Hotels International Holdings Ltd,53301010,"호텔, 모텔 및 크루즈 라인",399958138,689억원,HKD
00366,Luks Group (Vietnam Holdings) Company Ltd,51202010,건설 자재,398057134,686억원,HKD
03626,East Nova Holdings Limited,52203020,상업 인쇄 서비스,397440000,685억원,HKD
02700,Green International Holdings Ltd,53205010,장난감 및 어린이 제품,395936816,682억원,HKD
01719,China Infrastructure & Logistics Group Ltd,52407020,항만 운영 및 서비스,395040272,681억원,HKD
00813,Shimao Group Holdings Ltd,60101010,"부동산 임대, 개발 및 운영",394653025,680억원,HKD
00191,Lai Sun Garment International Ltd,60101010,"부동산 임대, 개발 및 운영",393101386,677억원,HKD
02486,Plus Group Holdings Inc,53302010,광고 및 마케팅,392830372,677억원,HKD
02239,Smit Holdings Ltd,57102010,통신 및 네트워킹,389918388,672억원,HKD
00367,Chuang's Consortium International Ltd,60101010,"부동산 임대, 개발 및 운영",389704873,672억원,HKD
01098,Road King Infrastructure Limited,60101010,"부동산 임대, 개발 및 운영",389655014,671억원,HKD
02226,Honworld Group Ltd,54102020,식품 가공,387762500,668억원,HKD
02440,MemeStrategy Inc,57201010,IT 서비스 및 컨설팅,385751911,665억원,HKD
01401,Future Machine Ltd,57106020,전화 및 소형 장치,382500000,659억원,HKD
00556,Pan Asia Environmental Protection Group Ltd,52203010,환경 서비스 및 장비,381831920,658억원,HKD
02178,Petro-king Oilfield Services Ltd,50103010,오일 및 가스 시추,381595105,658억원,HKD
00673,China Health Group Ltd,56101020,"의료 장비, 물품 및 유통",381463003,657억원,HKD
00320,Computime Group Ltd,52102010,산업용 기계 및 장비,379143000,653억원,HKD
01792,CMON Ltd,57201020,소프트웨어,377712000,651억원,HKD
01292,Changan Minsheng Logistics Co.  Ltd. Class H,52405010,"배달, 우편, 항공 화물 및 육상 물류",375839040,648억원,HKD
01355,Biosysen Ltd,53301010,"호텔, 모텔 및 크루즈 라인",375815525,648억원,HKD
03623,China Success Finance Group Holdings Ltd,55101050,기업 금융 서비스,375244685,647억원,HKD
02347,Yoho Group Holdings Ltd,57201030,온라인 서비스,375168200,646억원,HKD
06911,Puer Lancang Ancient Tea Co Ltd Class H,54102020,식품 가공,375000000,646억원,HKD
02023,China Ludao Technology Co Ltd,51101030,특수 화학제,373768000,644억원,HKD
02336,Shuoao International Holdings Ltd,57104010,전자 장비 및 부품,372261707,641억원,HKD
00943,Zhongzheng International Co Ltd,53204030,"가전제품, 도구 및 가정 용품",370908221,639억원,HKD
09983,Central China New Life Ltd,60101020,부동산 서비스,370254330,638억원,HKD
01960,TBK & Sons Holdings Ltd,52201020,건설 및 엔지니어링,370000000,638억원,HKD
02482,Logory Logistics Technology Co Ltd Class H,57201020,소프트웨어,369377168,637억원,HKD
00146,Tai Ping Carpets International Ltd,53204040,가정용 가구,369206229,636억원,HKD
02170,Suzhou Basecare Medical Corp Ltd Class H,56102010,의료 시설 및 서비스,367892470,634억원,HKD
03778,China Weaving Materials Holdings Ltd,53202010,직물 및 가죽제품,365686200,630억원,HKD
02031,Ausupreme International Holdings Ltd,53403090,기타 전문 소매,358140000,617억원,HKD
08350,Well Link Securities Holdings Ltd,55102010,투자 은행 및 중개 서비스,356274000,614억원,HKD
01638,Kaisa Group Holdings Ltd,60101010,"부동산 임대, 개발 및 운영",354237911,610억원,HKD
03368,PARKSON Retail Group Ltd,53402010,백화점,347758257,599억원,HKD
02185,Shanghai Bio-heart Biological Technology Co Ltd Class H,56101020,"의료 장비, 물품 및 유통",344435197,594억원,HKD
00021,Great China Holdings Hong Kong Ltd,60101010,"부동산 임대, 개발 및 운영",337894840,582억원,HKD
00379,China Ever Grand Financial Leasing Group Co Ltd,56101020,"의료 장비, 물품 및 유통",290216075,500억원,HKD
02017,Chanhigh Holdings Ltd,52201020,건설 및 엔지니어링,402026300,693억원,HKD
01399,Veson Holdings Ltd,52102030,전기 부품 및 장비,381500436,657억원,HKD
01945,Zero2ipo Holdings Inc,55102020,투자 관리 및 펀드 운영,380760562,656억원,HKD
02216,Broncus Holding Corp,56101010,첨단 의료 장비 및 기술,368955359,636억원,HKD
00252,Southeast Asia Properties & Finance Ltd,51302010,용기(종이 제외) 및 포장재,365180455,629억원,HKD
01556,Chinney Kin Wing Holdings Ltd,52201020,건설 및 엔지니어링,364500000,628억원,HKD
06118,Austar Lifesciences Ltd,56101020,"의료 장비, 물품 및 유통",363933220,627억원,HKD
00082,Crazy Sports Group Ltd,57201020,소프트웨어,362090835,624억원,HKD
02885,Peiport Holdings Ltd,57102010,통신 및 네트워킹,362000000,624억원,HKD
01303,Huili Resources Group Ltd,50101010,석탄,361740302,623억원,HKD
02177,UNQ Holdings Ltd,57201030,온라인 서비스,361650446,623억원,HKD
02680,Austrax Holdings Limited,55102030,다각적 투자 서비스,360000000,620억원,HKD
00037,Far East Hotels and Entertainment Ltd,53301010,"호텔, 모텔 및 크루즈 라인",357451660,616억원,HKD
06083,World-Link Logistics (Asia) Holding Ltd,52405030,지상 화물 및 물류,356308611,614억원,HKD
01420,Chuan Holdings Ltd,52201020,건설 및 엔지니어링,355802568,613억원,HKD
06677,Sino-Ocean Service Holding Ltd,60101020,부동산 서비스,355200000,612억원,HKD
01661,China Frontier Technology Group,53302010,광고 및 마케팅,353947212,610억원,HKD
08328,Xinyi Electric Storage Holdings Ltd,50201010,재생 가능 에너지 장비 및 서비스,353490133,609억원,HKD
02528,Forward Fashion (International) Holdings Co Ltd,53403040,의류 및 액세서리 소매,352000000,607억원,HKD
01705,B & S International Holdings Ltd,54301020,식품 소매 및 유통,352000000,607억원,HKD
03860,EPS Creative Health Technology Group Ltd,53202020,의류 및 액세서리,349457903,602억원,HKD
08195,Legendary Education Group Ltd,63103010,전문 및 비즈니스 교육,348585169,601억원,HKD
06885,Henan Jinma Energy Co Ltd Class H,50102030,"오일, 가스 정제 및 마케팅",348023650,600억원,HKD
01284,New Media Lab Ltd,53302010,광고 및 마케팅,348000000,600억원,HKD
01251,SPT Energy Group Inc,50103020,오일 관련 서비스 및 장비,347837632,599억원,HKD
01226,China Investment and Finance Group Ltd,55102010,투자 은행 및 중개 서비스,346581144,597억원,HKD
01667,Dimmi Life Holdings Ltd,52201020,건설 및 엔지니어링,345600000,596억원,HKD
01159,Smart Digital Technology Group Ltd,53302030,엔터테인먼트 제작,344711244,594억원,HKD
08512,Hyfusin Group Holdings Ltd,54201010,가정용 제품,344437500,594억원,HKD
01650,Hygieia Group Ltd,52203040,경영 지원 서비스,344000000,593억원,HKD
00756,Summi (Group) Holdings Ltd,54101030,무알콜 음료,343963848,593억원,HKD
01641,Hongxing Coldchain (Hunan) Co Ltd Class H,52405030,지상 화물 및 물류,343920500,593억원,HKD
01268,China MeiDong Auto Holdings Ltd,53403010,"자동차 차량, 부품 및 서비스 소매",343293036,592억원,HKD
08305,Sheng Tang Holdings Ltd,52201020,건설 및 엔지니어링,342242000,590억원,HKD
01073,Da Yu Financial Holdings Ltd,55102020,투자 관리 및 펀드 운영,341799057,589억원,HKD
00311,Luen Thai Holdings Ltd,53202020,의류 및 액세서리,341257180,588억원,HKD
02116,Jiangsu Innovative Ecological New Materials Ltd,51101030,특수 화학제,340800000,587억원,HKD
01767,TS Wonders Holding Ltd,54102020,식품 가공,340000000,586억원,HKD
03768,Kunming Dianchi Water Treatment Co Ltd Class H,59103010,수자원 유틸리티,339606630,585억원,HKD
02176,CCID Consulting Co Ltd Class H,52203040,경영 지원 서비스,339500000,585억원,HKD
01455,Fourace Industries Group Holdings Ltd,53204030,"가전제품, 도구 및 가정 용품",338819063,584억원,HKD
00439,Genesis Scale Holdings Ltd,57201010,IT 서비스 및 컨설팅,338631087,584억원,HKD
02129,Legion Consortium Ltd,52405030,지상 화물 및 물류,337500000,582억원,HKD
01868,Neo-Neon Holdings Ltd,53203020,건설 자재 및 비품,337208932,581억원,HKD
01587,Shineroad International Holdings Ltd,54102020,식품 가공,336600000,580억원,HKD
00496,Kasen International Holdings Ltd,53204040,가정용 가구,334250526,576억원,HKD
06908,HG Semiconductor Ltd,52102030,전기 부품 및 장비,333978527,576억원,HKD
00124,Guangdong Land Holdings Ltd,60101010,"부동산 임대, 개발 및 운영",333749686,575억원,HKD
02250,BDuck Semk Holdings International Ltd,53302030,엔터테인먼트 제작,332757150,573억원,HKD
02227,Solis Holdings Ltd,52201020,건설 및 엔지니어링,329616000,568억원,HKD
00213,National Electronics Holdings Ltd,53202020,의류 및 액세서리,328510426,566억원,HKD
08375,Data Union Capital International Holdings Group Ltd,52102030,전기 부품 및 장비,328320000,566억원,HKD
00096,Yusei Holdings Ltd,53101020,"자동차, 트럭 및 오토바이 부품",327823044,565억원,HKD
01947,Meihao Medical Group Co Ltd,56102010,의료 시설 및 서비스,327084121,564억원,HKD
01545,Design Capital Ltd,53204040,가정용 가구,326000000,562억원,HKD
02119,Tsit Wing International Holdings Ltd,54102020,식품 가공,324329180,559억원,HKD
00228,China Energy Development Holdings Ltd,50102020,"오일, 가스 탐사 및 생산",321621282,554억원,HKD
02619,X.J. Electrics (Hu Bei) Group Co Ltd Class H,53204030,"가전제품, 도구 및 가정 용품",319269026,550억원,HKD
00608,High Fashion International Ltd,53202020,의류 및 액세서리,316311960,545억원,HKD
01582,CR Construction Group Holdings Ltd,52201020,건설 및 엔지니어링,312500000,539억원,HKD
08146,Grace Wine Holdings Ltd,54101020,증류주 및 포도주,386175000,665억원,HKD
00895,Dongjiang Environmental Co Ltd Class H,52203010,환경 서비스 및 장비,345237188,595억원,HKD
01633,Sheung Yue Group Holdings Ltd,52201020,건설 및 엔지니어링,342375000,590억원,HKD
01720,Putian Communication Group Ltd,52102030,전기 부품 및 장비,341000000,588억원,HKD
06830,Huazhong In Vehicle Holdings Co Ltd,53101020,"자동차, 트럭 및 오토바이 부품",339685210,585억원,HKD
00137,Jinhui Holdings Co Ltd,52203040,경영 지원 서비스,334082372,576억원,HKD
00629,Yue Da International Holdings Ltd,55101050,기업 금융 서비스,333058557,574억원,HKD
02263,Fu Shek Financial Holdings Ltd,55101030,소비자 대출,330000000,569억원,HKD
08391,Cornerstone Technologies Holdings Ltd,52203020,상업 인쇄 서비스,325380652,561억원,HKD
01812,Shandong Chenming Paper Holdings Ltd Class H,51301020,종이 제품,324907729,560억원,HKD
00722,UMP Healthcare Holdings Ltd,56102010,의료 시설 및 서비스,324382098,559억원,HKD
02108,K2 F&B Holdings Ltd,54301020,식품 소매 및 유통,324000000,558억원,HKD
06698,STAR CM Holdings Ltd,53302030,엔터테인먼트 제작,323931422,558억원,HKD
01407,JY Gas Ltd,50103030,오일 및 가스 수송 서비스,321200000,553억원,HKD
02102,Tak Lee Machinery Holdings Ltd,52102010,산업용 기계 및 장비,320000000,551억원,HKD
08431,Hao Bai International (Cayman) Ltd,52201020,건설 및 엔지니어링,318178042,548억원,HKD
06093,Hevol Services Group Co Ltd,60101020,부동산 서비스,316400000,545억원,HKD
00827,Ko Yo Chemical (Group) Ltd,51101020,농화학제,316261917,545억원,HKD
00265,Gangyu Smart Urban Services Holding Ltd,60101020,부동산 서비스,315298642,543억원,HKD
00865,Jiande International Holdings Ltd,60101010,"부동산 임대, 개발 및 운영",315251444,543억원,HKD
00277,Tern Properties Co Ltd,60101010,"부동산 임대, 개발 및 운영",314936555,543억원,HKD
00166,New Times Corporation Ltd,51201080,다각적 채굴,314703972,542억원,HKD
01662,Yee Hop Holdings Ltd,52201020,건설 및 엔지니어링,314150000,541억원,HKD
06866,Zuoli Kechuang Co Ltd Class H,55101030,소비자 대출,312700000,539억원,HKD
01813,KWG Group Holdings Ltd,60101010,"부동산 임대, 개발 및 운영",311118439,536억원,HKD
09955,ClouDr Group Ltd,56101020,"의료 장비, 물품 및 유통",309945038,534억원,HKD
01490,AI X Tech Inc,53302010,광고 및 마케팅,308650000,532억원,HKD
03302,Kinergy Corporation Ltd,52102010,산업용 기계 및 장비,308331787,531억원,HKD
00046,Computer and Technologies Holdings Ltd,57201020,소프트웨어,307861324,531억원,HKD
00912,Suga International Holdings Ltd,57104010,전자 장비 및 부품,307573200,530억원,HKD
02237,China Graphite Group Ltd,51201050,특수 채굴 및 금속,307200000,529억원,HKD
01298,Yunnan Energy International Co Ltd,53203020,건설 자재 및 비품,307112255,529억원,HKD
02376,Lushang Life Services Co Ltd Class H,60101020,부동산 서비스,306682000,528억원,HKD
08310,Yancheng Port International Co Ltd,52202010,다각적 산업용 제품 도매,306544000,528억원,HKD
00767,Zhong Ji Longevity Science Group Limited,55101030,소비자 대출,305594064,527억원,HKD
00831,Convenience Retail Asia Ltd,54102020,식품 가공,305033420,526억원,HKD
01397,Baguio Green Group Ltd,52203040,경영 지원 서비스,305025000,526억원,HKD
00337,Greenland Hong Kong Holdings Ltd,60101010,"부동산 임대, 개발 및 운영",304315430,524억원,HKD
02918,AI Energy Engineering Holdings Ltd,52201020,건설 및 엔지니어링,303715170,523억원,HKD
01451,MS Group Holdings Ltd,51302010,용기(종이 제외) 및 포장재,302512000,521억원,HKD
01955,Hong Kong Johnson Holdings Co Ltd,52203040,경영 지원 서비스,302500000,521억원,HKD
01005,Matrix Holdings Ltd,53205010,장난감 및 어린이 제품,302481325,521억원,HKD
01527,Zhejiang Tengy Environmental Technology Co Ltd Class H,52203010,환경 서비스 및 장비,301050000,519억원,HKD
08610,BBSB International Ltd,52201020,건설 및 엔지니어링,300000000,517억원,HKD
00150,Hypebeast Ltd,53302010,광고 및 마케팅,299986234,517억원,HKD
00685,Media Chinese International Ltd,53302040,소비자 출판,299981467,517억원,HKD
01500,In Construction Holdings Ltd,52201020,건설 및 엔지니어링,298800000,515억원,HKD
01867,Standard Development Group Ltd,52201020,건설 및 엔지니어링,298800000,515억원,HKD
08629,Guangdong Syntrust GK Testing and Certification Tech Service Center Co Ltd,52201020,건설 및 엔지니어링,298575200,515억원,HKD
02222,NVC International Holdings Ltd,53203020,건설 자재 및 비품,296755101,511억원,HKD
00227,First Shanghai Investments Ltd,55102010,투자 은행 및 중개 서비스,295741787,510억원,HKD
00970,New Sparkle Roll International Group Ltd,53403010,"자동차 차량, 부품 및 서비스 소매",293782544,506억원,HKD
01543,Guangdong Join-Share Financing Guarantee Investment Co Ltd Class H,55101050,기업 금융 서비스,293429025,506억원,HKD
01962,Evergreen Products Group Ltd,54201020,개인 생활 필수 용품,292664600,504억원,HKD
03789,Royal Deluxe Holdings Ltd,52201020,건설 및 엔지니어링,290400000,500억원,HKD
01416,CTR Holdings Ltd,52201020,건설 및 엔지니어링,289850000,499억원,HKD
02505,EDA Group Holdings Ltd,52405030,지상 화물 및 물류,287255765,495억원,HKD
01222,Wang On Group Ltd,60101010,"부동산 임대, 개발 및 운영",284312636,490억원,HKD
01751,AI Energy Engineering Holdings Ltd,52201020,건설 및 엔지니어링,275178174,474억원,HKD
01630,Kin Shing Holdings Ltd,52201020,건설 및 엔지니어링,273000000,470억원,HKD
00361,Hanfort Development Holdings Ltd,53301010,"호텔, 모텔 및 크루즈 라인",345223750,595억원,HKD
01389,Major Holdings Ltd,54301020,식품 소매 및 유통,338143333,583억원,HKD
01845,Weigang Environmental Technology Holding Group Ltd,52203010,환경 서비스 및 장비,332000415,572억원,HKD
01062,China Development Bank International Investment Ltd,55102020,투자 관리 및 펀드 운영,307634828,530억원,HKD
02258,Watts International Maritime Co Ltd,52201020,건설 및 엔지니어링,297144000,512억원,HKD
00936,Kaisa Capital Investment Holdings Ltd,52102020,중장비 및 차량,296800000,511억원,HKD
01273,Hong Kong Finance Group Ltd,55101030,소비자 대출,292575000,504억원,HKD
00339,WebX Holding Group Ltd,55601010,투자 지주 회사,291600000,502억원,HKD
02210,Beijing Capital Jiaye Property Services Co Ltd Class H,60101020,부동산 서비스,291134392,502억원,HKD
01795,Yadong Group Holdings Ltd,53202010,직물 및 가죽제품,291000000,501억원,HKD
02349,China AI Infrastructure Group Ltd,60101010,"부동산 임대, 개발 및 운영",290929904,501억원,HKD
00413,South China Holdings Co Ltd,53205010,장난감 및 어린이 제품,290868648,501억원,HKD
01900,China ITS Holdings Co Ltd,57201010,IT 서비스 및 컨설팅,290711411,501억원,HKD
01419,Human Health Holdings Ltd,56102010,의료 시설 및 서비스,290357458,500억원,HKD
01941,Ye Xing Group Holdings Ltd,60101020,부동산 서비스,289796650,499억원,HKD
01843,Snack Empire Holdings Ltd,53301020,레스토랑 및 바,288000000,496억원,HKD
00926,Besunyen Holdings Co Ltd,54102020,식품 가공,285490141,492억원,HKD
01817,Mulsanne Group Holding Ltd,53202020,의류 및 액세서리,285000000,491억원,HKD
02421,KRP Development Holdings Ltd,60101010,"부동산 임대, 개발 및 운영",283004288,488억원,HKD
02325,Yunkang Group Ltd,56102010,의료 시설 및 서비스,282668978,487억원,HKD
00822,Ka Shui International Holdings Ltd,51101010,상품 화학,281534841,485억원,HKD
01215,Kai Yuan Holdings Ltd,53301010,"호텔, 모텔 및 크루즈 라인",281135356,484억원,HKD
06833,Sinco Pharmaceuticals Holdings Ltd,56201040,제약,280538901,483억원,HKD
01102,Enviro Energy International Holdings Ltd,51202010,건설 자재,279938574,482억원,HKD
00896,Hanison Construction Holdings Ltd,52201020,건설 및 엔지니어링,278999416,481억원,HKD
00723,Reliance Global Holdings Ltd,51301010,임업 및 목재 제품,278929587,481억원,HKD
06893,Hin Sang Group (International) Holding Co Ltd,56201040,제약,278407980,480억원,HKD
01557,K. H. Group Holdings Ltd,52201020,건설 및 엔지니어링,278400000,480억원,HKD
01679,Risecomm Group Holdings Ltd,57201020,소프트웨어,278399854,480억원,HKD
01148,Xinchen China Power Holdings Ltd,53101020,"자동차, 트럭 및 오토바이 부품",278239959,479억원,HKD
00455,Tianda Pharmaceuticals Ltd,56201040,제약,277355403,478억원,HKD
02693,Anhui Jinyan Kaolin New Materials Co Ltd Class H,51201050,특수 채굴 및 금속,277003801,477억원,HKD
06822,King's Flair International (Holdings) Ltd,53204040,가정용 가구,276500000,476억원,HKD
01240,CNQC International Holdings Ltd,60101010,"부동산 임대, 개발 및 운영",276334245,476억원,HKD
01608,VPower Group International Holdings Ltd,50201010,재생 가능 에너지 장비 및 서비스,274009171,472억원,HKD
00573,Tao Heung Holdings Ltd,53301020,레스토랑 및 바,273873960,472억원,HKD
02182,Tian Chang Group Holdings Ltd,51101010,상품 화학,272800000,470억원,HKD
00583,Great Wall Pan Asia Holdings Ltd,60101010,"부동산 임대, 개발 및 운영",272787734,470억원,HKD
00833,Alltronics Holdings Ltd,57104010,전자 장비 및 부품,272008454,469억원,HKD
08502,Ocean Line Port Development Ltd,52407020,항만 운영 및 서비스,272000000,469억원,HKD
08090,Shandong Baogai New Materials Technology Co Ltd Class H,51202010,건설 자재,271989000,469억원,HKD
00423,Hong Kong Economic Times Holdings Ltd,53302040,소비자 출판,271908000,469억원,HKD
09938,Wah Wo Holdings Group Ltd,52201020,건설 및 엔지니어링,270000000,465억원,HKD
01778,Colour Life Services Group Co Ltd,,,269614043,465억원,HKD
00543,Pacific Online Ltd,57201030,온라인 서비스,269136647,464억원,HKD
01732,Xiangxing Technology Holding Ltd,52407020,항만 운영 및 서비스,268800000,463억원,HKD
03322,Win Hanverky Holdings Ltd,53202020,의류 및 액세서리,268439600,463억원,HKD
02562,Synagistics Ltd,57201010,IT 서비스 및 컨설팅,268308265,462억원,HKD
02352,Dowell Service Group Co Ltd Class H,60101020,부동산 서비스,267963468,462억원,HKD
08120,China Demeter Financial Investments Ltd,53301020,레스토랑 및 바,266707886,460억원,HKD
01640,Qian Xun Technology Ltd,53302010,광고 및 마케팅,266657692,460억원,HKD
02545,Zhonggan Communication Group Holdings Ltd,57401010,통합 통신 서비스,265600000,458억원,HKD
03662,Starjoy Wellness and Travel Co Ltd,56102010,의료 시설 및 서비스,265081250,457억원,HKD
01822,China Wood International Holding Co Ltd,51301010,임업 및 목재 제품,264488846,456억원,HKD
00508,Dingyi Group Investment Ltd,55101050,기업 금융 서비스,264106272,455억원,HKD
00689,EPI (Holdings) Ltd,55101030,소비자 대출,263797903,455억원,HKD
06188,Beijing Digital Telecom Co Ltd Class H,53403050,컴퓨터 및 전자 제품 소매,261505818,451억원,HKD
01130,China Environmental Resources Group Ltd,53101010,자동차 및 트럭 제조,258919808,446억원,HKD
08646,China Hongguang Holdings Ltd,53203020,건설 자재 및 비품,250556800,432억원,HKD
02147,Zhengwei Group Holdings Co Ltd,54102020,식품 가공,232848000,401억원,HKD
00346,Yanchang Petroleum International Ltd,50103030,오일 및 가스 수송 서비스,297027757,512억원,HKD
06663,IWS Group Holdings Ltd,52203030,고용 서비스,292000000,503억원,HKD
01939,Shangshan Gold International Holdings Ltd,57201030,온라인 서비스,281534000,485억원,HKD
01596,Hebei Yichen Industrial Group Corp Ltd Class H,51201020,철 및 강철,278330400,480억원,HKD
01637,SH Group (Holdings) Ltd,52201020,건설 및 엔지니어링,270000000,465억원,HKD
08098,CL Group (Holdings) Ltd,55102010,투자 은행 및 중개 서비스,268400000,463억원,HKD
08483,Max Sight Group Holdings Ltd,56102010,의료 시설 및 서비스,268000000,462억원,HKD
02312,Long Investment Corp,55601010,투자 지주 회사,267273868,461억원,HKD
01348,Quali-Smart Holdings Ltd,53205010,장난감 및 어린이 제품,266835992,460억원,HKD
01008,Litu Holdings Ltd,52203020,상업 인쇄 서비스,266540388,459억원,HKD
01314,Tsui Wah Holdings Ltd,53301020,레스토랑 및 바,265310573,457억원,HKD
01265,Tianjin Jinran Public Utilities Co Ltd Class H,50103030,오일 및 가스 수송 서비스,264860323,456억원,HKD
00713,World Houseware (Holdings) Ltd,53203020,건설 자재 및 비품,261398749,450억원,HKD
02132,Landrich Holding Ltd,52201020,건설 및 엔지니어링,260800000,449억원,HKD
02439,China Treasures New Materials Group Ltd,51302010,용기(종이 제외) 및 포장재,260400000,449억원,HKD
01532,China Partytime Culture Holdings Ltd,53202020,의류 및 액세서리,260245889,448억원,HKD
01170,Kingmaker Footwear Holdings Ltd,53202030,제화,260129784,448억원,HKD
00187,Beijing Jingcheng Machinery Electric Co Ltd Class H,52102010,산업용 기계 및 장비,260000000,448억원,HKD
00681,Chinese People Holdings Co Ltd,50103030,오일 및 가스 수송 서비스,259102275,446억원,HKD
06978,Immunotech Biopharm Ltd,56202010,생명 공학 및 의학 연구,256262832,442억원,HKD
00476,Ev Dynamics Holdings Ltd,52102010,산업용 기계 및 장비,256067358,441억원,HKD
00928,King International Investment Ltd,53403040,의류 및 액세서리 소매,255358658,440억원,HKD
01615,AB Builders Group Ltd,52201020,건설 및 엔지니어링,255000000,439억원,HKD
01975,Sun Hing Printing Holdings Ltd,52203020,상업 인쇄 서비스,254400000,438억원,HKD
00591,China High Precision Automation Group Ltd,52102010,산업용 기계 및 장비,254187500,438억원,HKD
00063,China Asia Valley Group Ltd,60101020,부동산 서비스,254108083,438억원,HKD
00938,Man Sang International Ltd,60101010,"부동산 임대, 개발 및 운영",252407452,435억원,HKD
02405,Powerwin Tech Group Ltd,53302010,광고 및 마케팅,252000000,434억원,HKD
00789,Artini Holdings Ltd,57201030,온라인 서비스,251553944,433억원,HKD
08281,China Golden Classic Group Ltd,54201010,가정용 제품,250000000,431억원,HKD
01289,Wuxi Sunlit Science and Technology Co Ltd Class H,52102010,산업용 기계 및 장비,249600000,430억원,HKD
01870,Green Power Group Limted,52102020,중장비 및 차량,249206650,429억원,HKD
06882,EGL Holdings Co Ltd,53301040,여가 및 오락시설,248712750,429억원,HKD
03616,Ever Reach Group (Holdings) Company Ltd,60101010,"부동산 임대, 개발 및 운영",248400000,428억원,HKD
00132,Hing Yip Holdings Ltd,55101050,기업 금융 서비스,248287726,428억원,HKD
00216,Chinney Investments Ltd,60101010,"부동산 임대, 개발 및 운영",248115669,428억원,HKD
00520,Xiabuxiabu Catering Management (China) Holdings Co Ltd,53301020,레스토랑 및 바,247647782,427억원,HKD
01592,Anchorstone Holdings Ltd,51202010,건설 자재,247569765,427억원,HKD
03688,Top Spring International Holdings Ltd,60101010,"부동산 임대, 개발 및 운영",247228177,426억원,HKD
01750,REM Group (Holdings) Ltd,52102030,전기 부품 및 장비,246600000,425억원,HKD
01927,Jiujiuwang Food International Ltd,54102020,식품 가공,245520000,423억원,HKD
02497,Fujing Holdings Co Ltd,54102010,어업 및 농업,245000000,422억원,HKD
03913,Kwg Living Group Holdings Ltd,60101020,부동산 서비스,243103070,419억원,HKD
00129,Asia Standard International Group Ltd,55102020,투자 관리 및 펀드 운영,241508005,416억원,HKD
00927,Fujikon Industrial Holdings Ltd,57106030,가정용 전자 제품,240172350,414억원,HKD
02370,Redco Healthy Living Co Ltd,60101020,부동산 서비스,240000000,414억원,HKD
00575,Regent Pacific Group Ltd,56201040,제약,239288941,412억원,HKD
00721,China Financial International Investments Ltd,55601010,투자 지주 회사,239181622,412억원,HKD
00422,Vietnam Manufacturing and Export Processing (Holdings) Ltd,53101010,자동차 및 트럭 제조,235996800,407억원,HKD
00858,Extrawell Pharmaceutical Holdings Ltd,56201040,제약,234900000,405억원,HKD
02322,Modern Innovative Digital Technology Co Ltd,57104010,전자 장비 및 부품,234291800,404억원,HKD
01480,Yan Tat Group Holdings Ltd,57101010,반도체,234000000,403억원,HKD
00828,Dynasty Fine Wines Group Ltd,54101020,증류주 및 포도주,233795377,403억원,HKD
01110,Kingworld Medicines Group Ltd,56201040,제약,233437500,402억원,HKD
00630,AMCO United Holding Ltd,56101020,"의료 장비, 물품 및 유통",232212430,400억원,HKD
00738,Le Saunda Holdings Ltd,53202030,제화,225794095,389억원,HKD
00295,Kong Sun Holdings Ltd,59101010,전력 유틸리티,224466638,387억원,HKD
01682,Hang Pin Living Technology Co Ltd,53202020,의류 및 액세서리,220059560,379억원,HKD
08316,China Hongbao Holdings Ltd,52201020,건설 및 엔지니어링,219276480,378억원,HKD
08535,Vistar Holdings Ltd,52201020,건설 및 엔지니어링,206400000,356억원,HKD
01335,Sheen Tai Holdings Group Company Ltd,50201010,재생 가능 에너지 장비 및 서비스,260452570,449억원,HKD
02326,New Provenance Everlasting Holdings Ltd,51201020,철 및 강철,253008866,436억원,HKD
00550,Allegro Culture Ltd,53302010,광고 및 마케팅,245988360,424억원,HKD
00969,Hua Lien International (Holding) Co Ltd,54102020,식품 가공,245412160,423억원,HKD
01723,Moon Inc,57401010,통합 통신 서비스,243918720,420억원,HKD
01993,Asiaray Media Group Ltd,53302010,광고 및 마케팅,242455370,418억원,HKD
01920,Junwea Group (China) Co Ltd,52201020,건설 및 엔지니어링,237978000,410억원,HKD
00294,Yangtzekiang Garment Ltd,53202020,의류 및 액세서리,237759841,410억원,HKD
01362,SIS Mobile Holdings Ltd,57106020,전화 및 소형 장치,232400000,400억원,HKD
00974,China Shun Ke Long Holdings Ltd,54301020,식품 소매 및 유통,232365600,400억원,HKD
02297,Rainmed Medical Ltd,56101010,첨단 의료 장비 및 기술,231224202,398억원,HKD
01094,Cherish Sunshine International Ltd,52202010,다각적 산업용 제품 도매,231079944,398억원,HKD
01132,Orange Sky Golden Harvest Entertainment (Holdings) Ltd,53301040,여가 및 오락시설,229572862,396억원,HKD
01001,Hong Kong Shanghai Alliance Holdings Ltd,51201020,철 및 강철,229142993,395억원,HKD
00922,Anxian Yuan China Holdings Ltd,54201030,개인 서비스,228800404,394억원,HKD
01563,Alliance International Education Leasing Holdings Ltd,55101050,기업 금융 서비스,228273390,393억원,HKD
01683,Hope Life International Holdings Limited,53203010,주택 건설,227681280,392억원,HKD
00298,Chuang's China Investments Ltd,60101010,"부동산 임대, 개발 및 운영",225315390,388억원,HKD
01153,Jiayuan Services Holdings Ltd,60101020,부동산 서비스,225190015,388억원,HKD
01621,Vico International Holdings Ltd,50102030,"오일, 가스 정제 및 마케팅",225000000,388억원,HKD
08601,Boltek Holdings Ltd,52201020,건설 및 엔지니어링,224000000,386억원,HKD
01552,BHCC Holding Ltd,52201020,건설 및 엔지니어링,224000000,386억원,HKD
00532,Wong's Kong King International (Holdings) Ltd,57101020,반도체 장비 및 테스트,222618879,384억원,HKD
03390,Tycoon Group Holdings Ltd,56201040,제약,222606000,384억원,HKD
00343,Culturecom Holdings Ltd,53302040,소비자 출판,221961701,382억원,HKD
01125,Lai Fung Holdings Ltd,60101010,"부동산 임대, 개발 및 운영",221792407,382억원,HKD
06163,Gemilang International Ltd,52102020,중장비 및 차량,221203200,381억원,HKD
08269,Go Up Education Technology Ltd,53202020,의류 및 액세서리,220899254,381억원,HKD
01620,Cinese International Group Holdings Ltd,52203040,경영 지원 서비스,220800000,380억원,HKD
01120,Arts Optical International Holdings Ltd,56101020,"의료 장비, 물품 및 유통",220170123,379억원,HKD
08070,Keen Ocean International Holding Ltd,57104010,전자 장비 및 부품,220000000,379억원,HKD
01540,Left Field Printing Group Ltd,52203020,상업 인쇄 서비스,219415602,378억원,HKD
01182,Success Dragon International Holdings Ltd,51201060,금,218121323,376억원,HKD
01987,Beng Soon Machinery Holdings Ltd,52201020,건설 및 엔지니어링,218000000,376억원,HKD
01742,Hpc Holdings Ltd,52201020,건설 및 엔지니어링,217600000,375억원,HKD
01247,Miko International Holdings Ltd,53202020,의류 및 액세서리,217401600,375억원,HKD
00406,Yau Lee Holdings Ltd,52201020,건설 및 엔지니어링,216836532,374억원,HKD
01147,Edensoft Holdings Ltd,57201010,IT 서비스 및 컨설팅,216764419,374억원,HKD
00355,Century City International Holdings Ltd,60101010,"부동산 임대, 개발 및 운영",216479843,373억원,HKD
08525,Baiying Holdings Group Ltd,51302020,종이 포장재,216000000,372억원,HKD
08426,Modern Living Investments Holdings Ltd,60101020,부동산 서비스,216000000,372억원,HKD
02455,Runhua Living Service Group Holdings Ltd,60101020,부동산 서비스,216000000,372억원,HKD
01447,SFK Construction Holdings Ltd,52201020,건설 및 엔지니어링,216000000,372억원,HKD
06860,FingerTango Inc,57201020,소프트웨어,212907768,367억원,HKD
01725,China Strategic Technology Group Ltd,57101010,반도체,212786600,367억원,HKD
00296,Emperor Entertainment Hotel Ltd,53301010,"호텔, 모텔 및 크루즈 라인",212739886,367억원,HKD
01938,Chu Kong Petroleum and Natural Gas Steel Pipe Holdings Ltd,51201020,철 및 강철,212339820,366억원,HKD
02663,KPA-BM Holdings Ltd,52201020,건설 및 엔지니어링,211633400,365억원,HKD
01460,ICO Group Ltd,57201010,IT 서비스 및 컨설팅,211499265,364억원,HKD
01777,Fantasia Holdings Group Co Ltd,60101010,"부동산 임대, 개발 및 운영",210445304,363억원,HKD
01418,Sinomax Group Ltd,53204040,가정용 가구,210000240,362억원,HKD
00617,Paliburg Holdings Ltd,60101010,"부동산 임대, 개발 및 운영",207312898,357억원,HKD
01689,Huaxi Holdings Company Ltd,51302020,종이 포장재,206921850,357억원,HKD
00620,DTXS Silk Road Investment Holdings Co Ltd,53403030,가정용 가구 소매,204261434,352억원,HKD
08635,Elephant Holdings Group Ltd,53202020,의류 및 액세서리,203625000,351억원,HKD
08023,Kwong Man Kee Group Ltd,52201020,건설 및 엔지니어링,203130960,350억원,HKD
01690,Lap Kei Engineering (Holdings) Ltd,52201020,건설 및 엔지니어링,202332200,349억원,HKD
00487,Success Universe Group Ltd,53301040,여가 및 오락시설,201986139,348억원,HKD
06033,Telecom Digital Holdings Ltd,53403050,컴퓨터 및 전자 제품 소매,191782675,330억원,HKD
01301,D&G Technology Holding Co Ltd,52102020,중장비 및 차량,188095200,324억원,HKD
02215,Dexin Services Group Ltd,60101020,부동산 서비스,270774895,467억원,HKD
08050,City Coolxuan Co Ltd,57201010,IT 서비스 및 컨설팅,219712500,379억원,HKD
03699,Everbright Grand China Assets Ltd,60101010,"부동산 임대, 개발 및 운영",211872000,365억원,HKD
03638,Hunlicar Group Ltd,57106010,컴퓨터 하드웨어,211609131,365억원,HKD
00953,Shaw Brothers Holdings Ltd,53302030,엔터테인먼트 제작,210102280,362억원,HKD
02369,Coolpad Group Ltd,57106020,전화 및 소형 장치,208913354,360억원,HKD
00234,New Century Group Hong Kong Ltd,55101030,소비자 대출,208093273,359억원,HKD
02125,Strawbear Entertainment Group,53302030,엔터테인먼트 제작,204752006,353억원,HKD
00582,Shin Hwa World Ltd,53301030,카지노 및 도박,204482958,352억원,HKD
01891,Heng Hup Holdings Ltd,52203010,환경 서비스 및 장비,203000000,350억원,HKD
01966,China SCE Group Holdings Ltd,60101010,"부동산 임대, 개발 및 운영",202703334,349억원,HKD
02212,Future Bright Mining Holdings Ltd,50101010,석탄,202223872,348억원,HKD
00396,Hing Lee (HK) Holdings Limited,53204040,가정용 가구,202024006,348억원,HKD
00438,IRICO Group New Energy Co Ltd Class H,50201010,재생 가능 에너지 장비 및 서비스,201888770,348억원,HKD
00499,Qingdao Holdings International Ltd,57102010,통신 및 네트워킹,201707779,348억원,HKD
00557,China Tian Yuan Healthcare Group Ltd,56102010,의료 시설 및 서비스,201484660,347억원,HKD
02625,Jiangsu Horizon Chain Supermarket Co Ltd Class H,54301020,식품 소매 및 유통,201471828,347억원,HKD
01930,Shinelong Automotive Lightweight Application Ltd,52102010,산업용 기계 및 장비,201300000,347억원,HKD
03830,Kiddieland International Ltd,57105010,사무기기,200000000,345억원,HKD
08509,Wine's Link International Holdings Ltd,54301020,식품 소매 및 유통,200000000,345억원,HKD
01427,China Tianbao Group Development Co Ltd,52201020,건설 및 엔지니어링,199291472,343억원,HKD
01058,Namyue Holdings Ltd,53202010,직물 및 가죽제품,199067030,343억원,HKD
01305,Wai Chi Holdings Co Ltd,57101010,반도체,198182595,342억원,HKD
01156,China New Energy Ltd,52102010,산업용 기계 및 장비,198158990,341억원,HKD
02310,Times Universal Group Holdings Ltd,53301010,"호텔, 모텔 및 크루즈 라인",196717895,339억원,HKD
01847,YCIH Green High-Performance Concrete Co Ltd Class H,51202010,건설 자재,196359680,338억원,HKD
01740,Values Cultural Investment Ltd,53302030,엔터테인먼트 제작,196087500,338억원,HKD
01841,A.Plus Group Holdings Ltd,52203020,상업 인쇄 서비스,196000000,338억원,HKD
00180,Kader Holdings Co Ltd,53205010,장난감 및 어린이 제품,195821126,337억원,HKD
03395,JX Energy Ltd,50102020,"오일, 가스 탐사 및 생산",195590834,337억원,HKD
00092,Champion Technology Holdings Ltd,50102030,"오일, 가스 정제 및 마케팅",195375443,337억원,HKD
00510,CASH Financial Services Group Ltd,55102010,투자 은행 및 중개 서비스,194028651,334억원,HKD
08029,China Investment Financial Technology Group Ltd,55102010,투자 은행 및 중개 서비스,193256318,333억원,HKD
01708,Nanjing Sample Technology Co Ltd Class H,57201010,IT 서비스 및 컨설팅,192470216,332억원,HKD
00875,Congyu Intelligent Agricultural Holdings Ltd,54102010,어업 및 농업,192237807,331억원,HKD
00725,Perennial International Ltd,52102030,전기 부품 및 장비,191994470,331억원,HKD
00674,China Tangshang Holdings Ltd,60101010,"부동산 임대, 개발 및 운영",191994128,331억원,HKD
01752,Top Education Group Ltd,63102010,"초, 중, 고등 교육기관",191938756,331억원,HKD
00436,New Universe Environmental Group Ltd,52203010,환경 서비스 및 장비,191248912,330억원,HKD
02912,Easyknit International Holdings Ltd,60101010,"부동산 임대, 개발 및 운영",190890080,329억원,HKD
00211,Styland Holdings Ltd,55101010,은행,190592101,328억원,HKD
00876,Kaisa Health Group Holdings Ltd,56101020,"의료 장비, 물품 및 유통",190166104,328억원,HKD
01408,Macau E&M Holding Ltd,52201020,건설 및 엔지니어링,190000000,327억원,HKD
01676,Gaodi Holdings Ltd,54102020,식품 가공,189429284,326억원,HKD
00253,Shun Ho Holdings Ltd,53301010,"호텔, 모텔 및 크루즈 라인",188708625,325억원,HKD
01111,Huashi Group Holdings Ltd,53302010,광고 및 마케팅,188038600,324억원,HKD
08501,Sanbase Corporation Ltd,53403020,주택 개조 제품 및 서비스 소매,188000000,324억원,HKD
00844,Greatime International Holdings Ltd,53202020,의류 및 액세서리,187847425,324억원,HKD
01080,Shengli Oil & Gas Pipe Holdings Ltd,51201020,철 및 강철,185969549,320억원,HKD
03708,World Digital Economy Asset Group Ltd,52201020,건설 및 엔지니어링,185456400,320억원,HKD
09608,Sundy Service Co Ltd,60101020,부동산 서비스,184320000,318억원,HKD
08131,Novatech Intelligence Ltd,57301010,핀테크,183398840,316억원,HKD
03628,Renheng Enterprise Holdings Ltd,52102010,산업용 기계 및 장비,183312000,316억원,HKD
08100,Famous Tech International Holdings Ltd,57201020,소프트웨어,182223777,314억원,HKD
00616,Asset Chain Ltd,60101010,"부동산 임대, 개발 및 운영",181130462,312억원,HKD
01380,China Kingstone Mining Holdings Ltd,51202010,건설 자재,180931681,312억원,HKD
01146,Huicheng International Holdings Ltd,53202020,의류 및 액세서리,180817950,312억원,HKD
08270,China CBM Group Co Ltd,50102020,"오일, 가스 탐사 및 생산",179607308,309억원,HKD
00983,SOCAM Development Ltd,52201020,건설 및 엔지니어링,179206159,309억원,HKD
02320,Hop Fung Group Holdings Ltd,51302020,종이 포장재,175793460,303억원,HKD
01560,Star Group Asia Ltd,60101010,"부동산 임대, 개발 및 운영",205279360,354억원,HKD
01198,Royale Home Holdings Ltd,53204040,가정용 가구,194892099,336억원,HKD
01446,Hung Fook Tong Group Holdings Ltd,54301020,식품 소매 및 유통,190223760,328억원,HKD
02080,AUX International Holdings Ltd,60101020,부동산 서비스,187333920,323억원,HKD
00375,YGM Trading Ltd,53403040,의류 및 액세서리 소매,186596766,322억원,HKD
00417,Tse Sui Luen Jewellery (International) Ltd,53202020,의류 및 액세서리,185640612,320억원,HKD
01547,IBI Group Holdings Ltd,52201020,건설 및 엔지니어링,185600000,320억원,HKD
00214,Asia Orient Holdings Ltd,55102020,투자 관리 및 펀드 운영,184151405,317억원,HKD
00271,Asiasec Properties Ltd,60101010,"부동산 임대, 개발 및 운영",183619004,316억원,HKD
01343,Wei Yuan Holdings Ltd,52201020,건설 및 엔지니어링,183008000,315억원,HKD
06877,Top Eminent Healthcare Group Ltd,53403090,기타 전문 소매,182996100,315억원,HKD
00329,OCI International Holdings Ltd,55102020,투자 관리 및 펀드 운영,182969490,315억원,HKD
00757,Solargiga Energy Holdings Ltd,50201010,재생 가능 에너지 장비 및 서비스,182807412,315억원,HKD
01775,BExcellent Group Holdings Ltd,63101010,기타 교육 서비스 제공,181224080,312억원,HKD
00905,Walnut Capital Ltd,55102020,투자 관리 및 펀드 운영,180686153,311억원,HKD
00380,China Pipe Group Ltd,53203020,건설 자재 및 비품,179855910,310억원,HKD
01917,Doumob,53302010,광고 및 마케팅,179400000,309억원,HKD
01354,XiAn Kingfar Property Services Co Ltd Class H,60101020,부동산 서비스,179333692,309억원,HKD
01496,AP Rentals Holdings Ltd,52203040,경영 지원 서비스,178848000,308억원,HKD
01312,Kontafarma China Holdings Ltd,56201040,제약,178834297,308억원,HKD
02193,Man King Holdings Ltd,52201020,건설 및 엔지니어링,178327450,307억원,HKD
01218,Easyknit International Holdings Ltd,60101010,"부동산 임대, 개발 및 운영",177572167,306억원,HKD
00701,CNT Group Ltd,51101010,상품 화학,177042769,305억원,HKD
08040,Coolpoint Innonism Holding Ltd,52201020,건설 및 엔지니어링,176800000,305억원,HKD
08645,Byte Metaverse Holdings Ltd,57201030,온라인 서비스,176265432,304억원,HKD
00442,Domaine Power Holdings Ltd,53202020,의류 및 액세서리,176222000,304억원,HKD
01957,MBV International Ltd,53202020,의류 및 액세서리,175840000,303억원,HKD
00287,Winfair Investment Co Ltd,60101010,"부동산 임대, 개발 및 운영",174400000,301억원,HKD
06838,Winox Holdings Ltd,53202020,의류 및 액세서리,174000000,300억원,HKD
00607,Fullshare Holdings Ltd,52102040,중전기장비,173647164,299억원,HKD
00632,CHK Oil Ltd,50102030,"오일, 가스 정제 및 마케팅",173055801,298억원,HKD
08368,Creative China Holdings Ltd,53302030,엔터테인먼트 제작,173054430,298억원,HKD
01897,Million Hope Industries Holdings Ltd,52201020,건설 및 엔지니어링,172984541,298억원,HKD
02605,MetaLight Inc,57201030,온라인 서비스,172726280,298억원,HKD
00118,Cosmos Machinery Enterprises Ltd,52102010,산업용 기계 및 장비,172386138,297억원,HKD
01871,China Oriented International Holdings Ltd,63101010,기타 교육 서비스 제공,172203486,297억원,HKD
00188,Sunwah Kingsway Capital Holdings Ltd,55102010,투자 은행 및 중개 서비스,172031648,296억원,HKD
00851,Sheng Yuan Holdings Ltd,55102010,투자 은행 및 중개 서비스,171984255,296억원,HKD
00660,Wai Chun Bio Technology Ltd,51101030,특수 화학제,171017854,295억원,HKD
01759,Sino Gas Holdings Group Ltd,50102030,"오일, 가스 정제 및 마케팅",170640000,294억원,HKD
01978,LH Group Ltd,53301020,레스토랑 및 바,170400000,294억원,HKD
08439,Somerley Capital Holdings Ltd,55101050,기업 금융 서비스,169670921,292억원,HKD
08066,Phoenitron Holdings Ltd,57101010,반도체,169268171,292억원,HKD
01486,C Cheng Holdings Ltd,53203010,주택 건설,168632556,291억원,HKD
00718,Tai United Holdings Ltd,60101010,"부동산 임대, 개발 및 운영",168000635,289억원,HKD
02286,Chen Xing Development Holdings Ltd,60101010,"부동산 임대, 개발 및 운영",167999997,289억원,HKD
02086,Leadway Technology Investment Group,57201010,IT 서비스 및 컨설팅,167771568,289억원,HKD
03363,Zhengye International Holdings Co Ltd,51302020,종이 포장재,167500000,289억원,HKD
02168,Kaisa Prosperity Holdings Ltd,60101020,부동산 서비스,166986661,288억원,HKD
06193,Tailam Tech Construction Holdings Ltd,51202010,건설 자재,166000000,286억원,HKD
00776,Imperium Technology Group Ltd,57201030,온라인 서비스,165943875,286억원,HKD
08365,Hatcher Group Ltd,55101050,기업 금융 서비스,164962035,284억원,HKD
01370,Aowei Holding Ltd,51201020,철 및 강철,163532989,282억원,HKD
01323,Huasheng International Holding Ltd,51202010,건설 자재,163219454,281억원,HKD
03883,China Aoyuan Group Ltd,60101010,"부동산 임대, 개발 및 운영",160166591,276억원,HKD
08329,Shenzhen Neptunus Interlong Bio-technique Co Ltd Class H,56201040,제약,157732000,272억원,HKD
00110,China Fortune Holdings Ltd,57106020,전화 및 소형 장치,155991297,269억원,HKD
00243,Qpl International Holdings Ltd,57101010,반도체,155920739,269억원,HKD
01105,Sing Tao News Corporation Ltd,53302040,소비자 출판,154975571,267억원,HKD
06162,China Tianrui Automotive Interiors Co Ltd,53101020,"자동차, 트럭 및 오토바이 부품",129600000,223억원,HKD
01718,Wan Kei Group Holdings Ltd,52201020,건설 및 엔지니어링,180951400,312억원,HKD
08005,Yuxing Infotech Investment Holdings Ltd,57102010,통신 및 네트워킹,171651631,296억원,HKD
01123,China Hongkong Photo Products Holdings Ltd,57106030,가정용 전자 제품,165944569,286억원,HKD
00104,Asia Commercial Holdings Ltd,53403040,의류 및 액세서리 소매,165861355,286억원,HKD
02695,Impression Dahongpao Co Ltd Class H,53302030,엔터테인먼트 제작,165795500,286억원,HKD
08406,China Oral Industry Group Holdings Ltd,53205020,오락용 제품,165447889,285억원,HKD
01737,A & S Group (Holdings) Limited,52405010,"배달, 우편, 항공 화물 및 육상 물류",164000000,283억원,HKD
03332,Nanjing Sinolife United Co Ltd Class H,53403090,기타 전문 소매,163709618,282억원,HKD
08080,North Asia Strategic Holdings Ltd,57101020,반도체 장비 및 테스트,163623352,282억원,HKD
06816,Prosper Construction Holdings Ltd,52201020,건설 및 엔지니어링,162400000,280억원,HKD
08657,True Partner Capital Holding Ltd,55102020,투자 관리 및 펀드 운영,161698628,279억원,HKD
00223,Elife Holdings Ltd,56101020,"의료 장비, 물품 및 유통",161542434,278억원,HKD
00387,Leeport (Holdings) Ltd,52102010,산업용 기계 및 장비,159902863,276억원,HKD
00048,China Automotive Interior Decoration Holdings Ltd,53101020,"자동차, 트럭 및 오토바이 부품",159792532,275억원,HKD
01176,Zhuguang Holdings Group Company Ltd,60101010,"부동산 임대, 개발 및 운영",159311390,275억원,HKD
08106,Xinhua Lande Scitech Co.  Limited Class H,57106010,컴퓨터 하드웨어,159264033,274억원,HKD
06968,Ganglong China Property Group Ltd,60101010,"부동산 임대, 개발 및 운영",158936302,274억원,HKD
03366,Overseas Chinese Town (Asia) Holdings Ltd,60101010,"부동산 임대, 개발 및 운영",158653592,273억원,HKD
02393,Yestar Healthcare Holdings Company Limited,56101020,"의료 장비, 물품 및 유통",158548120,273억원,HKD
08205,Shanghai Jiaoda Withub Information Industrial Co Ltd Class H,57201020,소프트웨어,158400000,273억원,HKD
00385,Chinney Alliance Group Ltd,52201020,건설 및 엔지니어링,157648300,272억원,HKD
08326,Tonking New Energy Group Holdings Ltd,50201010,재생 가능 에너지 장비 및 서비스,157056000,271억원,HKD
00605,China Financial Services Holdings Ltd,55101050,기업 금융 서비스,156795050,270억원,HKD
00643,Carry Wealth Holdings Ltd,53202020,의류 및 액세서리,156573126,270억원,HKD
02078,Panasialum Holdings Co Ltd,51201030,알루미늄,156000000,269억원,HKD
00821,Value Convergence Holdings Ltd,55102010,투자 은행 및 중개 서비스,154000366,265억원,HKD
01932,CPM Group Ltd,51101010,상품 화학,154000000,265억원,HKD
00500,Frontier Services Group Ltd,52203040,경영 지원 서비스,153816696,265억원,HKD
08132,Century Energy International Holdings Ltd,50102020,"오일, 가스 탐사 및 생산",153584531,265억원,HKD
01628,Yuzhou Group Holdings Co Ltd,60101010,"부동산 임대, 개발 및 운영",153262660,264억원,HKD
01281,Xinda Investment Holdings Ltd,59101010,전력 유틸리티,152914212,264억원,HKD
08237,Link Holdings Ltd,53301010,"호텔, 모텔 및 크루즈 라인",152778240,263억원,HKD
01059,Kantone Holdings Ltd,57201020,소프트웨어,151888570,262억원,HKD
06988,Joy Spreader Group Inc,57201030,온라인 서비스,151803341,262억원,HKD
08529,UBoT Holding Ltd,55601010,투자 지주 회사,151681625,261억원,HKD
03398,China Ting Group Holdings Ltd,53202020,의류 및 액세서리,151186896,261억원,HKD
01722,Kin Pang Holdings Ltd,52201020,건설 및 엔지니어링,150700000,260억원,HKD
06812,Winson Holdings Hong Kong Ltd,52203040,경영 지원 서비스,150000000,258억원,HKD
03601,360 Ludashi Holdings Ltd,57201030,온라인 서비스,149295000,257억원,HKD
00060,Hong Kong Food Investment Holdings Ltd,54102010,어업 및 농업,148279320,256억원,HKD
01162,Lumina Group Ltd,52203060,비즈니스 지원 용품,148200000,255억원,HKD
08123,Sinofortune Financial Holdings Ltd,53101010,자동차 및 트럭 제조,148198770,255억원,HKD
00126,Carrianna Group Holdings Company Ltd,53301010,"호텔, 모텔 및 크루즈 라인",148176252,255억원,HKD
08668,Ying Hai Group Holdings Company Ltd,52406020,지상 및 해상 여객 운송,147600000,254억원,HKD
00139,Smart Fish Wealthlink Holdings Ltd,55102010,투자 은행 및 중개 서비스,147424176,254억원,HKD
01379,Wenling Zhejiang Measuring and Cutting Tools Trading Centre Co Ltd Class H,60101010,"부동산 임대, 개발 및 운영",147200000,254억원,HKD
03997,Telecom Service One Holdings Ltd,54201030,개인 서비스,146951590,253억원,HKD
00164,China Baoli Technologies Holdings Ltd,53302010,광고 및 마케팅,146690344,253억원,HKD
00637,Lee Kee Holdings Ltd,51201050,특수 채굴 및 금속,146688750,253억원,HKD
02221,New Concepts Holdings Ltd,52203010,환경 서비스 및 장비,146439508,252억원,HKD
00893,China Vanadium Titano Magnetite Mining Co Ltd,51201020,철 및 강철,146186002,252억원,HKD
09916,Xingye Wulian Service Group Co Ltd,60101020,부동산 서비스,146000000,252억원,HKD
02699,Xinming China Holdings Ltd,60101020,부동산 서비스,144785398,249억원,HKD
00094,Greenheart Group Ltd,51301010,임업 및 목재 제품,144689302,249억원,HKD
01002,VS International Group Ltd,51101010,상품 화학,144499409,249억원,HKD
01942,MOG Digitech Holdings Ltd,57106010,컴퓨터 하드웨어,142028882,245억원,HKD
00328,Alco Holdings Ltd,57106010,컴퓨터 하드웨어,141764114,244억원,HKD
08480,Furniweb Holdings Ltd,53202010,직물 및 가죽제품,140344883,242억원,HKD
01715,AI Health Technology Ltd,53204030,"가전제품, 도구 및 가정 용품",137088754,236억원,HKD
01145,Courage Investment Group Ltd,52405020,해양 화물 및 물류,130626725,225억원,HKD
08527,JLogo Holdings Ltd,53301020,레스토랑 및 바,195000000,336억원,HKD
01351,Bright Future Technology Holdings Ltd,53302010,광고 및 마케팅,180000000,310억원,HKD
02266,Lai Si Enterprise Holding Ltd,53403020,주택 개조 제품 및 서비스 소매,156000000,269억원,HKD
03889,Global Corn Group Ltd,54102020,식품 가공,148715864,256억원,HKD
00254,National United Resources Holdings Ltd,52406020,지상 및 해상 여객 운송,145964773,252억원,HKD
01452,Denox Environmental & Technology Holdings Ltd,51101010,상품 화학,145661869,251억원,HKD
01163,Adtiger Corporations Ltd,53302010,광고 및 마케팅,145216800,250억원,HKD
01949,Platt Nera International Ltd,57201010,IT 서비스 및 컨설팅,145152000,250억원,HKD
00684,Allan International Holdings Ltd,53204030,"가전제품, 도구 및 가정 용품",144878716,250억원,HKD
01400,Moody Technology Holdings Ltd,53202020,의류 및 액세서리,144467160,249억원,HKD
01233,Times China Holdings Ltd,60101010,"부동산 임대, 개발 및 운영",144027087,248억원,HKD
01395,ELL Environmental Holdings Ltd,59103010,수자원 유틸리티,143949000,248억원,HKD
02307,Kam Hing International Holdings Ltd,53202010,직물 및 가죽제품,143536635,247억원,HKD
02950,Sanergy Group Ltd,52102030,전기 부품 및 장비,143412000,247억원,HKD
02772,Zhongliang Holdings Group Company Ltd,60101010,"부동산 임대, 개발 및 운영",143157181,247억원,HKD
01739,Qeeka Home (Cayman) Inc,52203040,경영 지원 서비스,143126386,247억원,HKD
00859,Zhongchang International Holdings Group Ltd,60101010,"부동산 임대, 개발 및 운영",142878438,246억원,HKD
01745,Lvji Technology Holdings Inc,57201020,소프트웨어,141724856,244억원,HKD
01937,Jiachen Holding Group Ltd,53203020,건설 자재 및 비품,141000000,243억원,HKD
02293,Bamboos Health Care Holdings Ltd,52203030,고용 서비스,140861000,243억원,HKD
01663,Sino Harbour Holdings Group Ltd,60101010,"부동산 임대, 개발 및 운영",140448000,242억원,HKD
00122,Crocodile Garments Ltd,53202020,의류 및 액세서리,140266230,242억원,HKD
00913,Harbour Digital Asset Capital Ltd,55102010,투자 은행 및 중개 서비스,140153116,242억원,HKD
00475,Central Development Holdings Ltd,50201010,재생 가능 에너지 장비 및 서비스,139882680,241억원,HKD
00759,CEC International Holdings Ltd,54301020,식품 소매 및 유통,139233877,240억원,HKD
01894,Hang Yick Holdings Co Ltd,51201020,철 및 강철,138847415,239억원,HKD
00947,Mobi Development Co Ltd,57102010,통신 및 네트워킹,138651046,239억원,HKD
08292,VSING Ltd,52405020,해양 화물 및 물류,138024960,238억원,HKD
08073,China Shuifa Singyes New Materials Holdings Ltd,51101010,상품 화학,137800000,237억원,HKD
00430,Oriental Explorer Holdings Ltd,60101010,"부동산 임대, 개발 및 운영",137416994,237억원,HKD
00397,Minerva Group Holding Ltd,55101050,기업 금융 서비스,136913564,236억원,HKD
02593,Herbs Generation Group Holdings Ltd,53403090,기타 전문 소매,136666940,236억원,HKD
01498,PuraPharm Corp Ltd,56201040,제약,136653900,235억원,HKD
00330,Esprit Holdings Ltd,53202020,의류 및 액세서리,135879232,234억원,HKD
01068,China Yurun Food Group Ltd,54102020,식품 가공,134883918,232억원,HKD
08156,Sinopharm Tech Holdings Ltd,53301030,카지노 및 도박,134342928,231억원,HKD
00185,Zensun Enterprises Ltd,60101010,"부동산 임대, 개발 및 운영",133937067,231억원,HKD
08295,Kingwisoft Technology Group Co Ltd,57401010,통합 통신 서비스,133728549,230억원,HKD
08021,WLS Holdings Ltd,52201020,건설 및 엔지니어링,133614040,230억원,HKD
01572,China Art Financial Holdings Ltd,55101030,소비자 대출,133549500,230억원,HKD
01172,Magnus Concordia Group Ltd,52203020,상업 인쇄 서비스,132921523,229억원,HKD
01581,Progressive Path Group Holdings Ltd,52201020,건설 및 엔지니어링,132800000,229억원,HKD
06080,Wing Chi Holdings Ltd,52201020,건설 및 엔지니어링,132201300,228억원,HKD
00070,Rich Goldman Holdings Ltd,55101030,소비자 대출,131839943,227억원,HKD
01206,Technovator International Ltd,57201010,IT 서비스 및 컨설팅,131408288,226억원,HKD
01680,Macau Legend Development Ltd,53301030,카지노 및 도박,131155108,226억원,HKD
06909,BetterLife Holding Ltd,53403010,"자동차 차량, 부품 및 서비스 소매",130725000,225억원,HKD
00077,AMS Public Transport Holdings Ltd,52406020,지상 및 해상 여객 운송,130518240,225억원,HKD
08107,Ficus Technology Holdings Ltd,52202010,다각적 산업용 제품 도매,130448775,225억원,HKD
01803,Beijing Sports and Entertainment Industry Group Ltd,52201020,건설 및 엔지니어링,130100663,224억원,HKD
08448,Universe Printshop Holdings Ltd,52203020,상업 인쇄 서비스,129740000,224억원,HKD
02223,Casablanca Group Ltd,53204040,가정용 가구,129076000,222억원,HKD
01393,Hidili Industry International Development Ltd,50101010,석탄,128947263,222억원,HKD
01971,Redsun Services Group Ltd,60101020,부동산 서비스,128650000,222억원,HKD
06068,Wisdom Education International Holdings Company Ltd,63102010,"초, 중, 고등 교육기관",128511086,221억원,HKD
01575,Regal Partners Holdings Ltd,53204040,가정용 가구,127380000,220억원,HKD
08125,RJVAN Holdings Limited,53203010,주택 건설,126788613,218억원,HKD
01796,Metaspacex Ltd,52201020,건설 및 엔지니어링,124800000,215억원,HKD
08219,Hanvey Group Holdings Ltd,53202020,의류 및 액세서리,123750000,213억원,HKD
01229,Nan Nan Resources Enterprise Ltd,50101010,석탄,122459773,211억원,HKD
01901,Feiyang International Holdings Group Ltd,53301040,여가 및 오락시설,147763200,255억원,HKD
00899,Zhong Jia Guo Xin Holdings Co Ltd,60101010,"부동산 임대, 개발 및 운영",137702520,237억원,HKD
00115,Grand Field Group Holdings Ltd,60101010,"부동산 임대, 개발 및 운영",136681433,236억원,HKD
08007,Global Strategic Group Ltd,50103020,오일 관련 서비스 및 장비,135790457,234억원,HKD
02908,Beijing Sports and Entertainment Industry Group Ltd,52201020,건설 및 엔지니어링,128411044,221억원,HKD
03603,Xinji Shaxi Group Co Ltd,60101010,"부동산 임대, 개발 및 운영",128393184,221억원,HKD
06913,South China Vocational Education Group Co Ltd,63102010,"초, 중, 고등 교육기관",128064000,221억원,HKD
01217,China Innovation Investment Ltd,55102020,투자 관리 및 펀드 운영,128015786,221억원,HKD
08062,EFT Solutions Holdings Ltd,57201020,소프트웨어,127200000,219억원,HKD
08411,K W Nelson Interior Design and Contracting Group Ltd,52201020,건설 및 엔지니어링,127000000,219억원,HKD
06928,TOMO Holdings Ltd,53101020,"자동차, 트럭 및 오토바이 부품",126990000,219억원,HKD
09600,Newlink Technology Inc,57201010,IT 서비스 및 컨설팅,126728789,218억원,HKD
01711,Ulferts International Ltd,53403030,가정용 가구 소매,126400000,218억원,HKD
01542,Taizhou Water Group Co Ltd Class H,59103010,수자원 유틸리티,126000000,217억원,HKD
08436,Takbo Group Holdings Ltd,54201020,개인 생활 필수 용품,126000000,217억원,HKD
00022,Mexan Ltd,53301010,"호텔, 모텔 및 크루즈 라인",125652184,217억원,HKD
01047,Ngai Hing Hong Co Ltd,51101010,상품 화학,125528000,216억원,HKD
01855,ZONQING Environmental Ltd,52201020,건설 및 엔지니어링,125400000,216억원,HKD
08186,Honor Matrix Holdings Ltd,53204040,가정용 가구,125255504,216억원,HKD
02371,Chuanglian Holdings Ltd,63101010,기타 교육 서비스 제공,124596590,215억원,HKD
00174,Gemini Investments Holdings Ltd,60101010,"부동산 임대, 개발 및 운영",124253935,214억원,HKD
00726,DIT Group Ltd,52201020,건설 및 엔지니어링,124043829,214억원,HKD
02682,Yun Lee Marine Group Holdings Ltd,52102050,조선,124000000,214억원,HKD
08372,Grand Brilliance Group Holdings Ltd,56101020,"의료 장비, 물품 및 유통",124000000,214억원,HKD
01559,Kwan On Holdings Ltd,60101010,"부동산 임대, 개발 및 운영",123957021,214억원,HKD
06158,Zhenro Properties Group Ltd,60101010,"부동산 임대, 개발 및 운영",122297168,211억원,HKD
02459,Sanergy Group Ltd,52102030,전기 부품 및 장비,122094000,210억원,HKD
02122,Kidsland International Holdings Ltd,53403090,기타 전문 소매,122032286,210억원,HKD
00733,Hopefluent Group Holdings Ltd,60101020,부동산 서비스,122021148,210억원,HKD
00948,Alpha Professional Holdings Ltd,54301020,식품 소매 및 유통,121622713,210억원,HKD
01671,Tianjin Tianbao Energy Co Ltd Class H,59101010,전력 유틸리티,121539889,209억원,HKD
00889,Datronix Holdings Ltd,57104010,전자 장비 및 부품,120000000,207억원,HKD
01991,Ta Yang Group Holdings Ltd,53302010,광고 및 마케팅,119544657,206억원,HKD
00814,Beijing Jingkelong Co Ltd Class H,54301020,식품 소매 및 유통,119543800,206억원,HKD
00540,Speedy Global Holdings Ltd,53202020,의류 및 액세서리,117600000,203억원,HKD
06918,Jiutai Digital Technology Holdings Limited,53205010,장난감 및 어린이 제품,117167831,202억원,HKD
00058,Sunway International Holdings Ltd,51202010,건설 자재,117023040,202억원,HKD
01655,OKURA HOLDINGS LIMITED,53301030,카지노 및 도박,116639932,201억원,HKD
01549,Ever Harvest Group Holdings Ltd,52405020,해양 화물 및 물류,116250000,200억원,HKD
00954,Changmao Biochemical Engineering Co Ltd Class H,51101010,상품 화학,116004300,200억원,HKD
01741,Shing Chi Holdings Ltd,52201020,건설 및 엔지니어링,116000000,200억원,HKD
00794,Come Sure Group (Holdings) Ltd,51302020,종이 포장재,115879400,200억원,HKD
08360,Basic House New Life Group Ltd,53203010,주택 건설,115859108,200억원,HKD
02330,China Uptown Group Co Ltd,60101010,"부동산 임대, 개발 및 운영",115475666,199억원,HKD
02914,Alpha Professional Holdings Ltd,54301020,식품 소매 및 유통,115438507,199억원,HKD
00482,Sandmartin International Holdings Ltd,57102010,통신 및 네트워킹,115333837,199억원,HKD
00401,Wanjia Group Holdings Ltd,56102010,의료 시설 및 서비스,115118802,198억원,HKD
01629,Champion Alliance International Holdings Ltd,54201020,개인 생활 필수 용품,114679433,198억원,HKD
00572,Future World Holdings Ltd,53301020,레스토랑 및 바,114572999,197억원,HKD
08481,Shenglong Splendecor International Ltd,51301020,종이 제품,113447600,195억원,HKD
08348,Tianjin Binhai Teda Logistics (Group) Corp Ltd Class H,52405010,"배달, 우편, 항공 화물 및 육상 물류",113212800,195억원,HKD
01421,Prosperity Group International Ltd,52102030,전기 부품 및 장비,113110288,195억원,HKD
01181,Tang Palace (China) Holdings Ltd,53301020,레스토랑 및 바,112982888,195억원,HKD
01241,Shuanghua Holdings Ltd,52202010,다각적 산업용 제품 도매,112450000,194억원,HKD
02048,E-House (China) Enterprise Holdings Ltd,60101020,부동산 서비스,111939810,193억원,HKD
00262,Deson Development International Holdings Ltd,60101010,"부동산 임대, 개발 및 운영",111478366,192억원,HKD
08445,Noble Engineering Group Holdings Ltd,52201020,건설 및 엔지니어링,109446480,189억원,HKD
00456,New City Development Group Ltd,60101010,"부동산 임대, 개발 및 운영",107114443,185억원,HKD
03301,Ronshine China Holdings Ltd,60101010,"부동산 임대, 개발 및 운영",106056179,183억원,HKD
01338,BaWang International Group Holding Ltd,54201020,개인 생활 필수 용품,104360544,180억원,HKD
00075,YT Realty Group Ltd,60101010,"부동산 임대, 개발 및 운영",126330072,218억원,HKD
00197,Heng Tai Consumables Group Ltd,54301020,식품 소매 및 유통,121342063,209억원,HKD
08160,Goldway Education Group Ltd,63101010,기타 교육 서비스 제공,113839728,196억원,HKD
00544,Daido Group Ltd,52405030,지상 화물 및 물류,112558314,194억원,HKD
00312,Shirble Department Store Holdings China Ltd,53402010,백화점,112275000,193억원,HKD
08031,ETS Group Ltd,52203030,고용 서비스,111744675,193억원,HKD
02012,Sunshine Oilsands Ltd,50102020,"오일, 가스 탐사 및 생산",111682648,192억원,HKD
01232,Golden Wheel Tiandi Holdings Co Ltd,60101010,"부동산 임대, 개발 및 운영",110471295,190억원,HKD
02340,ISP Holdings Ltd,53403020,주택 개조 제품 및 서비스 소매,110120112,190억원,HKD
08473,MI Ming Mart Holdings Ltd,53403090,기타 전문 소매,109760000,189억원,HKD
00513,Continental Holdings Ltd,53202020,의류 및 액세서리,109298921,188억원,HKD
02188,China Titans Energy Technology Group Co Ltd,52102030,전기 부품 및 장비,108917898,188억원,HKD
00834,Shengrong Holding Ltd,54102020,식품 가공,108707520,187억원,HKD
01239,Teamway International Group Holdings Ltd,51302010,용기(종이 제외) 및 포장재,108504482,187억원,HKD
01968,Hingtex Holdings Ltd,53202010,직물 및 가죽제품,108160000,186억원,HKD
06610,Flowing Cloud Technology Ltd,53302010,광고 및 마케팅,106623583,184억원,HKD
02882,3DG Holdings International Ltd,53403040,의류 및 액세서리 소매,106520282,184억원,HKD
00269,China Resources and Transportation Group Ltd,52407030,고속도로 및 철도,106440932,183억원,HKD
02203,Brainhole Technology Ltd,57101010,반도체,106400000,183억원,HKD
00832,Central China Real Estate Ltd,60101010,"부동산 임대, 개발 및 운영",106369413,183억원,HKD
01459,Jujiang Construction Group Co Ltd Class H,52201020,건설 및 엔지니어링,106138640,183억원,HKD
00484,Forgame Holdings Ltd,57101010,반도체,105610930,182억원,HKD
01269,China First Capital Group Ltd,53101020,"자동차, 트럭 및 오토바이 부품",105336000,182억원,HKD
01933,OneForce Holdings Ltd,57201020,소프트웨어,105320780,181억원,HKD
08271,Global Digital Creations Holdings Ltd,53302030,엔터테인먼트 제작,105231668,181억원,HKD
01134,Kelfred Holdings Ltd,56101020,"의료 장비, 물품 및 유통",105000000,181억원,HKD
06839,Yunnan Water Investment Co Ltd Class H,59103010,수자원 유틸리티,103809571,179억원,HKD
01771,Sunfonda Group Holdings Ltd,53403010,"자동차 차량, 부품 및 서비스 소매",103800000,179억원,HKD
01470,Prosper One International Holdings Company Ltd,53403040,의류 및 액세서리 소매,103200000,178억원,HKD
00181,Fujian Holdings Ltd,53301010,"호텔, 모텔 및 크루즈 라인",103099140,178억원,HKD
01388,Embry Holdings Ltd,53202020,의류 및 액세서리,103069660,178억원,HKD
01518,New Century Healthcare Holding Co Ltd,56102010,의료 시설 및 서비스,102905250,177억원,HKD
02925,Jintai Energy Holdings Ltd,50102030,"오일, 가스 정제 및 마케팅",102465480,177억원,HKD
03313,Artgo Holdings Ltd,51202010,건설 자재,102391533,176억원,HKD
02920,Bonjour Holdings Ltd,53403090,기타 전문 소매,102180854,176억원,HKD
01213,Mobicon Group Ltd,57104010,전자 장비 및 부품,102000000,176억원,HKD
01013,Wai Chun Group Holdings Ltd,54102010,어업 및 농업,101608022,175억원,HKD
01555,MIE Holdings Corp,50102020,"오일, 가스 탐사 및 생산",101595765,175억원,HKD
01039,Changyou International Group Ltd,57201030,온라인 서비스,101413383,175억원,HKD
08149,Altus Holdings Ltd,60101010,"부동산 임대, 개발 및 운영",100993860,174억원,HKD
08460,Basetrophy Group Holdings Ltd,52201020,건설 및 엔지니어링,100931047,174억원,HKD
08113,V & V Technology Holdings Ltd,53403050,컴퓨터 및 전자 제품 소매,100019880,172억원,HKD
08616,Sunray Engineering Group Ltd,53203020,건설 자재 및 비품,100000000,172억원,HKD
01546,Thelloy Development Group Ltd,52201020,건설 및 엔지니어링,100000000,172억원,HKD
00276,Mongolia Energy Corp Ltd,50101010,석탄,99706700,172억원,HKD
00171,Silver Grant International Holdings Group Ltd,60101010,"부동산 임대, 개발 및 운영",99108533,171억원,HKD
00645,Ares Asia Ltd,50101010,석탄,98529677,170억원,HKD
01235,Travel Expert (ASIA) Enterprises Ltd,53301040,여가 및 오락시설,98402787,170억원,HKD
02738,Huajin International Holdings Ltd,51201020,철 및 강철,98400000,170억원,HKD
00841,Asia Cassava Resources Holdings Ltd,54301020,식품 소매 및 유통,98234088,169억원,HKD
00403,Starlite Holdings Ltd,51302020,종이 포장재,98124124,169억원,HKD
02324,Capital VC Ltd,55102020,투자 관리 및 펀드 운영,97227702,168억원,HKD
00747,Shenyang Public Utility Holdings Co Ltd Class H,52201020,건설 및 엔지니어링,96978816,167억원,HKD
08379,Prime Intelligence Solutions Group Ltd,52203040,경영 지원 서비스,96000000,165억원,HKD
01472,Sang Hing Holdings (International) Ltd,52201020,건설 및 엔지니어링,96000000,165억원,HKD
01000,Beijing Media Corp Ltd Class H,53302010,광고 및 마케팅,94708800,163억원,HKD
08093,Web3 Meta Ltd,53302010,광고 및 마케팅,94503744,163억원,HKD
08622,Joyzyme Group Ltd,56101020,"의료 장비, 물품 및 유통",93300432,161억원,HKD
03822,Sam Woo Construction Group Ltd,52201020,건설 및 엔지니어링,93240000,161억원,HKD
08567,Good Fellow Healthcare Holdings Ltd,56102010,의료 시설 및 서비스,,,HKD
00072,Meta Media Holdings Ltd,53302040,소비자 출판,105204638,181억원,HKD
01869,Kafelaku Coffee Holding Ltd,53301020,레스토랑 및 바,99845700,172억원,HKD
09918,Wise Ally International Holdings Ltd,57104010,전자 장비 및 부품,99000000,171억원,HKD
00764,Eternity Investment Ltd,52203040,경영 지원 서비스,96685609,167억원,HKD
00675,K & P International Holdings Ltd,52102030,전기 부품 및 장비,96121728,166억원,HKD
00356,DT Capital Ltd,55601010,투자 지주 회사,94657373,163억원,HKD
08140,BOSA Technology Holdings Ltd,52201020,건설 및 엔지니어링,94400000,163억원,HKD
08400,Asia Pioneer Entertainment Holdings Ltd,52102010,산업용 기계 및 장비,94000000,162억원,HKD
03878,Vicon Holdings Ltd,52203040,경영 지원 서비스,93522000,161억원,HKD
00932,Shunten International (Holdings) Ltd,54102020,식품 가공,93236803,161억원,HKD
00381,AOM International Group Co Ltd,53205010,장난감 및 어린이 제품,93129717,160억원,HKD
08013,Eci Technology Holdings Ltd,52203040,경영 지원 서비스,92800000,160억원,HKD
00599,E.Bon Holdings Ltd,53203020,건설 자재 및 비품,92011385,159억원,HKD
08213,StarGlory Holdings Co Ltd,53301020,레스토랑 및 바,91584502,158억원,HKD
08147,Yunjing Digitech Group Ltd,57104010,전자 장비 및 부품,91181023,157억원,HKD
03639,Yida China Holdings Ltd,60101010,"부동산 임대, 개발 및 운영",90438950,156억원,HKD
00736,China Properties Investment Holdings Ltd,55101030,소비자 대출,89767890,155억원,HKD
08128,Sino Energy Conservation International Ltd,59101010,전력 유틸리티,89721223,155억원,HKD
06958,Zhenro Services Group Ltd,60101020,부동산 서비스,89225000,154억원,HKD
08516,Zhong Ying International Group Ltd,52201020,건설 및 엔지니어링,89200020,154억원,HKD
01004,China Smarter Energy Group Holdings Ltd,59101010,전력 유틸리티,89056338,153억원,HKD
00389,China Tontine Wines Group Ltd,54101020,증류주 및 포도주,88960731,153억원,HKD
00120,Cosmopolitan International Holdings Ltd,60101010,"부동산 임대, 개발 및 운영",88539510,153억원,HKD
08620,Asia-express Logistics Holdings Ltd,52407010,공항 운영 및 서비스,88018700,152억원,HKD
02022,Digital Hollywood Interactive Ltd,57201030,온라인 서비스,88000000,152억원,HKD
01443,Fulum Group Holdings Ltd,53301020,레스토랑 및 바,87100000,150억원,HKD
01996,Redsun Properties Group Ltd,53301010,"호텔, 모텔 및 크루즈 라인",86811348,150억원,HKD
01025,KNT Holdings Ltd,53202020,의류 및 액세서리,86789283,150억원,HKD
00491,Emperor Culture Group Ltd,53301040,여가 및 오락시설,86760204,150억원,HKD
08218,Echo International Holdings Group Ltd,57104010,전자 장비 및 부품,86635007,149억원,HKD
08187,Jimu Group Ltd,53202020,의류 및 액세서리,86459789,149억원,HKD
06888,Freetech Road Recycling Technology (Holdings) Ltd,52201020,건설 및 엔지니어링,86320000,149억원,HKD
08377,Harbour Equine Holdings Ltd,52203040,경영 지원 서비스,86278698,149억원,HKD
01063,Suncorp Technologies Ltd,57201030,온라인 서비스,86158048,148억원,HKD
08043,Atlinks Group Ltd,57102010,통신 및 네트워킹,85600000,148억원,HKD
01967,Confidence Intelligence Holdings Ltd,57301010,핀테크,85500000,147억원,HKD
08495,1957 & Co (Hospitality) Ltd,53301020,레스토랑 및 바,85248000,147억원,HKD
08208,Radiance Global Group Holdings Ltd,52201020,건설 및 엔지니어링,84960000,146억원,HKD
00619,South China Financial Holdings Ltd,55102010,투자 은행 및 중개 서비스,84357580,145억원,HKD
00657,G-Vision International (Holdings) Ltd,53301020,레스토랑 및 바,83691507,144억원,HKD
08659,Yik Wo International Holdings Ltd,51302010,용기(종이 제외) 및 포장재,83156435,143억원,HKD
01160,Goldstone Capital Group Ltd,55102020,투자 관리 및 펀드 운영,83044938,143억원,HKD
08547,Pacific Legend Group Ltd,53204040,가정용 가구,82997719,143억원,HKD
08275,China New Consumption Group Ltd,52201020,건설 및 엔지니어링,82558757,142억원,HKD
08028,Timeless Resources Holdings Ltd,51201050,특수 채굴 및 금속,82466960,142억원,HKD
00183,Winfull Group Holdings Ltd,60101010,"부동산 임대, 개발 및 운영",82202322,142억원,HKD
00261,GBA Holdings Ltd,60101010,"부동산 임대, 개발 및 운영",82177696,142억원,HKD
02358,Jiu Rong Holdings Ltd,57106030,가정용 전자 제품,82080000,141억원,HKD
08319,Expert Systems Holdings Ltd,57201010,IT 서비스 및 컨설팅,81934560,141억원,HKD
00485,China Sinostar Group Company Ltd,60101010,"부동산 임대, 개발 및 운영",81548761,141억원,HKD
00915,Daohe Global Group Ltd,57201030,온라인 서비스,81518006,140억원,HKD
00910,China Sandi Holdings Ltd,60101010,"부동산 임대, 개발 및 운영",81411321,140억원,HKD
01758,Bojun Education Co Ltd,63102010,"초, 중, 고등 교육기관",81282461,140억원,HKD
01825,Sterling Group Holdings Ltd,53302030,엔터테인먼트 제작,80870400,139억원,HKD
00145,CCIAM Future Energy Ltd,52203010,환경 서비스 및 장비,80564400,139억원,HKD
08027,KPM Holding Ltd,53302010,광고 및 마케팅,80275200,138억원,HKD
08311,Perfect Optronics Ltd,57101010,반도체,80119106,138억원,HKD
01695,S&P International Holding Ltd,54102020,식품 가공,79920000,138억원,HKD
08491,Cool Link (Holdings) Ltd,54301020,식품 소매 및 유통,74140747,128억원,HKD
08487,ISP Global Ltd,57102010,통신 및 네트워킹,71170704,123억원,HKD
00840,Xinjiang Tianye Water Saving Irrigation System Co Ltd Class H,53203020,건설 자재 및 비품,100267661,173억원,HKD
08221,Gaoyu Finance Group Ltd,55101030,소비자 대출,86870000,150억원,HKD
08067,Oriental University City Holdings HK Ltd,60101010,"부동산 임대, 개발 및 운영",84600000,146억원,HKD
08300,JIN MI Fang Group Holdings Ltd,53301020,레스토랑 및 바,81944160,141억원,HKD
08452,Fy Financial Shenzhen Co Ltd Class H,55101050,기업 금융 서비스,81929520,141억원,HKD
00646,China Environmental Technology Holdings Ltd,52201020,건설 및 엔지니어링,80534015,139억원,HKD
08549,Golden Leaf International Group Ltd,52201020,건설 및 엔지니어링,80000000,138억원,HKD
08317,Finet Group Ltd,52203070,전문 정보 서비스,79984653,138억원,HKD
08489,Grand Power Logistics Group Ltd,52405010,"배달, 우편, 항공 화물 및 육상 물류",79969500,138억원,HKD
08362,Winning Tower Group Holdings Ltd,53301020,레스토랑 및 바,79800000,138억원,HKD
08225,China Health Group Inc,56202010,생명 공학 및 의학 연구,79628133,137억원,HKD
01150,Milan Station Holdings Ltd,53403040,의류 및 액세서리 소매,78213312,135억원,HKD
01468,Jakota Capital Holding Group,55301010,복합보험 및 중개인,77947388,134억원,HKD
02246,GOGOX Holdings Ltd,52405010,"배달, 우편, 항공 화물 및 육상 물류",77574998,134억원,HKD
00125,Sun Hing Vision Group Holdings Ltd,56101020,"의료 장비, 물품 및 유통",77519594,134억원,HKD
08537,Chong Fai Jewellery Group Holdings Co Ltd,53403040,의류 및 액세서리 소매,77400000,133억원,HKD
01701,Tu Yi Holding Co Ltd,52407010,공항 운영 및 서비스,77000000,133억원,HKD
01237,China Environmental Technology and Bioenergy Holdings Ltd,51301010,임업 및 목재 제품,76829641,132억원,HKD
08158,China Regenerative Medicine International Ltd,56101020,"의료 장비, 물품 및 유통",75758868,131억원,HKD
01950,Diwang Industrial Holdings Ltd,54101020,증류주 및 포도주,75600000,130억원,HKD
08413,Asia Grocery Distribution Ltd,54301020,식품 소매 및 유통,75530000,130억원,HKD
00765,Perfectech International Holdings Ltd,53205010,장난감 및 어린이 제품,75519353,130억원,HKD
01647,Grandshores Technology Group Ltd,52201020,건설 및 엔지니어링,75287520,130억원,HKD
00871,China Dredging Environment Protection Holdings Ltd,52201020,건설 및 엔지니어링,75194075,130억원,HKD
03321,ZhongKe Group Holdings Ltd,52201020,건설 및 엔지니어링,74951164,129억원,HKD
08290,Ahsay Backup Software Development Co Ltd,57201020,소프트웨어,74000000,128억원,HKD
00518,Tungtex Holdings Co Ltd,53202020,의류 및 액세서리,73975079,127억원,HKD
00571,eSun Holdings Ltd,53301040,여가 및 오락시설,73746828,127억원,HKD
08606,Kinetix Systems Holdings Ltd,53205010,장난감 및 어린이 제품,73738350,127억원,HKD
00313,Richly Field China Development Ltd,60101010,"부동산 임대, 개발 및 운영",73510565,127억원,HKD
00919,Modern Healthcare Technology Holdings Ltd,54201030,개인 서비스,73263199,126억원,HKD
08526,Wing Fung Group Asia Ltd,52102030,전기 부품 및 장비,73012500,126억원,HKD
00703,Future Bright Holdings Ltd,53301020,레스토랑 및 바,72901754,126억원,HKD
01069,China Health Technology Group Holding Company Ltd,54102010,어업 및 농업,72870348,126억원,HKD
01413,FEG Holdings Corporation Ltd,52201020,건설 및 엔지니어링,72488000,125억원,HKD
00076,Elate Holdings Ltd,57104010,전자 장비 및 부품,72437864,125억원,HKD
00923,Integrated Waste Solutions Group Holdings Ltd,52203010,환경 서비스 및 장비,72345135,125억원,HKD
08081,Baijuyi Holdings Group Ltd,53301010,"호텔, 모텔 및 크루즈 라인",72184492,124억원,HKD
08051,Circutech International Holdings Ltd,57106010,컴퓨터 하드웨어,72127429,124억원,HKD
00483,Bauhaus International (Holdings) Ltd,53403040,의류 및 액세서리 소매,71639100,123억원,HKD
00810,China Castson 81 Finance Co Ltd,55601010,투자 지주 회사,71275115,123억원,HKD
01340,Huisheng International Holdings Ltd,54102020,식품 가공,70597107,122억원,HKD
00084,Stelux Holdings International Ltd,53403040,의류 및 액세서리 소매,70510494,122억원,HKD
01259,Prosperous Future Holdings Ltd,54301020,식품 소매 및 유통,70507552,121억원,HKD
01173,Veeko International Holdings Ltd,53202020,의류 및 액세서리,70504037,121억원,HKD
08121,Guoen Holdings Ltd,53302010,광고 및 마케팅,69768600,120억원,HKD
00310,Prosperity Investment Holdings Ltd,55102010,투자 은행 및 중개 서비스,68945654,119억원,HKD
00712,Comtec Solar Systems Group Ltd,57101010,반도체,68895022,119억원,HKD
08181,Kong Shum Smart Management Group (Holdings) Ltd,60101020,부동산 서비스,68868187,119억원,HKD
01850,Beautiful Life Group Holdings Ltd,52201020,건설 및 엔지니어링,68256000,118억원,HKD
08451,Sunlight (1977) Holdings Ltd,51302020,종이 포장재,68000000,117억원,HKD
03963,China Rongzhong Financial Holdings Company Ltd,52203070,전문 정보 서비스,67961888,117억원,HKD
03919,Golden Power Group Holdings Ltd,52102030,전기 부품 및 장비,67831140,117억원,HKD
09958,Litian Pictures Holdings Ltd,53302030,엔터테인먼트 제작,67500000,116억원,HKD
08297,Ocean Star Technology Group Ltd,53202020,의류 및 액세서리,67269644,116억원,HKD
08033,Vodatel Networks Holdings Ltd,57201010,IT 서비스 및 컨설팅,67156535,116억원,HKD
08285,Sling Group Holdings Ltd,53202020,의류 및 액세서리,66640000,115억원,HKD
00984,AEON Stores Hong Kong Co Ltd,53402010,백화점,66300000,114억원,HKD
02211,Universal Health International Group Holding Ltd,,,64116806,110억원,HKD
08447,MS Concept Ltd,53301020,레스토랑 및 바,63000000,109억원,HKD
08267,Linekong Interactive Group Co Ltd,53302030,엔터테인먼트 제작,75007072,129억원,HKD
01842,Grown Up Group Investment Holdings Ltd,51302010,용기(종이 제외) 및 포장재,72000000,124억원,HKD
01195,Kingwell Group Ltd,60101010,"부동산 임대, 개발 및 운영",66564110,115억원,HKD
02135,Raily Aesthetic Medicine International Holdings Ltd,56102010,의료 시설 및 서비스,66292203,114억원,HKD
01749,Shanshan Brand Management Co Ltd Class H,53202020,의류 및 액세서리,66033000,114억원,HKD
08071,China Netcom Technology Holdings Ltd,57201010,IT 서비스 및 컨설팅,65604677,113억원,HKD
08096,Tasty Concepts Holding Ltd,53301020,레스토랑 및 바,65450000,113억원,HKD
01253,China Green Broad Ecological Technology Company Ltd,52201020,건설 및 엔지니어링,65244580,112억원,HKD
08065,KML Technology Group Ltd,52203040,경영 지원 서비스,64388640,111억원,HKD
08042,Kos International Talent Group Ltd,52203030,고용 서비스,64000000,110억원,HKD
08490,Niche-Tech Semiconductor Materials Ltd,51201050,특수 채굴 및 금속,63495000,109억원,HKD
08072,Langu Company Ltd,52203070,전문 정보 서비스,63130925,109억원,HKD
01049,Celestial Asia Securities Holdings Ltd,53403030,가정용 가구 소매,62944581,108억원,HKD
00911,Qianhai Health Holdings Ltd,57101010,반도체,62694650,108억원,HKD
00065,Grand Ocean Advanced Resources Co Ltd,50101010,석탄,62611914,108억원,HKD
01591,Shun Wo Group Holdings Ltd,52201020,건설 및 엔지니어링,62400000,108억원,HKD
08313,ZACD Group Ltd,55102020,투자 관리 및 펀드 운영,62000000,107억원,HKD
01884,eprint Group Ltd,52203020,상업 인쇄 서비스,61600000,106억원,HKD
08201,PPS International (Holdings) Ltd,52203040,경영 지원 서비스,61560000,106억원,HKD
08427,WS-SK Target Group Ltd,52102030,전기 부품 및 장비,61217400,105억원,HKD
01315,Green Economy Development Ltd,51201020,철 및 강철,60943879,105억원,HKD
00426,One Media Group Ltd,53302040,소비자 출판,60936800,105억원,HKD
00209,Poly Xverse Intelligent Technology Co. Ltd,53205010,장난감 및 어린이 제품,60912544,105억원,HKD
03728,Ching Lee Holdings Ltd,52201020,건설 및 엔지니어링,60780000,105억원,HKD
08340,Zijing International Financial Holdings Ltd,55102020,투자 관리 및 펀드 운영,60392450,104억원,HKD
08200,Sau San Tong Holdings Ltd,53403090,기타 전문 소매,59919944,103억원,HKD
01225,Lerado Financial Group Co Ltd,55101030,소비자 대출,59883827,103억원,HKD
00760,Talent Property Group Ltd,60101010,"부동산 임대, 개발 및 운영",58670878,101억원,HKD
02112,Grace Life-tech Holdings Ltd,50102030,"오일, 가스 정제 및 마케팅",58500000,101억원,HKD
08241,Ying Kee Tea House Group Ltd,54301020,식품 소매 및 유통,58225650,100억원,HKD
00042,Northeast Electric Development Co Ltd Class H,52102030,전기 부품 및 장비,58038750,100억원,HKD
00864,Wing Lee Property Investments Ltd,60101010,"부동산 임대, 개발 및 운영",57926364,99.8억원,HKD
00248,HKC International Holdings Ltd,53204030,"가전제품, 도구 및 가정 용품",57907903,99.8억원,HKD
01965,Landsea Green Life Service Co Ltd,60101020,부동산 서비스,57507100,99.1억원,HKD
08320,Allied Sustainability and Environmental Consultants Group Ltd,52203010,환경 서비스 및 장비,57188820,98.5억원,HKD
08082,Qing Hua Holding Group Co Ltd,53302030,엔터테인먼트 제작,56129129,96.7억원,HKD
02288,Rykadan Capital Ltd,60101010,"부동산 임대, 개발 및 운영",55941603,96.4억원,HKD
08613,Oriental Payment Group Holdings Ltd,57201030,온라인 서비스,55903783,96.3억원,HKD
00648,SoftMedx Healthcare Ltd,53301040,여가 및 오락시설,55700805,96억원,HKD
08333,Astrum Financial Holdings Ltd,55102010,투자 은행 및 중개 서비스,55680000,95.9억원,HKD
00888,BlockFin Holdings Ltd,55102020,투자 관리 및 펀드 운영,55451698,95.6억원,HKD
08036,eBroker Group Ltd,57201010,IT 서비스 및 컨설팅,55350000,95.4억원,HKD
08152,M&L Holdings Group Ltd,52102010,산업용 기계 및 장비,55200000,95.1억원,HKD
00471,Silkwave Inc,57101010,반도체,55172646,95.1억원,HKD
00333,Top Form International Ltd,53202020,의류 및 액세서리,54791587,94.4억원,HKD
00768,UBA Investments Ltd,55601010,투자 지주 회사,54684485,94.2억원,HKD
08118,Zhongzi International Holdings Ltd,52102030,전기 부품 및 장비,53500000,92.2억원,HKD
08117,China Primary Energy Holdings Ltd,59102010,천연가스 유틸리티,53247347,91.8억원,HKD
08223,Ziyuanyuan Holdings Group Ltd,56101020,"의료 장비, 물품 및 유통",53148000,91.6억원,HKD
08357,Republic Healthcare Ltd,56102010,의료 시설 및 서비스,53040000,91.4억원,HKD
08402,Plateau Treasures Ltd,52201020,건설 및 엔지니어링,52801100,91억원,HKD
00332,Yuan Heng Gas Holdings Ltd,50102030,"오일, 가스 정제 및 마케팅",52692250,90.8억원,HKD
08536,TL Natural Gas Holdings Ltd,53301020,레스토랑 및 바,51638715,89억원,HKD
01064,Zhong Hua International Holdings Ltd,60101010,"부동산 임대, 개발 및 운영",51497307,88.7억원,HKD
00372,PT International Development Corporation Ltd,51201050,특수 채굴 및 금속,51466212,88.7억원,HKD
08203,Kaisun Holdings Ltd,50101010,석탄,51340594,88.5억원,HKD
08627,Orange Tour Cultural Holding Ltd,53302010,광고 및 마케팅,51200000,88.2억원,HKD
00755,DevGreat Group Ltd,60101010,"부동산 임대, 개발 및 운영",50887382,87.7억원,HKD
06128,Graphex Group Ltd,51101030,특수 화학제,50830920,87.6억원,HKD
00602,Jiahua Stores Holdings Ltd,53402010,백화점,44612500,76.9억원,HKD
08249,Zhejiang RuiYuan Intelligent Control Technology Co Ltd Class H,57104010,전자 장비 및 부품,51500000,88.7억원,HKD
08412,New Amante Group Ltd,53301020,레스토랑 및 바,51343992,88.5억원,HKD
08416,HM International Holdings Ltd,52203020,상업 인쇄 서비스,50991215,87.9억원,HKD
08196,Futian Holdings Ltd,52201020,건설 및 엔지니어링,49921177,86억원,HKD
08159,China United Venture Investment Ltd,57106010,컴퓨터 하드웨어,48288000,83.2억원,HKD
02195,Unity Enterprise Holdings Ltd,52201020,건설 및 엔지니어링,48205714,83.1억원,HKD
00138,CCT Fortis Holdings Ltd,53403010,"자동차 차량, 부품 및 서비스 소매",47990264,82.7억원,HKD
00130,Moiselle International Holdings Ltd,53202020,의류 및 액세서리,47796380,82.4억원,HKD
02363,Tongda Hong Tai Holdings Ltd,57106010,컴퓨터 하드웨어,47788433,82.3억원,HKD
08283,Zhongshi Minan Holdings Ltd,54201030,개인 서비스,47692800,82.2억원,HKD
08307,Medicskin Holdings Ltd,54201030,개인 서비스,47211584,81.4억원,HKD
08621,Metropolis Capital Holdings Ltd,55101030,소비자 대출,47040000,81.1억원,HKD
08020,Unitas Holdings Ltd,52405020,해양 화물 및 물류,47033268,81억원,HKD
00193,Capital Estate Ltd,55102010,투자 은행 및 중개 서비스,46407309,80억원,HKD
08446,Brightstar Technology Group Co Ltd,52203040,경영 지원 서비스,46129324,79.5억원,HKD
08245,Canopy SkyFire Group Ltd,57102010,통신 및 네트워킹,46037062,79.3억원,HKD
08139,Zhejiang ChangAn Renheng Technology Co Ltd Class H,51101030,특수 화학제,45504000,78.4억원,HKD
08510,Top Standard Corp,53301020,레스토랑 및 바,45386957,78.2억원,HKD
08545,Amuse Group Holding Ltd,52101010,항공우주 및 방위,45307692,78.1억원,HKD
08232,THAC Group (Holdings) Ltd,53301020,레스토랑 및 바,45157500,77.8억원,HKD
00309,Xinhua News Media Holdings Ltd,52203040,경영 지원 서비스,45068009,77.7억원,HKD
08291,Hong Kong Entertainment International Holdings Ltd,51302010,용기(종이 제외) 및 포장재,44800000,77.2억원,HKD
06108,New Ray Medicine International Holding Ltd,54301010,의약품 소매,44135666,76.1억원,HKD
08392,Satu Holdings Ltd,53204030,"가전제품, 도구 및 가정 용품",44000000,75.8억원,HKD
00682,Chaoda Modern Agriculture (Holdings) Ltd,54102010,어업 및 농업,43500407,75억원,HKD
08226,Koala Financial Group Ltd,55101030,소비자 대출,43420415,74.8억원,HKD
08309,Man Shing Global Holdings Ltd,60101020,부동산 서비스,43200000,74.4억원,HKD
08238,Jiufang Digital Technology Holdings Limited,53302040,소비자 출판,43197235,74.4억원,HKD
08373,Indigo Star Holdings Ltd,52201020,건설 및 엔지니어링,43044000,74.2억원,HKD
01703,Easyhold Group Holdings Ltd,53301020,레스토랑 및 바,42780000,73.7억원,HKD
02959,Dufu Liquor Group Ltd,53202020,의류 및 액세서리,42725282,73.6억원,HKD
08462,Omnibridge Holdings Ltd,52203030,고용 서비스,42600000,73.4억원,HKD
08262,Super Strong Holdings Ltd,52201020,건설 및 엔지니어링,42471340,73.2억원,HKD
08519,XinXiang Era Group Co Ltd,53301020,레스토랑 및 바,42042025,72.4억원,HKD
01166,Solartech International Holdings Ltd,52102030,전기 부품 및 장비,42027652,72.4억원,HKD
08006,Sino Splendid Holdings Ltd,52203070,전문 정보 서비스,41680313,71.8억원,HKD
00162,Century Ginwa Retail Holdings Ltd,53402010,백화점,41389010,71.3억원,HKD
08210,DLC Asia Ltd,55102010,투자 은행 및 중개 서비스,40800000,70.3억원,HKD
08191,Hong Wei Asia Holdings Co Ltd,51301010,임업 및 목재 제품,40714650,70.2억원,HKD
00601,Rare Earth Magnesium Technology Group Holdings Ltd,51201050,특수 채굴 및 금속,40627111,70억원,HKD
08456,Mansion International Holdings Ltd,53202020,의류 및 액세서리,40321900,69.5억원,HKD
08417,Dadi Education Holdings Ltd,52203070,전문 정보 서비스,40259200,69.4억원,HKD
08423,Chi Ho Development Holdings Ltd,53203010,주택 건설,40000000,68.9억원,HKD
08163,NOIZ Group Ltd,51301010,임업 및 목재 제품,39984969,68.9억원,HKD
08092,ITE (Holdings) Ltd,57107010,통합 하드웨어 및 소프트웨어,38871336,67억원,HKD
02433,Zhongtian Construction Hunan Group Ltd,52201020,건설 및 엔지니어링,38592000,66.5억원,HKD
08035,Janco Holdings Ltd,52405010,"배달, 우편, 항공 화물 및 육상 물류",38400000,66.2억원,HKD
08425,Hing Ming Holdings Ltd,52203040,경영 지원 서비스,38352000,66.1억원,HKD
08366,Zhejiang United Investment Holdings Group Ltd,52201020,건설 및 엔지니어링,37852800,65.2억원,HKD
08432,Bar Pacific Group Holdings Ltd,53301020,레스토랑 및 바,37808352,65.2억원,HKD
02923,Century Group International Holdings Ltd,52201020,건설 및 엔지니어링,37622063,64.8억원,HKD
08057,Madison Holdings Group Ltd,54301020,식품 소매 및 유통,37387633,64.4억원,HKD
08280,China Digital Video Holdings Ltd,57201020,소프트웨어,37189588,64.1억원,HKD
08315,Century Plaza Hotel Group,52203040,경영 지원 서비스,36630862,63.1억원,HKD
08268,Smart City Development Holdings Ltd,52201020,건설 및 엔지니어링,36288000,62.5억원,HKD
08178,China Information Technology Development Ltd,57201010,IT 서비스 및 컨설팅,35798289,61.7억원,HKD
08422,Wt Group Holdings Ltd,52201020,건설 및 엔지니어링,35640000,61.4억원,HKD
08136,IMS Group Holdings Ltd,52102030,전기 부품 및 장비,35000000,60.3억원,HKD
00055,Neway Group Holdings Ltd,52203020,상업 인쇄 서비스,34456886,59.4억원,HKD
00986,Dufu Liquor Group Ltd,53202020,의류 및 액세서리,26101263,45억원,HKD
00079,Century Legend (Holdings) Ltd,53301010,"호텔, 모텔 및 크루즈 라인",45650839,78.7억원,HKD
08341,Aeso Holding Ltd,53403020,주택 개조 제품 및 서비스 소매,34800000,60억원,HKD
08060,Global Link Communications Holdings Ltd,57201010,IT 서비스 및 컨설팅,34269979,59.1억원,HKD
08619,NIU Holdings Ltd,52201020,건설 및 엔지니어링,34257165,59억원,HKD
08282,Gameone Holdings Ltd,57201020,소프트웨어,34200000,58.9억원,HKD
08331,PB Group Ltd,51202010,건설 자재,33573138,57.9억원,HKD
08308,Gudou Holdings Ltd,53301010,"호텔, 모텔 및 크루즈 라인",33331218,57.4억원,HKD
08286,Shanxi Changcheng Microlight Equipment Co Ltd Class H,57104010,전자 장비 및 부품,32739160,56.4억원,HKD
08091,OOH Holdings Ltd,53302010,광고 및 마케팅,32400000,55.8억원,HKD
08003,Great World Company Holdings Ltd,53302010,광고 및 마케팅,32230147,55.5억원,HKD
08612,World Super Holdings Ltd,52102020,중장비 및 차량,31104000,53.6억원,HKD
08193,Asia-Pac Financial Investment Co Ltd,52203070,전문 정보 서비스,30779358,53억원,HKD
00428,Cocoon Holdings Ltd,55601010,투자 지주 회사,30697389,52.9억원,HKD
08250,Du Du Holdings Ltd,54102010,어업 및 농업,30634522,52.8억원,HKD
03683,Great Harvest Maeta Holdings Ltd,52405020,해양 화물 및 물류,30483632,52.5억원,HKD
08337,Directel Holdings Ltd,57401020,무선 통신 서비스,29874750,51.5억원,HKD
01889,Sanai Health Industry Group Co Ltd,56201040,제약,29815246,51.4억원,HKD
08222,E Lighting Group Holdings Ltd,53403030,가정용 가구 소매,29317321,50.5억원,HKD
08419,AV Promotions Holdings Ltd,53302010,광고 및 마케팅,28800000,49.6억원,HKD
08513,MaxWin International Holdings Ltd,51101010,상품 화학,28645938,49.4억원,HKD
02110,Tian Cheng Holdings Ltd,52201020,건설 및 엔지니어링,28512000,49.1억원,HKD
08401,Hua Xia Water Group Ltd,53302010,광고 및 마케팅,28462371,49억원,HKD
08293,SingAsia Holdings Ltd,52203030,고용 서비스,27740172,47.8억원,HKD
00073,Asian Citrus Holdings Ltd,54102010,어업 및 농업,27565979,47.5억원,HKD
08112,Cornerstone Financial Holdings Ltd,53302010,광고 및 마케팅,27530214,47.4억원,HKD
08217,Ju Fu Tang Biotech Holdings Co Ltd,52201020,건설 및 엔지니어링,27469260,47.3억원,HKD
08472,Lapco Holdings Ltd,52203040,경영 지원 서비스,27187200,46.8억원,HKD
01010,Sky Blue 11 Co Ltd,52407010,공항 운영 및 서비스,27101944,46.7억원,HKD
08420,Nexion Technologies Ltd,57201010,IT 서비스 및 컨설팅,26632800,45.9억원,HKD
08056,Life Concepts Holdings Ltd,53301020,레스토랑 및 바,26425589,45.5억원,HKD
02231,JY Grandmark Holdings Ltd,53301010,"호텔, 모텔 및 크루즈 라인",26338768,45.4억원,HKD
08429,SV Vision Ltd,53302010,광고 및 마케팅,25920000,44.7억원,HKD
02608,Sunshine 100 China Holdings Ltd,60101010,"부동산 임대, 개발 및 운영",25508115,44억원,HKD
00061,Green Leader Holdings Group Ltd,50101010,석탄,25392064,43.8억원,HKD
02913,Tian Cheng Holdings Ltd,52201020,건설 및 엔지니어링,25056000,43.2억원,HKD
08019,Hao Wen Holdings Ltd,55101030,소비자 대출,24568972,42.3억원,HKD
00997,Chinlink International Holdings Ltd,60101010,"부동산 임대, 개발 및 운영",24555043,42.3억원,HKD
08356,Tsun Yip Holdings Ltd,52201020,건설 및 엔지니어링,24345160,42억원,HKD
08482,Wan Leader International Ltd,52405010,"배달, 우편, 항공 화물 및 육상 물류",24257815,41.8억원,HKD
08059,Glory Flame Holdings Ltd,52201020,건설 및 엔지니어링,24254520,41.8억원,HKD
08173,Hephaestus Holdings Ltd,53203010,주택 건설,24118811,41.6억원,HKD
08153,Jiading International Group Holdings Ltd,53302010,광고 및 마케팅,23917226,41.2억원,HKD
08277,Steed Oriental (Holdings) Company Ltd,51301010,임업 및 목재 제품,23622600,40.7억원,HKD
08471,Reach New Holdings Ltd,52203020,상업 인쇄 서비스,23539200,40.6억원,HKD
08018,Finsoft Financial Investment Holdings Ltd,57201020,소프트웨어,23194715,40억원,HKD
08455,Lai Group Holding Co Ltd,53203010,주택 건설,23040000,39.7억원,HKD
08076,Sing LEE Software (Group) Ltd,57201010,IT 서비스 및 컨설팅,21075840,36.3억원,HKD
08169,Eco-Tek Holdings Ltd,52102010,산업용 기계 및 장비,20785280,35.8억원,HKD
08623,China Saftower International Holding Group Ltd,52102030,전기 부품 및 장비,20589277,35.5억원,HKD
08161,MediNet Group Ltd,56102010,의료 시설 및 서비스,19968000,34.4억원,HKD
08079,LIT Life Holdings Ltd,54301020,식품 소매 및 유통,19788717,34.1억원,HKD
01736,China Parenting Network Holdings Ltd,57201030,온라인 서비스,19432517,33.5억원,HKD
08143,Good Fellow Healthcare Holdings Ltd,56102010,의료 시설 및 서비스,19209192,33.1억원,HKD
08179,Palinda Group Holdings Ltd,54301020,식품 소매 및 유통,19077983,32.9억원,HKD
08367,Simplicity Holding Ltd,52102010,산업용 기계 및 장비,18750097,32.3억원,HKD
02113,Century Group International Holdings Ltd,52201020,건설 및 엔지니어링,18308063,31.5억원,HKD
08176,SuperRobotics Holdings Ltd,57104010,전자 장비 및 부품,17172017,29.6억원,HKD
08347,F8 Enterprises (Holdings) Group Ltd,50102030,"오일, 가스 정제 및 마케팅",15814822,27.3억원,HKD
08511,Min Fu International Holding Ltd,52203070,전문 정보 서비스,15548165,26.8억원,HKD
08069,Flydoo Technology Holding Ltd,53301040,여가 및 오락시설,14292495,24.6억원,HKD
09856,Ligent Technologies  Inc,57102010,통신 및 네트워킹,33891822920,"5조 8,402억원",HKD
06837,Haitong Securities Co Ltd Class H,55102010,투자 은행 및 중개 서비스,21991718889,"3조 7,896억원",HKD
02252,Shanghai MicroPort MedBot (Group) Co Ltd Class H,56101010,첨단 의료 장비 및 기술,21843576411,"3조 7,641억원",HKD
06623,Lufax Holding Ltd,55101050,기업 금융 서비스,18893817846,"3조 2,558억원",HKD
00853,Microport Scientific Corp,56101010,첨단 의료 장비 및 기술,11648123929,2조 72억원,HKD
02627,Ab&B Bio Tech Co Ltd JS Class H,56201040,제약,11535737032,"1조 9,878억원",HKD
00754,Hopson Development Holdings Limited,60101010,"부동산 임대, 개발 및 운영",10012307107,"1조 7,253억원",HKD
02362,Jinchuan Group International Resources Co Ltd,51201050,특수 채굴 및 금속,8352004184,"1조 4,392억원",HKD
01448,FU Shou Yuan International Group Ltd,54201030,개인 서비스,6124439434,1조 554억원,HKD
02172,MicroPort NeuroScientific Corp,56101020,"의료 장비, 물품 및 유통",4579616926,"7,892억원",HKD
02629,Mirxes Holding Company Ltd,56202010,생명 공학 및 의학 연구,3701038408,"6,378억원",HKD
02479,Tianju Dihe Suzhou Technology Co Ltd Class H,57201010,IT 서비스 및 컨설팅,3257683000,"5,614억원",HKD
00468,Greatview Aseptic Packaging Co Ltd,51302010,용기(종이 제외) 및 포장재,3199811346,"5,514억원",HKD
03816,KFM Kingdom Holdings Ltd,51201020,철 및 강철,2724000000,"4,694억원",HKD
06883,Eternal Beauty Holdings Ltd,53403090,기타 전문 소매,2675260000,"4,610억원",HKD
01755,S Enjoy Service Group Co Ltd,60101020,부동산 서비스,2439726800,"4,204억원",HKD
06696,Many Idea Cloud Holdings Ltd,53302010,광고 및 마케팅,1975680000,"3,404억원",HKD
00769,China Rare Earth Holdings Ltd,51101010,상품 화학,1953315197,"3,366억원",HKD
00708,China Evergrande New Energy Vehicle Group Ltd,53101010,자동차 및 트럭 제조,1843444810,"3,177억원",HKD
09986,Dashan Education Holdings Ltd,63101010,기타 교육 서비스 제공,1692000000,"2,916억원",HKD
09881,Rongta Technology (Xiamen) Group Co Ltd Class H,57106010,컴퓨터 하드웨어,1676774100,"2,889억원",HKD
02160,Microport Cardioflow Medtech Corp,56101020,"의료 장비, 물품 및 유통",1629838642,"2,809억원",HKD
01728,China ZhengTong Auto Services Holdings Ltd,53403010,"자동차 차량, 부품 및 서비스 소매",1432295285,"2,468억원",HKD
07855,TechStar Acquisition Corp,55601010,투자 지주 회사,1319805000,"2,274억원",HKD
01668,China South City Holdings Ltd,60101010,"부동산 임대, 개발 및 운영",1224282535,"2,110억원",HKD
01863,China Longevity Group Co Ltd,51101010,상품 화학,1168079084,"2,013억원",HKD
02592,Cloudbreak Pharma Inc.,56202010,생명 공학 및 의학 연구,1100383856,"1,896억원",HKD
06639,Arrail Group Ltd,56102010,의료 시설 및 서비스,1028634674,"1,773억원",HKD
02898,Sunho Biologics Inc,56202010,생명 공학 및 의학 연구,1001100852,"1,725억원",HKD
09906,Honliv Healthcare Management Group Co Ltd,56102010,의료 시설 및 서비스,936000000,"1,613억원",HKD
01831,Shifang Holding Ltd,53302010,광고 및 마케팅,811964409,"1,399억원",HKD
01748,Xin Yuan Enterprises Group Ltd,50102030,"오일, 가스 정제 및 마케팅",774400000,"1,334억원",HKD
03903,Hanhua Holding Co.  Ltd. Class H,55101050,기업 금융 서비스,772800000,"1,332억원",HKD
01252,China Tianrui Group Cement Co Ltd,51202010,건설 자재,739987595,"1,275억원",HKD
00976,Chiho Environmental Group Ltd,52203010,환경 서비스 및 장비,690215485,"1,189억원",HKD
00612,Carmen Century Investment Ltd,55601010,투자 지주 회사,523080320,901억원,HKD
08349,Yunhong Guixin Group Holdings Ltd,51101030,특수 화학제,516000000,889억원,HKD
00848,Maoye International Holdings Ltd,53402010,백화점,508892274,877억원,HKD
01936,Ritamix Global Ltd,54102010,어업 및 농업,406082940,700억원,HKD
02131,Netjoy Holdings Ltd,53302010,광고 및 마케팅,362024390,624억원,HKD
08296,Sino-Life Group Ltd,54201030,개인 서비스,14836500,25.6억원,HKD
08385,Prosperous Printing Co Ltd,52203020,상업 인쇄 서비스,13779216,23.7억원,HKD
08430,C&N Holdings Ltd,52405010,"배달, 우편, 항공 화물 및 육상 물류",13179981,22.7억원,HKD
08133,Jisheng Group Holdings Ltd,52102010,산업용 기계 및 장비,10309680,17.8억원,HKD
00730,Capital Industrial Financial Services Group Ltd,51201020,철 및 강철,9252217,15.9억원,HKD
08532,Polyfair Holdings Ltd,52201020,건설 및 엔지니어링,6195831,10.7억원,HKD
02728,Jintai Energy Holdings Ltd,50102030,"오일, 가스 정제 및 마케팅",5568776,9.6억원,HKD
00770,Eminence Capital Group Limited,55601010,투자 지주 회사,4760482,64.3억원,USD
00653,Bonjour Holdings Ltd,53403090,기타 전문 소매,4374715,7.54억원,HKD
08568,Wt Group Holdings Rights,52201020,건설 및 엔지니어링,,,HKD
02966,Apac Resources Rights,51201020,철 및 강철,,,HKD
02943,Anchorstone Holdings Rights,51202010,건설 자재,,,HKD
00000,Solactive MERCEDES-BENZ EOD AR 3.58 (2025-05-08) Index,,,,,EUR
00000,Solactive US Energy Equal Weight Select 10 CAD Hedged 87 AR Index,,,,,CAD
04621,CH Cinda Asset Mgmt Co Ltd 21 USD Pref Shs,55102020,투자 관리 및 펀드 운영,,,USD
02932,Zhengwei Group Hldg Company Ltd Rights,54102020,식품 가공,,,HKD
02917,Ai Energy Engineering Holdings Ltd Rights,52201020,건설 및 엔지니어링,,,HKD
02927,Harbour Digital Asset Capital Rights,55102010,투자 은행 및 중개 서비스,,,HKD
02928,Hong Kong Robotics Group Hldg Ltd Rights,52201020,건설 및 엔지니어링,,,HKD
08581,Hk Entertainment Intl Hldgs Ltd Rights,51302010,용기(종이 제외) 및 포장재,,,HKD
00039,China Beidahuang Industry Group Holdings Ltd,54301020,식품 소매 및 유통,361690768,623억원,HKD
02649,Alsco Pooling Service Co Ltd Class H,55101050,기업 금융 서비스,352310400,607억원,HKD
02163,Changsha Broad Homes Industrial Group Co Ltd Class H,51202010,건설 자재,292583640,504억원,HKD
02280,HC Group Inc,57201030,온라인 서비스,269845811,465억원,HKD
06119,Tian Yuan Group Holdings Ltd,50102030,"오일, 가스 정제 및 마케팅",264000000,455억원,HKD
00318,Vongroup Ltd,57201010,IT 서비스 및 컨설팅,256550401,442억원,HKD
00286,Aidigong Maternal & Child Health Ltd,56102010,의료 시설 및 서비스,251760820,434억원,HKD
06899,Ourgame International Holdings Ltd,57201030,온라인 서비스,247893974,427억원,HKD
01188,Hybrid Kinetic Group Ltd,53101010,자동차 및 트럭 제조,244234473,421억원,HKD
01293,Grand Baoxin Auto Group Ltd,53403010,"자동차 차량, 부품 및 서비스 소매",244025983,421억원,HKD
00399,Starcoin Group Ltd,52102010,산업용 기계 및 장비,239228879,412억원,HKD
06133,Vital Innovations Holdings Ltd,57106020,전화 및 소형 장치,229500000,395억원,HKD
00033,International Genius Co,51201050,특수 채굴 및 금속,223298042,385억원,HKD
01406,Clarity Medical Group Holding Ltd,56102010,의료 시설 및 서비스,191617328,330억원,HKD
01341,Hao Tian International Construction Investment Group Ltd,52203040,경영 지원 서비스,177526029,306억원,HKD
08047,China Ocean Group Development Ltd,52405010,"배달, 우편, 항공 화물 및 육상 물류",177091404,305억원,HKD
01433,Cirtek Holdings Ltd,52203020,상업 인쇄 서비스,161309070,278억원,HKD
01895,Xinyuan Property Management Service (Cayman) Ltd,60101020,부동산 서비스,160713163,277억원,HKD
01915,Yangzhou Guangling District Taihe Rural Micro-finance Co Ltd Class H,55101030,소비자 대출,159000000,274억원,HKD
01721,FSM Holdings Ltd,51201020,철 및 강철,140000000,241억원,HKD
01636,China Metal Resources Utilization Ltd,51201050,특수 채굴 및 금속,138928275,239억원,HKD
00707,Asia Television Holdings Ltd,53202010,직물 및 가죽제품,133729572,230억원,HKD
01616,A Metaverse Co,53302030,엔터테인먼트 제작,129094622,222억원,HKD
01598,China 21st Century Education Group Ltd,63103010,전문 및 비즈니스 교육,128893644,222억원,HKD
00924,Khoon Group Ltd,52201020,건설 및 엔지니어링,124000000,214억원,HKD
01165,Shunfeng International Clean Energy Ltd,57101010,반도체,121977012,210억원,HKD
06999,Leading Holdings Group Ltd,60101010,"부동산 임대, 개발 및 운영",120152565,207억원,HKD
01220,Zhidao International (Holdings) Ltd,52201020,건설 및 엔지니어링,116480000,201억원,HKD
00702,Sino Oil and Gas Holdings Ltd,50101010,석탄,113744928,196억원,HKD
01129,China Water Industry Group Ltd,59103010,수자원 유틸리티,103047610,178억원,HKD
01376,Raffles Interior Ltd,52201020,건설 및 엔지니어링,96000000,165억원,HKD
01101,China Huarong Energy Co Ltd,50102030,"오일, 가스 정제 및 마케팅",95409830,164억원,HKD
08168,Amasse Capital Holdings Ltd,55101050,기업 금융 서비스,93529800,161억원,HKD
00959,Century Entertainment International Holdings Ltd,53301030,카지노 및 도박,92338244,159억원,HKD
00036,Far East Holdings International Ltd,60101010,"부동산 임대, 개발 및 운영",89852284,155억원,HKD
00106,Landsea Green Management Ltd,60101010,"부동산 임대, 개발 및 운영",89723843,155억원,HKD
00352,Fortune Sun China Holdings Ltd,60101020,부동산 서비스,88626020,153억원,HKD
00059,Skyfame Realty (Holdings) Ltd,60101010,"부동산 임대, 개발 및 운영",84463314,146억원,HKD
08172,Lajin Entertainment Network Group Ltd,53302030,엔터테인먼트 제작,79973490,138억원,HKD
01738,Feishang Anthracite Resources Ltd,50101010,석탄,78691111,136억원,HKD
00845,Glorious Property Holdings Ltd,60101010,"부동산 임대, 개발 및 운영",77926456,134억원,HKD
02127,Huisen Shares Group Ltd,53204040,가정용 가구,76578160,132억원,HKD
08428,CBK Holdings Ltd,53301020,레스토랑 및 바,76140628,131억원,HKD
08039,China Come Ride New Energy Group Ltd,52201020,건설 및 엔지니어링,74443000,128억원,HKD
00498,Blue River Holdings Ltd,52407020,항만 운영 및 서비스,73907174,127억원,HKD
01961,Infinities Technology International (Cayman) Holding Ltd,57201020,소프트웨어,72695816,125억원,HKD
08206,Shentong Robot Education Group Co Ltd,52203040,경영 지원 서비스,72036487,124억원,HKD
01707,Geotech Holdings Ltd,52201020,건설 및 엔지니어링,70560000,122억원,HKD
01326,Transmit Entertainment Ltd,53302030,엔터테인먼트 제작,70081571,121억원,HKD
00348,China Healthwise Holdings Ltd,56201040,제약,67493671,116억원,HKD
00559,DeTai New Energy Group Ltd,54301020,식품 소매 및 유통,65921233,114억원,HKD
01561,Pan Asia Data Holdings Inc,52203040,경영 지원 서비스,63927246,110억원,HKD
03666,Shanghai XNG Holdings Ltd,53301020,레스토랑 및 바,63735288,110억원,HKD
00444,Sincere Watch (Hong Kong) Ltd,53403040,의류 및 액세서리 소매,60439500,104억원,HKD
02088,Xiwang Property Holdings Co Ltd,51202010,건설 자재,53533801,92.2억원,HKD
00907,Elegance Optical International Holdings Ltd,53202020,의류 및 액세서리,53244685,91.8억원,HKD
00515,China Silver Technology Holdings Ltd,57101010,반도체,49403197,85.1억원,HKD
01632,Minshang Creative Technology Holdings Ltd,57106020,전화 및 소형 장치,48617020,83.8억원,HKD
01124,Coastal Greenland Ltd,60101010,"부동산 임대, 개발 및 운영",45606223,78.6억원,HKD
01849,AM Group Holdings Ltd,53302010,광고 및 마케팅,40000000,68.9억원,HKD
08500,Icon Culture Global Co Ltd,53302010,광고 및 마케팅,39312000,67.7억원,HKD
00704,Huscoke Holdings Ltd,50101010,석탄,38619640,66.5억원,HKD
01802,Wenye Group Holdings Ltd,52201020,건설 및 엔지니어링,37422000,64.5억원,HKD
08130,Dadi International Group Ltd,52203010,환경 서비스 및 장비,36406275,62.7억원,HKD
01107,Modern Land (China) Co Ltd,60101010,"부동산 임대, 개발 및 운영",36334930,62.6억원,HKD
00574,Pa Shun International Holdings Ltd,56201040,제약,35830369,61.7억원,HKD
06878,Differ Group Auto Ltd,60101010,"부동산 임대, 개발 및 운영",34758688,59.9억원,HKD
08111,China Technology Industry Group Ltd,50201010,재생 가능 에너지 장비 및 서비스,34112275,58.8억원,HKD
00274,Renaissance Asia Silk Road Group Ltd,51201060,금,33584293,57.9억원,HKD
06611,Sanxun Holdings Group Ltd,60101010,"부동산 임대, 개발 및 운영",31074334,53.5억원,HKD
00176,Superactive Group Co Ltd,57104010,전자 장비 및 부품,26423428,45.5억원,HKD
01862,Jingrui Holdings Ltd,60101010,"부동산 임대, 개발 및 운영",24621011,42.4억원,HKD
08052,Luk Hing Entertainment Group Holdings Ltd,53301020,레스토랑 및 바,22478496,38.7억원,HKD
00204,Capital Realm Financial Holdings Group Ltd,55601010,투자 지주 회사,22414962,38.6억원,HKD
08631,Sun Kong Holdings Ltd,50102030,"오일, 가스 정제 및 마케팅",20640000,35.6억원,HKD
00362,China Zenith Chemical Group Ltd,51101010,상품 화학,20273223,34.9억원,HKD
00509,Century Sunshine Group Holdings Ltd,51101020,농화학제,19469747,33.6억원,HKD
06189,Guangdong Adway Construction (Group) Holdings Co Ltd Class H,52201020,건설 및 엔지니어링,17347006,29.9억원,HKD
08437,RMH Holdings Ltd,56102010,의료 시설 및 서비스,16650000,28.7억원,HKD
08103,Hmvod Ltd,53302030,엔터테인먼트 제작,15404300,26.5억원,HKD
01007,Longhui International Holdings Ltd,53301020,레스토랑 및 바,13271501,22.9억원,HKD
00299,Glory Sun Land Group Ltd,51201050,특수 채굴 및 금속,11575464,19.9억원,HKD
08496,Global Uin Intelligence Holdings Ltd,54102020,식품 가공,10913175,18.8억원,HKD
08493,Scorching Dragon Holdings Ltd,53301020,레스토랑 및 바,10160640,17.5억원,HKD
08475,E-Station Green Technology Group Co Ltd,53301020,레스토랑 및 바,4703040,8.1억원,HKD
