Symbol,Name,IndustryCode,Industry,MarketCapLocal,MarketCapKrwText,Currency
7203,TOYOTA MOTOR CORPORATION,53101010,자동차 및 트럭 제조,44149837066500,"378조 8,851억원",JPY
8306,Mitsubishi UFJ Financial Group  Inc.,55101010,은행,42961113530400,"368조 6,837억원",JPY
9984,SoftBank Group Corp.,57401020,무선 통신 서비스,36070320877800,"309조 5,483억원",JPY
285A,Kioxia Holdings Corporation,57101010,반도체,29929026403980,"256조 8,449억원",JPY
8316,Sumitomo Mitsui Financial Group  Inc.,55101010,은행,25961683019190,"222조 7,980억원",JPY
6098,Recruit Holdings Co Ltd,52203030,고용 서비스,25547946985150,"219조 2,474억원",JPY
6501,Hitachi  Ltd.,54401010,소비재 대기업,25054438881140,215조 122억원,JPY
8035,Tokyo Electron Limited,57101020,반도체 장비 및 테스트,24857218449630,"213조 3,197억원",JPY
6857,ADVANTEST CORPORATION,57101020,반도체 장비 및 테스트,23460600000000,"201조 3,342억원",JPY
6758,Sony Group Corporation,57106030,가정용 전자 제품,22053774457222,"189조 2,611억원",JPY
9983,FAST RETAILING CO.  LTD.,53403040,의류 및 액세서리 소매,21537195114240,"184조 8,279억원",JPY
8411,Mizuho Financial Group  Inc.,55101010,은행,20751857789030,178조 883억원,JPY
6861,KEYENCE CORPORATION,57104010,전자 장비 및 부품,18624844440720,"159조 8,347억원",JPY
8058,Mitsubishi Corporation,52202010,다각적 산업용 제품 도매,18355985686674,"157조 5,274억원",JPY
8001,ITOCHU Corporation,52202010,다각적 산업용 제품 도매,18277738204880,"156조 8,559억원",JPY
9432,NTT  Inc.,57401010,통합 통신 서비스,16054571097720,"137조 7,771억원",JPY
8766,Tokio Marine Holdings  Inc.,55301020,손해보험,15858800000000,136조 970억원,JPY
6981,Murata Manufacturing Co.  Ltd.,57104010,전자 장비 및 부품,15238783307209,"130조 7,762억원",JPY
8031,MITSUI & CO.  LTD.,52202010,다각적 산업용 제품 도매,14784544198736,"126조 8,780억원",JPY
2914,JAPAN TOBACCO INC.,54102030,담배,13772000000000,"118조 1,885억원",JPY
7011,Mitsubishi Heavy Industries  Ltd.,54401010,소비재 대기업,13086379854990,"112조 3,047억원",JPY
9433,KDDI CORPORATION,57401020,무선 통신 서비스,12262799959020,"105조 2,369억원",JPY
9434,SoftBank Corp.,57401020,무선 통신 서비스,11915965797870,"102조 2,604억원",JPY
7182,Japan Post Bank Co Ltd,55101010,은행,11671668142080,"100조 1,639억원",JPY
4063,Shin-Etsu Chemical Co.  Ltd.,51101090,다각적 화학 산업,11600315835060,"99조 5,516억원",JPY
4519,Chugai Pharmaceutical Co Ltd,56201040,제약,11326923021582,"97조 2,054억원",JPY
6503,Mitsubishi Electric Corporation,54401010,소비재 대기업,10832271150426,"92조 9,604억원",JPY
7974,Nintendo Co.  Ltd.,53205010,장난감 및 어린이 제품,10734461140000,"92조 1,210억원",JPY
6752,Panasonic Holdings Corporation,57106030,가정용 전자 제품,10523460507039,"90조 3,102억원",JPY
4502,Takeda Pharmaceutical Company Limited,56201040,제약,9561373137712,82조 538억원,JPY
5803,Fujikura Ltd.,52102030,전기 부품 및 장비,8790693964752,"75조 4,400억원",JPY
8053,SUMITOMO CORPORATION,52202010,다각적 산업용 제품 도매,8585707481856,"73조 6,808억원",JPY
8002,Marubeni Corporation,52202010,다각적 산업용 제품 도매,8263933604336,"70조 9,194억원",JPY
8725,MS&AD Insurance Group Holdings  Inc.,55301020,손해보험,7786642385844,"66조 8,234억원",JPY
7267,HONDA MOTOR CO.  LTD.,53101010,자동차 및 트럭 제조,7656237000000,"65조 7,043억원",JPY
7741,HOYA CORPORATION,56101020,"의료 장비, 물품 및 유통",7569013442100,"64조 9,558억원",JPY
6178,Japan Post Holdings Co Ltd,55301030,생명 및 건강 보험,7097711851500,"60조 9,111억원",JPY
8015,TOYOTA TSUSHO CORPORATION,52202010,다각적 산업용 제품 도매,7045625127708,"60조 4,641억원",JPY
8750,Daiichi Life Group  Inc.,55301030,생명 및 건강 보험,6931917849357,"59조 4,883억원",JPY
6702,Fujitsu Limited,57201010,IT 서비스 및 컨설팅,6922577716435,"59조 4,082억원",JPY
8591,ORIX CORPORATION,55102030,다각적 투자 서비스,6908759311104,"59조 2,896억원",JPY
5802,Sumitomo Electric Industries  Ltd.,53101020,"자동차, 트럭 및 오토바이 부품",6607173431862,"56조 7,014억원",JPY
6701,NEC Corporation,57201010,IT 서비스 및 컨설팅,6564767703780,"56조 3,375억원",JPY
6301,KOMATSU LTD.,52102020,중장비 및 차량,6523548427440,"55조 9,838억원",JPY
8630,Sompo Holdings  Inc.,55301020,손해보험,6437770433397,"55조 2,477억원",JPY
6723,Renesas Electronics Corp,57101010,반도체,6189864654465,"53조 1,202억원",JPY
6367,Daikin Industries Ltd,52102030,전기 부품 및 장비,6079183800020,"52조 1,703억원",JPY
4578,Otsuka Holdings Co.  Ltd.,56201040,제약,6038036757040,"51조 8,172억원",JPY
7751,CANON INC.,57105010,사무기기,6005936878392,"51조 5,417억원",JPY
6954,Fanuc Corp,52102010,산업용 기계 및 장비,5748258260360,"49조 3,304억원",JPY
6146,Disco Corp,57101020,반도체 장비 및 테스트,5687917492180,"48조 8,126억원",JPY
8308,Resona Holdings  Inc.,55101010,은행,5655945536699,"48조 5,382억원",JPY
6902,DENSO CORPORATION,53101020,"자동차, 트럭 및 오토바이 부품",5574526108265,"47조 8,395억원",JPY
4062,Ibiden Co Ltd,57101010,반도체,5545235383095,"47조 5,881억원",JPY
6762,TDK CORPORATION,57104010,전자 장비 및 부품,5530281372825,"47조 4,598억원",JPY
4568,Daiichi Sankyo Co Ltd,56201040,제약,5502055447202,"47조 2,175억원",JPY
4661,ORIENTAL LAND CO.  LTD.,53301040,여가 및 오락시설,5464368178000,"46조 8,941억원",JPY
6971,KYOCERA CORPORATION,57104010,전자 장비 및 부품,5161269682340,"44조 2,930억원",JPY
5108,BRIDGESTONE CORPORATION,53101030,타이어 및 고무 제품,4975958166660,"42조 7,027억원",JPY
8309,Sumitomo Mitsui Trust Group  Inc.,55101010,은행,4943403020520,"42조 4,233억원",JPY
1605,INPEX CORPORATION,50102020,"오일, 가스 탐사 및 생산",4926999430171,"42조 2,825억원",JPY
8604,Nomura Holdings  Inc.,55102010,투자 은행 및 중개 서비스,4883017472181,"41조 9,051억원",JPY
2802,Ajinomoto Co.  Inc.,54102020,식품 가공,4794815460864,"41조 1,481억원",JPY
3382,Seven & i Holdings Co.  Ltd.,54301020,식품 소매 및 유통,4686921864980,"40조 2,222억원",JPY
8802,Mitsubishi Estate Company  Limited,60101010,"부동산 임대, 개발 및 운영",4375722025378,"37조 5,516억원",JPY
4503,Astellas Pharma Inc.,56201040,제약,4313331939263,37조 162억원,JPY
6273,SMC Corp,52102010,산업용 기계 및 장비,4236454582470,"36조 3,564억원",JPY
4901,FUJIFILM Holdings Corporation,51101030,특수 화학제,4102315544016,"35조 2,053억원",JPY
8801,Mitsui Fudosan Co.  Ltd.,60101010,"부동산 임대, 개발 및 운영",3999378289005,"34조 3,219억원",JPY
7269,SUZUKI MOTOR CORPORATION,53101010,자동차 및 트럭 제조,3984181219200,"34조 1,914억원",JPY
9020,East Japan Railway Co,52406020,지상 및 해상 여객 운송,3925066212000,"33조 6,841억원",JPY
5020,ENEOS Holdings  Inc.,50102030,"오일, 가스 정제 및 마케팅",3874736314894,"33조 2,522억원",JPY
9022,Central Japan Railway Co,52406020,지상 및 해상 여객 운송,3797394538000,"32조 5,885억원",JPY
5401,NIPPON STEEL CORPORATION,51201020,철 및 강철,3734675463200,32조 502억원,JPY
4689,LY Corp,57201030,온라인 서비스,3696492143265,"31조 7,226억원",JPY
6920,Lasertec Corporation,57101020,반도체 장비 및 테스트,3685655376000,"31조 6,296억원",JPY
8267,AEON CO.  LTD.,54301020,식품 소매 및 유통,3656165369084,"31조 3,765억원",JPY
7832,Bandai Namco Holdings Inc,53205010,장난감 및 어린이 제품,3602970000000,"30조 9,200억원",JPY
6594,NIDEC CORPORATION,52102030,전기 부품 및 장비,3405976881216,"29조 2,294억원",JPY
5016,JX Advanced Metals Corp,51201050,특수 채굴 및 금속,3392380792540,"29조 1,127억원",JPY
4543,TERUMO CORPORATION,56101020,"의료 장비, 물품 및 유통",3313492563840,"28조 4,357억원",JPY
9503,The Kansai Electric Power Company  Incorporated,59101010,전력 유틸리티,3239421932604,"27조 8,001억원",JPY
4452,Kao Corporation,54201020,개인 생활 필수 용품,3155241600000,27조 777억원,JPY
6326,KUBOTA CORPORATION,52102020,중장비 및 차량,3130901968077,"26조 8,688억원",JPY
7013,IHI Corporation,52102010,산업용 기계 및 장비,3088571981495,"26조 5,055억원",JPY
9101,Nippon Yusen Kabushiki Kaisha,52405020,해양 화물 및 물류,3035859533000,26조 531억원,JPY
9766,KONAMI GROUP CORPORATION,57201020,소프트웨어,3021392500000,"25조 9,290억원",JPY
1925,DAIWA HOUSE INDUSTRY CO.  LTD.,53203010,주택 건설,3007505531988,"25조 8,098억원",JPY
9735,SECOM CO.  LTD.,52203040,경영 지원 서비스,3003036287056,"25조 7,715억원",JPY
7936,ASICS Corporation,53202030,제화,2986404771576,"25조 6,287억원",JPY
8830,Sumitomo Realty & Development Co.  Ltd.,60101010,"부동산 임대, 개발 및 운영",2982096000000,"25조 5,918억원",JPY
8601,Daiwa Securities Group Inc,55102010,투자 은행 및 중개 서비스,2896288523726,"24조 8,554억원",JPY
4307,Nomura Research Institute  Ltd.,57201010,IT 서비스 및 컨설팅,2893533840804,"24조 8,317억원",JPY
5713,Sumitomo Metal Mining Co.  Ltd.,51201050,특수 채굴 및 금속,2794722684150,"23조 9,838억원",JPY
5801,Furukawa Electric Co Ltd,52102030,전기 부품 및 장비,2756716432170,"23조 6,576억원",JPY
4612,NIPPON PAINT HOLDINGS CO.  LTD.,51101010,상품 화학,2732015327788,"23조 4,456억원",JPY
4004,Resonac Holdings Corporation,51101010,상품 화학,2656068308845,"22조 7,938억원",JPY
4507,Shionogi & Co.  Ltd.,56201040,제약,2628418320128,"22조 5,566억원",JPY
9104,Mitsui O.s.k. Lines  Ltd,52405020,해양 화물 및 물류,2628330879480,"22조 5,558억원",JPY
4684,Obic Co Ltd,57201010,IT 서비스 및 컨설팅,2509200000000,"21조 5,335억원",JPY
3659,NEXON Co.  Ltd.,57201030,온라인 서비스,2497004825600,"21조 4,288억원",JPY
2502,Asahi Group Holdings  Ltd.,54101010,양조업,2448826238460,21조 153억원,JPY
7735,Screen Holdings Co Ltd,57101020,반도체 장비 및 테스트,2442681441460,"20조 9,626억원",JPY
8795,T&D Holdings  Inc.,55301030,생명 및 건강 보험,2416576000000,"20조 7,386억원",JPY
1812,KAJIMA CORPORATION,52201020,건설 및 엔지니어링,2408123278769,"20조 6,660억원",JPY
4091,NIPPON SANSO HOLDINGS CORPORATION,51101010,상품 화학,2378112767967,"20조 4,085억원",JPY
9697,Capcom Co Ltd,57201020,소프트웨어,2338320336202,20조 670억원,JPY
9532,OSAKA GAS CO.  LTD.,59102010,천연가스 유틸리티,2327030884500,"19조 9,701억원",JPY
2503,Kirin Holdings Company  Limited,54101010,양조업,2324376000000,"19조 9,473억원",JPY
8697,Japan Exchange Group  Inc.,55102050,"금융, 상품 시장 운영 및 서비스 제공",2306556118628,"19조 7,944억원",JPY
6988,NITTO DENKO CORPORATION,51101030,특수 화학제,2295227105400,"19조 6,972억원",JPY
7532,Pan Pacific International Holdings Corporation,53402020,할인점,2265412547100,"19조 4,413억원",JPY
9107,Kawasaki Kisen Kaisha Ltd,52405020,해양 화물 및 물류,2235184718299,"19조 1,819억원",JPY
7733,OLYMPUS CORPORATION,56101010,첨단 의료 장비 및 기술,2234543828500,"19조 1,764억원",JPY
7453,RYOHIN KEIKAKU CO.  LTD.,53402010,백화점,2215354200000,19조 117억원,JPY
9502,Chubu Electric Power Co Inc,59101010,전력 유틸리티,2208054000000,"18조 9,491억원",JPY
3407,ASAHI KASEI CORPORATION,51101090,다각적 화학 산업,2185203091200,"18조 7,530억원",JPY
1928,Sekisui House  Ltd.,53203010,주택 건설,2182811646100,"18조 7,325억원",JPY
7186,Yokohama Financial Group  Inc.,55101010,은행,2159890514655,"18조 5,357억원",JPY
1802,OBAYASHI CORPORATION,52201020,건설 및 엔지니어링,2132854379718,"18조 3,037억원",JPY
8473,SBI Holdings Inc,55102030,다각적 투자 서비스,2163331271408,"18조 5,653억원",JPY
8331,The Chiba Bank  Ltd.,55101010,은행,2122601215119,"18조 2,157억원",JPY
9531,Tokyo Gas Co Ltd,59102010,천연가스 유틸리티,2113257965031,"18조 1,356억원",JPY
6525,KOKUSAI ELECTRIC CORPORATION,57101020,반도체 장비 및 테스트,2110391659176,"18조 1,110억원",JPY
7012,Kawasaki Heavy Industries  Ltd.,54401010,소비재 대기업,2108647915500,18조 960억원,JPY
6383,DAIFUKU CO.  LTD.,52102040,중전기장비,2069694928719,"17조 7,617억원",JPY
1801,TAISEI CORPORATION,52201020,건설 및 엔지니어링,2059405704640,"17조 6,734억원",JPY
8593,Mitsubishi HC Capital Inc,55101050,기업 금융 서비스,2030940001818,"17조 4,291억원",JPY
5831,Shizuoka Financial Group Inc,55101010,은행,2024070321741,"17조 3,702억원",JPY
5019,Idemitsu Kosan Co Ltd,50102030,"오일, 가스 정제 및 마케팅",2019532241090,"17조 3,312억원",JPY
6361,EBARA CORPORATION,52102010,산업용 기계 및 장비,1977522565755,"16조 9,707억원",JPY
7181,Japan Post Insurance Co Ltd,55301030,생명 및 건강 보험,1952129451150,"16조 7,528억원",JPY
6504,FUJI ELECTRIC CO.  LTD.,52102030,전기 부품 및 장비,1952058157325,"16조 7,522억원",JPY
7270,SUBARU CORPORATION,53101010,자동차 및 트럭 제조,1888385106173,"16조 2,057억원",JPY
3402,TORAY INDUSTRIES  INC.,51101010,상품 화학,1877592790944,"16조 1,131억원",JPY
6963,ROHM COMPANY LIMITED,57101010,반도체,1876676480000,"16조 1,053억원",JPY
7272,Yamaha Motor Co.  Ltd.,53101010,자동차 및 트럭 제조,1854005808921,"15조 9,107억원",JPY
8113,UNICHARM CORPORATION,54201020,개인 생활 필수 용품,1788375339311,"15조 3,475억원",JPY
9843,Nitori Holdings Co.  Ltd.,53403030,가정용 가구 소매,1733818964400,"14조 8,793억원",JPY
4188,Mitsubishi Chemical Group Corporation,51101090,다각적 화학 산업,1713904509123,"14조 7,084억원",JPY
9435,Hikari Tsushin Inc,57102010,통신 및 네트워킹,1695360802680,"14조 5,492억원",JPY
1803,SHIMIZU CORPORATION,52201020,건설 및 엔지니어링,1689953635854,"14조 5,028억원",JPY
7550,Zensho Holdings Co.  Ltd.,53301020,레스토랑 및 바,1679662201250,"14조 4,145억원",JPY
7259,AISIN CORPORATION,53101020,"자동차, 트럭 및 오토바이 부품",1621574385117,"13조 9,160억원",JPY
2801,Kikkoman Corp,54102020,식품 가공,1604383496550,"13조 7,685억원",JPY
7167,Mebuki Financial Group Inc,55101010,은행,1592946876676,"13조 6,704억원",JPY
7309,Shimano Inc,53205020,오락용 제품,1577009250000,"13조 5,336억원",JPY
4755,Rakuten Group  Inc.,57201030,온라인 서비스,1545505004430,"13조 2,632억원",JPY
8136,Sanrio Company  Ltd.,53403090,기타 전문 소매,1542027629363,"13조 2,334억원",JPY
7202,ISUZU MOTORS LIMITED,53101010,자동차 및 트럭 제조,1522485785375,13조 657억원,JPY
5333,NGK Corporation,52102010,산업용 기계 및 장비,1501751847496,"12조 8,877억원",JPY
8354,Fukuoka Financial Group  Inc.,55101010,은행,1480557000690,"12조 7,058억원",JPY
6586,Makita Corporation,52102010,산업용 기계 및 장비,1479612575680,"12조 6,977억원",JPY
6479,Minebea Mitsumi Inc,57104010,전자 장비 및 부품,1475563493730,"12조 6,630억원",JPY
5844,Kyoto Financial Group  Inc.,55101010,은행,1467335239488,"12조 5,924억원",JPY
8303,SBI Shinsei Bank  Limited,55101010,은행,1465933500000,"12조 5,803억원",JPY
9202,ANA HOLDINGS INC.,52406010,항공사,1443921252122,"12조 3,914억원",JPY
5334,Niterra Co.  Ltd.,53101020,"자동차, 트럭 및 오토바이 부품",1438170042960,"12조 3,421억원",JPY
4523,Eisai Co.  Ltd.,56201040,제약,1437830304570,"12조 3,392억원",JPY
4911,Shiseido Company  Limited,54201020,개인 생활 필수 용품,1424400000000,"12조 2,239억원",JPY
2587,Suntory Beverage & Food Ltd,54101030,무알콜 음료,1394517000000,"11조 9,675억원",JPY
4768,Otsuka Corp,57201010,IT 서비스 및 컨설팅,1385495459040,"11조 8,900억원",JPY
9021,West Japan Railway Co,52406020,지상 및 해상 여객 운송,1383084106800,"11조 8,694억원",JPY
9147,NIPPON EXPRESS HOLDINGS  INC.,52405010,"배달, 우편, 항공 화물 및 육상 물류",1375866000000,"11조 8,074억원",JPY
7911,TOPPAN Holdings Inc.,52203020,상업 인쇄 서비스,1373036372160,"11조 7,831억원",JPY
9602,TOHO CO.  LTD.,53302030,엔터테인먼트 제작,1343425000000,"11조 5,290억원",JPY
9201,Japan Airlines Co.  Ltd.,52406010,항공사,1339844827500,"11조 4,983억원",JPY
3003,Hulic Co.  Ltd.,60101010,"부동산 임대, 개발 및 운영",1336159458900,"11조 4,667억원",JPY
8359,Hachijuni Nagano Bank  Ltd.,55101010,은행,1331690742528,"11조 4,283억원",JPY
8439,Tokyo Century Corporation,55101050,기업 금융 서비스,1314188514240,"11조 2,781억원",JPY
5706,Mitsui Kinzoku Co Ltd,51201050,특수 채굴 및 금속,1308897767255,"11조 2,327억원",JPY
7912,Dai Nippon Printing Co.  Ltd.,52203020,상업 인쇄 서비스,1301082588666,"11조 1,656억원",JPY
6976,Taiyo Yuden Co Ltd,57104010,전자 장비 및 부품,1289669934375,11조 677억원,JPY
6645,OMRON Corporation,52102030,전기 부품 및 장비,1272118370496,"10조 9,171억원",JPY
2768,Sojitz Corp,52202010,다각적 산업용 제품 도매,1233120000000,"10조 5,824억원",JPY
2269,Meiji Holdings Co Ltd,54102020,식품 가공,1229263200000,"10조 5,493억원",JPY
5201,AGC Inc.,53203020,건설 자재 및 비품,1227636208926,"10조 5,353억원",JPY
6305,Hitachi Construction Machinery Co Ltd,52102020,중장비 및 차량,1218196460194,"10조 4,543억원",JPY
2413,M3 Inc,57201030,온라인 서비스,1204088979600,"10조 3,333억원",JPY
5411,JFE Holdings  Inc.,51201020,철 및 강철,1204062505317,"10조 3,330억원",JPY
3099,Isetan Mitsukoshi Holdings Ltd.,53402010,백화점,1211120321984,"10조 3,936억원",JPY
5830,Iyogin Holdings Inc,55101010,은행,1199102187406,"10조 2,905억원",JPY
6841,Yokogawa Electric Corporation,52102010,산업용 기계 및 장비,1196500028920,"10조 2,681억원",JPY
4716,Oracle Corp Japan,57201020,소프트웨어,1194081438726,"10조 2,474억원",JPY
6532,BayCurrent Inc,52203040,경영 지원 서비스,1191602229720,"10조 2,261억원",JPY
4528,ONO PHARMACEUTICAL CO.  LTD.,56201040,제약,1191377099200,"10조 2,242억원",JPY
8334,The Gunma Bank  Ltd.,55101010,은행,1187466586912,"10조 1,906억원",JPY
4151,Kyowa Kirin Co Ltd,56201040,제약,1185831432000,"10조 1,766억원",JPY
6724,SEIKO EPSON CORPORATION,57106010,컴퓨터 하드웨어,1174513989888,10조 794억원,JPY
6869,SYSMEX CORPORATION,56101020,"의료 장비, 물품 및 유통",1170518201322,10조 452억원,JPY
6506,YASKAWA Electric Corporation,52102030,전기 부품 및 장비,1168904448351,10조 313억원,JPY
7701,Shimadzu Corporation,57105010,사무기기,1162963851656,"9조 9,803억원",JPY
9042,Hankyu Hanshin Holdings  Inc.,52406020,지상 및 해상 여객 운송,1159909855208,"9조 9,541억원",JPY
7201,NISSAN MOTOR CO.  LTD.,53101010,자동차 및 트럭 제조,1159881766528,"9조 9,539억원",JPY
6448,BROTHER INDUSTRIES  LTD.,57105010,사무기기,1159827142430,"9조 9,534억원",JPY
1878,Daito Trust Construction Co Ltd,60101010,"부동산 임대, 개발 및 운영",1155082088040,"9조 9,127억원",JPY
1944,KINDEN CORPORATION,52201020,건설 및 엔지니어링,1153361013220,"9조 8,979억원",JPY
3563,FOOD & LIFE COMPANIES LTD.,53301020,레스토랑 및 바,1146299261184,"9조 8,373억원",JPY
1942,Kandenko Co Ltd,52201020,건설 및 엔지니어링,1137913257534,"9조 7,653억원",JPY
5101,The Yokohama Rubber Company  Limited,53101030,타이어 및 고무 제품,1135655300325,"9조 7,460억원",JPY
4021,Nissan Chemical Corp,51101090,다각적 화학 산업,1113043600000,"9조 5,519억원",JPY
9024,SEIBU HOLDINGS INC.,60101010,"부동산 임대, 개발 및 운영",1105072729280,"9조 4,835억원",JPY
9684,SQUARE ENIX HOLDINGS CO.  LTD.,57201030,온라인 서비스,1100578795272,"9조 4,449억원",JPY
8729,Sony Financial Group Inc,55301030,생명 및 건강 보험,1100183209775,"9조 4,416억원",JPY
2875,Toyo Suisan Kaisha Ltd,54102020,식품 가공,1079648725428,"9조 2,653억원",JPY
5838,Rakuten Bank Ltd,55101010,은행,1077629384000,"9조 2,480억원",JPY
8951,Nippon Building Fund Inc.,60102020,상업용 REITs,1073667000000,"9조 2,140억원",JPY
3436,SUMCO CORPORATION,57101010,반도체,1060330320892,9조 995억원,JPY
2702,McDonald's Holdings Company Japan Ltd,53301020,레스토랑 및 바,1045065600000,"8조 9,685억원",JPY
8377,Hokuhoku Financial Group Inc,55101010,은행,1042117460856,"8조 9,432억원",JPY
9005,TOKYU CORPORATION,52406020,지상 및 해상 여객 운송,1038846168850,"8조 9,152억원",JPY
3092,ZOZO Inc,53403040,의류 및 액세서리 소매,1036541616264,"8조 8,954억원",JPY
9962,MISUMI Group Inc.,52102010,산업용 기계 및 장비,1035646612110,"8조 8,877억원",JPY
4186,TOKYO OHKA KOGYO CO.  LTD.,51101030,특수 화학제,1031729400000,"8조 8,541억원",JPY
3088,MatsukiyoCocokara & Co.,54301010,의약품 소매,1025909410770,"8조 8,041억원",JPY
4204,Sekisui Chemical Co.  Ltd.,53203010,주택 건설,1012348937003,"8조 6,878억원",JPY
9508,Kyushu Electric Power Company  Incorporated,59101010,전력 유틸리티,1009300539704,"8조 6,616억원",JPY
1773,YTL Corporation Berhad,59104010,복합 유틸리티,1007216285306,"8조 6,437억원",JPY
3391,TSURUHA HOLDINGS INC.,54301010,의약품 소매,982448200635,"8조 4,312억원",JPY
3064,MonotaRO Co Ltd,53402010,백화점,977426532000,"8조 3,881억원",JPY
6856,HORIBA  Ltd.,52102010,산업용 기계 및 장비,966507972020,"8조 2,944억원",JPY
4005,SUMITOMO CHEMICAL COMPANY  LIMITED,51101090,다각적 화학 산업,964860348497,"8조 2,802억원",JPY
8341,The 77 Bank  Ltd.,55101010,은행,962412891030,"8조 2,592억원",JPY
9143,SG Holdings Co Ltd,52405010,"배달, 우편, 항공 화물 및 육상 물류",956749233600,"8조 2,106억원",JPY
4324,DENTSU GROUP INC.,53302010,광고 및 마케팅,954487800000,"8조 1,912억원",JPY
5332,TOTO Ltd,53203020,건설 자재 및 비품,951237314046,"8조 1,633억원",JPY
7752,Ricoh Company  Ltd.,57105010,사무기기,946041942069,"8조 1,187억원",JPY
9401,TBS Holdings Inc,53302020,방송,941094001730,8조 763억원,JPY
4704,Trend Micro Incorporated,57201020,소프트웨어,931218700836,"7조 9,915억원",JPY
3289,Tokyu Fudosan Holdings Corporation,60101010,"부동산 임대, 개발 및 운영",921383646720,"7조 9,071억원",JPY
9023,Tokyo Metro Co Ltd,52406020,지상 및 해상 여객 운송,906069500000,"7조 7,757억원",JPY
4732,USS Co.  Ltd.,57201030,온라인 서비스,903918000000,"7조 7,572억원",JPY
3288,Open House Group Co Ltd,60101010,"부동산 임대, 개발 및 운영",885949164000,"7조 6,030억원",JPY
9501,Tokyo Electric Power Company Holdings Inc,59101010,전력 유틸리티,883377536791,"7조 5,810억원",JPY
6370,Kurita Water Industries Ltd.,52203010,환경 서비스 및 장비,882079468154,"7조 5,698억원",JPY
3626,TISI Inc.,57201010,IT 서비스 및 컨설팅,876620100000,"7조 5,230억원",JPY
2897,Nissin Foods Holdings Co Ltd,54102020,식품 가공,875939975750,"7조 5,171억원",JPY
7747,ASAHI INTECC CO.  LTD.,56101020,"의료 장비, 물품 및 유통",868963282500,"7조 4,573억원",JPY
2267,Yakult Honsha Co Ltd,54102020,식품 가공,852403143708,"7조 3,152억원",JPY
3038,KOBE BUSSAN CO.  LTD.,54301020,식품 소매 및 유통,830923200000,"7조 1,308억원",JPY
6806,Hirose Electric Co Ltd,57104010,전자 장비 및 부품,845823005325,"7조 2,587억원",JPY
4042,Tosoh Corp,51101090,다각적 화학 산업,845047945122,"7조 2,520억원",JPY
3231,Nomura Real Estate Holdings Inc,60101010,"부동산 임대, 개발 및 운영",835327843350,"7조 1,686억원",JPY
4183,Mitsui Chemicals  Inc.,51101010,상품 화학,834149999564,"7조 1,585억원",JPY
8952,Japan Real Estate Investment Corporation,60102020,상업용 REITs,826686330000,7조 945억원,JPY
5406,Kobe Steel  Ltd.,51201020,철 및 강철,826535439499,7조 932억원,JPY
8060,Canon Marketing Japan Inc,57105010,사무기기,819548033416,7조 332억원,JPY
7276,KOITO MANUFACTURING CO.  LTD.,53101020,"자동차, 트럭 및 오토바이 부품",814064823354,"6조 9,861억원",JPY
8050,Seiko Group Corp,53202020,의류 및 액세서리,813179686040,"6조 9,785억원",JPY
8418,Yamaguchi Financial Group  Inc.,55101010,은행,808304901888,"6조 9,367억원",JPY
2212,Yamazaki Baking Co Ltd,54102020,식품 가공,803371590420,"6조 8,944억원",JPY
3861,Oji Holdings Corporation,51301020,종이 제품,800724157147,"6조 8,717억원",JPY
4182,Mitsubishi Gas Chemical Co Inc,51101010,상품 화학,800598717418,"6조 8,706억원",JPY
5076,INFRONEER Holdings Inc.,52201020,건설 및 엔지니어링,799386752304,"6조 8,602억원",JPY
1808,HASEKO Corporation,53203010,주택 건설,799347558501,"6조 8,598억원",JPY
8953,Japan Metropolitan Fund Investment Corporation,60102020,상업용 REITs,788331866400,"6조 7,653억원",JPY
9404,Nippon Television Holdings Inc,53302020,방송,786011521620,"6조 7,454억원",JPY
6845,Azbil Corp,52102030,전기 부품 및 장비,785261153568,"6조 7,390억원",JPY
5991,NHK SPRING CO.  LTD.,53101020,"자동차, 트럭 및 오토바이 부품",782852095872,"6조 7,183억원",JPY
5444,YAMATO KOGYO CO.  LTD.,51201020,철 및 강철,777790000000,"6조 6,748억원",JPY
7180,Kyushu Financial Group Inc,55101010,은행,777544891084,"6조 6,727억원",JPY
6465,HOSHIZAKI CORPORATION,52102010,산업용 기계 및 장비,771974452800,"6조 6,249억원",JPY
6113,Amada Co Ltd,52102010,산업용 기계 및 장비,765851543513,"6조 5,724억원",JPY
8572,Acom Co Ltd,55101030,소비자 대출,761531113038,"6조 5,353억원",JPY
2371,Kakaku.com  Inc.,57201030,온라인 서비스,760167180500,"6조 5,236억원",JPY
1911,Sumitomo Forestry Co.  Ltd.,53203010,주택 건설,758671571856,"6조 5,108억원",JPY
5929,Sanwa Holdings Corporation,53203020,건설 자재 및 비품,757083000000,"6조 4,971억원",JPY
8253,Credit Saison Co.  Ltd.,55101030,소비자 대출,747999232510,"6조 4,192억원",JPY
6481,THK Co Ltd,52102010,산업용 기계 및 장비,746993964416,"6조 4,106억원",JPY
3197,SKYLARK HOLDINGS CO.  LTD.,53301020,레스토랑 및 바,742112176400,"6조 3,687억원",JPY
9513,Electric Power Development Co Ltd,59101010,전력 유틸리티,741500869500,"6조 3,634억원",JPY
5021,COSMO ENERGY HOLDINGS COMPANY  LIMITED,50102030,"오일, 가스 정제 및 마케팅",735425913232,"6조 3,113억원",JPY
6302,Sumitomo Heavy Industries Ltd,52102010,산업용 기계 및 장비,734728965418,"6조 3,053억원",JPY
7327,Daishi Hokuetsu Financial Group  Inc.,55101010,은행,734352560352,"6조 3,021억원",JPY
543A,Archion Corp,53101010,자동차 및 트럭 제조,733023838536,"6조 2,907억원",JPY
7337,Hirogin Holdings Inc,55101010,은행,732939674361,"6조 2,899억원",JPY
7729,Tokyo Seimitsu Co Ltd,57101020,반도체 장비 및 테스트,732587295825,"6조 2,869억원",JPY
3132,Macnica Holdings Inc,57101010,반도체,732046932848,"6조 2,823억원",JPY
7261,Mazda Motor Corporation,53101010,자동차 및 트럭 제조,730997203703,"6조 2,733억원",JPY
2501,Sapporo Breweries Ltd.,54101010,양조업,728059313520,"6조 2,481억원",JPY
7189,Nishi-Nippon Financial Holdings Inc,55101010,은행,726685197020,"6조 2,363억원",JPY
4506,Sumitomo Pharma Co Ltd,56201040,제약,722994729663,"6조 2,046억원",JPY
3086,J. FRONT RETAILING Co.  Ltd.,53402010,백화점,721598892588,"6조 1,926억원",JPY
6965,HAMAMATSU PHOTONICS K.K.,57101010,반도체,717211670473,"6조 1,550억원",JPY
9064,YAMATO HOLDINGS CO.  LTD.,52405010,"배달, 우편, 항공 화물 및 육상 물류",714864543636,"6조 1,348억원",JPY
9009,Keisei Electric Railway Co.  Ltd.,52406020,지상 및 해상 여객 운송,711454754903,"6조 1,056억원",JPY
3283,Nippon Prologis REIT  Inc.,60102020,상업용 REITs,711396273600,"6조 1,051억원",JPY
8227,Shimamura Co Ltd,53403040,의류 및 액세서리 소매,705413143890,6조 537억원,JPY
6460,SEGA SAMMY HOLDINGS INC.,53302030,엔터테인먼트 제작,697012107264,"5조 9,816억원",JPY
5901,Toyo Seikan Group Holdings  Ltd.,51302010,용기(종이 제외) 및 포장재,694743566832,"5조 9,622억원",JPY
8366,THE SHIGA BANK  LTD.,55101010,은행,693218517615,"5조 9,491억원",JPY
9506,Tohoku Electric Power Company  Incorporated,59101010,전력 유틸리티,692469319545,"5조 9,426억원",JPY
9831,YAMADA HOLDINGS CO.  LTD.,53403050,컴퓨터 및 전자 제품 소매,691983991524,"5조 9,385억원",JPY
2327,NS Solutions Corp,57201010,IT 서비스 및 컨설팅,687538514000,"5조 9,003억원",JPY
4203,Sumitomo Bakelite Co Ltd,51101010,상품 화학,687113378816,"5조 8,967억원",JPY
4676,Fuji Media Holdings Inc,53302020,방송,683087797000,"5조 8,621억원",JPY
4088,AIR WATER INC.,51101010,상품 화학,678466683321,"5조 8,225억원",JPY
9041,Kintetsu Group Holdings Co Ltd,52406020,지상 및 해상 여객 운송,676278330367,"5조 8,037억원",JPY
8804,Tokyo Tatemono Co.  Ltd.,60101010,"부동산 임대, 개발 및 운영",673018665464,"5조 7,757억원",JPY
2181,Persol Holdings Co Ltd,52203030,고용 서비스,665075996739,"5조 7,075억원",JPY
6134,Fuji Corp (Aichi),52102010,산업용 기계 및 장비,702276686892,6조 268억원,JPY
1721,Comsys Holdings Corp,52201020,건설 및 엔지니어링,692424000000,"5조 9,422억원",JPY
5344,MARUWA Co Ltd,57104010,전자 장비 및 부품,688749240000,"5조 9,107억원",JPY
5711,MITSUBISHI MATERIALS CORPORATION,51201080,다각적 채굴,682956644790,"5조 8,610억원",JPY
3769,GMO Payment Gateway Inc,52203040,경영 지원 서비스,675160989355,"5조 7,941억원",JPY
5832,Chugin Financial Group Inc,55101010,은행,674785375572,"5조 7,909억원",JPY
2670,ABC-Mart Inc,53403040,의류 및 액세서리 소매,664609229592,"5조 7,035억원",JPY
6473,JTEKT Corporation,53101020,"자동차, 트럭 및 오토바이 부품",663660686881,"5조 6,954억원",JPY
9007,Odakyu Electric Railway Co.  Ltd.,52406020,지상 및 해상 여객 운송,663111641742,"5조 6,907억원",JPY
1969,Takasago Thermal Engineering Co.  Ltd.,52201020,건설 및 엔지니어링,662076603252,"5조 6,818억원",JPY
4527,Rohto Pharmaceutical Co Ltd,56201040,제약,657638504195,"5조 6,437억원",JPY
2579,Coca-Cola Bottlers Japan Holdings Inc,54101030,무알콜 음료,655958711190,"5조 6,293억원",JPY
3462,Nomura Real Estate Master Fund  Inc.,60102010,복합부동산 REITs,653743414800,"5조 6,103억원",JPY
9072,Nikkon Holdings Co Ltd,52405030,지상 화물 및 물류,648082413216,"5조 5,617억원",JPY
8233,Takashimaya Company  Limited,53402010,백화점,646127275172,"5조 5,449억원",JPY
5393,Nichias Corp,52201020,건설 및 엔지니어링,641521137609,"5조 5,054억원",JPY
4751,CyberAgent  Inc.,53302010,광고 및 마케팅,638952766200,"5조 4,834억원",JPY
6269,Modec Inc,50103020,오일 관련 서비스 및 장비,632535751500,"5조 4,283억원",JPY
8368,The Hyakugo Bank  Ltd.,55101010,은행,630469239000,"5조 4,106억원",JPY
3281,GLP J-REIT,60102020,상업용 REITs,630325238400,"5조 4,093억원",JPY
3774,Internet Initiative Japan Inc,57401010,통합 통신 서비스,629331831240,"5조 4,008억원",JPY
6323,RORZE CORPORATION,57101020,반도체 장비 및 테스트,628866000000,"5조 3,968억원",JPY
4816,Toei Animation Co Ltd,53302030,엔터테인먼트 제작,628740000000,"5조 3,957억원",JPY
2809,Kewpie Corp,54102020,식품 가공,628260000000,"5조 3,916억원",JPY
7459,Medipal Holdings Corp,56201040,제약,627731459573,"5조 3,871억원",JPY
2331,ALSOK Co Ltd,52203040,경영 지원 서비스,627546258300,"5조 3,855억원",JPY
4733,Obic Business Consultants Co Ltd,57201020,소프트웨어,626305624000,"5조 3,748억원",JPY
9412,SKY Perfect JSAT Corporation,57401020,무선 통신 서비스,623344566816,"5조 3,494억원",JPY
3291,Iida Group Holdings Co.  Ltd.,60101010,"부동산 임대, 개발 및 운영",622301317012,"5조 3,405억원",JPY
7282,TOYODA GOSEI CO.  LTD.,53101020,"자동차, 트럭 및 오토바이 부품",614298689781,"5조 2,718억원",JPY
4403,NOF Corp,51101010,상품 화학,612242705328,"5조 2,541억원",JPY
4385,Mercari  Inc.,57201030,온라인 서비스,611445343626,"5조 2,473억원",JPY
6324,Harmonic Drive Systems Inc.,52102010,산업용 기계 및 장비,597155480000,"5조 1,247억원",JPY
6787,Meiko Electronics Co.  Ltd.,57101010,반도체,593425504800,5조 927억원,JPY
5105,Toyo Tire Corporation,53101030,타이어 및 고무 제품,586238354316,5조 310억원,JPY
9001,Tobu Railway Co Ltd,52406020,지상 및 해상 여객 운송,583909790160,5조 110억원,JPY
7731,NIKON CORPORATION,57106030,가정용 전자 제품,582440607756,"4조 9,984억원",JPY
3110,Nitto Boseki Co Ltd,57104010,전자 장비 및 부품,580934384800,"4조 9,855억원",JPY
7951,YAMAHA CORPORATION,53205020,오락용 제품,578287000000,"4조 9,627억원",JPY
8972,KDX Realty Investment Corp,60102010,복합부동산 REITs,578009233800,"4조 9,604억원",JPY
7762,Citizen Watch Co Ltd,53202020,의류 및 액세서리,576870000000,"4조 9,506억원",JPY
6368,Organo Corp,52203010,환경 서비스 및 장비,574628481500,"4조 9,313억원",JPY
1959,Kraftia Corp,52201020,건설 및 엔지니어링,573084939607,"4조 9,181억원",JPY
2282,NH Foods Ltd.,54102020,식품 가공,572821110000,"4조 9,158억원",JPY
3635,KOEI TECMO HOLDINGS CO.  LTD.,57201030,온라인 서비스,571364770800,"4조 9,033억원",JPY
1963,JGC Holdings Corp,52201020,건설 및 엔지니어링,570302027176,"4조 8,942억원",JPY
2871,NICHIREI CORPORATION,54102020,식품 가공,568049663870,"4조 8,749억원",JPY
5714,DOWA Holdings Co Ltd,51201050,특수 채굴 및 금속,563791828570,"4조 8,383억원",JPY
4812,Dentsu Soken Inc,57201010,IT 서비스 및 컨설팅,561221152800,"4조 8,163억원",JPY
2002,NISSHIN SEIFUN GROUP INC.,54102020,식품 가공,560580840018,"4조 8,108억원",JPY
9301,Mitsubishi Logistics Corporation,52405010,"배달, 우편, 항공 화물 및 육상 물류",556602102115,"4조 7,766억원",JPY
4626,Taiyo Holdings Co Ltd,51101030,특수 화학제,554287138304,"4조 7,568억원",JPY
4536,SANTEN PHARMACEUTICAL CO.  LTD.,56201040,제약,551116163340,"4조 7,296억원",JPY
5631,Japan Steel Works Ltd,52102010,산업용 기계 및 장비,550099580082,"4조 7,208억원",JPY
6674,GS Yuasa Corporation,53101020,"자동차, 트럭 및 오토바이 부품",550044716392,"4조 7,204억원",JPY
9468,KADOKAWA CORPORATION,53302040,소비자 출판,541579725960,"4조 6,477억원",JPY
1951,EXEO Group Inc,52201020,건설 및 엔지니어링,538942700398,"4조 6,251억원",JPY
7211,MITSUBISHI MOTORS CORPORATION,53101010,자동차 및 트럭 제조,538331765436,"4조 6,199억원",JPY
9142,Kyushu Railway Co,52406020,지상 및 해상 여객 운송,535240189000,"4조 5,933억원",JPY
3405,KURARAY CO.  LTD.,51101010,상품 화학,532661542089,"4조 5,712억원",JPY
6268,Nabtesco Corporation,52102010,산업용 기계 및 장비,545340844681,"4조 6,800억원",JPY
6471,NSK Ltd.,53101020,"자동차, 트럭 및 오토바이 부품",541000000000,"4조 6,428억원",JPY
6871,MICRONICS JAPAN CO. LTD.,57101020,반도체 장비 및 테스트,535938981240,"4조 5,993억원",JPY
8252,MARUI GROUP CO.  LTD.,55101030,소비자 대출,529401152003,"4조 5,432억원",JPY
5471,Daido Steel Co.  Ltd.,51201020,철 및 강철,528880140653,"4조 5,387억원",JPY
4980,Dexerials Corp,57104010,전자 장비 및 부품,523962087900,"4조 4,965억원",JPY
5110,Sumitomo Rubber Industries  Ltd.,53101030,타이어 및 고무 제품,522271989674,"4조 4,820억원",JPY
8954,Orix JREIT Inc,60102020,상업용 REITs,521088000000,"4조 4,719억원",JPY
9364,Kamigumi Co.  Ltd.,52405010,"배달, 우편, 항공 화물 및 육상 물류",519242349864,"4조 4,560억원",JPY
7380,Juroku Financial Group Inc,55101010,은행,516337084410,"4조 4,311억원",JPY
8012,Nagase & Co Ltd,51101010,상품 화학,515030223510,"4조 4,199억원",JPY
3349,Cosmos Pharmaceutical Corp,54301010,의약품 소매,514890297600,"4조 4,187억원",JPY
9706,Japan Airport Terminal Co.  Ltd.,52407010,공항 운영 및 서비스,513976317200,"4조 4,108억원",JPY
9076,Seino Holdings Co Ltd,52405010,"배달, 우편, 항공 화물 및 육상 물류",512835007048,"4조 4,010억원",JPY
4613,Kansai Paint Co. Ltd.,51101010,상품 화학,504829718220,"4조 3,323억원",JPY
4205,Zeon Corp,51101010,상품 화학,500947506864,"4조 2,990억원",JPY
8524,North Pacific Bank Ltd,55101010,은행,499795556638,"4조 2,891억원",JPY
8984,Daiwa House REIT Investment Corp,60102010,복합부동산 REITs,498474981000,"4조 2,778억원",JPY
5938,LIXIL Corporation,53203020,건설 자재 및 비품,497659643820,"4조 2,708억원",JPY
8088,IWATANI CORPORATION,50102030,"오일, 가스 정제 및 마케팅",497656893202,"4조 2,708억원",JPY
6508,Meidensha Corp,52102040,중전기장비,497616012200,"4조 2,704억원",JPY
7988,Nifco Inc,53101020,"자동차, 트럭 및 오토바이 부품",495950974072,"4조 2,562억원",JPY
1662,Japan Petroleum Exploration Co.  Ltd.,50102020,"오일, 가스 탐사 및 생산",495753733020,"4조 2,545억원",JPY
6890,Ferrotec Corp,57104010,전자 장비 및 부품,493663993680,"4조 2,365억원",JPY
2531,TAKARA HOLDINGS INC.,54101020,증류주 및 포도주,493524611586,"4조 2,353억원",JPY
5233,TAIHEIYO CEMENT CORPORATION,51202010,건설 자재,493095263416,"4조 2,316억원",JPY
8985,Japan Hotel REIT Investment Corporation,60102040,특수 REITs,492394100400,"4조 2,256억원",JPY
8960,United Urban Investment Corporation,60102010,복합부동산 REITs,491840000000,"4조 2,209억원",JPY
7173,Tokyo Kiraboshi Financial Group Inc,55101010,은행,490754031672,"4조 2,116억원",JPY
6952,Casio Computer Co Ltd,57106030,가정용 전자 제품,490028042074,"4조 2,053억원",JPY
8304,Aozora Bank  Ltd.,55101010,은행,487305911148,"4조 1,820억원",JPY
8358,Suruga Bank Ltd,55101010,은행,486121236352,"4조 1,718억원",JPY
7389,Aichi Financial Group Inc,55101010,은행,485597372835,"4조 1,673억원",JPY
1860,TODA CORPORATION,52201020,건설 및 엔지니어링,482891649376,"4조 1,441억원",JPY
4912,Lion Corporation,54201010,가정용 제품,482765128223,"4조 1,430억원",JPY
7649,Sugi Holdings Co Ltd,54301010,의약품 소매,482029124094,"4조 1,367억원",JPY
7240,NOK CORPORATION,53101020,"자동차, 트럭 및 오토바이 부품",481341593735,"4조 1,308억원",JPY
5947,Rinnai Corp,53204030,"가전제품, 도구 및 가정 용품",476585105667,4조 900억원,JPY
9533,TOHO GAS CO.  LTD.,59102010,천연가스 유틸리티,476330415570,4조 878억원,JPY
6417,Sankyo Co Ltd,53301030,카지노 및 도박,476330000000,4조 878억원,JPY
2433,Hakuhodo DY Holdings Inc,53302010,광고 및 마케팅,471435864938,4조 458억원,JPY
8056,BIPROGY Inc.,57201010,IT 서비스 및 컨설팅,470058214000,4조 339억원,JPY
6770,ALPS ALPINE CO.  LTD.,57104010,전자 장비 및 부품,461574117500,"3조 9,611억원",JPY
8963,Invincible Investment Corporation,60102010,복합부동산 REITs,461081115900,"3조 9,569억원",JPY
5301,Tokai Carbon Co Ltd,51101010,상품 화학,459778075760,"3조 9,457억원",JPY
4967,Kobayashi Pharmaceutical Co Ltd,54201020,개인 생활 필수 용품,457373000000,"3조 9,251억원",JPY
9008,Keio Corporation,52406020,지상 및 해상 여객 운송,457328564260,"3조 9,247억원",JPY
6960,FUKUDA DENSHI CO.  LTD.,56101010,첨단 의료 장비 및 기술,455609911000,"3조 9,100억원",JPY
9507,Shikoku Electric Power Co Inc,59101010,전력 유틸리티,453656649572,"3조 8,932억원",JPY
1893,Penta-Ocean Construction Co Ltd,52201020,건설 및 엔지니어링,452474005620,"3조 8,830억원",JPY
4631,DIC Corporation,51101030,특수 화학제,452471078520,"3조 8,830억원",JPY
4401,ADEKA CORPORATION,51101010,상품 화학,452373074424,"3조 8,822억원",JPY
7003,Mitsui E&S Co Ltd,52102050,조선,451881676611,"3조 8,780억원",JPY
2784,Alfresa Holdings Corp,56101020,"의료 장비, 물품 및 유통",450128900000,"3조 8,629억원",JPY
141A,Trial Holdings Inc,53402020,할인점,448458710000,"3조 8,486억원",JPY
9605,TOEI COMPANY  LTD.,53302030,엔터테인먼트 제작,446759497250,"3조 8,340억원",JPY
6592,MABUCHI MOTOR CO.  LTD.,52102030,전기 부품 및 장비,444929290536,"3조 8,183억원",JPY
6141,DMG MORI CO.  LTD.,52102010,산업용 기계 및 장비,443580470913,"3조 8,067억원",JPY
6923,Stanley Electric Co.  Ltd.,53101020,"자동차, 트럭 및 오토바이 부품",442764000000,"3조 7,997억원",JPY
9989,Sundrug Co Ltd,54301010,의약품 소매,433052866736,"3조 7,164억원",JPY
5214,Nippon Electric Glass Co.  Ltd.,57104010,전자 장비 및 부품,439380091368,"3조 7,707억원",JPY
5463,Maruichi Steel Tube Ltd,51201020,철 및 강철,438228000000,"3조 7,608억원",JPY
7564,Workman Co Ltd,53403040,의류 및 액세서리 소매,437061997440,"3조 7,508억원",JPY
6754,Anritsu Corp,57104010,전자 장비 및 부품,436552218522,"3조 7,464억원",JPY
7164,Zenkoku Hosho Co Ltd,55101030,소비자 대출,434718738480,"3조 7,307억원",JPY
9006,Keikyu Corp,52406020,지상 및 해상 여객 운송,432254657423,"3조 7,095억원",JPY
9065,SANKYU INC.,52405010,"배달, 우편, 항공 화물 및 육상 물류",430144121119,"3조 6,914억원",JPY
9449,GMO internet group  Inc.,57201030,온라인 서비스,426068661249,"3조 6,564억원",JPY
6753,Sharp Corp,57106030,가정용 전자 제품,421989017134,"3조 6,214억원",JPY
3116,Toyota Boshoku Corp,53101020,"자동차, 트럭 및 오토바이 부품",419714423037,"3조 6,019억원",JPY
9504,The Chugoku Electric Power Company  Incorporated,59101010,전력 유틸리티,419482108782,"3조 5,999억원",JPY
5741,UACJ Corporation,51201030,알루미늄,417139049772,"3조 5,798억원",JPY
3941,Rengo Co Ltd,51302020,종이 포장재,416884172602,"3조 5,776억원",JPY
9069,Senko Group Holdings Co Ltd,52405010,"배달, 우편, 항공 화물 및 육상 물류",415951891948,"3조 5,696억원",JPY
8388,Awa Bank Ltd,55101010,은행,415200000000,"3조 5,632억원",JPY
3105,Nisshinbo Holdings Inc,54401010,소비재 대기업,412477349185,"3조 5,398억원",JPY
8424,Fuyo General Lease Co.  Ltd.,55101050,기업 금융 서비스,411338747610,"3조 5,300억원",JPY
9436,Okinawa Cellular Telephone Co,57401020,무선 통신 서비스,410749702800,"3조 5,250억원",JPY
8381,San-in Godo Bank Ltd,55101010,은행,408141427200,"3조 5,026억원",JPY
7966,LINTEC Corporation,51101030,특수 화학제,406661831400,"3조 4,899억원",JPY
8078,Hanwa Co Ltd,51201020,철 및 강철,404700038400,"3조 4,731억원",JPY
5805,SWCC Corp,52102030,전기 부품 및 장비,404448416320,"3조 4,709억원",JPY
2222,Kotobuki Spirits Co Ltd,54102020,식품 가공,404244869994,"3조 4,691억원",JPY
8410,Seven Bank Ltd,55101010,은행,404030920800,"3조 4,673억원",JPY
8279,Yaoko Co Ltd,54301020,식품 소매 및 유통,404028513472,"3조 4,673억원",JPY
1980,Dai-Dan Co Ltd,52201020,건설 및 엔지니어링,403470253956,"3조 4,625억원",JPY
3269,Advance Residence Investment Corporation,60102030,주거용 REITs,397896129000,"3조 4,147억원",JPY
417A,Blue Zones Holdings Co Ltd,54301020,식품 소매 및 유통,396423649863,"3조 4,020억원",JPY
1961,Sanki Engineering Co.  Ltd.,52201020,건설 및 엔지니어링,396059657508,"3조 3,989억원",JPY
6005,MIURA CO.  LTD.,52102010,산업용 기계 및 장비,395168167248,"3조 3,913억원",JPY
7419,Nojima Corporation,53403050,컴퓨터 및 전자 제품 소매,395135201664,"3조 3,910억원",JPY
3397,TORIDOLL Holdings Corporation,53301020,레스토랑 및 바,395036718752,"3조 3,901억원",JPY
7984,Kokuyo Co Ltd,52203060,비즈니스 지원 용품,393697883866,"3조 3,786억원",JPY
2264,Morinaga Milk Industry Co.  Ltd.,54102020,식품 가공,393669262448,"3조 3,784억원",JPY
8020,KANEMATSU CORPORATION,52202010,다각적 산업용 제품 도매,391827436674,"3조 3,626억원",JPY
2607,Fuji Oil Co Ltd (Osaka),54102020,식품 가공,389946462499,"3조 3,464억원",JPY
4681,Resorttrust  Inc.,53301010,"호텔, 모텔 및 크루즈 라인",388070377224,"3조 3,303억원",JPY
4114,Nippon Shokubai Co Ltd,51101010,상품 화학,386625000000,"3조 3,179억원",JPY
8425,Mizuho Leasing Company  Ltd,55101050,기업 금융 서비스,386122165800,"3조 3,136억원",JPY
3923,RAKUS Co.  Ltd.,57201020,소프트웨어,383451062000,"3조 2,907억원",JPY
9336,Daiei Kankyo Co Ltd,52203010,환경 서비스 및 장비,382589807000,"3조 2,833억원",JPY
3549,Kusuri No Aoki Holdings Co Ltd,54301010,의약품 소매,382467920000,"3조 2,823억원",JPY
4118,Kaneka Corp,51101090,다각적 화학 산업,381843000000,"3조 2,769억원",JPY
8955,Japan Prime Realty Investment Corporation,60102020,상업용 REITs,380536064000,"3조 2,657억원",JPY
9987,Suzuken Co Ltd,56201040,제약,380176830672,"3조 2,626억원",JPY
6507,Sinfonia Technology Co Ltd,52102040,중전기장비,380109196720,"3조 2,620억원",JPY
7867,Tomy Co Ltd,53205010,장난감 및 어린이 제품,378211266000,"3조 2,457억원",JPY
6135,Makino Milling Machine Co Ltd,52102010,산업용 기계 및 장비,378137444790,"3조 2,451억원",JPY
9048,Nagoya Railroad Co.  Ltd.,52406020,지상 및 해상 여객 운송,374714818260,"3조 2,157억원",JPY
429A,Tekscend Photomask Corp,57101010,반도체,374649374840,"3조 2,152억원",JPY
6951,JEOL Ltd.,57105010,사무기기,374282726400,"3조 2,120억원",JPY
2229,Calbee  Inc.,54102020,식품 가공,369192595500,"3조 1,683억원",JPY
4208,UBE Corporation,51101090,다각적 화학 산업,366602769364,"3조 1,461억원",JPY
4202,Daicel Corporation,51101010,상품 화학,366027892578,"3조 1,412억원",JPY
2810,HOUSE FOODS GROUP INC.,54102020,식품 가공,365999105184,"3조 1,409억원",JPY
8544,Keiyo Bank Ltd,55101010,은행,360951534590,3조 976억원,JPY
2782,Seria Co Ltd,53402020,할인점,359102400000,3조 817억원,JPY
6432,Takeuchi Mfg. Co.  Ltd.,52102020,중장비 및 차량,356712720000,3조 612억원,JPY
1332,Nissui Corp,54102020,식품 가공,355023662526,3조 467억원,JPY
8242,H2O Retailing Corp,54301020,식품 소매 및 유통,354695554868,3조 439억원,JPY
268A,Rigaku Holdings Corporation,57104010,전자 장비 및 부품,360613631200,3조 947억원,JPY
6526,Socionext Inc.,57101010,반도체,360018260000,3조 896억원,JPY
6728,ULVAC  Inc.,57101020,반도체 장비 및 테스트,359755432082,3조 873억원,JPY
8386,The Hyakujushi Bank  Ltd.,55101010,은행,359592800000,3조 860억원,JPY
6454,Max Co Ltd,52102010,산업용 기계 및 장비,359082779016,3조 816억원,JPY
8370,The Kiyo Bank  Ltd.,55101010,은행,357363000000,3조 668억원,JPY
8522,Bank of Nagoya Ltd,55101010,은행,356425848420,3조 588억원,JPY
7014,Namura Shipbuilding Co.  Ltd.,52102050,조선,352645629570,3조 263억원,JPY
4966,C.Uyemura & Co Ltd,51101010,상품 화학,352568520000,3조 257억원,JPY
9934,INABA DENKI SANGYO CO. LTD.,52102030,전기 부품 및 장비,352003781200,3조 208억원,JPY
8570,Aeon Financial Service Co Ltd,55101030,소비자 대출,351232468128,3조 142억원,JPY
8876,Relo Group Inc,60101020,부동산 서비스,349182968400,"2조 9,966억원",JPY
8361,Ogaki Kyoritsu Bank Ltd,55101010,은행,348419210680,"2조 9,901억원",JPY
8848,LEOPALACE21 CORPORATION,60101010,"부동산 임대, 개발 및 운영",347792305120,"2조 9,847억원",JPY
4922,KOSE Holdings Corporation,54201020,개인 생활 필수 용품,347680000258,"2조 9,837억원",JPY
1719,Hazama Ando Corp,52201020,건설 및 엔지니어링,346746102854,"2조 9,757억원",JPY
3387,Create Restaurants Holdings Inc,53301020,레스토랑 및 바,346701017534,"2조 9,753억원",JPY
6407,CKD Corp,52102010,산업용 기계 및 장비,346338189900,"2조 9,722억원",JPY
4666,PARK24 Co.  Ltd.,52407030,고속도로 및 철도,345945326303,"2조 9,688억원",JPY
2206,Ezaki Glico Co.  Ltd.,54102020,식품 가공,344944650622,"2조 9,602억원",JPY
9044,NANKAI Co.  Ltd.,52406020,지상 및 해상 여객 운송,344595675042,"2조 9,573억원",JPY
9045,Keihan Holdings Co Ltd,52406020,지상 및 해상 여객 운송,344376083272,"2조 9,554억원",JPY
4194,Visional  Inc.,52203030,고용 서비스,344302298400,"2조 9,547억원",JPY
4680,Round One Corp,53301040,여가 및 오락시설,341933996415,"2조 9,344억원",JPY
9409,TV Asahi Holdings Corp,53302020,방송,339695770000,"2조 9,152억원",JPY
3249,Industrial & Infrastructure Fund Investment Corporation,60102020,상업용 REITs,339319466200,"2조 9,120억원",JPY
6136,OSG Corp,52102010,산업용 기계 및 장비,335355214496,"2조 8,780억원",JPY
7581,Saizeriya Co Ltd,53301020,레스토랑 및 바,335065712220,"2조 8,755억원",JPY
3401,TEIJIN LIMITED,51101030,특수 화학제,334937672244,"2조 8,744억원",JPY
8174,Nippon Gas Co Ltd,59102010,천연가스 유틸리티,334110814810,"2조 8,673억원",JPY
8367,The Nanto Bank  Ltd.,55101010,은행,334054510440,"2조 8,668억원",JPY
3107,Daiwabo Holdings Co Ltd,57106010,컴퓨터 하드웨어,330646127636,"2조 8,375억원",JPY
3994,Money Forward  Inc.,57201020,소프트웨어,328696404414,"2조 8,208억원",JPY
1417,Mirait One Corp,52201020,건설 및 엔지니어링,327949256439,"2조 8,144억원",JPY
3471,Mitsui Fudosan Logistics Park Inc,60102020,상업용 REITs,327765358200,"2조 8,128억원",JPY
8066,MITANI CORPORATION,51202010,건설 자재,327600000000,"2조 8,114억원",JPY
3350,Metaplanet Inc.,57301030,블록 체인 및 암호화폐,326917771632,"2조 8,055억원",JPY
3048,BIC CAMERA INC.,53403050,컴퓨터 및 전자 제품 소매,324176081792,"2조 7,820억원",JPY
7806,MTG Co Ltd,54201020,개인 생활 필수 용품,322829190640,"2조 7,705억원",JPY
4902,KONICA MINOLTA  INC.,57105010,사무기기,322308372884,"2조 7,660억원",JPY
5857,ARE Holdings  Inc.,52203010,환경 서비스 및 장비,321792343470,"2조 7,616억원",JPY
8022,Mizuno Corp,53205020,오락용 제품,320932284225,"2조 7,542억원",JPY
9303,Sumitomo Warehouse Co Ltd,52405010,"배달, 우편, 항공 화물 및 육상 물류",319098205475,"2조 7,384억원",JPY
9418,U-Next Holdings Co Ltd,57401010,통합 통신 서비스,317460586080,"2조 7,244억원",JPY
4368,Fuso Chemical Co Ltd,51101010,상품 화학,317148741000,"2조 7,217억원",JPY
6622,DAIHEN Corporation,52102040,중전기장비,316769861520,"2조 7,185억원",JPY
8282,K'S HOLDINGS CORPORATION,53403050,컴퓨터 및 전자 제품 소매,312732000000,"2조 6,838억원",JPY
4927,POLA ORBIS HOLDINGS INC.,54201020,개인 생활 필수 용품,311052331770,"2조 6,694억원",JPY
8714,Senshu Ikeda Holdings Inc,55101010,은행,309671512464,"2조 6,575억원",JPY
3279,Activia Properties Inc.,60102020,상업용 REITs,308921340000,"2조 6,511억원",JPY
4272,Nippon Kayaku Co Ltd,51101090,다각적 화학 산업,307437250000,"2조 6,384억원",JPY
6925,Ushio Inc,52102030,전기 부품 및 장비,306445000000,"2조 6,298억원",JPY
7381,CCI Group Inc,55101010,은행,304913226420,"2조 6,167억원",JPY
3309,Sekisui House Reit  Inc.,60102010,복합부동산 REITs,303860282000,"2조 6,077억원",JPY
8628,MATSUI SECURITIES CO.  LTD.,55102010,투자 은행 및 중개 서비스,303858230744,"2조 6,077억원",JPY
8111,Goldwin Inc,53202020,의류 및 액세서리,302695613274,"2조 5,977억원",JPY
6103,Okuma Corp,52102010,산업용 기계 및 장비,302108628300,"2조 5,926억원",JPY
4043,Tokuyama Corporation,51101010,상품 화학,301401295187,"2조 5,866억원",JPY
1941,Chudenko Corp,52201020,건설 및 엔지니어링,299411302550,"2조 5,695억원",JPY
4540,TSUMURA & CO.,56201040,제약,295366176976,"2조 5,348억원",JPY
4061,Denka Co Ltd,51101010,상품 화학,293031274560,"2조 5,147억원",JPY
9616,Kyoritsu Maintenance Co.  Ltd.,53301010,"호텔, 모텔 및 크루즈 라인",292527366320,"2조 5,104억원",JPY
8609,OKASAN SECURITIES GROUP INC.,55102010,투자 은행 및 중개 서비스,291564729053,"2조 5,022억원",JPY
8129,TOHO HOLDINGS CO.  LTD.,56201040,제약,290570223218,"2조 4,936억원",JPY
6371,Tsubakimoto Chain Co,52102010,산업용 기계 및 장비,288687692322,"2조 4,775억원",JPY
3226,Mitsui Fudosan Accommodations Fund Inc,60102030,주거용 REITs,288237720000,"2조 4,736억원",JPY
7278,Exedy Corp,53101020,"자동차, 트럭 및 오토바이 부품",288160854480,"2조 4,729억원",JPY
8336,Musashino Bank Ltd,55101010,은행,288122058000,"2조 4,726억원",JPY
4206,Aica Kogyo Co Ltd,51101030,특수 화학제,286922368680,"2조 4,623억원",JPY
6995,Tokai Rika Co.  Ltd.,53101020,"자동차, 트럭 및 오토바이 부품",285995518055,"2조 4,544억원",JPY
2296,ITOHAM YONEKYU HOLDINGS INC.,54102020,식품 가공,285918279725,"2조 4,537억원",JPY
8976,Daiwa Office Investment Corp,60102020,상업용 REITs,283227735000,"2조 4,306억원",JPY
2730,EDION Corporation,53403050,컴퓨터 및 전자 제품 소매,281806180176,"2조 4,184억원",JPY
485A,PowerX Inc,52102030,전기 부품 및 장비,279135051000,"2조 3,955억원",JPY
4686,Justsystems Corp,57201020,소프트웨어,279056756000,"2조 3,948억원",JPY
1515,Nittetsu Mining Co Ltd,51201050,특수 채굴 및 금속,278800000000,"2조 3,926억원",JPY
7716,Nakanishi Inc,56101020,"의료 장비, 물품 및 유통",278037873000,"2조 3,861억원",JPY
8919,KATITAS Co.  Ltd.,60101010,"부동산 임대, 개발 및 운영",278030012400,"2조 3,860억원",JPY
7826,Furuya Metal Co Ltd,51201010,금 제외 귀금속 및 광물,275985343320,"2조 3,685억원",JPY
4373,Simplex Holdings Inc,57201010,IT 서비스 및 컨설팅,275811274200,"2조 3,670억원",JPY
1414,Sho-Bond Holdings Co Ltd,52201020,건설 및 엔지니어링,275696726480,"2조 3,660억원",JPY
6436,Amano Corp,57105010,사무기기,275251825359,"2조 3,622억원",JPY
2726,PAL Group Holdings Co Ltd,53403040,의류 및 액세서리 소매,275040768000,"2조 3,603억원",JPY
8133,Itochu Enex Co Ltd,50102030,"오일, 가스 정제 및 마케팅",273969312464,"2조 3,511억원",JPY
6544,Japan Elevator Service Holdings Co Ltd,52203040,경영 지원 서비스,273628912000,"2조 3,482억원",JPY
4443,Sansan Inc,57201010,IT 서비스 및 컨설팅,271678333752,"2조 3,315억원",JPY
9744,MEITEC Group Holdings Inc,52203030,고용 서비스,270504000000,"2조 3,214억원",JPY
5384,FUJIMI INCORPORATED,51101030,특수 화학제,270332437500,"2조 3,199억원",JPY
2593,Ito En Ltd,54101030,무알콜 음료,269697182700,"2조 3,145억원",JPY
4046,OSAKA SODA CO.  LTD.,51101010,상품 화학,268924091020,"2조 3,079억원",JPY
8154,Kaga Electronics Co Ltd,57104010,전자 장비 및 부품,268207731960,"2조 3,017억원",JPY
8086,NIPRO CORPORATION,56101020,"의료 장비, 물품 및 유통",266568571815,"2조 2,876억원",JPY
6849,NIHON KOHDEN CORPORATION,56101010,첨단 의료 장비 및 기술,266471649540,"2조 2,868억원",JPY
9302,Mitsui Soko Holdings Co Ltd,52405010,"배달, 우편, 항공 화물 및 육상 물류",265871680354,"2조 2,817억원",JPY
6278,Union Tool Co,52102010,산업용 기계 및 장비,264854200000,"2조 2,729억원",JPY
6590,Shibaura Mechatronics Corp,57101020,반도체 장비 및 테스트,264767505000,"2조 2,722억원",JPY
2432,DeNA Co.  Ltd.,57201020,소프트웨어,262277743448,"2조 2,508억원",JPY
2121,MIXI  Inc.,57201030,온라인 서비스,261102538500,"2조 2,407억원",JPY
581A,Go Inc (Tokyo),57201020,소프트웨어,259056204000,"2조 2,232억원",JPY
9003,Sotetsu Holdings  Inc.,52406020,지상 및 해상 여객 운송,258613389865,"2조 2,194억원",JPY
8346,The Toho Bank  Ltd.,55101010,은행,258560000000,"2조 2,189억원",JPY
8850,Starts Corp Inc,60101020,부동산 서비스,257031455800,"2조 2,058억원",JPY
8961,Mori Trust Reit Inc,60102010,복합부동산 REITs,254184000000,"2조 1,814억원",JPY
5202,Nippon Sheet Glass Company  Limited,53203020,건설 자재 및 비품,252588311488,"2조 1,677억원",JPY
2001,Nippn Corp,54102020,식품 가공,252402218577,"2조 1,661억원",JPY
9110,NS United Kaiun Kaisha Ltd,52405020,해양 화물 및 물류,251931836290,"2조 1,620억원",JPY
2737,Tomen Devices Corp,57101010,반도체,250653700000,"2조 1,511억원",JPY
9759,NSD Co Ltd,57201010,IT 서비스 및 컨설팅,250432000000,"2조 1,492억원",JPY
8967,Japan Logistics Fund Inc,60102020,상업용 REITs,249599492100,"2조 1,420억원",JPY
9075,FUKUYAMA TRANSPORTING CO.  LTD.,52405030,지상 화물 및 물류,248490993420,"2조 1,325억원",JPY
6744,Nohmi Bosai Ltd,52203060,비즈니스 지원 용품,248197705680,"2조 1,300억원",JPY
9031,Nishi-Nippon Railroad Co Ltd,52406020,지상 및 해상 여객 운송,246730818274,"2조 1,174억원",JPY
1950,Nippon Densetsu Kogyo Co Ltd,52201020,건설 및 엔지니어링,245591028375,"2조 1,076억원",JPY
2811,Kagome Co Ltd,54102020,식품 가공,245329616048,"2조 1,054억원",JPY
6457,Glory Ltd,52102010,산업용 기계 및 장비,245176745660,"2조 1,041억원",JPY
8098,Inabata & Co Ltd,51101010,상품 화학,244399277850,2조 974억원,JPY
1979,Taikisha Ltd,52201020,건설 및 엔지니어링,244019149210,2조 941억원,JPY
8194,LIFE CORPORATION,54301020,식품 소매 및 유통,243720808800,2조 916억원,JPY
9509,Hokkaido Electric Power Co Inc,59101010,전력 유틸리티,242203401000,2조 785억원,JPY
6703,Oki Electric Industry Co Ltd,57105010,사무기기,240633363918,2조 651억원,JPY
6834,Seikoh Giken Co Ltd,52102010,산업용 기계 및 장비,273009379500,"2조 3,429억원",JPY
6777,santec Holdings Corporation,57104010,전자 장비 및 부품,251781155000,"2조 1,607억원",JPY
7956,PIGEON CORPORATION,54201020,개인 생활 필수 용품,246591616122,"2조 1,162억원",JPY
8392,Oita Bank Ltd,55101010,은행,245997712950,"2조 1,111억원",JPY
6101,Tsugami Corp,52102010,산업용 기계 및 장비,245760000000,"2조 1,091억원",JPY
6814,Furuno Electric Co Ltd,57102010,통신 및 네트워킹,243674392560,2조 912억원,JPY
4634,artience Co Ltd,51101030,특수 화학제,243525701600,2조 899억원,JPY
4516,Nippon Shinyaku Co.  Ltd.,56201040,제약,242508122768,2조 812억원,JPY
8360,Yamanashi Chuo Bank Ltd,55101010,은행,242266370000,2조 791억원,JPY
9505,Hokuriku Electric Power Company,59101010,전력 유틸리티,241568247559,2조 731억원,JPY
9869,Kato Sangyo Co Ltd,54301020,식품 소매 및 유통,240450000000,2조 635억원,JPY
7947,Fp Corp,51302010,용기(종이 제외) 및 포장재,240174324160,2조 611억원,JPY
2270,Megmilk Snow Brand Co Ltd,54102020,식품 가공,239382956250,2조 543억원,JPY
8393,The Miyazaki Bank  Ltd.,55101010,은행,238325594000,2조 453억원,JPY
1820,Nishimatsu Construction Co Ltd,52201020,건설 및 엔지니어링,237584688870,2조 389억원,JPY
7846,PILOT CORPORATION,52203060,비즈니스 지원 용품,237335994000,2조 368억원,JPY
9861,Yoshinoya Holdings Co Ltd,53301020,레스토랑 및 바,237006461562,2조 339억원,JPY
6490,PILLAR Corp,52102010,산업용 기계 및 장비,236400312640,2조 287억원,JPY
6376,Nikkiso Co Ltd,52102010,산업용 기계 및 장비,236234892560,2조 273억원,JPY
4095,Nihon Parkerizing Co Ltd,51101010,상품 화학,236036052720,2조 256억원,JPY
3697,SHIFT Inc,57201010,IT 서비스 및 컨설팅,235694840337,2조 227억원,JPY
3186,Nextage Co Ltd,53403010,"자동차 차량, 부품 및 서비스 소매",235352935900,2조 198억원,JPY
7994,Okamura Corp,52203060,비즈니스 지원 용품,234950084035,2조 163억원,JPY
3282,Comforia Residential Reit Inc,60102030,주거용 REITs,234944799500,2조 162억원,JPY
3292,Aeon Reit Investment Corp,60102020,상업용 REITs,234436443500,2조 119억원,JPY
3050,DCM Holdings Co Ltd,53403020,주택 개조 제품 및 서비스 소매,234400000000,2조 116억원,JPY
2175,SMS CO.  LTD.,52203030,고용 서비스,234052156800,2조 86억원,JPY
8616,Tokai Tokyo Financial Holdings  Inc.,55102010,투자 은행 및 중개 서비스,234002739270,2조 82억원,JPY
4483,JMDC Inc.,52203040,경영 지원 서비스,233642962560,2조 51억원,JPY
6736,Sun Corp,57104010,전자 장비 및 부품,232634884320,"1조 9,964억원",JPY
3360,Ship Healthcare Holdings Inc,56101020,"의료 장비, 물품 및 유통",231959804439,"1조 9,906억원",JPY
4722,Future Corp,57201010,IT 서비스 및 컨설팅,231170400000,"1조 9,839억원",JPY
4478,freee K.K.,57201020,소프트웨어,231055118730,"1조 9,829억원",JPY
6055,JAPAN MATERIAL Co. Ltd.,57101020,반도체 장비 및 테스트,230803196400,"1조 9,807억원",JPY
3466,LaSalle Logiport REIT,60102020,상업용 REITs,230450656800,"1조 9,777억원",JPY
6472,NTN CORPORATION,52102010,산업용 기계 및 장비,229930704942,"1조 9,732억원",JPY
1861,Kumagai Gumi Co Ltd,52201020,건설 및 엔지니어링,229759752480,"1조 9,718억원",JPY
7740,Tamron Co Ltd,57106030,가정용 전자 제품,229384400000,"1조 9,685억원",JPY
6013,Takuma Co Ltd,52203010,환경 서비스 및 장비,229337973000,"1조 9,681억원",JPY
8600,Tomony Holdings Inc,55101010,은행,228949552013,"1조 9,648억원",JPY
3234,MORI HILLS REIT INVESTMENT CORPORATION,60102020,상업용 REITs,227975465500,"1조 9,564억원",JPY
7313,TS Tech Co Ltd,53101020,"자동차, 트럭 및 오토바이 부품",227478000000,"1조 9,522억원",JPY
4665,Duskin Co Ltd,52203040,경영 지원 서비스,227136000000,"1조 9,492억원",JPY
6740,Japan Display Inc.,57104010,전자 장비 및 부품,224117572686,"1조 9,233억원",JPY
5451,Yodoko Ltd,51201020,철 및 강철,223938134250,"1조 9,218억원",JPY
1833,Okumura Corp,52201020,건설 및 엔지니어링,223098354020,"1조 9,146억원",JPY
7184,First Bank of Toyama Ltd,55101010,은행,222705000000,"1조 9,112억원",JPY
2127,Nihon M&A Center Holdings Inc,52203040,경영 지원 서비스,221265083160,"1조 8,989억원",JPY
6412,Heiwa Corp,53301040,여가 및 오락시설,220578022600,"1조 8,930억원",JPY
3148,Create SD Holdings Co Ltd,54301010,의약품 소매,220503828600,"1조 8,923억원",JPY
7322,San Ju San Financial Group Inc,55101010,은행,218446999580,"1조 8,747억원",JPY
8986,Daiwa Securities Living Investment Corp,60102030,주거용 REITs,218322843000,"1조 8,736억원",JPY
7906,Yonex Co Ltd,53205020,오락용 제품,218153509200,"1조 8,721억원",JPY
1946,Toenec Corp,52201020,건설 및 엔지니어링,217655687400,"1조 8,679억원",JPY
2659,San-A Co Ltd,54301020,식품 소매 및 유통,216835614120,"1조 8,608억원",JPY
9948,Arcs Co Ltd,54301020,식품 소매 및 유통,215610506320,"1조 8,503억원",JPY
8566,RICOH LEASING COMPANY LTD.,55101050,기업 금융 서비스,215265806470,"1조 8,474억원",JPY
7744,Noritsu Koki Co Ltd,53205020,오락용 제품,214052616488,"1조 8,370억원",JPY
4041,Nippon Soda Co Ltd,51101090,다각적 화학 산업,213989846580,"1조 8,364억원",JPY
2201,Morinaga & Co Ltd,54102020,식품 가공,213599918059,"1조 8,331억원",JPY
2805,S&B Foods Inc,54102020,식품 가공,216048631240,"1조 8,541억원",JPY
3569,Seiren Co Ltd,53101020,"자동차, 트럭 및 오토바이 부품",214583704720,"1조 8,415억원",JPY
7296,F.C.C. Co Ltd,53101020,"자동차, 트럭 및 오토바이 부품",214437426000,"1조 8,403억원",JPY
2160,GNI Group Ltd.,56202010,생명 공학 및 의학 연구,213941741000,"1조 8,360억원",JPY
547A,Muninova Holdings Inc,55101030,소비자 대출,212748238826,"1조 8,258억원",JPY
278A,Terra Drone Corporation,52101010,항공우주 및 방위,212516892000,"1조 8,238억원",JPY
7616,Colowide Co Ltd,53301020,레스토랑 및 바,212481267836,"1조 8,235억원",JPY
8273,Izumi Co Ltd,53402010,백화점,212415652800,"1조 8,229억원",JPY
3295,Hulic Reit Inc,60102010,복합부동산 REITs,211968000000,"1조 8,191억원",JPY
8218,Komeri Co Ltd,53403020,주택 개조 제품 및 서비스 소매,210931938560,"1조 8,102억원",JPY
290A,Synspective Inc.,52101010,항공우주 및 방위,209640813600,"1조 7,991억원",JPY
3097,The Monogatari Corporation,53301020,레스토랑 및 바,208951888730,"1조 7,932억원",JPY
2384,SBS Holdings  Inc.,52405030,지상 화물 및 물류,208917732000,"1조 7,929억원",JPY
5482,Aichi Steel Corp,51201020,철 및 강철,208402248600,"1조 7,885억원",JPY
4544,H.u. Group Holdings  Inc,56102010,의료 시설 및 서비스,208302290906,"1조 7,876억원",JPY
8511,JAPAN SECURITIES FINANCE CO.  LTD.,55101050,기업 금융 서비스,208081000000,"1조 7,857억원",JPY
6516,Sanyo Denki Co Ltd,52102030,전기 부품 및 장비,207425270130,"1조 7,801억원",JPY
3591,WACOAL HOLDINGS CORP.,53202020,의류 및 액세서리,207270000000,"1조 7,787억원",JPY
5331,Noritake Co Ltd,52102010,산업용 기계 및 장비,205998640340,"1조 7,678억원",JPY
9746,TKC Corp,52203040,경영 지원 서비스,205713522560,"1조 7,654억원",JPY
8345,Bank of Iwate Ltd,55101010,은행,205547398032,"1조 7,640억원",JPY
7864,Fuji Seal International Inc,51302010,용기(종이 제외) 및 포장재,203648221060,"1조 7,477억원",JPY
8964,Mitsui Fudosan Retail Fund Investment Corporation,60102020,상업용 REITs,202875000000,"1조 7,410억원",JPY
92015,Japan Airlines P-1 Prf Shs,52406010,항공사,202600000000,"1조 7,387억원",JPY
9956,Valor Holdings Co.  Ltd.,54301020,식품 소매 및 유통,201022283615,"1조 7,251억원",JPY
5186,Nitta Corp,52102010,산업용 기계 및 장비,200809370580,"1조 7,233억원",JPY
2602,Nisshin OilliO Group Ltd,54102020,식품 가공,200772386997,"1조 7,230억원",JPY
1377,Sakata Seed Corp,54102010,어업 및 농업,200261407500,"1조 7,186억원",JPY
9678,Kanamoto Co Ltd,52203040,경영 지원 서비스,200245213450,"1조 7,185억원",JPY
7004,Kanadevia Corporation,52102010,산업용 기계 및 장비,200172655368,"1조 7,178억원",JPY
4107,Ise Chemicals Corp,51101010,상품 화학,199243238000,"1조 7,099억원",JPY
7976,Mitsubishi Pencil Co Ltd,52203060,비즈니스 지원 용품,198440766560,"1조 7,030억원",JPY
7456,Matsuda Sangyo Co Ltd,52203010,환경 서비스 및 장비,197508984540,"1조 6,950억원",JPY
4099,Shikoku Kasei Holdings Corp,51101010,상품 화학,197426077200,"1조 6,943억원",JPY
6875,MegaChips Corporation,57101010,반도체,196732349000,"1조 6,883억원",JPY
1333,Umios Corp,54102010,어업 및 농업,196119440468,"1조 6,831억원",JPY
7552,Happinet Corp,53205010,장난감 및 어린이 제품,196007500000,"1조 6,821억원",JPY
7981,Takara Standard Co Ltd,53203020,건설 자재 및 비품,195787016460,"1조 6,802억원",JPY
7458,Daiichikosho Co Ltd,53302030,엔터테인먼트 제작,195668528800,"1조 6,792억원",JPY
9627,AIN Holdings Inc,54301010,의약품 소매,195528302028,"1조 6,780억원",JPY
5423,Tokyo Steel Manufacturing Co Ltd,51201020,철 및 강철,195474106224,"1조 6,775억원",JPY
6250,Yamabiko Corp,52102020,중장비 및 차량,195179793900,"1조 6,750억원",JPY
4045,Toagosei Co Ltd,51101010,상품 화학,195156000000,"1조 6,748억원",JPY
4617,Chugoku Marine Paints Ltd,51101010,상품 화학,194425000000,"1조 6,685억원",JPY
7242,KYB Corporation,53101020,"자동차, 트럭 및 오토바이 부품",192844290500,"1조 6,550억원",JPY
1885,Toa Corp (Tokyo),52201020,건설 및 엔지니어링,192584971524,"1조 6,527억원",JPY
3106,KURABO INDUSTRIES LTD.,53202010,직물 및 가죽제품,192440000000,"1조 6,515억원",JPY
8051,Yamazen Corp,52102010,산업용 기계 및 장비,192421673265,"1조 6,513억원",JPY
92025,Ana Holdings P-1 Prf Shs,52406010,항공사,191400000000,"1조 6,426억원",JPY
9936,Ohsho Food Service Corp,53301020,레스토랑 및 바,191333135500,"1조 6,420억원",JPY
7476,As One Corp,56101020,"의료 장비, 물품 및 유통",191281977000,"1조 6,415억원",JPY
3167,Tokai Holdings Corp,50102030,"오일, 가스 정제 및 마케팅",191191815299,"1조 6,408억원",JPY
4553,TOWA PHARMACEUTICAL CO.  LTD.,56201040,제약,191124360000,"1조 6,402억원",JPY
9119,Iino Kaiun Kaisha Ltd,52405020,해양 화물 및 물류,190901700000,"1조 6,383억원",JPY
2492,Infomart Corp,57201010,IT 서비스 및 컨설팅,190733107032,"1조 6,368억원",JPY
8130,Sangetsu Corp,53204040,가정용 가구,190328000000,"1조 6,334억원",JPY
5032,ANYCOLOR Inc.,53302030,엔터테인먼트 제작,190108170190,"1조 6,315억원",JPY
4887,SAWAI GROUP HOLDINGS Co.  Ltd.,56201040,제약,189609232714,"1조 6,272억원",JPY
94346,Softbank P-2 Prf Shs,57401020,무선 통신 서비스,189400000000,"1조 6,254억원",JPY
2317,Systena Corp,57201010,IT 서비스 및 컨설팅,187387200000,"1조 6,081억원",JPY
4588,Oncolys Biopharma Inc,56201040,제약,199482789000,"1조 7,119억원",JPY
8362,Fukui Bank Ltd,55101010,은행,195088925520,"1조 6,742억원",JPY
7685,BuySell Technologies Co Ltd,53403090,기타 전문 소매,190014580000,"1조 6,307억원",JPY
8387,Shikoku Bank Ltd,55101010,은행,188256000000,"1조 6,156억원",JPY
7970,Shin-Etsu Polymer Co Ltd,51101010,상품 화학,187968180400,"1조 6,131억원",JPY
5703,Nippon Light Metal Holdings Co Ltd,51201030,알루미늄,187221125000,"1조 6,067억원",JPY
6750,ELECOM CO.  LTD.,57106010,컴퓨터 하드웨어,187117261180,"1조 6,058억원",JPY
4547,Kissei Pharmaceutical Co Ltd,56201040,제약,186400649925,"1조 5,997억원",JPY
8956,NTT UD REIT Investment Corporation,60102010,복합부동산 REITs,185144433500,"1조 5,889억원",JPY
5232,Sumitomo Osaka Cement Co Ltd,51202010,건설 자재,184808558271,"1조 5,860억원",JPY
9960,Totech Corp,52102030,전기 부품 및 장비,184431780000,"1조 5,828억원",JPY
5975,Topre Corp,53101020,"자동차, 트럭 및 오토바이 부품",184214419840,"1조 5,809억원",JPY
2154,Open Up Group Inc,52203030,고용 서비스,183916194300,"1조 5,783억원",JPY
7220,Musashi Seimitsu Industry Co Ltd,53101020,"자동차, 트럭 및 오토바이 부품",183800443122,"1조 5,773억원",JPY
7350,Okinawa Financial Group Inc,55101010,은행,183211849440,"1조 5,723억원",JPY
1934,Yurtec Corp,52201020,건설 및 엔지니어링,182803842604,"1조 5,688억원",JPY
3498,Kasumigaseki Capital Co Ltd,60101020,부동산 서비스,182627933180,"1조 5,673억원",JPY
6366,Chiyoda Corporation,52201020,건설 및 엔지니어링,182227170300,"1조 5,638억원",JPY
9682,DTS CORPORATION,57201010,IT 서비스 및 컨설팅,182153925008,"1조 5,632억원",JPY
5273,Mitani Sekisan Co Ltd,51202010,건설 자재,181408161756,"1조 5,568억원",JPY
6651,Nitto Kogyo Corp,52102030,전기 부품 및 장비,181049550000,"1조 5,537억원",JPY
6996,Nichicon Corp,52102030,전기 부품 및 장비,180740000000,"1조 5,511억원",JPY
1766,Token Corp,53203010,주택 건설,179177600000,"1조 5,377억원",JPY
8698,Monex Group  Inc.,55102010,투자 은행 및 중개 서비스,179172735200,"1조 5,376억원",JPY
8343,Akita Bank Ltd,55101010,은행,178765192840,"1조 5,341억원",JPY
9793,Daiseki Co Ltd,52203010,환경 서비스 및 장비,178320000000,"1조 5,303억원",JPY
6395,TADANO LTD.,52102020,중장비 및 차량,177933487770,"1조 5,270억원",JPY
8278,Fuji Co Ltd,54301020,식품 소매 및 유통,177622470930,"1조 5,243억원",JPY
6807,Japan Aviation Electronics Industry Ltd,57104010,전자 장비 및 부품,177373479984,"1조 5,222억원",JPY
3222,United Super Markets Holdings Inc,54301020,식품 소매 및 유통,177129085384,"1조 5,201억원",JPY
3156,Restar Corp,57101010,반도체,177127867270,"1조 5,201억원",JPY
4521,KAKEN PHARMACEUTICAL CO.  LTD.,56201040,제약,175676125400,"1조 5,076억원",JPY
6966,Mitsui High-tec Inc,57101010,반도체,175627549250,"1조 5,072억원",JPY
8957,TOKYU REIT  Inc.,60102010,복합부동산 REITs,175161796200,"1조 5,032억원",JPY
8966,HEIWA REAL ESTATE REIT  Inc.,60102010,복합부동산 REITs,174659290000,"1조 4,989억원",JPY
3433,Tocalo Co Ltd,51201020,철 및 강철,174603600000,"1조 4,984억원",JPY
2124,JAC Recruitment Co Ltd,52203030,고용 서비스,173669502800,"1조 4,904억원",JPY
7630,ICHIBANYA CO.  LTD.,53301020,레스토랑 및 바,173198550000,"1조 4,864억원",JPY
2767,Tsuburaya Fields Holdings Inc,53301030,카지노 및 도박,173190960050,"1조 4,863억원",JPY
3880,Daio Paper Corporation,51301020,종이 제품,173069236224,"1조 4,852억원",JPY
1723,Nihon Dengi Co Ltd,52201020,건설 및 엔지니어링,173065620000,"1조 4,852억원",JPY
6523,PHC Holdings Corporation,56101020,"의료 장비, 물품 및 유통",172904820046,"1조 4,838억원",JPY
6498,Kitz Corp,52102010,산업용 기계 및 장비,172766950503,"1조 4,827억원",JPY
2815,Ariake Japan Co Ltd,54102020,식품 가공,172245585750,"1조 4,782억원",JPY
8987,Japan Excellent Inc,60102020,상업용 REITs,172021917100,"1조 4,763억원",JPY
9722,FUJITA KANKO INC.,53301010,"호텔, 모텔 및 크루즈 라인",171697418560,"1조 4,735억원",JPY
8890,Raysum Co Ltd,60101010,"부동산 임대, 개발 및 운영",171289446000,"1조 4,700억원",JPY
3076,Ai Holdings Corp,57104010,전자 장비 및 부품,170337134100,"1조 4,618억원",JPY
6379,Raiznext Corp,52201020,건설 및 엔지니어링,169275165625,"1조 4,527억원",JPY
2337,Ichigo Inc,60101010,"부동산 임대, 개발 및 운영",169143088352,"1조 4,516억원",JPY
8803,Heiwa Real Estate Co Ltd,60101010,"부동산 임대, 개발 및 운영",169027580960,"1조 4,506억원",JPY
9025,Konoike Transport Co Ltd,52405030,지상 화물 및 물류,168863990530,"1조 4,492억원",JPY
1926,Raito Kogyo Co Ltd,52201020,건설 및 엔지니어링,168659016250,"1조 4,474억원",JPY
8337,Chiba Kogyo Bank Ltd,55101010,은행,168061743545,"1조 4,423억원",JPY
8037,Kamei Corp,50102030,"오일, 가스 정제 및 마케팅",167599202520,"1조 4,383억원",JPY
4023,Kureha Corp,51101010,상품 화학,167407639360,"1조 4,367억원",JPY
6588,Toshiba Tec Corp,57105010,사무기기,167124506000,"1조 4,342억원",JPY
3481,Mitsubishi Estate Logistics REIT Investment Corp,60102020,상업용 REITs,167063737500,"1조 4,337억원",JPY
1968,Taihei Dengyo Kaisha Ltd,52201020,건설 및 엔지니어링,166771214520,"1조 4,312억원",JPY
8584,JACCS CO.  LTD.,55101030,소비자 대출,165595470600,"1조 4,211억원",JPY
8344,Yamagata Bank Ltd,55101010,은행,173322698700,"1조 4,874억원",JPY
6330,Toyo Engineering Corp(Chiba),52201020,건설 및 엔지니어링,171074170756,"1조 4,681억원",JPY
319A,Next Generation Technology Group Inc,55102020,투자 관리 및 펀드 운영,170727375400,"1조 4,651억원",JPY
8923,TOSEI CORPORATION,60101010,"부동산 임대, 개발 및 운영",168141375200,"1조 4,430억원",JPY
7734,Riken Keiki Co Ltd,52102010,산업용 기계 및 장비,166100220000,"1조 4,254억원",JPY
167A,Ryoyo Ryosan Holdings Inc,57101010,반도체,165000000000,"1조 4,160억원",JPY
6941,Yamaichi Electronics Co Ltd,57104010,전자 장비 및 부품,164648795500,"1조 4,130억원",JPY
4784,GMO Internet Inc,53302010,광고 및 마케팅,164537205120,"1조 4,120억원",JPY
7287,Nippon Seiki Co Ltd,53101020,"자동차, 트럭 및 오토바이 부품",164479764087,"1조 4,115억원",JPY
4928,Noevir Holdings Co Ltd,54201020,개인 생활 필수 용품,164293356630,"1조 4,099억원",JPY
186A,Astroscale Holdings Inc.,52101010,항공우주 및 방위,163865167100,"1조 4,063억원",JPY
7105,Mitsubishi Logisnext Co Ltd,52102020,중장비 및 차량,163625954877,"1조 4,042억원",JPY
4776,Cybozu Inc,57201020,소프트웨어,162757813000,"1조 3,968억원",JPY
6632,JVCKENWOOD Corp,53101020,"자동차, 트럭 및 오토바이 부품",161387079719,"1조 3,850억원",JPY
6315,TOWA CORPORATION,57101020,반도체 장비 및 테스트,161385590797,"1조 3,850억원",JPY
3778,SAKURA internet Inc.,57201030,온라인 서비스,160860288000,"1조 3,805억원",JPY
9830,Trusco Nakayama Corp,52102010,산업용 기계 및 장비,159939186712,"1조 3,726억원",JPY
7516,Kohnan Shoji Co Ltd,53403020,주택 개조 제품 및 서비스 소매,159537719800,"1조 3,691억원",JPY
446A,Northsand Inc,57201010,IT 서비스 및 컨설팅,159321000000,"1조 3,673억원",JPY
9715,transcosmos Inc,52203040,경영 지원 서비스,159223111080,"1조 3,664억원",JPY
1952,Shin Nippon Air Technologies Co Ltd,52201020,건설 및 엔지니어링,157348818000,"1조 3,503억원",JPY
4628,SK Kaken Co Ltd,51101010,상품 화학,156738850000,"1조 3,451억원",JPY
6745,HOCHIKI CORPORATION,52203060,비즈니스 지원 용품,156578400000,"1조 3,437억원",JPY
8097,San-Ai Obbli Co Ltd,50102030,"오일, 가스 정제 및 마케팅",156114000000,"1조 3,397억원",JPY
4180,Appier Group Inc,57201010,IT 서비스 및 컨설팅,155788130404,"1조 3,369억원",JPY
7384,Procrea Holdings Inc,55101010,은행,155618136510,"1조 3,355억원",JPY
7730,MANI  Inc.,56101020,"의료 장비, 물품 및 유통",154619735265,"1조 3,269억원",JPY
3445,RS Technologies Co.  Ltd.,57101010,반도체,154266080000,"1조 3,239억원",JPY
9068,Maruzen Showa Unyu Co Ltd,52405010,"배달, 우편, 항공 화물 및 육상 물류",154224465120,"1조 3,235억원",JPY
456A,HUMAN MADE Inc,53202020,의류 및 액세서리,154182753604,"1조 3,232억원",JPY
3863,Nippon Paper Industries Co.  Ltd.,51301020,종이 제품,154153986792,"1조 3,229억원",JPY
6420,GALILEI HOLDINGS CO. LTD.,52102030,전기 부품 및 장비,154021796800,"1조 3,218억원",JPY
6340,Shibuya Corp,52102010,산업용 기계 및 장비,153698328420,"1조 3,190억원",JPY
8032,Japan Pulp and Paper Co.  Ltd,51301020,종이 제품,153154559740,"1조 3,143억원",JPY
2685,And ST HD Co Ltd,53403040,의류 및 액세서리 소매,152744000000,"1조 3,108억원",JPY
5310,Toyo Tanso Co Ltd,52102030,전기 부품 및 장비,152196263000,"1조 3,061억원",JPY
4975,JCU Corp,51101030,특수 화학제,152070484200,"1조 3,050억원",JPY
9601,Shochiku Co.  Ltd.,53302030,엔터테인먼트 제작,151922641300,"1조 3,038억원",JPY
1965,Techno Ryowa Ltd,52201020,건설 및 엔지니어링,151359946520,"1조 2,989억원",JPY
9716,Nomura Co Ltd,52203040,경영 지원 서비스,150470217940,"1조 2,913억원",JPY
8968,Fukuoka REIT Corp,60102020,상업용 REITs,150218978000,"1조 2,891억원",JPY
6486,EAGLE INDUSTRY CO. LTD.,52102010,산업용 기계 및 장비,150019830315,"1조 2,874억원",JPY
1518,Mitsui Matsushima Holdings Co Ltd,54401010,소비재 대기업,149979312000,"1조 2,871억원",JPY
9882,Yellow Hat Ltd,53101020,"자동차, 트럭 및 오토바이 부품",149935286256,"1조 2,867억원",JPY
3865,Hokuetsu Corp,51301020,종이 제품,149682758652,"1조 2,845억원",JPY
4694,BML Inc,56102010,의료 시설 및 서비스,149550393420,"1조 2,834억원",JPY
3738,T-Gaia Corp,53403050,컴퓨터 및 전자 제품 소매,149100766000,"1조 2,796억원",JPY
8214,Aoki Holdings Inc,53403040,의류 및 액세서리 소매,148950497376,"1조 2,783억원",JPY
3087,Doutor Nichires Holdings Co Ltd,53301020,레스토랑 및 바,148915869665,"1조 2,780억원",JPY
4958,T.Hasegawa Co Ltd,51101030,특수 화학제,148624375920,"1조 2,755억원",JPY
1762,Takamatsu Construction Group Co Ltd,52201020,건설 및 엔지니어링,148327142280,"1조 2,729억원",JPY
6804,Hosiden Corp,57104010,전자 장비 및 부품,147953034936,"1조 2,697억원",JPY
3296,NIPPON REIT Investment Corporation,60102010,복합부동산 REITs,147707631000,"1조 2,676억원",JPY
3201,Japan Wool Textile Co Ltd,53202010,직물 및 가죽제품,147294975414,"1조 2,641억원",JPY
8585,Orient Corporation,55101030,소비자 대출,146964257100,"1조 2,612억원",JPY
3101,Toyobo Co Ltd,51101010,상품 화학,146752409216,"1조 2,594억원",JPY
3468,Star Asia Investment Corporation,60102010,복합부동산 REITs,146441500000,"1조 2,567억원",JPY
9974,Belc CO.  LTD.,54301020,식품 소매 및 유통,146074600000,"1조 2,536억원",JPY
9010,FUJI KYUKO CO.  LTD.,53301040,여가 및 오락시설,144895708320,"1조 2,435억원",JPY
8131,Mitsuuroko Group Holdings Co Ltd,50102030,"오일, 가스 정제 및 마케팅",141055343256,"1조 2,105억원",JPY
2146,UT Group Co Ltd,52203030,고용 서비스,144993973545,"1조 2,443억원",JPY
7148,Financial Partners Group Co. Ltd.,55102020,투자 관리 및 펀드 운영,144728817200,"1조 2,420억원",JPY
7177,GMO Financial Holdings Inc,55102010,투자 은행 및 중개 서비스,144434721249,"1조 2,395억원",JPY
3191,Joyful Honda Co.  Ltd.,53403020,주택 개조 제품 및 서비스 소매,144217007732,"1조 2,376억원",JPY
9824,Senshu Electric Co Ltd,52102030,전기 부품 및 장비,144180000000,"1조 2,373억원",JPY
4471,Sanyo Chemical Industries Ltd,51101010,상품 화학,143771717760,"1조 2,338억원",JPY
8399,Bank of The Ryukyus Ltd,55101010,은행,143335662750,"1조 2,301억원",JPY
1835,Totetsu Kogyo Co Ltd,52201020,건설 및 엔지니어링,142956000000,"1조 2,268억원",JPY
6866,Hioki EE Corp,52102030,전기 부품 및 장비,142768035700,"1조 2,252억원",JPY
1879,Shinnihon Corp,52201020,건설 및 엔지니어링,142172788240,"1조 2,201억원",JPY
3046,Jins Holdings Inc,53403090,기타 전문 소매,141721800000,"1조 2,162억원",JPY
6707,Sanken Electric Co.  Ltd.,57101010,반도체,141706537920,"1조 2,161억원",JPY
1982,Hibiya Engineering Ltd,52201020,건설 및 엔지니어링,141680000000,"1조 2,159억원",JPY
8975,Ichigo Office REIT Investment Corp,60102020,상업용 REITs,141618068100,"1조 2,153억원",JPY
8074,Yuasa Co Ltd,53203020,건설 자재 및 비품,141440000000,"1조 2,138억원",JPY
9037,HAMAKYOREX CO.  LTD.,52405010,"배달, 우편, 항공 화물 및 육상 물류",140232512000,"1조 2,034억원",JPY
4461,DKS Co Ltd,51101090,다각적 화학 산업,139857761890,"1조 2,002억원",JPY
4587,PeptiDream Inc.,56202010,생명 공학 및 의학 연구,139111128000,"1조 1,938억원",JPY
8276,Heiwado Co Ltd,54301020,식품 소매 및 유통,138763097240,"1조 1,908억원",JPY
2695,Kura Sushi Inc,53301020,레스토랑 및 바,138523061600,"1조 1,888억원",JPY
3287,Hoshino Resorts REIT Inc,60102040,특수 REITs,138432574200,"1조 1,880억원",JPY
5930,Bunka Shutter Co Ltd,53203020,건설 자재 및 비품,138400665579,"1조 1,877억원",JPY
8934,Sun Frontier Fudousan Co.  Ltd.,60101010,"부동산 임대, 개발 및 운영",137662738972,"1조 1,814억원",JPY
5715,Furukawa Co Ltd,51201050,특수 채굴 및 금속,137505024800,"1조 1,800억원",JPY
8421,Shinkin Central Bank Pref Shs,55101010,은행,137395068000,"1조 1,791억원",JPY
7224,ShinMaywa Industries Ltd,52102020,중장비 및 차량,137200000000,"1조 1,774억원",JPY
9672,Tokyotokeiba Co Ltd,53301030,카지노 및 도박,136913663250,"1조 1,750억원",JPY
7283,AISAN INDUSTRY CO.  LTD.,53101020,"자동차, 트럭 및 오토바이 부품",136895451761,"1조 1,748억원",JPY
6080,M&A Capital Partners Co Ltd,55102010,투자 은행 및 중개 서비스,136505408000,"1조 1,715억원",JPY
7545,Nishimatsuya Chain Co Ltd,53403040,의류 및 액세서리 소매,136463746616,"1조 1,711억원",JPY
9551,Metawater Co Ltd,52201020,건설 및 엔지니어링,136316180000,"1조 1,698억원",JPY
4746,Toukei Computer Co Ltd,57201020,소프트웨어,135575000000,"1조 1,635억원",JPY
7821,Maeda Kosen Co Ltd,51202010,건설 자재,135548498492,"1조 1,633억원",JPY
7780,Menicon Co Ltd,56101020,"의료 장비, 물품 및 유통",135271361856,"1조 1,609억원",JPY
6474,Nachi-Fujikoshi Corp,52102010,산업용 기계 및 장비,135062839060,"1조 1,591억원",JPY
5192,Mitsuboshi Belting Ltd,52102040,중전기장비,134992219320,"1조 1,585억원",JPY
3765,GungHo Online Entertainment  Inc.,57201030,온라인 서비스,134498382480,"1조 1,542억원",JPY
6737,Eizo Corp,57106010,컴퓨터 하드웨어,134188699400,"1조 1,516억원",JPY
4914,Takasago International Corp,51101010,상품 화학,134114202035,"1조 1,509억원",JPY
6254,Nomura Micro Science Co Ltd,52102010,산업용 기계 및 장비,134006400000,"1조 1,500억원",JPY
9699,Nishio Holdings Co Ltd,52203040,경영 지원 서비스,133865752760,"1조 1,488억원",JPY
8541,The Ehime Bank  Ltd.,55101010,은행,133656774030,"1조 1,470억원",JPY
3543,KOMEDA Holdings Co.  Ltd.,53301020,레스토랑 및 바,133354174800,"1조 1,444억원",JPY
215A,Timee  Inc.,52203030,고용 서비스,133182246000,"1조 1,429억원",JPY
7972,ITOKI CORPORATION,52203060,비즈니스 지원 용품,133030062200,"1조 1,416억원",JPY
2760,Tokyo Electron Device Ltd,57101010,반도체,132866760000,"1조 1,402억원",JPY
8179,Royal Holdings Co Ltd,53301020,레스토랑 및 바,132832000368,"1조 1,399억원",JPY
7172,Japan Investment Adviser Co Ltd,55101050,기업 금융 서비스,132774830714,"1조 1,394억원",JPY
4633,SAKATA INX CORPORATION,51101030,특수 화학제,132550000000,"1조 1,375억원",JPY
1720,Tokyu Construction Co Ltd,52201020,건설 및 엔지니어링,132490655405,"1조 1,370억원",JPY
9832,Autobacs Seven Co Ltd,53403010,"자동차 차량, 부품 및 서비스 소매",131690418525,"1조 1,301억원",JPY
8117,Central Automotive Products Ltd,53101020,"자동차, 트럭 및 오토바이 부품",131411280000,"1조 1,277억원",JPY
5161,Nishikawa Rubber Co Ltd,53101020,"자동차, 트럭 및 오토바이 부품",131165000000,"1조 1,256억원",JPY
7599,IDOM Inc,53403010,"자동차 차량, 부품 및 서비스 소매",130296472000,"1조 1,182억원",JPY
2004,Showa Sangyo Co Ltd,54102020,식품 가공,130166931900,"1조 1,171억원",JPY
5911,Yokogawa Bridge Holdings Corp,52201020,건설 및 엔지니어링,130141878030,"1조 1,169억원",JPY
9166,GENDA Inc.,53301040,여가 및 오락시설,129981221580,"1조 1,155억원",JPY
3002,Gunze Ltd,53202020,의류 및 액세서리,128717155400,"1조 1,046억원",JPY
9304,Shibusawa Logistics Corp,52405030,지상 화물 및 물류,128194300728,"1조 1,001억원",JPY
9039,Sakai Moving Service Co Ltd,52405030,지상 화물 및 물류,127818480000,1조 969억원,JPY
4047,Kanto Denka Kogyo Co Ltd,51101010,상품 화학,134830395150,"1조 1,571억원",JPY
6351,Tsurumi Manufacturing Co Ltd,52102010,산업용 기계 및 장비,130574491068,"1조 1,206억원",JPY
6524,Kohoku Kogyo Co Ltd,57104010,전자 장비 및 부품,130520000000,"1조 1,201억원",JPY
6027,Bengo4.com Inc,57201030,온라인 서비스,129201940000,"1조 1,088억원",JPY
3964,Aucnet Inc,57201030,온라인 서비스,128998910400,"1조 1,070억원",JPY
2874,YOKOREI CO. LTD.,54102020,식품 가공,128158104576,1조 998억원,JPY
6284,Nissei ASB Machine Co Ltd,52102010,산업용 기계 및 장비,127574329080,1조 948억원,JPY
6480,Nippon Thompson Co Ltd,52102010,산업용 기계 및 장비,127524972375,1조 944억원,JPY
8153,Mos Food Services Inc,53301020,레스토랑 및 바,126759243600,1조 878억원,JPY
7721,Tokyo Keiki Inc,52102010,산업용 기계 및 장비,126365648600,1조 844억원,JPY
8255,Axial Retailing Inc,54301020,식품 소매 및 유통,125734097664,1조 790억원,JPY
7222,Nissan Shatai Co Ltd,53101010,자동차 및 트럭 제조,125700202112,1조 787억원,JPY
593A,Tier IV Inc,57201010,IT 서비스 및 컨설팅,125587125930,1조 778억원,JPY
9090,AZ-COM MARUWA Holdings Inc.,52405030,지상 화물 및 물류,124875990600,1조 717억원,JPY
4971,MEC Co Ltd,51101030,특수 화학제,124080729620,1조 648억원,JPY
8550,Tochigi Bank Ltd,55101010,은행,123747432000,1조 620억원,JPY
8595,JAFCO Group Co.  Ltd.,55102020,투자 관리 및 펀드 운영,123608625000,1조 608억원,JPY
6741,Nippon Signal Co Ltd,57102010,통신 및 네트워킹,123558184832,1조 604억원,JPY
3612,World Co Ltd,53403040,의류 및 액세서리 소매,123346584972,1조 585억원,JPY
9347,Nippon Kanzai Holdings Co Ltd,60101020,부동산 서비스,122923213410,1조 549억원,JPY
9842,Arclands Corp,53403020,주택 개조 제품 및 서비스 소매,122863940056,1조 544억원,JPY
7995,Valqua Ltd,52102010,산업용 기계 및 장비,122784975810,1조 537억원,JPY
8173,Joshin Corporation,53403050,컴퓨터 및 전자 제품 소매,122640000000,1조 525억원,JPY
6946,Nippon Avionics Co Ltd,57104010,전자 장비 및 부품,122383113000,1조 503억원,JPY
6258,Hirata Corp,52102010,산업용 기계 및 장비,122296743300,1조 495억원,JPY
8958,Global One Real Estate Investment Corp,60102020,상업용 REITs,122259782900,1조 492억원,JPY
2281,Prima Meat Packers Ltd,54102020,식품 가공,121612228393,1조 437억원,JPY
2109,Mitsui DM Sugar Co.  Ltd.,54102020,식품 가공,121296726900,1조 409억원,JPY
4220,Riken Technos Corp,51101010,상품 화학,121162402023,1조 398억원,JPY
9889,JBCC Holdings Inc,57201010,IT 서비스 및 컨설팅,121003642344,1조 384억원,JPY
4216,ASAHI YUKIZAI CORPORATION,51101010,상품 화학,120584436000,1조 348억원,JPY
4565,Nxera Pharma Co.  Ltd.,56201040,제약,120305792541,1조 324억원,JPY
4534,Mochida Pharmaceutical Co.  Ltd.,56201040,제약,120087000000,1조 306억원,JPY
8237,Matsuya Co Ltd,53402010,백화점,119848400360,1조 285억원,JPY
4189,KH Neochem Co.  Ltd.,51101010,상품 화학,119621068000,1조 266억원,JPY
6652,IDEC Corp,52102030,전기 부품 및 장비,119536787850,1조 258억원,JPY
7512,Aeon Hokkaido Corp,53402010,백화점,119483183388,1조 254억원,JPY
8059,Daiichi Jitsugyo Co Ltd,52102010,산업용 기계 및 장비,119407284000,1조 247억원,JPY
9757,Funai Soken Holdings Inc,52203040,경영 지원 서비스,119300000000,1조 238억원,JPY
6914,Optex Group Co Ltd,52102030,전기 부품 및 장비,119245077440,1조 233억원,JPY
8707,IwaiCosmo Holdings Inc,55102010,투자 은행 및 중개 서비스,118560672000,1조 175억원,JPY
8057,Uchida Yoko Co Ltd,57201010,IT 서비스 및 컨설팅,118416151415,1조 162억원,JPY
4044,Central Glass Co Ltd,51101090,다각적 화학 산업,117780000000,1조 108억원,JPY
4028,Ishihara Sangyo Kaisha Ltd,51101090,다각적 화학 산업,117719193845,1조 102억원,JPY
7157,LIFENET INSURANCE COMPANY,55301030,생명 및 건강 보험,116698635372,1조 15억원,JPY
7483,Doshisha Co Ltd,53204030,"가전제품, 도구 및 가정 용품",116611984320,1조 7억원,JPY
4432,WingArc1st Inc.,57201020,소프트웨어,116360920400,"9,986억원",JPY
7342,WealthNavi Inc,57301010,핀테크,116162990488,"9,969억원",JPY
7433,Hakuto Co Ltd,57101010,반도체,115620555110,"9,922억원",JPY
8219,Aoyama Trading Co Ltd,53403040,의류 및 액세서리 소매,115200720576,"9,886억원",JPY
4819,Digital Garage  Inc.,57201010,IT 서비스 및 컨설팅,115059734526,"9,874억원",JPY
6455,Morita Holdings Corp,52102020,중장비 및 차량,114908911260,"9,861억원",JPY
8871,Goldcrest Co Ltd,60101010,"부동산 임대, 개발 및 운영",114866640000,"9,858억원",JPY
8395,Bank of Saga Ltd,55101010,은행,114825463020,"9,854억원",JPY
94345,Softbank P-1 Prf Shs,57401020,무선 통신 서비스,114030000000,"9,786억원",JPY
6727,Wacom Co Ltd,57106010,컴퓨터 하드웨어,113670000000,"9,755억원",JPY
8061,SEIKA CORPORATION,52102010,산업용 기계 및 장비,113657996250,"9,754억원",JPY
9708,Imperial Hotel Ltd,53301010,"호텔, 모텔 및 크루즈 라인",113097600000,"9,706억원",JPY
3762,Techmatrix Corp,57201010,IT 서비스 및 컨설팅,112720588800,"9,673억원",JPY
2678,Askul Corp,57201030,온라인 서비스,111585725900,"9,576억원",JPY
6227,Aimechatec Ltd,57101020,반도체 장비 및 테스트,116298330000,"9,980억원",JPY
7513,Kojima Co Ltd,53403050,컴퓨터 및 전자 제품 소매,113518827212,"9,742억원",JPY
6617,Takaoka Toko Co Ltd,52102030,전기 부품 및 장비,113445845850,"9,736억원",JPY
6104,Shibaura Machine Co Ltd,52102010,산업용 기계 및 장비,112684643240,"9,670억원",JPY
1939,Yondenko Corp,52201020,건설 및 엔지니어링,112309042230,"9,638억원",JPY
7575,Japan Lifeline Co.  Ltd.,56101020,"의료 장비, 물품 및 유통",112297500000,"9,637억원",JPY
6209,NPR-Riken Corp,53101020,"자동차, 트럭 및 오토바이 부품",112144202700,"9,624억원",JPY
7611,Hiday Hidaka Corp,53301020,레스토랑 및 바,111809196996,"9,595억원",JPY
6947,Zuken Inc,57201010,IT 서비스 및 컨설팅,111694016080,"9,585억원",JPY
2379,dip Corp,52203030,고용 서비스,111138720000,"9,538억원",JPY
7839,Shoei Co Ltd,53101020,"자동차, 트럭 및 오토바이 부품",111020103152,"9,528억원",JPY
8739,SPARX Group Co.  Ltd.,55102020,투자 관리 및 펀드 운영,110867280380,"9,514억원",JPY
3104,Fujibo Holdings  Inc.,53202010,직물 및 가죽제품,110701500000,"9,500억원",JPY
5122,Okamoto Industries Inc,51101010,상품 화학,110444050080,"9,478억원",JPY
3001,Katakura Industries Co Ltd,56201040,제약,110046875000,"9,444억원",JPY
4365,Matsumoto Yushi-Seiyaku Co Ltd,51101010,상품 화학,110018431380,"9,442억원",JPY
8818,Keihanshin Building Co Ltd,60101010,"부동산 임대, 개발 및 운영",109728247504,"9,417억원",JPY
8892,ES-CON JAPAN Ltd.,60101010,"부동산 임대, 개발 및 운영",109720527231,"9,416억원",JPY
1663,K&O Energy Group Inc,59102010,천연가스 유틸리티,109717228192,"9,416억원",JPY
6877,Obara Group Inc,52102010,산업용 기계 및 장비,108938163600,"9,349억원",JPY
6235,Optorun Co Ltd,57104010,전자 장비 및 부품,108854532000,"9,342억원",JPY
5195,Bando Chemical Industries Ltd,52102010,산업용 기계 및 장비,108500017344,"9,311억원",JPY
5943,Noritz Corp,53204030,"가전제품, 도구 및 가정 용품",108423158690,"9,305억원",JPY
5449,Osaka Steel Co Ltd,51201020,철 및 강철,108279033902,"9,292억원",JPY
9267,Genky DrugStores Co Ltd,54301010,의약품 소매,107717710960,"9,244억원",JPY
9887,Matsuya Foods Holdings Co Ltd,53301020,레스토랑 및 바,107714297640,"9,244억원",JPY
8014,Chori Co Ltd,51101010,상품 화학,107539781500,"9,229억원",JPY
4293,Septeni Holdings Co Ltd,53302010,광고 및 마케팅,106973284924,"9,180억원",JPY
6349,Komori Corp,52102010,산업용 기계 및 장비,106957680000,"9,179억원",JPY
8198,Maxvalu Tokai Co Ltd,54301020,식품 소매 및 유통,106632783080,"9,151억원",JPY
1975,Asahi Kogyosha Co Ltd,52201020,건설 및 엔지니어링,106488000000,"9,139억원",JPY
4956,Konishi Co Ltd,51101010,상품 화학,106256053920,"9,119억원",JPY
5726,Osaka Titanium Technologies Co Ltd,51201050,특수 채굴 및 금속,106083600000,"9,104억원",JPY
7965,Zojirushi Corporation,53204030,"가전제품, 도구 및 가정 용품",105850800000,"9,084억원",JPY
7943,Nichiha Corp,53203020,건설 자재 및 비품,105530721840,"9,056억원",JPY
4985,Earth Corp,54201010,가정용 제품,105385975500,"9,044억원",JPY
9543,Shizuoka Gas Co Ltd,59102010,천연가스 유틸리티,105374849850,"9,043억원",JPY
6463,TPR Co Ltd,53101020,"자동차, 트럭 및 오토바이 부품",105337565834,"9,040억원",JPY
3036,ALCONIX CORPORATION,51201050,특수 채굴 및 금속,105302210000,"9,037억원",JPY
5253,Cover Corp,53302030,엔터테인먼트 제작,105237110300,"9,031억원",JPY
6016,Japan Engine Corp,52102050,조선,105084000000,"9,018억원",JPY
9997,Belluna Co.  Ltd.,53402010,백화점,105024029760,"9,013억원",JPY
5842,Integral Corporation,55102020,투자 관리 및 펀드 운영,104855050000,"8,998억원",JPY
4919,Milbon Co Ltd,54201020,개인 생활 필수 용품,104669930160,"8,983억원",JPY
6332,Tsukishima Holdings Co Ltd,52102010,산업용 기계 및 장비,104648086400,"8,981억원",JPY
6810,Maxell Ltd,57104010,전자 장비 및 부품,103855856000,"8,913억원",JPY
8159,Tachibana Eletech Co Ltd,52102010,산업용 기계 및 장비,103854754300,"8,913억원",JPY
8084,Ryoden Corp,52102030,전기 부품 및 장비,103845837785,"8,912억원",JPY
4526,Riken Vitamin Co Ltd,54102020,식품 가공,103629712500,"8,893억원",JPY
1871,PS Construction Co.  Ltd.,52201020,건설 및 엔지니어링,103567029249,"8,888억원",JPY
3465,Ki-Star Real Estate Co Ltd,60101010,"부동산 임대, 개발 및 운영",103467836000,"8,879억원",JPY
7595,Argo Graphics Inc,57201010,IT 서비스 및 컨설팅,102960000000,"8,836억원",JPY
8508,J Trust Co Ltd,55101030,소비자 대출,102940770465,"8,834억원",JPY
1407,West Holdings Corporation,52201020,건설 및 엔지니어링,102779380704,"8,820억원",JPY
8125,Wakita & Co Ltd,52102020,중장비 및 차량,102585997684,"8,804억원",JPY
1948,Kodensha Co Ltd,52201020,건설 및 엔지니어링,102527100000,"8,799억원",JPY
8016,Onward Holdings Co Ltd,53202020,의류 및 액세서리,102467445018,"8,794억원",JPY
6183,BELLSYSTEM24 HOLDINGS  INC.,52203040,경영 지원 서비스,101872524065,"8,742억원",JPY
5602,Kurimoto Ltd,51201020,철 및 강철,101364040800,"8,699억원",JPY
6036,KeePer Technical Laboratory Co Ltd,54201030,개인 서비스,100962598800,"8,664억원",JPY
6627,Tera Probe Inc,57101020,반도체 장비 및 테스트,108233950000,"9,288억원",JPY
6855,Japan Electronic Materials Corp,57101020,반도체 장비 및 테스트,105477077110,"9,052억원",JPY
6800,Yokowo Co Ltd,57104010,전자 장비 및 부품,103627719910,"8,893억원",JPY
4559,Zeria Pharmaceutical Co Ltd,56201040,제약,101140525420,"8,680억원",JPY
3993,PKSHA Technology Inc.,57201020,소프트웨어,100955680000,"8,664억원",JPY
5970,G-Tekt Corp,53101020,"자동차, 트럭 및 오토바이 부품",99987547760,"8,581억원",JPY
7944,Roland Corp,53205020,오락용 제품,99810374545,"8,566억원",JPY
2590,DyDo Group Holdings Inc,54101030,무알콜 음료,99742370000,"8,560억원",JPY
6929,Nippon Ceramic Co Ltd,57104010,전자 장비 및 부품,99394088050,"8,530억원",JPY
464A,QPS Holdings Inc,52101010,항공우주 및 방위,99325095000,"8,524억원",JPY
7241,Futaba Industrial Co Ltd,53101020,"자동차, 트럭 및 오토바이 부품",99255556316,"8,518억원",JPY
9536,Saibu Gas Holdings Co Ltd,59102010,천연가스 유틸리티,98993303354,"8,495억원",JPY
7246,Press Kogyo Co Ltd,53101020,"자동차, 트럭 및 오토바이 부품",98850931200,"8,483억원",JPY
9902,NICHIDEN Corporation,52102010,산업용 기계 및 장비,98252620000,"8,432억원",JPY
2653,Aeon Kyushu Co Ltd,53402010,백화점,98126132886,"8,421억원",JPY
1870,Yahagi Construction Co Ltd,52201020,건설 및 엔지니어링,97824153201,"8,395억원",JPY
6282,Oiles Corp,52102010,산업용 기계 및 장비,97770282680,"8,390억원",JPY
2733,Arata Corp,54201020,개인 생활 필수 용품,97535331920,"8,370억원",JPY
4008,Sumitomo Seika Chemicals Co Ltd,51101010,상품 화학,97516892495,"8,369억원",JPY
5351,Shinagawa Refra Co Ltd,51202010,건설 자재,97122469800,"8,335억원",JPY
7279,Hi-Lex Corp,53101020,"자동차, 트럭 및 오토바이 부품",96650183511,"8,294억원",JPY
4997,Nihon Nohyaku Co Ltd,51101020,농화학제,96229354268,"8,258억원",JPY
8841,TOC Co.  Ltd.,60101010,"부동산 임대, 개발 및 운영",96195585800,"8,255억원",JPY
3673,Broadleaf Co Ltd,57201020,소프트웨어,96134657600,"8,250억원",JPY
4825,Weathernews Inc,52203040,경영 지원 서비스,96125904000,"8,249억원",JPY
4116,Dainichiseika Color & Chemicals MFG Co Ltd,51101030,특수 화학제,95999483000,"8,238억원",JPY
6961,Enplas Corp,57101010,반도체,95771706480,"8,219억원",JPY
7917,Zacros Corp,51302010,용기(종이 제외) 및 포장재,95568089600,"8,201억원",JPY
5992,Chuo Spring Co Ltd,53101020,"자동차, 트럭 및 오토바이 부품",95400849060,"8,187억원",JPY
4413,Baudroie Inc,57201010,IT 서비스 및 컨설팅,95321967312,"8,180억원",JPY
4369,Tri Chemical Laboratories Inc,51101030,특수 화학제,95058522000,"8,158억원",JPY
2353,Nippon Parking Development Co Ltd,52407030,고속도로 및 철도,94764419200,"8,132억원",JPY
9310,Japan Transcity Corp,52405030,지상 화물 및 물류,94495050691,"8,109억원",JPY
9413,TV Tokyo Holdings Corp,53302020,방송,94459787500,"8,106억원",JPY
1976,Meisei Industrial Co Ltd,52201020,건설 및 엔지니어링,94415794434,"8,103억원",JPY
6345,AICHI CORPORATION,52102020,중장비 및 차량,94336770000,"8,096억원",JPY
7931,Mirai Industry Co Ltd,52102030,전기 부품 및 장비,94106041050,"8,076억원",JPY
6277,Hosokawa Micron Corp,52102010,산업용 기계 및 장비,94068617240,"8,073억원",JPY
6859,Espec Corp,52102010,산업용 기계 및 장비,94055413270,"8,072억원",JPY
9247,TRE Holdings Corp,52203010,환경 서비스 및 장비,93857510208,"8,055억원",JPY
2681,Geo Holdings Corp,53403090,기타 전문 소매,93769832064,"8,047억원",JPY
2117,Wellneo Sugar Co Ltd,54102020,식품 가공,93644271225,"8,036억원",JPY
9621,CTI Engineering Co.  Ltd.,52201020,건설 및 엔지니어링,93591558460,"8,032억원",JPY
6023,DAIHATSU INFINEARTH MFG.CO. LTD.,52102050,조선,93400250000,"8,015억원",JPY
6058,Vector Inc,53302010,광고 및 마케팅,93077453376,"7,988억원",JPY
7226,Kyokuto Kaihatsu Kogyo Co Ltd,52102020,중장비 및 차량,92826800000,"7,966억원",JPY
50765,Infroneer Holdings P-1 Prf Shs,52201020,건설 및 엔지니어링,92640000000,"7,950억원",JPY
4212,Sekisui Jushi Corporation,53203020,건설 자재 및 비품,92071030824,"7,901억원",JPY
8043,Starzen Co Ltd,54102020,식품 가공,91951219920,"7,891억원",JPY
4187,Osaka Organic Chemical Industry Ltd,51101010,상품 화학,91881155800,"7,885억원",JPY
8977,Hankyu Hanshin REIT Inc,60102020,상업용 REITs,91766400000,"7,875억원",JPY
9603,HIS Co Ltd,53301040,여가 및 오락시설,91600493592,"7,861억원",JPY
2664,Cawachi Ltd,54301010,의약품 소매,91450322400,"7,848억원",JPY
3034,Qol Holdings Co Ltd,54301010,의약품 소매,91382641965,"7,842억원",JPY
8793,NEC Capital Solutions Ltd,55101050,기업 금융 서비스,91305465020,"7,836억원",JPY
4996,Kumiai Chemical Industry Co Ltd,51101020,농화학제,90565536160,"7,772억원",JPY
5440,Kyoei Steel Ltd,51201020,철 및 강철,90560738410,"7,772억원",JPY
7504,Kohsoku Corp,51302020,종이 포장재,90470865200,"7,764억원",JPY
6458,SINKO INDUSTRIES LTD.,52102030,전기 부품 및 장비,90025863000,"7,726억원",JPY
2292,S Foods Inc,54102020,식품 가공,88542626424,"7,599억원",JPY
3449,Technoflex Corp,53203020,건설 자재 및 비품,95265600000,"8,176억원",JPY
4259,ExaWizards Inc.,57201010,IT 서비스 및 컨설팅,92651712500,"7,951억원",JPY
6143,Sodick Co Ltd,52102010,산업용 기계 및 장비,90571571067,"7,773억원",JPY
4464,Soft99 Corp,53101020,"자동차, 트럭 및 오토바이 부품",90212486400,"7,742억원",JPY
4290,Prestige International Inc,52203040,경영 지원 서비스,90123656400,"7,734억원",JPY
3028,Alpen Co Ltd,53403090,기타 전문 소매,89909056000,"7,716억원",JPY
5208,Arisawa Mfg Co Ltd,57104010,전자 장비 및 부품,89655269232,"7,694억원",JPY
6287,SATO CORPORATION,57105010,사무기기,89303426010,"7,664억원",JPY
4071,Plus Alpha Consulting Co. LTD.,57201010,IT 서비스 및 컨설팅,89044515000,"7,642억원",JPY
6517,Denyo Co Ltd,52102040,중전기장비,88968816200,"7,635억원",JPY
6237,Iwaki Co Ltd,52102010,산업용 기계 및 장비,88276821750,"7,576억원",JPY
2220,Kameda Seika Co Ltd,54102020,식품 가공,88247942100,"7,573억원",JPY
7868,Kosaido Holdings Co Ltd,54201030,개인 서비스,88096501720,"7,560억원",JPY
7236,T.RAD Co Ltd,53101020,"자동차, 트럭 및 오토바이 부품",87792000000,"7,534억원",JPY
3103,Unitika Ltd,51101010,상품 화학,87668056674,"7,523억원",JPY
4417,GLOBAL SECURITY EXPERTS Inc.,57201010,IT 서비스 및 컨설팅,87570912000,"7,515억원",JPY
6613,QD Laser Inc,57101010,반도체,87568625985,"7,515억원",JPY
3950,THE PACK CORPORATION,51302020,종이 포장재,87520200000,"7,511억원",JPY
7199,Premium Group Co Ltd,55101030,소비자 대출,87322241809,"7,494억원",JPY
8613,Marusan Securities Co. Ltd.,55102010,투자 은행 및 중개 서비스,87011156242,"7,467억원",JPY
5851,Ryobi Ltd,53101020,"자동차, 트럭 및 오토바이 부품",86871665301,"7,455억원",JPY
4765,SBI Global Asset Management Co Ltd,55102020,투자 관리 및 펀드 운영,86802234732,"7,449억원",JPY
7609,Daitron Co Ltd,57104010,전자 장비 및 부품,86768127840,"7,446억원",JPY
546A,Miraini Holdings Co Ltd,57104010,전자 장비 및 부품,86610981042,"7,433억원",JPY
2208,Bourbon Corp,54102020,식품 가공,86562500000,"7,429억원",JPY
2157,Koshidaka Holdings Co Ltd,53301040,여가 및 오락시설,86410303544,"7,416억원",JPY
3302,Teikoku Sen-I Co Ltd,53202010,직물 및 가죽제품,86339172000,"7,409억원",JPY
4849,en Inc,52203030,고용 서비스,86058396000,"7,385억원",JPY
6459,DAIWA LTD.,52102010,산업용 기계 및 장비,85954011330,"7,376억원",JPY
3946,Tomoku Co Ltd,51302020,종이 포장재,85683146240,"7,353억원",JPY
1419,Tama Home Co Ltd,53203010,주택 건설,85628010600,"7,348억원",JPY
5480,Nippon Yakin Kogyo Co Ltd,51201020,철 및 강철,85545278160,"7,341억원",JPY
2742,Halows Co Ltd,54301020,식품 소매 및 유통,85205074500,"7,312억원",JPY
6999,KOA Corp,57104010,전자 장비 및 부품,85116453204,"7,305억원",JPY
3151,Vital Ksk Holdings Inc,56201040,제약,84705656832,"7,269억원",JPY
1899,Fukuda Corp,52201020,건설 및 엔지니어링,84668005620,"7,266억원",JPY
4828,Business Engineering Corp,57201010,IT 서비스 및 컨설팅,84660000000,"7,265억원",JPY
3708,Tokushu Tokai Paper Co Ltd,51301020,종이 제품,84429600000,"7,246억원",JPY
8075,Shinsho Corporation,51201020,철 및 강철,84396853050,"7,243억원",JPY
3091,Bronco Billy Co Ltd,53301020,레스토랑 및 바,84321768000,"7,236억원",JPY
9534,Hokkaido Gas Co Ltd,59102010,천연가스 유틸리티,84077200440,"7,215억원",JPY
9729,Tokai Corp (Gifu),52203040,경영 지원 서비스,83789313672,"7,191억원",JPY
7239,Tachi-S Co Ltd,53101020,"자동차, 트럭 및 오토바이 부품",83737002096,"7,186억원",JPY
7292,Murakami Corp,53101020,"자동차, 트럭 및 오토바이 부품",83732000000,"7,186억원",JPY
6196,Strike Group Co Ltd,52203040,경영 지원 서비스,83705877000,"7,183억원",JPY
6676,Buffalo Inc (Chiyoda),57106010,컴퓨터 하드웨어,83400000000,"7,157억원",JPY
3487,CRE Logistics REIT  Inc.,60102020,상업용 REITs,83310045000,"7,150억원",JPY
6363,Torishima Pump Mfg Co Ltd,52102010,산업용 기계 및 장비,83287537322,"7,148억원",JPY
8132,SHINANEN HOLDINGS CO.  LTD.,50102030,"오일, 가스 정제 및 마케팅",83110204870,"7,132억원",JPY
7085,Curves Holdings Co Ltd,53301040,여가 및 오락시설,82550311277,"7,084억원",JPY
2734,Sala Corp,50102030,"오일, 가스 정제 및 마케팅",81957063427,"7,033억원",JPY
9324,Yasuda Logistics Corp,52405030,지상 화물 및 물류,81486240000,"6,993억원",JPY
8157,Tsuzuki Denki Co Ltd,57201010,IT 서비스 및 컨설팅,81415165260,"6,987억원",JPY
3479,TKP Corporation,60101010,"부동산 임대, 개발 및 운영",81328993425,"6,979억원",JPY
5982,Maruzen Co Ltd,52102010,산업용 기계 및 장비,81295800000,"6,977억원",JPY
1882,Toa Road Corp,52201020,건설 및 엔지니어링,81135515300,"6,963억원",JPY
471A,NS Group Inc,55301020,손해보험,81101958000,"6,960억원",JPY
8877,Eslead Corp,60101010,"부동산 임대, 개발 및 운영",81039744000,"6,955억원",JPY
8771,eGuarantee Inc,55101050,기업 금융 서비스,80969144062,"6,949억원",JPY
9663,Nagawa Co Ltd,53203010,주택 건설,80313920740,"6,892억원",JPY
9519,RENOVA  Inc.,59101010,전력 유틸리티,82074834300,"7,043억원",JPY
4549,Eiken Chemical Co.  Ltd.,56101020,"의료 장비, 물품 및 유통",81863208060,"7,025억원",JPY
2588,Premium Water Holdings Inc,54101030,무알콜 음료,81449024280,"6,990억원",JPY
2612,Kadoya Sesame Mills Inc,54102020,식품 가공,81216000000,"6,970억원",JPY
4326,Intage Holdings Inc,53302010,광고 및 마케팅,81013704000,"6,952억원",JPY
6794,Foster Electric Co Ltd,57106030,가정용 전자 제품,81000000000,"6,951억원",JPY
3492,Mirarth Real Estate Investment Corp,60102010,복합부동산 REITs,80957716200,"6,948억원",JPY
9279,GIFT HOLDINGS INC.,53301020,레스토랑 및 바,80859748032,"6,939억원",JPY
7421,KAPPA.CREATE CO. LTD.,53301020,레스토랑 및 바,80743420452,"6,929억원",JPY
7979,Shofu Inc,56101020,"의료 장비, 물품 및 유통",80666553212,"6,923억원",JPY
7745,A&D Holon Holdings Co Ltd,52102010,산업용 기계 및 장비,80584031952,"6,916억원",JPY
6226,Moriya Transportation Engineering and Manufacturing Co Ltd,52102040,중전기장비,80435018400,"6,903억원",JPY
6331,Mitsubishi Kakoki Kaisha  Ltd.,52102010,산업용 기계 및 장비,80010034500,"6,866억원",JPY
6381,Anest Iwata Corp,52102010,산업용 기계 및 장비,79942642075,"6,861억원",JPY
7613,SIIX Corp,57104010,전자 장비 및 부품,79531200000,"6,825억원",JPY
3476,MIRAI Corporation,60102010,복합부동산 REITs,79158760000,"6,793억원",JPY
3636,Mitsubishi Research Institute  Inc.,57201010,IT 서비스 및 컨설팅,79096920000,"6,788억원",JPY
5985,Suncall Corp,53101020,"자동차, 트럭 및 오토바이 부품",79014381360,"6,781억원",JPY
5702,Daiki Aluminium Industry Co Ltd,51201030,알루미늄,78925286115,"6,773억원",JPY
4970,Toyo Gosei Co Ltd,51101030,특수 화학제,78828015200,"6,765억원",JPY
8715,Anicom Holdings Inc,55301020,손해보험,78686118000,"6,753억원",JPY
9692,Computer Engineering & Consulting Ltd,57201010,IT 서비스 및 컨설팅,78178908600,"6,709억원",JPY
6364,Airman Corp,52102010,산업용 기계 및 장비,78158598038,"6,707억원",JPY
7130,Yamae Group Holdings Co Ltd,54301020,식품 소매 및 유통,78102143868,"6,703억원",JPY
6997,Nippon Chemi-Con Corp,57104010,전자 장비 및 부품,78015211767,"6,695억원",JPY
7942,JSP Corp,51101010,상품 화학,77756385591,"6,673억원",JPY
3608,TSI Holdings Co Ltd,53202020,의류 및 액세서리,77712521425,"6,669억원",JPY
4246,DaikyoNishikawa Corp,53101020,"자동차, 트럭 및 오토바이 부품",77600595400,"6,660억원",JPY
4674,CRESCO LTD.,57201020,소프트웨어,77238000000,"6,628억원",JPY
3399,Maruchiyo Yamaokaya Corporation,53301020,레스토랑 및 바,77233152000,"6,628억원",JPY
8244,Kintetsu Department Store Co Ltd,53402010,백화점,77196027460,"6,625억원",JPY
5036,Japan Business Systems Inc,57201010,IT 서비스 및 컨설팅,77047675200,"6,612억원",JPY
2613,J-Oil Mills Inc,54102020,식품 가공,76767849786,"6,588억원",JPY
2170,Link and Motivation Inc,52203030,고용 서비스,76546537590,"6,569억원",JPY
8079,Shoei Foods Corp,54102020,식품 가공,76437000000,"6,560억원",JPY
3632,Gree Holdings Inc,57201030,온라인 서비스,76393622500,"6,556억원",JPY
7715,Nagano Keiki Co Ltd,52102010,산업용 기계 및 장비,76136710520,"6,534억원",JPY
7231,Topy Industries Ltd,53101020,"자동차, 트럭 및 오토바이 부품",75964544050,"6,519억원",JPY
3687,Fixstars Corp,57201020,소프트웨어,75645115000,"6,492억원",JPY
9369,KRS Corp,52405030,지상 화물 및 물류,75332081800,"6,465억원",JPY
4480,Medley Inc,52203030,고용 서비스,75322764800,"6,464억원",JPY
6413,Riso Kagaku Corp,57105010,사무기기,75312000000,"6,463억원",JPY
8137,Sun-Wa Technos Corp,52102030,전기 부품 및 장비,74444160000,"6,389억원",JPY
3962,Change Holdings Inc,57201010,IT 서비스 및 컨설팅,74295476172,"6,376억원",JPY
3290,One REIT Inc,60102010,복합부동산 REITs,73804186000,"6,334억원",JPY
6118,Aida Engineering Ltd,52102010,산업용 기계 및 장비,73801919977,"6,334억원",JPY
5011,Nichireki Group Co Ltd,52201020,건설 및 엔지니어링,73669845375,"6,322억원",JPY
4419,Finatext Holdings Ltd.,57201010,IT 서비스 및 컨설팅,73554117780,"6,312억원",JPY
3443,Kawada Technologies Inc,52201020,건설 및 엔지니어링,73234414110,"6,285억원",JPY
3459,Samty Residential Investment Corp,60102030,주거용 REITs,73078618200,"6,271억원",JPY
575A,Maezawa Holdings Co Ltd,52102010,산업용 기계 및 장비,73062786880,"6,270억원",JPY
3817,SRA Holdings Inc,57201010,IT 서비스 및 컨설팅,72771000000,"6,245억원",JPY
9274,KPP GROUP HOLDINGS CO.  LTD.,51301020,종이 제품,72660285204,"6,236억원",JPY
1852,Asanuma Corp,52201020,건설 및 엔지니어링,72536751320,"6,225억원",JPY
3539,JM Holdings Co Ltd,54301020,식품 소매 및 유통,72157944000,"6,192억원",JPY
7606,United Arrows Ltd,53403040,의류 및 액세서리 소매,72089830936,"6,187억원",JPY
8551,Kita-Nippon Bank Ltd,55101010,은행,72025409280,"6,181억원",JPY
6419,Mars Group Holdings Corp,53301030,카지노 및 도박,71908800000,"6,171억원",JPY
2979,SOSiLA Logistics REIT Inc,60102020,상업용 REITs,71731500000,"6,156억원",JPY
1822,Daiho Corp,52201020,건설 및 엔지니어링,71479142265,"6,134억원",JPY
6779,Nihon Dempa Kogyo Co Ltd,57104010,전자 장비 및 부품,74474108100,"6,391억원",JPY
4592,SanBio Co Ltd,56202010,생명 공학 및 의학 연구,73999821084,"6,351억원",JPY
4022,Rasa Industries Ltd,51101010,상품 화학,72768899480,"6,245억원",JPY
2393,Nippon Care Supply Co Ltd,56101020,"의료 장비, 물품 및 유통",72582487710,"6,229억원",JPY
1945,Tokyo Energy & Systems Inc,52201020,건설 및 엔지니어링,72427779360,"6,216억원",JPY
2003,Nitto Fuji Flour Milling Co Ltd,54102020,식품 가공,71924555392,"6,172억원",JPY
7818,Transaction Co Ltd,54201010,가정용 제품,71593195200,"6,144억원",JPY
255A,GLtechno Holdings Inc,57101020,반도체 장비 및 테스트,71552832900,"6,141억원",JPY
4221,Okura Industrial Co Ltd,51101010,상품 화학,71261353800,"6,116억원",JPY
1379,Hokuto Corp,54102010,어업 및 농업,71254909440,"6,115억원",JPY
3891,Nippon Kodoshi Corp,57104010,전자 장비 및 부품,71251890120,"6,115억원",JPY
3153,Yashima Denki Co Ltd,52102030,전기 부품 및 장비,71119862500,"6,103억원",JPY
9743,TANSEISHA Co.  Ltd.,52203040,경영 지원 서비스,71038112157,"6,096억원",JPY
2329,Tohokushinsha Film Corp,53302010,광고 및 마케팅,70663825008,"6,064억원",JPY
8708,Aizawa Securities Group Co Ltd,55102010,투자 은행 및 중개 서비스,70474232167,"6,048억원",JPY
9733,Nagase Brothers Inc,63103010,전문 및 비즈니스 교육,70267583916,"6,030억원",JPY
2585,LIFEDRINK COMPANY  INC.,54101030,무알콜 음료,70174273869,"6,022억원",JPY
2326,Digital Arts Inc,57201020,소프트웨어,69887685000,"5,998억원",JPY
9511,Okinawa Electric Power Co Inc,59101010,전력 유틸리티,69736757125,"5,985억원",JPY
6644,Osaki Electric Co Ltd,52102030,전기 부품 및 장비,69672012300,"5,979억원",JPY
9755,OYO Corp,52201020,건설 및 엔지니어링,69560920000,"5,970억원",JPY
6742,Kyosan Electric Manufacturing Co Ltd,57102010,통신 및 네트워킹,69505741606,"5,965억원",JPY
7128,Unisol Holdings Corp,52102010,산업용 기계 및 장비,69225893737,"5,941억원",JPY
6908,IRISO ELECTRONICS CO.  LTD.,57104010,전자 장비 및 부품,69224287570,"5,941억원",JPY
1799,Daiichi Kensetsu Corp,52201020,건설 및 엔지니어링,69041605210,"5,925억원",JPY
8935,FJ Next Holdings Co Ltd,60101010,"부동산 임대, 개발 및 운영",69015828000,"5,923억원",JPY
3763,Pro-Ship Inc,57201020,소프트웨어,68964937000,"5,918억원",JPY
3176,Sanyo Trading Co Ltd,52202010,다각적 산업용 제품 도매,68864298792,"5,910억원",JPY
8160,Kisoji Co Ltd,53301020,레스토랑 및 바,68847860268,"5,908억원",JPY
4097,Koatsu Gas Kogyo Co Ltd,51101010,상품 화학,68527089558,"5,881억원",JPY
4109,STELLA CHEMIFA CORPORATION,51101030,특수 화학제,68369016960,"5,867억원",JPY
6768,Tamura Corp,57104010,전자 장비 및 부품,68038150806,"5,839억원",JPY
4972,Soken Chemical & Engineering Co Ltd,51101030,특수 화학제,68005665000,"5,836억원",JPY
5946,Chofu Seisakusho Co Ltd,53204030,"가전제품, 도구 및 가정 용품",67896555696,"5,827억원",JPY
2986,LA Holdings Co Ltd,60101010,"부동산 임대, 개발 및 운영",67777135875,"5,816억원",JPY
1815,TEKKEN CORPORATION,52201020,건설 및 엔지니어링,67757150900,"5,815억원",JPY
1921,Tomoe Corp,52201020,건설 및 엔지니어링,67735200000,"5,813억원",JPY
4569,Kyorin Pharmaceutical Co Ltd,56201040,제약,67618683048,"5,803억원",JPY
5290,Vertex Corp,51202010,건설 자재,67480334300,"5,791억원",JPY
7366,Litalico Inc,54201030,개인 서비스,67456773232,"5,789억원",JPY
8065,Sato Sho-Ji Corp,51201020,철 및 강철,67359064500,"5,781억원",JPY
7412,Atom Corp,53301020,레스토랑 및 바,67358635356,"5,781억원",JPY
9900,Sagami Holdings Corporation,53301020,레스토랑 및 바,67209356912,"5,768억원",JPY
166A,Tasuki Holdings Inc,60101020,부동산 서비스,67106513501,"5,759억원",JPY
6638,Mimaki Engineering Co Ltd,57106010,컴퓨터 하드웨어,67027680000,"5,752억원",JPY
4552,JCR Pharmaceuticals Co.  Ltd.,56201040,제약,66918134928,"5,743억원",JPY
9517,Erex Co Ltd,59101010,전력 유틸리티,66883279932,"5,740억원",JPY
6993,Daikokuya Holdings Co Ltd,53403090,기타 전문 소매,66774938580,"5,730억원",JPY
7803,Bushiroad Inc,53302030,엔터테인먼트 제작,66595060400,"5,715억원",JPY
8167,Retail Partners Co Ltd,54301020,식품 소매 및 유통,66470634075,"5,704억원",JPY
4848,Fullcast Holdings Co Ltd,52203030,고용 서비스,66134613222,"5,676억원",JPY
2791,Daikokutenbussan Co Ltd,54301020,식품 소매 및 유통,66130944000,"5,675억원",JPY
4431,Smaregi  Inc.,57201020,소프트웨어,65777292000,"5,645억원",JPY
9928,Miroku Jyoho Service Co Ltd,57201020,소프트웨어,65775598296,"5,645억원",JPY
5262,Nippon Hume Corp,51202010,건설 자재,65738400000,"5,642억원",JPY
1938,Nippon Rietec Co Ltd,52201020,건설 및 엔지니어링,65682829955,"5,637억원",JPY
6339,Sintokogio Ltd,52102010,산업용 기계 및 장비,65551694528,"5,626억원",JPY
3733,Software Service Inc,57201010,IT 서비스 및 컨설팅,65197440000,"5,595억원",JPY
9619,Ichinen Holdings Co Ltd,55101030,소비자 대출,65156026434,"5,592억원",JPY
2705,Ootoya Holdings Co Ltd,53301020,레스토랑 및 바,64320030000,"5,520억원",JPY
2938,Okamura Foods Co Ltd,54102020,식품 가공,65627466240,"5,632억원",JPY
3232,Mie Kotsu Group Holdings Inc,60101010,"부동산 임대, 개발 및 운영",65453965630,"5,617억원",JPY
2211,Fujiya Co Ltd,54102020,식품 가공,65235187270,"5,598억원",JPY
247A,Ai Robotics Inc,54201020,개인 생활 필수 용품,64739004000,"5,556억원",JPY
7593,VT Holdings Co.  Ltd.,53403010,"자동차 차량, 부품 및 서비스 소매",64722785952,"5,554억원",JPY
4078,Sakai Chemical Industry Co Ltd,51101010,상품 화학,64557467095,"5,540억원",JPY
2108,Nippon Beet Sugar Manufacturing Co Ltd,54102020,식품 가공,64368690470,"5,524억원",JPY
4362,Nippon Fine Chemical Co Ltd,51101030,특수 화학제,63987092642,"5,491억원",JPY
8624,Ichiyoshi Securities Co Ltd,55102010,투자 은행 및 중개 서비스,63952316796,"5,488억원",JPY
7508,G-7 Holdings Inc,54301020,식품 소매 및 유통,63903608300,"5,484억원",JPY
7280,Mitsuba Corp,53101020,"자동차, 트럭 및 오토바이 부품",63831004128,"5,478억원",JPY
4619,Nihon Tokushu Toryo Co.  Ltd.,53101020,"자동차, 트럭 및 오토바이 부품",63655795200,"5,463억원",JPY
2790,Nafco Co Ltd,53403020,주택 개조 제품 및 서비스 소매,63142928000,"5,419억원",JPY
8163,SRS HOLDINGS CO. LTD.,53301020,레스토랑 및 바,62993209496,"5,406억원",JPY
9790,Fukui Computer Holdings Inc.,57201020,소프트웨어,62824500000,"5,391억원",JPY
8897,Mirarth Holdings Inc,60101010,"부동산 임대, 개발 및 운영",62762700000,"5,386억원",JPY
6387,Samco Inc,57101020,반도체 장비 및 테스트,62654042990,"5,377억원",JPY
6574,Convano Inc,54201030,개인 서비스,62626188000,"5,374억원",JPY
5988,Piolax Inc,53101020,"자동차, 트럭 및 오토바이 부품",62621429000,"5,374억원",JPY
2168,Pasona Group Inc,52203030,고용 서비스,62536106800,"5,367억원",JPY
2053,Chubushiryo Co Ltd,54102010,어업 및 농업,62505386664,"5,364억원",JPY
4886,ASKA Pharmaceutical Holdings Co Ltd,56201040,제약,62387378631,"5,354억원",JPY
3663,CELSYS Inc,57201020,소프트웨어,62035843740,"5,324억원",JPY
3692,FFRI Security Inc,57201030,온라인 서비스,61998300000,"5,321억원",JPY
8706,KYOKUTO SECURITIES CO.  LTD.,55102010,투자 은행 및 중개 서비스,61755636000,"5,300억원",JPY
9991,Gecoss Corp,53203020,건설 자재 및 비품,61744827942,"5,299억원",JPY
6200,Insource Co Ltd,63103010,전문 및 비즈니스 교육,61630689000,"5,289억원",JPY
9308,Inui Global Logistics Co Ltd,52405020,해양 화물 및 물류,61584331520,"5,285억원",JPY
8622,Mito Securities Co Ltd,55102010,투자 은행 및 중개 서비스,61550623921,"5,282억원",JPY
8005,Scroll Corporation,53402010,백화점,61501459200,"5,278억원",JPY
2288,Marudai Food Co Ltd,54102020,식품 가공,61254397691,"5,257억원",JPY
6809,TOA Corp (Hyogo),57102010,통신 및 네트워킹,61205950870,"5,253억원",JPY
4481,Base Co Ltd,57201010,IT 서비스 및 컨설팅,61061814000,"5,240억원",JPY
8338,Tsukuba Bank Ltd,55101010,은행,61007199819,"5,236억원",JPY
9348,ispace Inc,52101010,항공우주 및 방위,60869503968,"5,224억원",JPY
5243,Note Inc,57201030,온라인 서비스,60862890000,"5,223억원",JPY
6328,Ebara Jitsugyo Co Ltd,52203010,환경 서비스 및 장비,60822720000,"5,220억원",JPY
3252,Jinushi Co Ltd,60101010,"부동산 임대, 개발 및 운영",60804984300,"5,218억원",JPY
9828,Genki Global Dining Concepts Corp,53301020,레스토랑 및 바,60492603480,"5,191억원",JPY
3496,AZoom Co Ltd,57201030,온라인 서비스,60444440000,"5,187억원",JPY
3182,Oisix Inc,53402010,백화점,60433840000,"5,186억원",JPY
3371,Softcreate Holdings Corp,57201010,IT 서비스 및 컨설팅,60307558542,"5,175억원",JPY
5461,Chubu Steel Plate Co.  Ltd.,51201020,철 및 강철,59864000000,"5,137억원",JPY
2752,FUJIO FOOD GROUP INC.,53301020,레스토랑 및 바,59815553974,"5,133억원",JPY
5302,Nippon Carbon Co Ltd,52102030,전기 부품 및 장비,59754145200,"5,128억원",JPY
4082,Daiichi Kigenso Kagaku Kogyo Co Ltd,51101010,상품 화학,59731200000,"5,126억원",JPY
4832,JFE Systems Inc,57201010,IT 서비스 및 컨설팅,59714212000,"5,125억원",JPY
6309,TOMOE ENGINEERING CO. LTD.,51101010,상품 화학,59509855200,"5,107억원",JPY
5949,Unipres Corp,53101020,"자동차, 트럭 및 오토바이 부품",59451569333,"5,102억원",JPY
8200,Ringer Hut Co Ltd,53301020,레스토랑 및 바,59408908188,"5,098억원",JPY
5184,Nichirin Co Ltd,53101020,"자동차, 트럭 및 오토바이 부품",59354295000,"5,094억원",JPY
2749,JP-HOLDINGS INC.,54201030,개인 서비스,59298345000,"5,089억원",JPY
3668,Colopl Inc,57201030,온라인 서비스,59177404978,"5,078억원",JPY
4658,Nippon Air Conditioning Services Co Ltd,52203040,경영 지원 서비스,59115168000,"5,073억원",JPY
3661,M-up Holdings Inc,57201030,온라인 서비스,59051155784,"5,068억원",JPY
8081,Kanaden Corp,52102010,산업용 기계 및 장비,58657500000,"5,034억원",JPY
6425,Universal Entertainment Corp,53301010,"호텔, 모텔 및 크루즈 라인",58542350000,"5,024억원",JPY
368A,Kitazato Corp(Shizuoka),56101020,"의료 장비, 물품 및 유통",58480000000,"5,019억원",JPY
7860,Avex Inc,53302030,엔터테인먼트 제작,58167599200,"4,992억원",JPY
9028,Zero Co Ltd,52405030,지상 화물 및 물류,58124401020,"4,988억원",JPY
219A,Heartseed Inc.,56202010,생명 공학 및 의학 연구,60952878800,"5,231억원",JPY
7717,V Technology Co Ltd,57104010,전자 장비 및 부품,58736384000,"5,041억원",JPY
4475,Hennge KK,57201010,IT 서비스 및 컨설팅,58338577000,"5,007억원",JPY
3395,Saint Marc Holdings Co Ltd,53301020,레스토랑 및 바,58155716385,"4,991억원",JPY
25935,Ito En Prf Shs,54101030,무알콜 음료,58044531600,"4,981억원",JPY
3905,Datasection Inc,57201020,소프트웨어,57979124442,"4,976억원",JPY
3150,grems Inc,59101010,전력 유틸리티,57829047200,"4,963억원",JPY
2207,MEITO CO.  LTD.,54102020,식품 가공,57448392600,"4,930억원",JPY
8052,Tsubakimoto Kogyo Co Ltd,52102010,산업용 기계 및 장비,57351074394,"4,922억원",JPY
7777,3-D Matrix Ltd,56202010,생명 공학 및 의학 연구,57335703488,"4,920억원",JPY
7915,Nissha Co.  Ltd.,57104010,전자 장비 및 부품,57139159000,"4,904억원",JPY
6637,Terasaki Electric Co Ltd,52102030,전기 부품 및 장비,57071400000,"4,898억원",JPY
7326,SBI Insurance Group Co Ltd,55301010,복합보험 및 중개인,56888654760,"4,882억원",JPY
5121,Fujikura Composites Inc,53101030,타이어 및 고무 제품,56872384344,"4,881억원",JPY
1793,Ohmoto Gumi Co Ltd,52201020,건설 및 엔지니어링,56830667880,"4,877억원",JPY
2060,Feed One Co Ltd,54102010,어업 및 농업,56676809544,"4,864억원",JPY
1301,Kyokuyo Co Ltd,54102020,식품 가공,56647147270,"4,861억원",JPY
9381,AIT Corp,52405020,해양 화물 및 물류,56507836800,"4,849억원",JPY
6905,Cosel Co Ltd,52102030,전기 부품 및 장비,56466143100,"4,846억원",JPY
5821,Hirakawa Hewtech Corp,52102030,전기 부품 및 장비,56320821000,"4,833억원",JPY
3245,Dear Life Co Ltd,60101010,"부동산 임대, 개발 및 운영",56273212000,"4,829억원",JPY
5288,Asia Pile Holdings Corp,51202010,건설 자재,56258622784,"4,828억원",JPY
9278,Bookoff Group Holdings Ltd,53403090,기타 전문 소매,56135532316,"4,817억원",JPY
2395,Shin Nippon Biomedical Laboratories Ltd,56202010,생명 공학 및 의학 연구,56120475200,"4,816억원",JPY
7989,Tachikawa Corp,53204040,가정용 가구,56020192800,"4,808억원",JPY
7949,KOMATSU WALL INDUSTRY CO.  LTD.,53203020,건설 자재 및 비품,55813203400,"4,790억원",JPY
197A,TAUNS Laboratories  Inc.,56101020,"의료 장비, 물품 및 유통",55805327481,"4,789억원",JPY
1898,SEIKITOKYU KOGYO CO.  LTD.,52201020,건설 및 엔지니어링,55799939937,"4,789억원",JPY
1811,Zenitaka Corp,52201020,건설 및 엔지니어링,55663269800,"4,777억원",JPY
9639,Sankyo Frontier Co Ltd,53203010,주택 건설,55589184000,"4,771억원",JPY
6564,Midac Holdings Co Ltd,52203010,환경 서비스 및 장비,55547000000,"4,767억원",JPY
3932,Akatsuki Inc,57201030,온라인 서비스,55538235000,"4,766억원",JPY
2573,Hokkaido Coca Cola Bottling Co Ltd,54101030,무알콜 음료,55520623680,"4,765억원",JPY
6820,Icom Inc,57102010,통신 및 네트워킹,55464750000,"4,760억원",JPY
4025,Taki Chemical Co Ltd,51101020,농화학제,55428380480,"4,757억원",JPY
6333,Teikoku Corp,52102010,산업용 기계 및 장비,55387933380,"4,753억원",JPY
3482,Loadstar Capital KK,60101020,부동산 서비스,55261188000,"4,742억원",JPY
3491,GA Technologies Co Ltd,57201030,온라인 서비스,55216708675,"4,739억원",JPY
9726,KNT-CT Holdings Co Ltd,53301040,여가 및 오락시설,55099322208,"4,729억원",JPY
5563,Nippon Denko Co Ltd,51201020,철 및 강철,55067134496,"4,726억원",JPY
7388,FP Partner Inc.,55301010,복합보험 및 중개인,54921920000,"4,713억원",JPY
2975,Star Mica Holdings Co.  Ltd.,60101010,"부동산 임대, 개발 및 운영",54859338000,"4,708억원",JPY
3864,Mitsubishi Paper Mills Ltd,51301020,종이 제품,54808255425,"4,704억원",JPY
7921,Takara & Company Ltd,52203070,전문 정보 서비스,54783465345,"4,701억원",JPY
4641,Altech Corp,52203030,고용 서비스,54708981975,"4,695억원",JPY
8281,Xebio Holdings Co Ltd,53403090,기타 전문 소매,54666477243,"4,691억원",JPY
6958,CMK Corp,57101010,반도체,54572179230,"4,683억원",JPY
7244,Ichikoh Industries Ltd,53101020,"자동차, 트럭 및 오토바이 부품",54514848205,"4,678억원",JPY
2698,Can Do Co Ltd,54301020,식품 소매 및 유통,54503150000,"4,677억원",JPY
5889,Japan Eyewear Holdings Co Ltd,56101020,"의료 장비, 물품 및 유통",54477301620,"4,675억원",JPY
9416,Vision Inc,57401010,통합 통신 서비스,54453363400,"4,673억원",JPY
9823,Mammy Mart Holding Corporation,54301020,식품 소매 및 유통,54415836720,"4,670억원",JPY
9856,KU Holdings Co Ltd,53403010,"자동차 차량, 부품 및 서비스 소매",54319135544,"4,662억원",JPY
3284,Hoosiers Holdings Co Ltd,60101010,"부동산 임대, 개발 및 운영",54296807500,"4,660억원",JPY
3854,I'LL Inc,57201010,IT 서비스 및 컨설팅,54166988064,"4,649억원",JPY
4027,Tayca Corp,51101010,상품 화학,54078017040,"4,641억원",JPY
4343,Aeon Fantasy Co Ltd,53301040,여가 및 오락시설,54070013625,"4,640억원",JPY
7990,Globeride Inc,53205020,오락용 제품,53855501800,"4,622억원",JPY
6357,Sansei Technologies Inc,52102010,산업용 기계 및 장비,53607794061,"4,601억원",JPY
262A,Intermestic Inc,53403090,기타 전문 소매,53393510300,"4,582억원",JPY
8558,Towa Bank Ltd,55101010,은행,54200447595,"4,651억원",JPY
6140,Asahi Diamond Industrial Co Ltd,52102010,산업용 기계 및 장비,53951020000,"4,630억원",JPY
4390,IPS Inc,57401010,통합 통신 서비스,53916376000,"4,627억원",JPY
7245,Daido Metal Co.  Ltd.,53101020,"자동차, 트럭 및 오토바이 부품",53650365637,"4,604억원",JPY
299A,Kurashiru  Inc.,57201020,소프트웨어,53316277920,"4,575억원",JPY
6266,Tazmo Co Ltd,57101020,반도체 장비 및 테스트,53284050860,"4,573억원",JPY
7102,Nippon Sharyo Ltd,52102020,중장비 및 차량,53270293560,"4,572억원",JPY
7914,Kyodo Printing Co Ltd,52203020,상업 인쇄 서비스,53220000000,"4,567억원",JPY
9946,Ministop Co Ltd,54301020,식품 소매 및 유통,53047229844,"4,552억원",JPY
9474,Zenrin Co Ltd,53302040,소비자 출판,53003762625,"4,549억원",JPY
277A,Globe-ing Inc.,52203040,경영 지원 서비스,53003160000,"4,549억원",JPY
7537,Marubun Corp,57101010,반도체,52596000000,"4,514억원",JPY
4992,Hokko Chemical Industry Co Ltd,51101020,농화학제,52497364210,"4,505억원",JPY
9552,Quants Research Institute Holdings  Inc.,55102010,투자 은행 및 중개 서비스,52368396751,"4,494억원",JPY
3660,istyle Inc.,53402010,백화점,52357603170,"4,493억원",JPY
8614,Toyo Securities Co Ltd,55102010,투자 은행 및 중개 서비스,52305318852,"4,489억원",JPY
2226,Koike-Ya Inc,54102020,식품 가공,52229650000,"4,482억원",JPY
5541,Pacific Metals Co Ltd,51201050,특수 채굴 및 금속,52212048357,"4,481억원",JPY
5445,Tokyo Tekko Co Ltd,51201020,철 및 강철,52191984900,"4,479억원",JPY
6264,Marumae Co Ltd,57104010,전자 장비 및 부품,52099725600,"4,471억원",JPY
8979,Starts Proceed Investment Corp,60102030,주거용 REITs,52085748000,"4,470억원",JPY
5304,SEC Carbon Ltd,52102030,전기 부품 및 장비,51942793400,"4,458억원",JPY
1929,Nittoc Construction Co Ltd,52201020,건설 및 엔지니어링,51868262658,"4,451억원",JPY
8285,Mitani Sangyo Co Ltd,52202010,다각적 산업용 제품 도매,51765355000,"4,442억원",JPY
4687,TDC Soft Inc,57201010,IT 서비스 및 컨설팅,51755924000,"4,442억원",JPY
2429,World Holdings Co Ltd,52203030,고용 서비스,51755083900,"4,442억원",JPY
5410,Godo Steel Ltd,51201020,철 및 강철,51692811165,"4,436억원",JPY
1967,Yamato Corp,52201020,건설 및 엔지니어링,51247132848,"4,398억원",JPY
2751,Tenpos Holdings Co Ltd,53204030,"가전제품, 도구 및 가정 용품",51246984000,"4,398억원",JPY
9081,Kanagawa Chuo Kotsu Co.  Ltd.,52406020,지상 및 해상 여객 운송,51219000000,"4,396억원",JPY
8713,Fidea Holdings Co Ltd,55101010,은행,51051931308,"4,381억원",JPY
287A,Kuroda Group Co.  Ltd.,57104010,전자 장비 및 부품,51029105160,"4,379억원",JPY
4258,Amiya Corp,57201020,소프트웨어,50774800000,"4,357억원",JPY
8008,Yondoshi Holdings Inc,53202020,의류 및 액세서리,50755208616,"4,356억원",JPY
8864,AIRPORT FACILITIES CO.  LTD.,60101010,"부동산 임대, 개발 및 운영",50602178550,"4,343억원",JPY
9661,Kabuki-Za Co Ltd,60101010,"부동산 임대, 개발 및 운영",50566350000,"4,340억원",JPY
4051,GMO Financial Gate Inc,52203040,경영 지원 서비스,50537248800,"4,337억원",JPY
7447,Nagaileben Co Ltd,56101020,"의료 장비, 물품 및 유통",50529984000,"4,336억원",JPY
6824,New Cosmos Electric Co Ltd,52203060,비즈니스 지원 용품,50495220000,"4,333억원",JPY
1813,Fudo Tetra Corporation,52201020,건설 및 엔지니어링,50375489710,"4,323억원",JPY
6289,Giken Ltd,52102020,중장비 및 차량,50322743664,"4,319억원",JPY
6718,Aiphone Co Ltd,57102010,통신 및 네트워킹,50309280000,"4,317억원",JPY
2780,Komehyo Holdings Co Ltd,53403090,기타 전문 소매,50262505000,"4,313억원",JPY
6088,SIGMAXYZ Holdings Inc,52203040,경영 지원 서비스,50210708160,"4,309억원",JPY
1847,Ichiken Co Ltd,52201020,건설 및 엔지니어링,49970984000,"4,288억원",JPY
3679,ZIGExN Co Ltd,57201030,온라인 서비스,49500000000,"4,248억원",JPY
1786,Oriental Shiraishi Corp,52201020,건설 및 엔지니어링,49416146400,"4,241억원",JPY
6247,Hisaka Works Ltd,52102010,산업용 기계 및 장비,49391683200,"4,239억원",JPY
3040,Soliton Systems KK,57201030,온라인 서비스,49327481112,"4,233억원",JPY
4554,Fuji Pharma Co Ltd,56201040,제약,49286822700,"4,230억원",JPY
75505,Zensho Hldg P-1 Prf Shs,53301020,레스토랑 및 바,49280000000,"4,229억원",JPY
2908,Fujicco Co Ltd,54102020,식품 가공,49223143242,"4,224억원",JPY
409A,Orion Breweries Ltd,54101010,양조업,49164331200,"4,219억원",JPY
3451,Tosei Reit Investment Corp,60102010,복합부동산 REITs,49100572500,"4,214억원",JPY
1887,JDC CORPORATION,52201020,건설 및 엔지니어링,49090250000,"4,213억원",JPY
2972,Sankei Real Estate Inc,60102020,상업용 REITs,49045395000,"4,209억원",JPY
2931,Euglena Co Ltd,54102020,식품 가공,48832616700,"4,191억원",JPY
1827,Nakano Corp,52201020,건설 및 엔지니어링,48607818673,"4,171억원",JPY
5976,Neturen Co Ltd,51201020,철 및 강철,48584797400,"4,169억원",JPY
2918,Warabeya Nichiyo Holdings Co Ltd,54102020,식품 가공,47888918220,"4,110억원",JPY
4092,Nippon Chemical Industrial Co Ltd,51101010,상품 화학,51395184000,"4,411억원",JPY
4318,Quick Co Ltd,52203030,고용 서비스,48974056248,"4,203억원",JPY
5027,AnyMind Group Inc,53302010,광고 및 마케팅,48508054000,"4,163억원",JPY
8141,Shinko Shoji Co. Ltd.,57101010,반도체,48500525224,"4,162억원",JPY
135A,Vrain Solution Inc,57201010,IT 서비스 및 컨설팅,48305760000,"4,146억원",JPY
1930,Hokuriku Electrical Construction Co Ltd,52201020,건설 및 엔지니어링,48182097528,"4,135억원",JPY
4894,Cuorips Inc,56201040,제약,48170487120,"4,134억원",JPY
4718,Waseda Academy Co Ltd,63101010,기타 교육 서비스 제공,48158540916,"4,133억원",JPY
7480,Suzuden Corp,52102030,전기 부품 및 장비,48147250000,"4,132억원",JPY
9305,Yamatane Corp,54301020,식품 소매 및 유통,48122015802,"4,130억원",JPY
9837,Morito Co Ltd,53202020,의류 및 액세서리,48052400000,"4,124억원",JPY
1888,Wakachiku Construction Co Ltd,52201020,건설 및 엔지니어링,47905649135,"4,111억원",JPY
4659,AJIS Co Ltd,52203040,경영 지원 서비스,47608704000,"4,086억원",JPY
8151,Toyo Corp,52102010,산업용 기계 및 장비,47526870000,"4,079억원",JPY
4323,Japan System Techniques Co Ltd,57201020,소프트웨어,47513027960,"4,077억원",JPY
9470,Gakken Holdings Co Ltd,63101010,기타 교육 서비스 제공,47489758848,"4,075억원",JPY
9880,INNOTECH CORPORATION,57201010,IT 서비스 및 컨설팅,47470500000,"4,074억원",JPY
7438,Kondotec Inc,53203020,건설 자재 및 비품,47419920000,"4,069억원",JPY
2216,Kanro Inc,54102020,식품 가공,47198546388,"4,050억원",JPY
6145,Nittoku Co Ltd,52102010,산업용 기계 및 장비,47183892261,"4,049억원",JPY
4275,Carlit Co Ltd,51101010,상품 화학,47165873600,"4,048억원",JPY
4968,Arakawa Chemical Industries Ltd,51101010,상품 화학,47087472000,"4,041억원",JPY
1375,Yukiguni Factory Co Ltd,54102010,어업 및 농업,47054715300,"4,038억원",JPY
9632,Subaru Enterprise Co Ltd,52201020,건설 및 엔지니어링,46917750000,"4,026억원",JPY
6062,Charm Care Corp,56102010,의료 시설 및 서비스,46876296000,"4,023억원",JPY
3093,Treasure Factory Co Ltd,53403090,기타 전문 소매,46747776000,"4,012억원",JPY
4743,ITFor Inc,57201010,IT 서비스 및 컨설팅,46696608700,"4,007억원",JPY
4611,Dai Nippon Toryo Co Ltd,51101010,상품 화학,46586343104,"3,998억원",JPY
212A,Fit Easy Inc,53301040,여가 및 오락시설,46543541120,"3,994억원",JPY
4094,Nihon Kagaku Sangyo Co Ltd,51101030,특수 화학제,46502040000,"3,991억원",JPY
8699,HS Holdings Co Ltd,55101010,은행,46441269000,"3,985억원",JPY
6231,Kimura Kohki Co Ltd,52102030,전기 부품 및 장비,46149510000,"3,960억원",JPY
4719,Alpha Systems Inc,57201020,소프트웨어,46021610000,"3,949억원",JPY
147A,SORACOM  INC.,57201010,IT 서비스 및 컨설팅,45923471036,"3,941억원",JPY
8142,Toho Co Ltd (Hyogo),54301020,식품 소매 및 유통,45854659224,"3,935억원",JPY
296A,Reiwa Accounting Holdings Co Ltd,52203040,경영 지원 서비스,45825000000,"3,933억원",JPY
2325,NJS Co Ltd,52203010,환경 서비스 및 장비,45668160000,"3,919억원",JPY
7840,France Bed Holdings Co Ltd,56101020,"의료 장비, 물품 및 유통",45623467500,"3,915억원",JPY
7749,Medikit Co Ltd,56101020,"의료 장비, 물품 및 유통",45575600000,"3,911억원",JPY
6630,Ya-Man Ltd,54201020,개인 생활 필수 용품,45570475280,"3,911억원",JPY
2594,Key Coffee Inc,54102020,식품 가공,45559512000,"3,910억원",JPY
8914,Arealink Co Ltd,60101010,"부동산 임대, 개발 및 운영",45500204400,"3,905억원",JPY
3475,Good Com Asset Co Ltd,60101010,"부동산 임대, 개발 및 운영",45356652000,"3,892억원",JPY
2820,Yamami Co,54102020,식품 가공,45288750000,"3,887억원",JPY
5834,SBI Leasing Services Co Ltd,55101050,기업 금융 서비스,45200168000,"3,879억원",JPY
9368,Kimura Unity Co Ltd,52405010,"배달, 우편, 항공 화물 및 육상 물류",45157008400,"3,875억원",JPY
6785,Suzuki Co Ltd,52102030,전기 부품 및 장비,45085772000,"3,869억원",JPY
3561,Chikaranomoto Holdings Co Ltd,53301020,레스토랑 및 바,45063633600,"3,867억원",JPY
9742,INES Corp,57201010,IT 서비스 및 컨설팅,44955900000,"3,858억원",JPY
5959,Okabe Co Ltd,53203020,건설 자재 및 비품,44926100400,"3,855억원",JPY
6310,Iseki&Co Ltd,52102020,중장비 및 차량,44912676322,"3,854억원",JPY
1810,Matsui Construction Co Ltd,52201020,건설 및 엔지니어링,44860860000,"3,850억원",JPY
9052,Sanyo Electric Railway Co Ltd,52406020,지상 및 해상 여객 운송,44817510186,"3,846억원",JPY
4931,Shinnihonseiyaku Co Ltd,53402010,백화점,44606463200,"3,828억원",JPY
7510,Takebishi Corp,52102030,전기 부품 및 장비,44549248000,"3,823억원",JPY
7723,Aichi Tokei Denki Co Ltd,52102010,산업용 기계 및 장비,44486700000,"3,818억원",JPY
6099,Elan Corp,56102010,의료 시설 및 서비스,44480400000,"3,817억원",JPY
5659,Nippon Seisen Co Ltd,51201020,철 및 강철,44177713470,"3,791억원",JPY
3196,Hotland Holdings Co Ltd,53301020,레스토랑 및 바,43857116800,"3,764억원",JPY
6272,Rheon Automatic Machinery Co Ltd,52102010,산업용 기계 및 장비,43468152000,"3,730억원",JPY
9539,Keiyo Gas Co Ltd,59102010,천연가스 유틸리티,44811630000,"3,846억원",JPY
4771,F&M Co.  Ltd.,52203040,경영 지원 서비스,44471752000,"3,816억원",JPY
3010,Polaris Holdings Co Ltd,53301010,"호텔, 모텔 및 크루즈 라인",44239783014,"3,797억원",JPY
5757,CK San-Etsu Co Ltd,51201050,특수 채굴 및 금속,44024655000,"3,778억원",JPY
9896,JK Holdings Co Ltd,51202010,건설 자재,43952662656,"3,772억원",JPY
4377,One Career Inc,57201030,온라인 서비스,43803793440,"3,759억원",JPY
256A,Tobishima Holdings Inc,52201020,건설 및 엔지니어링,43777301436,"3,757억원",JPY
6788,Nihon Trim Co Ltd,53204030,"가전제품, 도구 및 가정 용품",43630171200,"3,744억원",JPY
325A,TENTIAL Inc.,53202020,의류 및 액세서리,43629218871,"3,744억원",JPY
3836,Avant Group Corp,57201010,IT 서비스 및 컨설팅,43427813973,"3,727억원",JPY
3455,Healthcare & Medical Investment Corporation,60102040,특수 REITs,43426368000,"3,727억원",JPY
3431,Miyaji Engineering Group Inc,52201020,건설 및 엔지니어링,43398815488,"3,724억원",JPY
3844,Comture Corp,57201010,IT 서비스 및 컨설팅,43268227200,"3,713억원",JPY
6625,JALCO Holdings Inc.,60101010,"부동산 임대, 개발 및 운영",43209131424,"3,708억원",JPY
6078,Value HR Co Ltd,56102010,의료 시설 및 서비스,43102039200,"3,699억원",JPY
1514,Sumiseki Holdings Inc,50101010,석탄,42955403067,"3,686억원",JPY
7463,Advan Group Co Ltd,51202010,건설 자재,42879565080,"3,680억원",JPY
1736,Otec Corp,53203020,건설 자재 및 비품,42750000000,"3,669억원",JPY
5261,Resol Holdings Co Ltd,53301010,"호텔, 모텔 및 크루즈 라인",42733056000,"3,667억원",JPY
5989,H-One Co Ltd,53101020,"자동차, 트럭 및 오토바이 부품",42674423490,"3,662억원",JPY
6144,Seibu Electric & Machinery Co Ltd,52102010,산업용 기계 및 장비,42614760000,"3,657억원",JPY
4462,Ishihara Chemical Co Ltd,51101030,특수 화학제,42460611360,"3,644억원",JPY
4820,EM Systems Co Ltd,57201020,소프트웨어,42308880000,"3,631억원",JPY
5218,Ohara Inc,57104010,전자 장비 및 부품,42196100000,"3,621억원",JPY
4933,I-ne Co Ltd,54201020,개인 생활 필수 용품,42165309900,"3,619억원",JPY
2676,Takachiho Koheki Co Ltd,57104010,전자 장비 및 부품,42151939200,"3,617억원",JPY
8844,Cosmos Initia Co Ltd,60101010,"부동산 임대, 개발 및 운영",42151645217,"3,617억원",JPY
7607,Shinwa Co Ltd,52102010,산업용 기계 및 장비,42136722950,"3,616억원",JPY
7971,Toli Corp,53203020,건설 자재 및 비품,41970215802,"3,602억원",JPY
8150,Sanshin Electronics Co Ltd,57101010,반도체,41957483700,"3,601억원",JPY
5013,Yushiro Inc,51101010,상품 화학,41908695975,"3,597억원",JPY
3299,MUGEN ESTATE Co.  Ltd.,60101010,"부동산 임대, 개발 및 운영",41852198000,"3,592억원",JPY
6238,FuRyu Corp,53205010,장난감 및 어린이 제품,41849784000,"3,591억원",JPY
8011,Sanyo Shokai Ltd,53202020,의류 및 액세서리,41848627536,"3,591억원",JPY
6675,Saxa Inc,57102010,통신 및 네트워킹,41666386464,"3,576억원",JPY
8704,Traders Holdings Co Ltd,55102010,투자 은행 및 중개 서비스,41590414976,"3,569억원",JPY
9906,Fujii Sangyo Corp,52102030,전기 부품 및 장비,41541500000,"3,565억원",JPY
4249,Moriroku Co Ltd,51101010,상품 화학,41486390000,"3,560억원",JPY
6249,Gamecard Holdings Inc,53301030,카지노 및 도박,41430910800,"3,556억원",JPY
7678,Asakuma Co Ltd,53301020,레스토랑 및 바,41356953600,"3,549억원",JPY
4337,Pia Corp,53301040,여가 및 오락시설,41334064894,"3,547억원",JPY
4593,Healios KK,56202010,생명 공학 및 의학 연구,41040668800,"3,522억원",JPY
3355,Kuriyama Holdings Corp,51101010,상품 화학,40987767600,"3,517억원",JPY
7637,Hakudo Co Ltd,51201030,알루미늄,40909024485,"3,511억원",JPY
6817,Sumida Corp,57104010,전자 장비 및 부품,40904652978,"3,510억원",JPY
5074,Tess Holdings Co Ltd,59101010,전력 유틸리티,40836153710,"3,504억원",JPY
8596,Kyushu Leasing Service Co Ltd,55101050,기업 금융 서비스,40771179554,"3,499억원",JPY
7460,Yagi & Co Ltd,53202010,직물 및 가죽제품,40512300000,"3,477억원",JPY
5408,Nakayama Steel Works Ltd,51201020,철 및 강철,40496882352,"3,475억원",JPY
2792,Honeys Holdings Co Ltd,53403040,의류 및 액세서리 소매,40315500000,"3,460억원",JPY
4218,Nichiban Co Ltd,52203060,비즈니스 지원 용품,40293945658,"3,458억원",JPY
6823,Rion Co Ltd,56101020,"의료 장비, 물품 및 유통",40279256000,"3,457억원",JPY
5632,Mitsubishi Steel Mfg. Co.  Ltd.,51201020,철 및 강철,40233228048,"3,453억원",JPY
3276,Japan Property Management Center Co Ltd,60101010,"부동산 임대, 개발 및 운영",40219386400,"3,452억원",JPY
6306,Nikko Co Ltd,52102020,중장비 및 차량,40200000000,"3,450억원",JPY
3843,FreeBit Co Ltd,57401010,통합 통신 서비스,40155010000,"3,446억원",JPY
7937,Tsutsumi Jewelry Co Ltd,53202020,의류 및 액세서리,40075320000,"3,439억원",JPY
6223,Seibu Giken Co Ltd,52102010,산업용 기계 및 장비,39975000000,"3,431억원",JPY
8103,MEIWA CORPORATION,51101010,상품 화학,39888743600,"3,423억원",JPY
9115,Meiji Shipping Group Co Ltd,52405020,해양 화물 및 물류,39240000000,"3,367억원",JPY
4847,Intelligent Wave Inc,57201010,IT 서비스 및 컨설팅,40300200000,"3,458억원",JPY
9740,Central Security Patrols Co Ltd,52203040,경영 지원 서비스,40019885092,"3,434억원",JPY
6994,Shizuki Electric Co Inc,52102030,전기 부품 및 장비,39937691624,"3,427억원",JPY
4477,Base Inc,57201030,온라인 서비스,39744990409,"3,411억원",JPY
8018,Sankyo Seiko Co Ltd,53202020,의류 및 액세서리,39698000000,"3,407억원",JPY
9739,NSW Inc,57201010,IT 서비스 및 컨설팅,39678700000,"3,405억원",JPY
545A,Toranvia Co Ltd,57201020,소프트웨어,39581143519,"3,397억원",JPY
4923,Cota Co Ltd,54201020,개인 생활 필수 용품,39559849992,"3,395억원",JPY
7383,Net Protections Holdings  Inc.,52203040,경영 지원 서비스,39454037172,"3,386억원",JPY
2669,Kanemi Co.  Ltd.,54102020,식품 가공,39450000000,"3,386억원",JPY
4725,CAC Holdings Corp,57201010,IT 서비스 및 컨설팅,39316239600,"3,374억원",JPY
6083,ERI Holdings Co Ltd,60101020,부동산 서비스,39052346400,"3,351억원",JPY
2268,B-R 31 Ice Cream Co Ltd,53301020,레스토랑 및 바,39012220930,"3,348억원",JPY
7059,COPRO-HOLDINGS. Co.  Ltd.,52203030,고용 서비스,38840000000,"3,333억원",JPY
3183,Win-Partners Co Ltd,56101020,"의료 장비, 물품 및 유통",38830713630,"3,332억원",JPY
2498,Oriental Consultants Holdings Co Ltd,52201020,건설 및 엔지니어링,38809583600,"3,331억원",JPY
7522,Watami Co Ltd,53301020,레스토랑 및 바,38757871040,"3,326억원",JPY
4548,Seikagaku Corp,56201040,제약,38747211426,"3,325억원",JPY
6369,Toyo Kanetsu KK,52102010,산업용 기계 및 장비,38735401272,"3,324억원",JPY
590A,Giftee Group Inc,57201010,IT 서비스 및 컨설팅,38644275005,"3,316억원",JPY
9658,Business Brain Showa-Ota Inc.,57201010,IT 서비스 및 컨설팅,38643770400,"3,316억원",JPY
1814,DAISUE CONSTRUCTION CO.  LTD.,52201020,건설 및 엔지니어링,38582707875,"3,311억원",JPY
7071,Amvis Holdings  Inc.,56102010,의료 시설 및 서비스,38558016000,"3,309억원",JPY
4577,Daito Pharmaceutical Co Ltd,56201040,제약,38463555040,"3,301억원",JPY
9622,Space Co Ltd,52201020,건설 및 엔지니어링,38410860636,"3,296억원",JPY
9795,Step Co Ltd,63101010,기타 교육 서비스 제공,38374340000,"3,293억원",JPY
6932,Endo Lighting Corp,53203020,건설 자재 및 비품,38344552995,"3,291억원",JPY
2971,Escon Japan Reit Investment Corp,60102010,복합부동산 REITs,38338902100,"3,290억원",JPY
6071,IBJ Inc.,54201030,개인 서비스,38305641600,"3,287억원",JPY
2980,SRE Holdings Corporation,60101020,부동산 서비스,38257623165,"3,283억원",JPY
4375,Safie Inc,57201020,소프트웨어,38142613783,"3,273억원",JPY
2910,Rock Field Co Ltd,54102020,식품 가공,38066810908,"3,267억원",JPY
2831,Hagoromo Foods Corp,54102020,식품 가공,38048970025,"3,265억원",JPY
2923,Sato Foods Co Ltd,54102020,식품 가공,37913985000,"3,254억원",JPY
3989,Sharingtechnology Inc,57201030,온라인 서비스,37744041000,"3,239억원",JPY
4709,ID Holdings Corp,57201010,IT 서비스 및 컨설팅,37629691008,"3,229억원",JPY
7198,SBI Aruhi Corp,55101030,소비자 대출,37558222800,"3,223억원",JPY
8139,Nagahori Corp,53202020,의류 및 액세서리,37538815488,"3,222억원",JPY
4229,Gun Ei Chemical Industry Co Ltd,51101030,특수 화학제,37477952820,"3,216억원",JPY
6191,AirTrip Corp,53301040,여가 및 오락시설,37437274860,"3,213억원",JPY
7874,Lec Inc,54201010,가정용 제품,37402033200,"3,210억원",JPY
6418,Japan Cash Machine Co Ltd,57105010,사무기기,37387540260,"3,209억원",JPY
9405,Asahi Broadcasting Group Holdings Corp,53302020,방송,36980372000,"3,174억원",JPY
9441,Bell-Park Co Ltd,53403050,컴퓨터 및 전자 제품 소매,36905746680,"3,167억원",JPY
7409,AeroEdge Co Ltd,52101010,항공우주 및 방위,36898867308,"3,167억원",JPY
5902,Hokkan Holdings Ltd,51302010,용기(종이 제외) 및 포장재,36865712219,"3,164억원",JPY
9845,Parker Corp,51101010,상품 화학,36691187788,"3,149억원",JPY
9438,MTI Ltd,57201030,온라인 서비스,36684166400,"3,148억원",JPY
6677,SK-Electronics Co Ltd,57101010,반도체,36663090000,"3,146억원",JPY
6430,Daikoku Denki Co.  Ltd,53301030,카지노 및 도박,36622118912,"3,143억원",JPY
4714,Riso Kyoiku Group Corp,63101010,기타 교육 서비스 제공,36594711867,"3,140억원",JPY
2221,Iwatsuka Confectionery Co Ltd,54102020,식품 가공,36569500000,"3,138억원",JPY
5464,Mory Industries Inc,51201020,철 및 강철,36501986000,"3,133억원",JPY
8364,Shimizu Bank Ltd,55101010,은행,36437325340,"3,127억원",JPY
6240,Yamashin-Filter Corp,52102010,산업용 기계 및 장비,36368008560,"3,121억원",JPY
2674,Hard Off Corporation Co Ltd,53403090,기타 전문 소매,36210630000,"3,108억원",JPY
3857,LAC Co Ltd,57201010,IT 서비스 및 컨설팅,36174846720,"3,104억원",JPY
7482,Shimojima Co Ltd,51302010,용기(종이 제외) 및 포장재,36086582476,"3,097억원",JPY
2989,Tokaido REIT Inc,60102020,상업용 REITs,35813468800,"3,073억원",JPY
3463,Ichigo Hotel REIT Investment Corp,60102040,특수 REITs,35467058700,"3,044억원",JPY
6862,Minato Holdings Inc,57101010,반도체,41055198520,"3,523억원",JPY
6521,OXIDE Corporation,57104010,전자 장비 및 부품,38725792110,"3,323억원",JPY
523A,Seiwa Holdings Co Ltd,52102010,산업용 기계 및 장비,36418513800,"3,125억원",JPY
3798,ULS Group Inc,57201010,IT 서비스 및 컨설팅,36102370000,"3,098억원",JPY
7414,Onoken Co Ltd,51201020,철 및 강철,36052815155,"3,094억원",JPY
2475,WDB Holdings Co Ltd,52203030,고용 서비스,35766980000,"3,069억원",JPY
6485,Maezawa Kyuso Industries Co Ltd,52102010,산업용 기계 및 장비,35733000000,"3,067억원",JPY
6668,Adtec Plasma Technology Co Ltd,57101020,반도체 장비 및 테스트,35717760000,"3,065억원",JPY
402A,Axelspace Holdings Corporation,52101010,항공우주 및 방위,35675084000,"3,062억원",JPY
4112,Hodogaya Chemical Co Ltd,51101030,특수 화학제,35539578624,"3,050억원",JPY
1904,Taisei Oncho Co Ltd,52201020,건설 및 엔지니어링,35513632920,"3,048억원",JPY
4792,Yamada Consulting Group Co Ltd,52203040,경영 지원 서비스,35494464000,"3,046억원",JPY
4345,CTS Co Ltd,52203040,경영 지원 서비스,35448000000,"3,042억원",JPY
3159,Maruzen CHI Holdings Co Ltd,53403090,기타 전문 소매,35263106385,"3,026억원",JPY
4951,ST Corp,54201010,가정용 제품,35190000000,"3,020억원",JPY
4826,Computer Institute of Japan  Ltd.,57201010,IT 서비스 및 컨설팅,35185470384,"3,020억원",JPY
4463,Nicca Chemical Co Ltd,51101030,특수 화학제,35136640000,"3,015억원",JPY
4072,Densan System Holdings Co Ltd,57201010,IT 서비스 및 컨설팅,34994193480,"3,003억원",JPY
7760,IMV Corp,52102010,산업용 기계 및 장비,34931452960,"2,998억원",JPY
8929,Aoyama Zaisan Networks Company Limited,60101020,부동산 서비스,34883575492,"2,994억원",JPY
9908,Nihon Denkei Co Ltd,52102010,산업용 기계 및 장비,34864595650,"2,992억원",JPY
7475,Albis Co Ltd,54301020,식품 소매 및 유통,34848561390,"2,991억원",JPY
7955,Cleanup Corp,53203020,건설 자재 및 비품,34766024796,"2,984억원",JPY
2153,E J Holdings Inc,52201020,건설 및 엔지니어링,34754537720,"2,983억원",JPY
4685,Ryoyu Systems Co Ltd,57201010,IT 서비스 및 컨설팅,34724760405,"2,980억원",JPY
3139,Lacto Japan Co Ltd,54301020,식품 소매 및 유통,34723441000,"2,980억원",JPY
2114,Fuji Nihon Corp,54102020,식품 가공,34668807600,"2,975억원",JPY
7500,Nishikawa Keisoku Co Ltd,52102030,전기 부품 및 장비,34667997500,"2,975억원",JPY
9629,PCA Corp,57201020,소프트웨어,34628000000,"2,972억원",JPY
6648,Kawaden Corp,52102030,전기 부품 및 장비,34604960000,"2,970억원",JPY
9955,Yonkyu Co Ltd,54102010,어업 및 농업,34595223332,"2,969억원",JPY
4392,Future Innovation Group Inc,52102010,산업용 기계 및 장비,34534709878,"2,964억원",JPY
9319,Chuo Warehouse Co Ltd,52405030,지상 화물 및 물류,34469333776,"2,958억원",JPY
7596,Uoriki Co Ltd,54301020,식품 소매 및 유통,34459340000,"2,957억원",JPY
7774,Japan Tissue Engineering Co Ltd,56101020,"의료 장비, 물품 및 유통",34437449600,"2,955억원",JPY
3825,Remixpoint  inc.,59101010,전력 유틸리티,34429348800,"2,955억원",JPY
3333,Asahi Co Ltd,53403090,기타 전문 소매,34427929600,"2,955억원",JPY
4763,Creek & River Co Ltd,52203040,경영 지원 서비스,34375446000,"2,950억원",JPY
6137,KOIKE SANSO KOGYO CO. LTD.,52102010,산업용 기계 및 장비,34193373480,"2,934억원",JPY
5357,Yotai Refractories Co Ltd,51202010,건설 자재,34191530000,"2,934억원",JPY
2915,Kenko Mayonnaise Co Ltd,54102020,식품 가공,34088844000,"2,925억원",JPY
6986,Futaba Corp,52102030,전기 부품 및 장비,34068671417,"2,924억원",JPY
8185,Chiyoda Co Ltd,53403040,의류 및 액세서리 소매,34050161436,"2,922억원",JPY
4064,Nippon Carbide Industries Co Inc,51101010,상품 화학,33769477515,"2,898억원",JPY
8217,Okuwa Co. ltd,54301020,식품 소매 및 유통,33717586788,"2,894억원",JPY
6151,Nitto Kohki Co Ltd,52102010,산업용 기계 및 장비,33616138725,"2,885억원",JPY
5484,Tohoku Steel Co Ltd,51201020,철 및 강철,33559750000,"2,880억원",JPY
3393,Startia Holdings Inc,57201010,IT 서비스 및 컨설팅,33383704000,"2,865억원",JPY
6915,Chiyoda Integre Co Ltd,57104010,전자 장비 및 부품,33364238985,"2,863억원",JPY
7932,Nippi Inc,54102020,식품 가공,33339060000,"2,861억원",JPY
9913,Nippo Ltd,57104010,전자 장비 및 부품,33314783700,"2,859억원",JPY
3221,Yossix Holdings Co Ltd,53301020,레스토랑 및 바,33258810000,"2,854억원",JPY
4595,Mizuho Medy Co Ltd,56101020,"의료 장비, 물품 및 유통",33244344000,"2,853억원",JPY
4301,Amuse Inc,53302030,엔터테인먼트 제작,33236729080,"2,852억원",JPY
8101,GSI Creos Corp,53202010,직물 및 가죽제품,33065188156,"2,838억원",JPY
6706,DKK Co Ltd,57102010,통신 및 네트워킹,32967000000,"2,829억원",JPY
7679,Yakuodo Holdings Co Ltd,54301010,의약품 소매,32749023321,"2,810억원",JPY
9284,Canadian Solar Infrastructure Fund Inc,55501030,폐쇄형 펀드,32636148000,"2,801억원",JPY
3486,Global Link Management Inc,60101010,"부동산 임대, 개발 및 운영",32488119900,"2,788억원",JPY
6222,Shima Seiki Mfg. Ltd,52102010,산업용 기계 및 장비,32259600000,"2,768억원",JPY
6232,ACSL Ltd,52101010,항공우주 및 방위,33205958652,"2,850억원",JPY
2349,Nippon Information Development Co Ltd,57201010,IT 서비스 및 컨설팅,33088352760,"2,840억원",JPY
6850,Chino Corporation,52102030,전기 부품 및 장비,33021573656,"2,834억원",JPY
3741,Systems Engineering Consultants Co Ltd,57201020,소프트웨어,32972800000,"2,830억원",JPY
8291,Nissan Tokyo Sales Holdings Co Ltd,53403010,"자동차 차량, 부품 및 서비스 소매",32947140548,"2,827억원",JPY
619A,OLIVER CORPORATION,53204040,가정용 가구,32900000000,"2,823억원",JPY
9628,SAN HOLDINGS  INC.,54201030,개인 서비스,32742600000,"2,810억원",JPY
5574,ABEJA Inc,57201010,IT 서비스 및 컨설팅,32652019820,"2,802억원",JPY
6470,Taiho Kogyo Co Ltd,53101020,"자동차, 트럭 및 오토바이 부품",32614806926,"2,799억원",JPY
8789,FinTech Global Inc,55102010,투자 은행 및 중개 서비스,32614115400,"2,799억원",JPY
4979,OAT Agrio Co Ltd,51101020,농화학제,32452032000,"2,785억원",JPY
3771,System Research Co Ltd,57201010,IT 서비스 및 컨설팅,32353200000,"2,776억원",JPY
5845,Zenhoren Co Ltd,55101030,소비자 대출,32278962800,"2,770억원",JPY
5038,eWeLL Co Ltd,57201020,소프트웨어,32223502220,"2,765억원",JPY
9640,Saison Technology Co.  Ltd.,57201010,IT 서비스 및 컨설팅,32221800000,"2,765억원",JPY
2305,Studio Alice Co Ltd,54201030,개인 서비스,32188722450,"2,762억원",JPY
7769,Rhythm Co Ltd,57104010,전자 장비 및 부품,32156831655,"2,760억원",JPY
336A,Dynamic Map Platform Co.  Ltd.,57201010,IT 서비스 및 컨설팅,32153188000,"2,759억원",JPY
5210,Nihon Yamamura Glass Co Ltd,51302010,용기(종이 제외) 및 포장재,32131752867,"2,757억원",JPY
208A,Kozo Keikaku Engineering Holdings Inc,57201020,소프트웨어,32010000000,"2,747억원",JPY
421A,Movin' Strategic Career Co Ltd,52203030,고용 서비스,31911516000,"2,739억원",JPY
6070,Careerlink Co Ltd,52203030,고용 서비스,31906336000,"2,738억원",JPY
7779,Cyberdyne Inc,56101010,첨단 의료 장비 및 기술,31887427688,"2,737억원",JPY
9273,Koa Shoji Holdings Co Ltd,56201040,제약,31884824860,"2,736억원",JPY
341A,Toyokoh Inc,52201020,건설 및 엔지니어링,31852195860,"2,733억원",JPY
5185,Fukoku Co Ltd,53101020,"자동차, 트럭 및 오토바이 부품",31850078260,"2,733억원",JPY
9467,AlphaPolis Co Ltd,53302040,소비자 출판,31823109000,"2,731억원",JPY
5592,Kusurinomadoguchi Inc,56101010,첨단 의료 장비 및 기술,31822981514,"2,731억원",JPY
6061,Universal Engeisha Co Ltd,53403020,주택 개조 제품 및 서비스 소매,31808250000,"2,730억원",JPY
2533,Oenon Holdings Inc,54101020,증류주 및 포도주,31743718864,"2,724억원",JPY
5363,TYK Corp,51202010,건설 자재,31515561000,"2,705억원",JPY
2359,Core Corp,57201010,IT 서비스 및 컨설팅,31478978760,"2,701억원",JPY
8537,Taiko Bank Ltd,55101010,은행,31383693000,"2,693억원",JPY
4620,Fujikura Kasei Co Ltd,51101010,상품 화학,31312750000,"2,687억원",JPY
2120,LIFULL Co Ltd,57201030,온라인 서비스,31223959424,"2,680억원",JPY
6844,Shindengen Electric Manufacturing Co Ltd,52102030,전기 부품 및 장비,31223429680,"2,680억원",JPY
5981,Tokyo Rope Mfg Co Ltd,51201020,철 및 강철,31218756398,"2,679억원",JPY
6125,OKAMOTO MACHINE TOOL WORKS LTD.,52102010,산업용 기계 및 장비,31139127775,"2,672억원",JPY
2294,Kakiyasu Honten Co Ltd,54102020,식품 가공,31129196700,"2,671억원",JPY
9268,Optimus Group Co Ltd,53403010,"자동차 차량, 부품 및 서비스 소매",31118980720,"2,671억원",JPY
7018,Naikai Zosen Corp,52102050,조선,31091400000,"2,668억원",JPY
8881,Nisshin Group Holdings Co Ltd,60101010,"부동산 임대, 개발 및 운영",31081734120,"2,667억원",JPY
4671,Falco Holdings Co Ltd,56102010,의료 시설 및 서비스,31025914185,"2,663억원",JPY
7525,RIX Corp,52102010,산업용 기계 및 장비,30974400000,"2,658억원",JPY
5957,Nitto Seiko Co Ltd,52102010,산업용 기계 및 장비,30948403158,"2,656억원",JPY
2462,LIKE Inc,54201030,개인 서비스,30901848000,"2,652억원",JPY
7893,Pronexus Inc,52203070,전문 정보 서비스,30876390432,"2,650억원",JPY
2209,Imuraya Group Co Ltd,54102020,식품 가공,30870345800,"2,649억원",JPY
9535,Hiroshima Gas Co Ltd,59102010,천연가스 유틸리티,30846952640,"2,647억원",JPY
7844,Marvelous Inc,57201030,온라인 서비스,30780625742,"2,642억원",JPY
3193,Eternal Hospitality Group Co Ltd,53301020,레스토랑 및 바,30752605800,"2,639억원",JPY
2217,Morozoff Ltd,54102020,식품 가공,30662945796,"2,631억원",JPY
1964,Chugai Ro Co Ltd,52102010,산업용 기계 및 장비,30654000000,"2,631억원",JPY
1780,Yamaura Corp,52201020,건설 및 엔지니어링,30652753430,"2,631억원",JPY
7466,SPK Corp,53101020,"자동차, 트럭 및 오토바이 부품",30650541600,"2,630억원",JPY
603A,i Grid Solutions Inc,59101010,전력 유틸리티,30595580000,"2,626억원",JPY
7814,Japan Creative Platform Group Co Ltd,52203020,상업 인쇄 서비스,30549000000,"2,622억원",JPY
8158,Soda Nikka Co Ltd,51101010,상품 화학,30547440000,"2,622억원",JPY
7856,Hagihara Industries Inc,51101010,상품 화학,30361308800,"2,606억원",JPY
3315,Nippon Coke & Engineering Co Ltd,50101010,석탄,29932595451,"2,569억원",JPY
6203,Howa Machinery Ltd,52102010,산업용 기계 및 장비,31847164092,"2,733억원",JPY
6469,Hoden Seimitsu Kako Kenkyusho Co Ltd,52102010,산업용 기계 및 장비,31393877400,"2,694억원",JPY
7047,Port Inc,57201030,온라인 서비스,31047723630,"2,664억원",JPY
9687,KSK Co Ltd,57201010,IT 서비스 및 컨설팅,31020974640,"2,662억원",JPY
7520,Eco's Co Ltd,54301020,식품 소매 및 유통,30310482034,"2,601억원",JPY
7711,Sukegawa Electric Co Ltd,52102030,전기 부품 및 장비,30289200000,"2,599억원",JPY
5537,AlbaLink Co Ltd,60101010,"부동산 임대, 개발 및 운영",30268332000,"2,598억원",JPY
3877,Chuetsu Pulp & Paper Co Ltd,51301020,종이 제품,30114821440,"2,584억원",JPY
7570,Hashimoto Sogyo Holdings Co Ltd,53203020,건설 자재 및 비품,30108375528,"2,584억원",JPY
3915,TerraSky Co Ltd,57201010,IT 서비스 및 컨설팅,30086907020,"2,582억원",JPY
350A,Digital Grid Corp,57201010,IT 서비스 및 컨설팅,30068709420,"2,580억원",JPY
3922,PR Times Corp,57201030,온라인 서비스,30019954206,"2,576억원",JPY
7628,Ohashi Technica Inc,53101020,"자동차, 트럭 및 오토바이 부품",29984372960,"2,573억원",JPY
2922,Natori Co Ltd,54102020,식품 가공,29944160328,"2,570억원",JPY
8203,Mr Max Holdings Ltd,53402020,할인점,29866795036,"2,563억원",JPY
3580,Komatsu Matere Co Ltd,53202010,직물 및 가죽제품,29862400239,"2,563억원",JPY
6547,Greens Co Ltd,53301010,"호텔, 모텔 및 크루즈 라인",29754995872,"2,554억원",JPY
4449,Giftee Inc,57201030,온라인 서비스,29692194990,"2,548억원",JPY
3983,Oro Co Ltd,57201010,IT 서비스 및 컨설팅,29687662059,"2,548억원",JPY
7238,Akebono Brake Industry Co Ltd,53101020,"자동차, 트럭 및 오토바이 부품",29565563976,"2,537억원",JPY
7952,Kawai Musical Instruments Manufacturing Co Ltd,53205020,오락용 제품,29557916800,"2,537억원",JPY
8772,Asax Co Ltd,55101050,기업 금융 서비스,29550528000,"2,536억원",JPY
3452,B-Lot Company Limited,60101010,"부동산 임대, 개발 및 운영",29467660400,"2,529억원",JPY
6653,Seiko Electric Co Ltd,52102040,중전기장비,29402769830,"2,523억원",JPY
4410,Harima Chemicals Group Inc,51101010,상품 화학,29340445500,"2,518억원",JPY
8070,Tokyo Sangyo Co Ltd,52102010,산업용 기계 및 장비,29309412692,"2,515억원",JPY
4973,Japan Pure Chemical Co Ltd,51101030,특수 화학제,29274240000,"2,512억원",JPY
286A,EUCALIA Inc.,56102010,의료 시설 및 서비스,29246833000,"2,510억원",JPY
3916,Digital Information Technologies Corp,57201010,IT 서비스 및 컨설팅,29236432520,"2,509억원",JPY
2418,Tsukada Global Holdings Inc,54201030,개인 서비스,29229120000,"2,508억원",JPY
7305,Araya Industrial Co Ltd,51201020,철 및 강철,29213600000,"2,507억원",JPY
6832,AOI ELECTRONICS CO. LTD.,57101010,반도체,29208000000,"2,507억원",JPY
7505,Fuso Dentsu Co Ltd,57102010,통신 및 네트워킹,29166506200,"2,503억원",JPY
4228,Sekisui Kasei Co Ltd,51101010,상품 화학,29085639471,"2,496억원",JPY
6535,i-mobile Co. Ltd.,57201030,온라인 서비스,29073594000,"2,495억원",JPY
8118,King Co Ltd,53202020,의류 및 액세서리,29007497931,"2,489억원",JPY
4396,System Support Holdings Inc,57201010,IT 서비스 및 컨설팅,28974400000,"2,487억원",JPY
2009,Torigoe Co Ltd,54102020,식품 가공,28952447888,"2,485억원",JPY
3472,Nippon Hotel & Residential Investment Corp,60102040,특수 REITs,28921338300,"2,482억원",JPY
6584,Sanoh Industrial Co.  Ltd.,53101020,"자동차, 트럭 및 오토바이 부품",28910248000,"2,481억원",JPY
4839,Wowow Inc,53302020,방송,28873244400,"2,478억원",JPY
2185,CMC Corp,53302010,광고 및 마케팅,28857276000,"2,476억원",JPY
8006,Yuasa Funashoku Co Ltd,54301020,식품 소매 및 유통,28837793024,"2,475억원",JPY
2753,Amiyaki Tei Co Ltd,53301020,레스토랑 및 바,28826599200,"2,474억원",JPY
3723,Nihon Falcom Corp,57201020,소프트웨어,28732600000,"2,466억원",JPY
146A,Columbia Works Inc,60101010,"부동산 임대, 개발 및 운영",28590003000,"2,454억원",JPY
9769,Gakkyusha Co Ltd,63101010,기타 교육 서비스 제공,28528693956,"2,448억원",JPY
5909,Corona Corp,53204030,"가전제품, 도구 및 가정 용품",28491522834,"2,445억원",JPY
5337,Danto Holdings Corp,51202010,건설 자재,28489952400,"2,445억원",JPY
1866,Kitano Construction Corp,52201020,건설 및 엔지니어링,28465143676,"2,443억원",JPY
401A,Kasumigaseki Hotel REIT Investment Corporation,60102040,특수 REITs,28413970000,"2,438억원",JPY
6835,Allied Telesis Holdings KK,57102010,통신 및 네트워킹,28395318861,"2,437억원",JPY
7823,Artnature Inc,54201020,개인 생활 필수 용품,28374390000,"2,435억원",JPY
5254,Arent Inc,57201010,IT 서비스 및 컨설팅,28164894750,"2,417억원",JPY
2469,Hibino Corp,57106030,가정용 전자 제품,28127415200,"2,414억원",JPY
2814,Sato Foods Industries Co Ltd,54102020,식품 가공,28034348000,"2,406억원",JPY
9768,Idea Consultants Inc,52203010,환경 서비스 및 장비,28008858375,"2,404억원",JPY
9702,ISB Corp,57201020,소프트웨어,27915704704,"2,396억원",JPY
4635,Tokyo Printing Ink Mfg Co Ltd,51101090,다각적 화학 산업,27870875550,"2,392억원",JPY
8275,Forval Corp,57105010,사무기기,27815819866,"2,387억원",JPY
6763,Teikoku Tsushin Kogyo Co Ltd,57104010,전자 장비 및 부품,28277170983,"2,427억원",JPY
6245,Hirano Tecseed Co Ltd,52102010,산업용 기계 및 장비,28063952917,"2,408억원",JPY
4165,Plaid Inc,57201010,IT 서비스 및 컨설팅,27857697525,"2,391억원",JPY
8007,Takashima & Co Ltd,53203020,건설 자재 및 비품,27708655104,"2,378억원",JPY
4320,CE Holdings Co Ltd,57201020,소프트웨어,27706064400,"2,378억원",JPY
1429,Nippon Aqua Co Ltd,53203020,건설 자재 및 비품,27703720000,"2,377억원",JPY
4801,Central Sports Co Ltd,53301040,여가 및 오락시설,27702580800,"2,377억원",JPY
2301,Gakujo Co Ltd,52203030,고용 서비스,27650120000,"2,373억원",JPY
7888,Sanko Gosei Ltd,52102010,산업용 기계 및 장비,27619712100,"2,370억원",JPY
3488,Central Reit Investment Corp,60102010,복합부동산 REITs,27619229000,"2,370억원",JPY
3421,Inaba Seisakusho Co Ltd,52203060,비즈니스 지원 용품,27593357409,"2,368억원",JPY
8860,Fuji Corp Ltd,60101010,"부동산 임대, 개발 및 운영",27490034352,"2,359억원",JPY
9270,Valuence Holdings Inc,53403090,기타 전문 소매,27488447630,"2,359억원",JPY
3470,Marimo Regional Revitalization REIT Inc,60102010,복합부동산 REITs,27445665000,"2,355억원",JPY
6089,Will Group Inc,52203030,고용 서비스,27187826400,"2,333억원",JPY
7191,Entrust Inc,55101030,소비자 대출,27161091508,"2,331억원",JPY
3388,Meiji Electric Industries Co Ltd,52102030,전기 부품 및 장비,27152899140,"2,330억원",JPY
6626,Semitec Corp,57104010,전자 장비 및 부품,27018921600,"2,319억원",JPY
6643,Togami Electric Mfg Co Ltd,52102030,전기 부품 및 장비,26998946340,"2,317억원",JPY
6620,Miyakoshi Holdings Inc,60101010,"부동산 임대, 개발 및 운영",26970071582,"2,315억원",JPY
7033,Management Solutions Co Ltd,52203040,경영 지원 서비스,26958466920,"2,314억원",JPY
6279,ZUIKO CORPORATION,52102010,산업용 기계 및 장비,26928000000,"2,311억원",JPY
7683,WA Inc,53202030,제화,26909004000,"2,309억원",JPY
3179,Syuppin Co Ltd,53403050,컴퓨터 및 전자 제품 소매,26906406660,"2,309억원",JPY
7185,Hirose Tusyo Inc.,55102010,투자 은행 및 중개 서비스,26810385000,"2,301억원",JPY
3696,Ceres Inc,57201030,온라인 서비스,26714561600,"2,293억원",JPY
6365,DMW Corp,52102010,산업용 기계 및 장비,26655102000,"2,287억원",JPY
1960,Sanyo Engineering & Construction Inc,52201020,건설 및 엔지니어링,26640000000,"2,286억원",JPY
8920,Tosho Co Ltd,53301040,여가 및 오락시설,26628925000,"2,285억원",JPY
8928,Anabuki Kosan Inc,60101010,"부동산 임대, 개발 및 운영",26612629200,"2,284억원",JPY
4662,Focus Systems Corp,57201010,IT 서비스 및 컨설팅,26590081344,"2,282억원",JPY
6492,Okano Valve Mfg. Co Ltd,52102010,산업용 기계 및 장비,26554330000,"2,279억원",JPY
4371,Core Concept Technologies Inc,57201010,IT 서비스 및 컨설팅,26508122800,"2,275억원",JPY
5142,Achilles Corp,51101010,상품 화학,26343949626,"2,261억원",JPY
1828,Tanabe Engineering Corp,52201020,건설 및 엔지니어링,26229960000,"2,251억원",JPY
3199,Watahan & Co Ltd,54301020,식품 소매 및 유통,26186129280,"2,247억원",JPY
6962,Daishinku Corp,57104010,전자 장비 및 부품,26161049134,"2,245억원",JPY
1972,Sanko Metal Industrial Co Ltd,52201020,건설 및 엔지니어링,25977600000,"2,229억원",JPY
3597,Jichodo Co Ltd,53202020,의류 및 액세서리,25974460480,"2,229억원",JPY
4058,Toyokumo Inc,57201010,IT 서비스 및 컨설팅,25945856000,"2,227억원",JPY
4499,Speee Inc,57201010,IT 서비스 및 컨설팅,25785490000,"2,213억원",JPY
9644,Tanabe Consulting Group Co Ltd,52203040,경영 지원 서비스,25772000000,"2,212억원",JPY
2933,Kibun Foods Inc,54102020,식품 가공,25729163187,"2,208억원",JPY
8041,OUG Holdings Inc,54102010,어업 및 농업,25725600500,"2,208억원",JPY
3694,OPTiM Corp,57201020,소프트웨어,25715906688,"2,207억원",JPY
9204,Skymark Airlines Inc.,52406010,항공사,25639995000,"2,200억원",JPY
3947,Dynapac Co. Ltd.,51302020,종이 포장재,25548412725,"2,193억원",JPY
5945,Tenryu Saw Mfg Co Ltd,52102010,산업용 기계 및 장비,25516934226,"2,190억원",JPY
3984,User Local Inc,57201010,IT 서비스 및 컨설팅,25325540600,"2,173억원",JPY
6184,Kamakura Shinsho Ltd,57201030,온라인 서비스,25293712808,"2,171억원",JPY
7417,Nanyo Corp,52102010,산업용 기계 및 장비,25256337260,"2,167억원",JPY
3611,Matsuoka Corp,53202020,의류 및 액세서리,25255142400,"2,167억원",JPY
3676,Digital Hearts Holdings Co Ltd,57201010,IT 서비스 및 컨설팅,25252575600,"2,167억원",JPY
9782,DMS Inc,53302010,광고 및 마케팅,25235519500,"2,166억원",JPY
7962,King Jim Co Ltd,52203060,비즈니스 지원 용품,25230672984,"2,165억원",JPY
6482,Yushin Co,52102010,산업용 기계 및 장비,25124836530,"2,156억원",JPY
6539,Matching Service Japan Co Ltd,52203030,고용 서비스,25098192800,"2,154억원",JPY
2461,FAN Communications Inc,53302010,광고 및 마케팅,24932721304,"2,140억원",JPY
9251,AB&Company Co Ltd,54201030,개인 서비스,24852795820,"2,133억원",JPY
7119,Halmek Holdings Co Ltd,53302040,소비자 출판,23382858870,"2,007억원",JPY
7318,SERENDIP HOLDINGS Co. Ltd.,53101020,"자동차, 트럭 및 오토바이 부품",25815642944,"2,215억원",JPY
6327,Kitagawa Seiki Co Ltd,52102010,산업용 기계 및 장비,25433296000,"2,183억원",JPY
2334,Eole Inc,53302010,광고 및 마케팅,25330404960,"2,174억원",JPY
2158,FRONTEO  Inc.,57201010,IT 서비스 및 컨설팅,25263324042,"2,168억원",JPY
3075,Choushimaru Co Ltd,53301020,레스토랑 및 바,25101622000,"2,154억원",JPY
7746,Okamoto Glass Co Ltd,57106030,가정용 전자 제품,25077371373,"2,152억원",JPY
2354,YE DIGITAL Corp,57201010,IT 서비스 및 컨설팅,25071082400,"2,152억원",JPY
4691,WASHINGTON HOTEL CORPORATION,53301010,"호텔, 모텔 및 크루즈 라인",25070200000,"2,151억원",JPY
504A,Innovacell Inc,56201040,제약,24833679200,"2,131억원",JPY
6378,Kimura Chemical Plants Co Ltd,52102010,산업용 기계 및 장비,24823000000,"2,130억원",JPY
2819,Ebara Foods Industry Inc,54102020,식품 가공,24819594390,"2,130억원",JPY
9057,Enshu Truck Co Ltd,52405030,지상 화물 및 물류,24788610000,"2,127억원",JPY
2804,Bull-Dog Sauce Co Ltd,54102020,식품 가공,24766462500,"2,125억원",JPY
7638,New Art Holdings Co Ltd,53202020,의류 및 액세서리,24705795884,"2,120억원",JPY
6298,YAC Holdings Co Ltd,57101020,반도체 장비 및 테스트,24690135910,"2,119억원",JPY
9083,Shinki Bus Co Ltd,52406020,지상 및 해상 여객 운송,24688000000,"2,119억원",JPY
7554,Kourakuen Corp,53301020,레스토랑 및 바,24623909802,"2,113억원",JPY
3548,Baroque Japan Ltd,53403040,의류 및 액세서리 소매,24573121000,"2,109억원",JPY
3968,Segue Group Co Ltd,57201010,IT 서비스 및 컨설팅,24528290820,"2,105억원",JPY
6072,Jibannet Holdings Co.  Ltd.,52203040,경영 지원 서비스,24513732000,"2,104억원",JPY
4310,Dream Incubator Inc,52203040,경영 지원 서비스,24493657804,"2,102억원",JPY
6317,Kitagawa Corp,52102010,산업용 기계 및 장비,24464785605,"2,100억원",JPY
9216,Bewith Inc,52203040,경영 지원 서비스,24442940000,"2,098억원",JPY
431A,uSonar Co Ltd,57201020,소프트웨어,24419157000,"2,096억원",JPY
2148,ITmedia Inc,57201030,온라인 서비스,24413119500,"2,095억원",JPY
7187,J-Lease Co Ltd,55101030,소비자 대출,24379264000,"2,092억원",JPY
8089,Nice Corp,53203020,건설 자재 및 비품,24372865254,"2,092억원",JPY
250A,Shimadaya Corp,54102020,식품 가공,24283498109,"2,084억원",JPY
367A,Primo Global Holdings Co Ltd,53403040,의류 및 액세서리 소매,24214060169,"2,078억원",JPY
4439,Toumei Co Ltd,57102010,통신 및 네트워킹,24203935000,"2,077억원",JPY
9932,Sugimoto & Co Ltd,52102010,산업용 기계 및 장비,24175200636,"2,075억원",JPY
9029,Higashi Holdings Co Ltd,52405030,지상 화물 및 물류,24100688000,"2,068억원",JPY
2892,Nihon Shokuhin Kako Co Ltd,54102020,식품 가공,24071767160,"2,066억원",JPY
3921,Neojapan Inc,57201020,소프트웨어,24033445600,"2,063억원",JPY
4393,Bank of Innovation Inc,57201020,소프트웨어,24018000000,"2,061억원",JPY
6798,SMK Corp,57104010,전자 장비 및 부품,24012000000,"2,061억원",JPY
5922,Nasu Denki Tekko Co Ltd,51202010,건설 자재,24000000000,"2,060억원",JPY
9158,CUC Inc,56102010,의료 시설 및 서비스,23992320000,"2,059억원",JPY
7743,Seed Co Ltd,56101020,"의료 장비, 물품 및 유통",23970610224,"2,057억원",JPY
2266,Rokko Butter Co Ltd,54102020,식품 가공,23897667250,"2,051억원",JPY
3939,Kanamic Network Co Ltd,56102010,의료 시설 및 서비스,23825340000,"2,045억원",JPY
9286,Enex Infrastructure Investment Corp,55501030,폐쇄형 펀드,23782898700,"2,041억원",JPY
7481,Oie Sangyo Co Ltd,54301020,식품 소매 및 유통,23757585000,"2,039억원",JPY
8076,Canox Corp,51201020,철 및 강철,23750386500,"2,038억원",JPY
261A,Nihon Suido Consultants Co Ltd,52201020,건설 및 엔지니어링,23739906600,"2,037억원",JPY
6505,TOYO DENKI SEIZO K.K.,52102040,중전기장비,23724195000,"2,036억원",JPY
3837,Ad-Sol Nissin Corp,57201010,IT 서비스 및 컨설팅,23721783960,"2,036억원",JPY
3023,Rasa Corp,52102010,산업용 기계 및 장비,23701150716,"2,034억원",JPY
1914,Japan Foundation Engineering Co Ltd,52201020,건설 및 엔지니어링,23682544800,"2,032억원",JPY
3788,GMO GlobalSign Holdings KK,57201030,온라인 서비스,23584781000,"2,024억원",JPY
3649,Findex Inc,56101010,첨단 의료 장비 및 기술,23575396800,"2,023억원",JPY
3489,FaithNetwork Co Ltd,60101010,"부동산 임대, 개발 및 운영",23545440000,"2,021억원",JPY
5246,ELEMENTS Inc,57201010,IT 서비스 및 컨설팅,23495618582,"2,016억원",JPY
1770,Fujita Engineering Co Ltd,52201020,건설 및 엔지니어링,23470200000,"2,014억원",JPY
3178,Chimney Co Ltd,53301020,레스토랑 및 바,23266982400,"1,997억원",JPY
6257,Fujishoji Co Ltd,53301030,카지노 및 도박,23261828000,"1,996억원",JPY
544A,GMS Group Co Ltd,52102010,산업용 기계 및 장비,23195489940,"1,991억원",JPY
2198,IKK Holdings Inc,54201030,개인 서비스,23186563200,"1,990억원",JPY
5933,Alinco Inc,53203020,건설 자재 및 비품,23185337252,"1,990억원",JPY
4251,KEIWA Incorporated,51101010,상품 화학,23103612096,"1,983억원",JPY
6863,Nireco Corp,52102010,산업용 기계 및 장비,24166800000,"2,074억원",JPY
4404,Miyoshi Oil & Fat Co.  Ltd.,54102020,식품 가공,23262662015,"1,996억원",JPY
5018,Moresco Corp,50102030,"오일, 가스 정제 및 마케팅",23261903500,"1,996억원",JPY
6912,Kikusui Holdings Corp,52102030,전기 부품 및 장비,23196800000,"1,991억원",JPY
9982,Takihyo Co Ltd,53202020,의류 및 액세서리,23170500000,"1,988억원",JPY
9332,Nisso Holdings Co Ltd,52203030,고용 서비스,23068760160,"1,980억원",JPY
8085,Narasaki Sangyo Co Ltd,52102010,산업용 기계 및 장비,23059848000,"1,979억원",JPY
6445,Janome Corp,53204030,"가전제품, 도구 및 가정 용품",22955885160,"1,970억원",JPY
5644,METALART CORPORATION,53101020,"자동차, 트럭 및 오토바이 부품",22954167140,"1,970억원",JPY
5015,BP Castrol KK,50102030,"오일, 가스 정제 및 마케팅",22952213811,"1,970억원",JPY
3553,Kyowa Leather Cloth Co Ltd,53202010,직물 및 가죽제품,22907500000,"1,966억원",JPY
2882,Eat&Holdings Co Ltd,54102020,식품 가공,22879533112,"1,963억원",JPY
6246,Techno Smart Corp,52102010,산업용 기계 및 장비,22819164800,"1,958억원",JPY
6440,Juki Corp,52102010,산업용 기계 및 장비,22793998577,"1,956억원",JPY
3565,Ascentech K.K.,57201020,소프트웨어,22788540000,"1,956억원",JPY
9850,GOURMET KINEYA CO. LTD.,53301020,레스토랑 및 바,22772813350,"1,954억원",JPY
5532,Realgate Inc,60101010,"부동산 임대, 개발 및 운영",22685523500,"1,947억원",JPY
2471,S-Pool Inc,52203030,고용 서비스,22675152500,"1,946억원",JPY
9990,Sac's Bar Holdings Inc,53403040,의류 및 액세서리 소매,22663664100,"1,945억원",JPY
6086,Shin Maint Holdings Co Ltd,52203040,경영 지원 서비스,22619304000,"1,941억원",JPY
5698,Envipro Holdings Inc,52203010,환경 서비스 및 장비,22616771448,"1,941억원",JPY
3205,Daidoh Ltd,53202020,의류 및 액세서리,22592916192,"1,939억원",JPY
9788,Nac Co Ltd,52201020,건설 및 엔지니어링,22591793000,"1,939억원",JPY
6918,Aval Data Corp,57101020,반도체 장비 및 테스트,22583103210,"1,938억원",JPY
7266,Imasen Electric Industrial Co Ltd,53101020,"자동차, 트럭 및 오토바이 부품",22547598480,"1,935억원",JPY
9556,Intloop Inc,52203040,경영 지원 서비스,22525176960,"1,933억원",JPY
2378,Renaissance Inc,53301040,여가 및 오락시설,22490708000,"1,930억원",JPY
300A,MIC Co Ltd,52203040,경영 지원 서비스,22470124840,"1,928억원",JPY
6382,TRINITY INDUSTRIAL CORPORATION,52102010,산업용 기계 및 장비,22447040000,"1,926억원",JPY
276A,CCReB Advisors Inc,60101020,부동산 서비스,22381732400,"1,921억원",JPY
8542,Tomato Bank Ltd,55101010,은행,22365342450,"1,919억원",JPY
6040,Nippon Ski Resort Development Co Ltd,53301040,여가 및 오락시설,22324045500,"1,916억원",JPY
9994,Yamaya Corp,54301020,식품 소매 및 유통,22183894150,"1,904억원",JPY
1436,GreenEnergy & Company Inc,50201010,재생 가능 에너지 장비 및 서비스,22153300200,"1,901억원",JPY
6927,Helios Techno Holding Co Ltd,52102030,전기 부품 및 장비,22122693000,"1,899억원",JPY
8093,Kyokuto Boeki Kaisha Ltd,52102010,산업용 기계 및 장비,22032910368,"1,891억원",JPY
6444,Sanden Corp,53101020,"자동차, 트럭 및 오토바이 부품",22021996035,"1,890억원",JPY
2477,Temairazu Inc,57201030,온라인 서비스,21905648180,"1,880억원",JPY
7294,Yorozu Corp,53101020,"자동차, 트럭 및 오토바이 부품",21898625864,"1,879억원",JPY
438A,Infcurion Inc,57301010,핀테크,21898410800,"1,879억원",JPY
4977,Nitta Gelatin Inc,54102020,식품 가공,21883403034,"1,878억원",JPY
2982,A.D.Works Group Co Ltd,60101010,"부동산 임대, 개발 및 운영",21870432984,"1,877억원",JPY
428A,Cypress Holdings Co Ltd,53301020,레스토랑 및 바,21793266000,"1,870억원",JPY
8091,Nichimo Co Ltd,54102020,식품 가공,21747243200,"1,866억원",JPY
7521,Musashi Co Ltd,57105010,사무기기,21711450000,"1,863억원",JPY
3558,Jade Group Inc,57201030,온라인 서비스,21711110400,"1,863억원",JPY
3484,Innovation Holdings Co Ltd,60101010,"부동산 임대, 개발 및 운영",21686488800,"1,861억원",JPY
6050,E-Guardian Inc,52203040,경영 지원 서비스,21647398024,"1,858억원",JPY
5951,Dainichi Co Ltd,52102030,전기 부품 및 장비,21593379071,"1,853억원",JPY
8095,Astena Holdings Co Ltd,56201040,제약,21579588604,"1,852억원",JPY
5135,AIR-U LTD.,57401020,무선 통신 서비스,21570000000,"1,851억원",JPY
372A,Rent Corp,52203040,경영 지원 서비스,21567300000,"1,851억원",JPY
9059,Kanda Holdings Co Ltd,52405030,지상 화물 및 물류,21467331120,"1,842억원",JPY
4538,Fuso Pharmaceutical Industries Ltd,56201040,제약,21406897785,"1,837억원",JPY
4783,NCD Co Ltd,57201010,IT 서비스 및 컨설팅,21391920000,"1,836억원",JPY
9233,Asia Air Survey Co.  Ltd.,51201070,채굴 지원 서비스 및 장비,21350258000,"1,832억원",JPY
5918,Takigami Steel Construction Co Ltd,52201020,건설 및 엔지니어링,21311040000,"1,829억원",JPY
2929,Pharma Foods International Co Ltd,56202010,생명 공학 및 의학 연구,21227670000,"1,822억원",JPY
9979,Daisyo Corp,53301020,레스토랑 및 바,21156564076,"1,816억원",JPY
4809,Paraca Inc,52407030,고속도로 및 철도,21154276400,"1,815억원",JPY
8301,Bank of Japan,55101010,은행,24000000000,"2,060억원",JPY
6616,Torex Semiconductor Ltd,57101010,반도체,21560137200,"1,850억원",JPY
3547,Unisia Holdings Co,53301020,레스토랑 및 바,21536543853,"1,848억원",JPY
6037,Rakumachi Inc,57201030,온라인 서비스,21531642000,"1,848억원",JPY
6496,Nakakita Seisakusho Co Ltd,52102010,산업용 기계 및 장비,21463680000,"1,842억원",JPY
3772,Wealth Management  Inc.,60101010,"부동산 임대, 개발 및 운영",21327937600,"1,830억원",JPY
6570,Kyowa Corp,53301040,여가 및 오락시설,21280455000,"1,826억원",JPY
2497,UNITED  Inc.,55102020,투자 관리 및 펀드 운영,21257074940,"1,824억원",JPY
3791,IG Port Inc,53302030,엔터테인먼트 제작,21232680000,"1,822억원",JPY
5658,Nichia Steel Works Ltd,51201020,철 및 강철,21219745980,"1,821억원",JPY
8029,Look Holdings Inc,52405030,지상 화물 및 물류,21102706387,"1,811억원",JPY
5269,Nippon Concrete Industries Co Ltd,51202010,건설 자재,21088762680,"1,810억원",JPY
9163,Nareru Group Inc,52203030,고용 서비스,21079364712,"1,809억원",JPY
5589,Auto Server Co Ltd,57201030,온라인 서비스,21071671400,"1,808억원",JPY
8737,Akatsuki Corp,55102010,투자 은행 및 중개 서비스,20996228648,"1,802억원",JPY
7871,Fukuvi Chemical Industry Co Ltd,53203020,건설 자재 및 비품,20936686100,"1,797억원",JPY
6629,Techno Horizon Co Ltd,57105010,사무기기,20894734080,"1,793억원",JPY
8747,Yutaka Trusty Securities Co Ltd,55102010,투자 은행 및 중개 서비스,20864571840,"1,791억원",JPY
436A,CyberSolutions Inc,57201020,소프트웨어,20829330900,"1,788억원",JPY
3951,Asahi Printing Co Ltd,51302020,종이 포장재,20807763561,"1,786억원",JPY
5932,Sankyo Tateyama Inc,53203020,건설 자재 및 비품,20794500511,"1,785억원",JPY
6998,Nippon Tungsten Co Ltd,52102030,전기 부품 및 장비,20750968000,"1,781억원",JPY
3180,Beauty Garage Inc,53403090,기타 전문 소매,20747504000,"1,781억원",JPY
4231,Tigers Polymer Corp,53101030,타이어 및 고무 제품,20714945940,"1,778억원",JPY
9537,Hokuriku Gas Co. ltd,59102010,천연가스 유틸리티,20664000000,"1,773억원",JPY
6874,Kyoritsu Electric Corp,52102030,전기 부품 및 장비,20640100800,"1,771억원",JPY
3712,Information Planning Co Ltd,57201010,IT 서비스 및 컨설팅,20634050000,"1,771억원",JPY
218A,Liberaware Co. Ltd.,57201010,IT 서비스 및 컨설팅,20623710600,"1,770억원",JPY
9322,Kawanishi Warehouse Co Ltd,52405030,지상 화물 및 물류,20538446814,"1,763억원",JPY
9651,Japan Process Development Co Ltd,57201010,IT 서비스 및 컨설팅,20523598560,"1,761억원",JPY
4800,Oricon Inc.,57201030,온라인 서비스,20522182400,"1,761억원",JPY
3835,eBASE Co Ltd,57201020,소프트웨어,20516688000,"1,761억원",JPY
2689,OLBA DVx HEALTHCARE  Inc.,56101020,"의료 장비, 물품 및 유통",20507367650,"1,760억원",JPY
7725,Inter Action Corp,57101020,반도체 장비 및 테스트,20476645800,"1,757억원",JPY
6157,NS Tool Co Ltd,52102010,산업용 기계 및 장비,20453622778,"1,755억원",JPY
4493,Cyber Security Cloud Inc,57201030,온라인 서비스,20417615460,"1,752억원",JPY
7811,Nakamoto Packs Co Ltd,51302010,용기(종이 제외) 및 포장재,20357245062,"1,747억원",JPY
2163,Artner Co Ltd,52203030,고용 서비스,20278071360,"1,740억원",JPY
5388,Kunimine Industries Co Ltd,51202010,건설 자재,20230000000,"1,736억원",JPY
3901,MarkLines Co.  Ltd.,57201030,온라인 서비스,20187148800,"1,732억원",JPY
1381,Axyz Co Ltd,54102020,식품 가공,20166825000,"1,731억원",JPY
6566,Kaname Kogyo Co Ltd,52203010,환경 서비스 및 장비,20140806600,"1,728억원",JPY
9424,Japan Communications Inc.,57401020,무선 통신 서비스,20127448680,"1,727억원",JPY
6853,Kyowa Electronic Instruments Co Ltd,52102010,산업용 기계 및 장비,20067930300,"1,722억원",JPY
3242,Urbanet Corporation Co Ltd,60101010,"부동산 임대, 개발 및 운영",19876698900,"1,706억원",JPY
9046,Kobe Electric Railway Co Ltd,52406020,지상 및 해상 여객 운송,19871760190,"1,705억원",JPY
6167,Fuji Die Co Ltd,52102010,산업용 기계 및 장비,19840000000,"1,703억원",JPY
3157,GEOLIVE Group Corp,53203020,건설 자재 및 비품,19810787828,"1,700억원",JPY
6194,Atrae Inc,57201030,온라인 서비스,19793707467,"1,699억원",JPY
6356,Nippon Gear Co Ltd,52102010,산업용 기계 및 장비,19792080000,"1,699억원",JPY
8046,Marufuji Sheet Piling Co Ltd,51202010,건설 자재,19780000000,"1,697억원",JPY
9686,Toyo Tec Co Ltd,52203040,경영 지원 서비스,19766723340,"1,696억원",JPY
4668,Meiko Network Japan Co Ltd,63101010,기타 교육 서비스 제공,19739754000,"1,694억원",JPY
3166,Ochi Holdings Co Ltd,53203020,건설 자재 및 비품,19735906500,"1,694억원",JPY
6565,ABhotel Co Ltd,53301010,"호텔, 모텔 및 크루즈 라인",19676288000,"1,689억원",JPY
7643,Daiichi Co Ltd,54301020,식품 소매 및 유통,19663022160,"1,687억원",JPY
3850,NTT Data Intramart Corp,57201020,소프트웨어,19547475000,"1,678억원",JPY
4994,Taisei Lamick Group Head Quarter & Innovation Co Ltd,51302010,용기(종이 제외) 및 포장재,19500432500,"1,673억원",JPY
4053,Sun* Inc,57201010,IT 서비스 및 컨설팅,19426849600,"1,667억원",JPY
4762,XNET Corp,57201010,IT 서비스 및 컨설팅,19175173600,"1,646억원",JPY
4875,MediciNova Inc,56202010,생명 공학 및 의학 연구,23957179310,"2,056억원",JPY
6928,Enomoto Co Ltd,52102030,전기 부품 및 장비,20252812000,"1,738억원",JPY
3773,Advanced Media Inc,57201020,소프트웨어,19900927368,"1,708억원",JPY
6989,Hokuriku Electric Industry Co Ltd,57104010,전자 장비 및 부품,19840832452,"1,703억원",JPY
6199,Seraku Co Ltd,57201010,IT 서비스 및 컨설팅,19838280000,"1,702억원",JPY
9765,Ohba Co Ltd,52201020,건설 및 엔지니어링,19684500000,"1,689억원",JPY
4434,Serverworks Co Ltd,57201010,IT 서비스 및 컨설팅,19599849441,"1,682억원",JPY
4498,Cybertrust Japan Co Ltd,57201020,소프트웨어,19593830000,"1,682억원",JPY
2932,STI Foods Holdings Inc,54102020,식품 가공,19574568900,"1,680억원",JPY
3834,Asahi Net Inc,57401010,통합 통신 서비스,19456000000,"1,670억원",JPY
9211,F-Code Inc,57201010,IT 서비스 및 컨설팅,19442905200,"1,669억원",JPY
6358,Sakai Heavy Industries Ltd,52102020,중장비 및 차량,19416263482,"1,666억원",JPY
3068,WDI Corp,53301020,레스토랑 및 바,19375675200,"1,663억원",JPY
2970,GLC Group Inc,60101020,부동산 서비스,19347480000,"1,660억원",JPY
5139,OpenWork Inc,57201030,온라인 서비스,19315958000,"1,658억원",JPY
6018,Hanshin Diesel Works Ltd,52102050,조선,19314195120,"1,658억원",JPY
2903,Shinobu Foods Products Co Ltd,54102020,식품 가공,19296000000,"1,656억원",JPY
7621,Ukai Co Ltd,53301020,레스토랑 및 바,19293887200,"1,656억원",JPY
4998,Fumakilla Ltd,51101020,농화학제,19293300000,"1,656억원",JPY
9033,Hiroshima Electric Railway Co Ltd,52406020,지상 및 해상 여객 운송,19272001500,"1,654억원",JPY
3992,Needs Well Inc,57201020,소프트웨어,19210022400,"1,649억원",JPY
3853,ASTERIA Corporation,57201020,소프트웨어,19205408970,"1,648억원",JPY
7254,Univance Corp,53101020,"자동차, 트럭 및 오토바이 부품",19185365340,"1,646억원",JPY
4418,Japan Data Science Consortium Co Ltd,57201010,IT 서비스 및 컨설팅,19114839300,"1,640억원",JPY
9171,Kuribayashi Steamship Co Ltd,52405020,해양 화물 및 물류,19096804304,"1,639억원",JPY
7539,Ainavo Holdings Co Ltd,53203020,건설 자재 및 비품,19055833520,"1,635억원",JPY
9367,Daito Koun Co Ltd,52405020,해양 화물 및 물류,19040892000,"1,634억원",JPY
8869,Meiwa Estate Co Ltd,60101010,"부동산 임대, 개발 및 운영",19016071724,"1,632억원",JPY
6743,Daido Signal Co Ltd,52102030,전기 부품 및 장비,19008990000,"1,631억원",JPY
3513,Ichikawa Co Ltd,52102010,산업용 기계 및 장비,18999352575,"1,630억원",JPY
7794,EDP Corp,57101010,반도체,18950493600,"1,626억원",JPY
2998,CREAL Inc.,60101020,부동산 서비스,18902356800,"1,622억원",JPY
6392,Yamada Corp,52102010,산업용 기계 및 장비,18888000000,"1,621억원",JPY
1376,Kaneko Seeds Co Ltd,51101020,농화학제,18871519478,"1,620억원",JPY
7727,Oval Corp,52102010,산업용 기계 및 장비,18858000000,"1,618억원",JPY
2445,Takamiya Co Ltd,52203040,경영 지원 서비스,18820582400,"1,615억원",JPY
5535,Migalo Holdings Inc,60101020,부동산 서비스,18808814100,"1,614억원",JPY
9312,Keihin Co Ltd,52405030,지상 화물 및 물류,18798815820,"1,613억원",JPY
6073,Asante Inc,52201020,건설 및 엔지니어링,18782068500,"1,612억원",JPY
5707,Toho Zinc Co. Ltd.,51201050,특수 채굴 및 금속,18762581817,"1,610억원",JPY
2930,Kitanotatsujin Corp,53402010,백화점,18762576000,"1,610억원",JPY
1867,Ueki Corp,52201020,건설 및 엔지니어링,18757857912,"1,610억원",JPY
3678,Media Do Co Ltd,53302040,소비자 출판,18718928356,"1,606억원",JPY
2204,Nakamuraya Co Ltd,54102020,식품 가공,18705521650,"1,605억원",JPY
7713,Sigma Koki Co Ltd,57105010,사무기기,18700306928,"1,605억원",JPY
6484,KVK Corp,53203020,건설 자재 및 비품,18674967432,"1,603억원",JPY
8383,Tottori Bank Ltd,55101010,은행,18653059782,"1,601억원",JPY
3361,Toell Co Ltd,50102030,"오일, 가스 정제 및 마케팅",18651231600,"1,601억원",JPY
9996,Satoh&Co Ltd,54301020,식품 소매 및 유통,18625622400,"1,598억원",JPY
3512,Nippon Felt Co Ltd,53202010,직물 및 가죽제품,18580536157,"1,595억원",JPY
7256,KASAI KOGYO CO.  LTD.,53101020,"자동차, 트럭 및 오토바이 부품",18531000432,"1,590억원",JPY
7299,Fuji Oozx Inc,53101020,"자동차, 트럭 및 오토바이 부품",18503550000,"1,588억원",JPY
2983,Arr Planner Co Ltd,53203010,주택 건설,18477020560,"1,586억원",JPY
7094,NexTone Inc,53302030,엔터테인먼트 제작,18440184000,"1,582억원",JPY
3457,&Do Holdings Co Ltd,60101020,부동산 서비스,18431571600,"1,582억원",JPY
7358,Poppins Corp,54201030,개인 서비스,18380203800,"1,577억원",JPY
2307,Cross Cat Co Ltd,57201010,IT 서비스 및 컨설팅,18332116572,"1,573억원",JPY
7273,Ikuyo Co Ltd,53101020,"자동차, 트럭 및 오토바이 부품",18306855000,"1,571억원",JPY
1384,Hokuryo Co Ltd,54102010,어업 및 농업,18144555000,"1,557억원",JPY
7472,Toba Inc,52102010,산업용 기계 및 장비,18142000000,"1,557억원",JPY
6337,Tesec Corp,57101020,반도체 장비 및 테스트,19302284700,"1,656억원",JPY
4667,Aisan Technology Co Ltd,57201020,소프트웨어,18922018390,"1,624억원",JPY
558A,Squeeze Inc,57201010,IT 서비스 및 컨설팅,18828350000,"1,616억원",JPY
3501,Suminoe Co Ltd,53101020,"자동차, 트럭 및 오토바이 부품",18375731504,"1,577억원",JPY
8917,First Juken Co Ltd,53203010,주택 건설,18372365300,"1,577억원",JPY
9709,NCS&A Co Ltd,57201010,IT 서비스 및 컨설팅,18360000000,"1,576억원",JPY
7927,Muto Seiko Co,57104010,전자 장비 및 부품,18334989212,"1,573억원",JPY
3168,MERF Inc,51201050,특수 채굴 및 금속,18251255600,"1,566억원",JPY
2152,Youji Corp,63101010,기타 교육 서비스 제공,18241632000,"1,565억원",JPY
3914,Jig-Saw Inc,57201010,IT 서비스 및 컨설팅,18126435000,"1,556억원",JPY
505A,Geekly Inc,,,18119075000,"1,555억원",JPY
9691,Ryomo Systems Co Ltd,57201010,IT 서비스 및 컨설팅,18111600000,"1,554억원",JPY
3648,AGS Corp,57201010,IT 서비스 및 컨설팅,18102462260,"1,554억원",JPY
3454,First Brothers Co Ltd,55102010,투자 은행 및 중개 서비스,18099585000,"1,553억원",JPY
5816,Onamba Co Ltd,52102030,전기 부품 및 장비,18083881440,"1,552억원",JPY
6562,Geniee Inc,53302010,광고 및 마케팅,18074456400,"1,551억원",JPY
5280,Yoshicon Co Ltd,60101010,"부동산 임대, 개발 및 운영",18060027752,"1,550억원",JPY
6678,Techno Medica Co Ltd,56101020,"의료 장비, 물품 및 유통",18045600000,"1,549억원",JPY
3529,Atsugi Co Ltd,53202020,의류 및 액세서리,18012350720,"1,546억원",JPY
7354,Direct Marketing MiX Inc,53302010,광고 및 마케팅,17998408008,"1,545억원",JPY
9553,MicroAd Inc,53302010,광고 및 마케팅,17979054684,"1,543억원",JPY
3997,Trade Works Co Ltd,57201020,소프트웨어,17976396000,"1,543억원",JPY
7634,Hoshi Iryo-Sanki Co Ltd,56101020,"의료 장비, 물품 및 유통",17955000000,"1,541억원",JPY
7885,Takano Co Ltd,52203060,비즈니스 지원 용품,17890498000,"1,535억원",JPY
7820,Nihon Flush Co Ltd,53203020,건설 자재 및 비품,17842720000,"1,531억원",JPY
3925,Double Standard Inc,52203040,경영 지원 서비스,17816960000,"1,529억원",JPY
7320,Solvvy Inc.,54201030,개인 서비스,17803924936,"1,528억원",JPY
3544,Satudora Holdings Co Ltd,54301010,의약품 소매,17781468436,"1,526억원",JPY
4238,Miraial Co Ltd,51302010,용기(종이 제외) 및 포장재,17764500000,"1,525억원",JPY
7600,Japan Medical Dynamic Marketing Inc,56101020,"의료 장비, 물품 및 유통",17738839600,"1,522억원",JPY
7562,Anrakutei Co Ltd,53301020,레스토랑 및 바,17728698780,"1,521억원",JPY
9414,Nippon BS Broadcasting Corp,53302020,방송,17727226608,"1,521억원",JPY
2597,Unicafe Inc,54102020,식품 가공,17697099200,"1,519억원",JPY
3665,Enigmo Inc,57201030,온라인 서비스,17696430000,"1,519억원",JPY
5729,Nihon Seiko Co Ltd,51101010,상품 화학,17668002000,"1,516억원",JPY
3662,Ateam Holdings Co Ltd,57201030,온라인 서비스,17626033495,"1,513억원",JPY
3154,Medius Holdings Co Ltd,56101020,"의료 장비, 물품 및 유통",17612667864,"1,511억원",JPY
414A,Overlap Holdings Inc,53302040,소비자 출판,17583772800,"1,509억원",JPY
5885,GDEP Advance Inc,57106010,컴퓨터 하드웨어,17567388000,"1,508억원",JPY
3329,Towa Food Service Co Ltd,53301020,레스토랑 및 바,17551641600,"1,506억원",JPY
3096,Ocean System Corp,54301020,식품 소매 및 유통,17527794000,"1,504억원",JPY
8999,Grandy House Corp,60101010,"부동산 임대, 개발 및 운영",17507577600,"1,502억원",JPY
2335,Cube System Inc,57201010,IT 서비스 및 컨설팅,17403750000,"1,494억원",JPY
584A,LiNKX Inc,57301010,핀테크,17399277000,"1,493억원",JPY
7347,Mercuria Holdings Co Ltd,55102020,투자 관리 및 펀드 운영,17369219400,"1,491억원",JPY
7030,Sprix Inc,63103010,전문 및 비즈니스 교육,17331033000,"1,487억원",JPY
6571,QB Net Holdings Co Ltd,54201030,개인 서비스,17290196900,"1,484억원",JPY
4767,TOW Co Ltd,53302010,광고 및 마케팅,17279854728,"1,483억원",JPY
2694,Yakiniku Sakai Holdings Inc,53301020,레스토랑 및 바,17270363664,"1,482억원",JPY
5965,Fujimak Corp,52102010,산업용 기계 및 장비,17269120000,"1,482억원",JPY
6882,Sansha Electric Manufacturing Co Ltd,52102030,전기 부품 및 장비,17267250000,"1,482억원",JPY
2489,Adways Inc,53302010,광고 및 마케팅,17264466000,"1,482억원",JPY
6848,DKK-Toa Corp,52102030,전기 부품 및 장비,17236497540,"1,479억원",JPY
7161,Jimoto Holdings Inc,55101010,은행,17177768320,"1,474억원",JPY
2340,Gokurakuyu Holdings Co Ltd,54201030,개인 서비스,17170596000,"1,474억원",JPY
7523,ART VIVANT CO. LTD.,53403030,가정용 가구 소매,17169744816,"1,473억원",JPY
5852,Ahresty Corp,53101020,"자동차, 트럭 및 오토바이 부품",17141847107,"1,471억원",JPY
2484,Demae-can Co Ltd,57201030,온라인 서비스,17081825360,"1,466억원",JPY
5941,Nakanishi MFG Co Ltd,52102010,산업용 기계 및 장비,17026200000,"1,461억원",JPY
4409,Toho Chemical Industry Co Ltd,51101030,특수 화학제,16759750000,"1,438억원",JPY
2962,Tecnisco Ltd,57104010,전자 장비 및 부품,20510417394,"1,760억원",JPY
6597,HPC Systems Inc,57106010,컴퓨터 하드웨어,17677020000,"1,517억원",JPY
5367,Nikkato Corp,52102030,전기 부품 및 장비,17596757750,"1,510억원",JPY
6572,OPEN Group  Inc.,57201010,IT 서비스 및 컨설팅,17209165280,"1,477억원",JPY
7095,Macbee Planet Inc,53302010,광고 및 마케팅,16940338432,"1,454억원",JPY
2806,Yutaka Foods Corp,54102020,식품 가공,16931540187,"1,453억원",JPY
8030,Chuo Gyorui Co Ltd,54102010,어업 및 농업,16915976000,"1,452억원",JPY
9857,Eiwa Corp,52102010,산업용 기계 및 장비,16906110000,"1,451억원",JPY
7122,THE KINKI SHARYO CO.  LTD.,52102020,중장비 및 차량,16884029396,"1,449억원",JPY
5724,Asaka Riken Co Ltd,51201010,금 제외 귀금속 및 광물,16874288000,"1,448억원",JPY
2415,Human Holdings Co Ltd,52203030,고용 서비스,16853870376,"1,446억원",JPY
3541,Nousouken Corp,54102010,어업 및 농업,16805761700,"1,442억원",JPY
3793,Drecom Co Ltd,57201020,소프트웨어,16728288416,"1,436억원",JPY
3777,Environment Friendly Holdings Corp,52203040,경영 지원 서비스,16705407600,"1,434억원",JPY
4175,Coly Inc,57201030,온라인 서비스,16646272500,"1,429억원",JPY
7490,NISSIN SHOJI CO. LTD.,50102030,"오일, 가스 정제 및 마케팅",16644000000,"1,428억원",JPY
9034,Nanso Transport Co Ltd,52405030,지상 화물 및 물류,16620000000,"1,426억원",JPY
490A,SENSE TRUST Co.  Ltd.,60101020,부동산 서비스,16616250000,"1,426억원",JPY
7699,Omni-plus System Ltd DRC,51101010,상품 화학,16612109788,"1,426억원",JPY
3640,Densan Co Ltd,57201010,IT 서비스 및 컨설팅,16606834000,"1,425억원",JPY
4761,Sakura KCS Corp,57201010,IT 서비스 및 컨설팅,16598400000,"1,424억원",JPY
1435,robot home Inc,60101020,부동산 서비스,16585114000,"1,423억원",JPY
7235,Tokyo Radiator Mfg Co Ltd,53101020,"자동차, 트럭 및 오토바이 부품",16536000000,"1,419억원",JPY
6045,Rentracks Co Ltd,53302010,광고 및 마케팅,16509906000,"1,417억원",JPY
1716,Dai-Ichi Cutter Kogyo KK,52201020,건설 및 엔지니어링,16500000000,"1,416억원",JPY
5078,CEL Corp,60101010,"부동산 임대, 개발 및 운영",16481768000,"1,414억원",JPY
4420,eSOL Co Ltd,57201020,소프트웨어,16480000000,"1,414억원",JPY
4425,Kudan Inc,57201020,소프트웨어,16472754218,"1,414억원",JPY
2937,St.Cousair Co Ltd,54102020,식품 가공,16436515200,"1,411억원",JPY
4889,Renascience Inc,56201040,제약,16435841700,"1,410억원",JPY
7987,Nakabayashi Co Ltd,51301020,종이 제품,16412747580,"1,409억원",JPY
2491,ValueCommerce Co Ltd,53302010,광고 및 마케팅,16373725000,"1,405억원",JPY
6294,Okada Aiyon Corp,52102020,중장비 및 차량,16371979800,"1,405억원",JPY
9074,Japan Oil Transportation Co Ltd,52405030,지상 화물 및 물류,16365454875,"1,404억원",JPY
5356,Mino Ceramic Co Ltd,51202010,건설 자재,16330932420,"1,401억원",JPY
2112,Ensuiko Sugar Refining Co Ltd,54102020,식품 가공,16205000000,"1,391억원",JPY
5258,Transaction Media Networks Inc,57301010,핀테크,16204598400,"1,391억원",JPY
3467,Agratio Urban Design Inc,60101010,"부동산 임대, 개발 및 운영",16203264000,"1,391억원",JPY
3542,Vega Corporation Co Ltd,57201030,온라인 서비스,16188897600,"1,389억원",JPY
6540,Semba Corp,52201020,건설 및 엔지니어링,16139305196,"1,385억원",JPY
274A,Garden Co Ltd,53301020,레스토랑 및 바,16135867580,"1,385억원",JPY
9450,Fibergate Inc,57401020,무선 통신 서비스,16104195200,"1,382억원",JPY
2924,Ifuji Sangyo Co Ltd,54102010,어업 및 농업,16023110400,"1,375억원",JPY
4441,Tobila Systems Inc,57201010,IT 서비스 및 컨설팅,16010415000,"1,374억원",JPY
6405,Suzumo Machinery Co Ltd,52102010,산업용 기계 및 장비,16005600000,"1,374억원",JPY
8908,Mainichi Comnet Co Ltd,60101010,"부동산 임대, 개발 및 운영",15984000000,"1,372억원",JPY
9306,Toyo Logistics Co Ltd,52405010,"배달, 우편, 항공 화물 및 육상 물류",15958064710,"1,369억원",JPY
6224,JRC Co Ltd,52102040,중전기장비,15946534680,"1,368억원",JPY
4350,Medical System Network Co Ltd,54301010,의약품 소매,15934152000,"1,367억원",JPY
8349,Tohoku Bank Ltd,55101010,은행,15919678062,"1,366억원",JPY
1431,Lib Work Co Ltd,60101010,"부동산 임대, 개발 및 운영",15867561780,"1,362억원",JPY
9248,People Dreams & Technologies Group Co Ltd,52201020,건설 및 엔지니어링,15865960000,"1,362억원",JPY
2410,Career Design Center Co Ltd,52203030,고용 서비스,15861502085,"1,361억원",JPY
3800,Unirita Inc,57201020,소프트웨어,15824000000,"1,358억원",JPY
4627,Natoco Co Ltd,51101010,상품 화학,15808280400,"1,357억원",JPY
2652,Mandarake Inc,53403090,기타 전문 소매,15738300000,"1,351억원",JPY
4888,Stella Pharma Corp,56201040,제약,15702458400,"1,348억원",JPY
6390,Kato Works Co Ltd,52102020,중장비 및 차량,15618970710,"1,340억원",JPY
6159,Micron Machinery Co Ltd,52102010,산업용 기계 및 장비,15335139000,"1,316억원",JPY
604A,beABLE Co Ltd,52201020,건설 및 엔지니어링,15039906000,"1,291억원",JPY
9408,BSN Media Holdings Inc,53302020,방송,16020000000,"1,375억원",JPY
5892,Yutori Inc,53403040,의류 및 액세서리 소매,16017762500,"1,375억원",JPY
618A,KOMPEITO Inc.,53402010,백화점,15975856200,"1,371억원",JPY
7608,SK Japan Co Ltd,53205010,장난감 및 어린이 제품,15852486792,"1,360억원",JPY
8927,Meiho Enterprise Co Ltd,60101010,"부동산 임대, 개발 및 운영",15821350000,"1,358억원",JPY
9701,Tokyo Kaikan Co Ltd,53301020,레스토랑 및 바,15743620935,"1,351억원",JPY
4482,Wills Inc,57201030,온라인 서비스,15685528000,"1,346억원",JPY
9986,Zaoh Co Ltd,52102010,산업용 기계 및 장비,15665000000,"1,344억원",JPY
4125,Sanwayuka Industry Corp,51101010,상품 화학,15664893750,"1,344억원",JPY
7487,Ozu Corp,53202010,직물 및 가죽제품,15655777600,"1,344억원",JPY
4366,Daito Chemix Corp,51101090,다각적 화학 산업,15624000000,"1,341억원",JPY
2935,Pickles Holdings Co Ltd,54102020,식품 가공,15597275590,"1,339억원",JPY
5285,Yamax Corp,51202010,건설 자재,15551940000,"1,335억원",JPY
7176,Simplex Financial Holdings Co Ltd,55102030,다각적 투자 서비스,15526070000,"1,332억원",JPY
9890,Makiya Co Ltd,54301020,식품 소매 및 유통,15525714600,"1,332억원",JPY
3656,KLab Inc.,57201030,온라인 서비스,15501631000,"1,330억원",JPY
6797,Nagoya Electric Works Co Ltd,57104010,전자 장비 및 부품,15477020000,"1,328억원",JPY
4579,RaQualia Pharma Inc,56201040,제약,15462659322,"1,327억원",JPY
8918,Land Co Ltd,60101010,"부동산 임대, 개발 및 운영",15451400000,"1,326억원",JPY
3415,Tokyo Base Co Ltd,53403040,의류 및 액세서리 소매,15429778182,"1,324억원",JPY
3776,BroadBand Tower Inc,57201010,IT 서비스 및 컨설팅,15414469500,"1,323억원",JPY
4433,Hito Communications Holdings Inc,52203030,고용 서비스,15393426380,"1,321억원",JPY
2936,BASE FOOD Inc,54102020,식품 가공,15385340100,"1,320억원",JPY
4712,KeyHolder Inc,53301040,여가 및 오락시설,15363602100,"1,318억원",JPY
9753,I X Knowledge Inc,57201010,IT 서비스 및 컨설팅,15325200000,"1,315억원",JPY
5621,Human Technologies  Inc.,57201020,소프트웨어,15320340400,"1,315억원",JPY
4813,Access Co Ltd,57201020,소프트웨어,15305484300,"1,313억원",JPY
5983,Iwabuchi Corp,52102010,산업용 기계 및 장비,15290000000,"1,312억원",JPY
9307,Sugimura Warehouse Co Ltd,52405030,지상 화물 및 물류,15253353190,"1,309억원",JPY
8563,Daito Bank Ltd,55101010,은행,15241754400,"1,308억원",JPY
9799,Asahi Intelligence Service Co Ltd,57201010,IT 서비스 및 컨설팅,15241277400,"1,308억원",JPY
9633,Tokyo Theatres Co Inc,60101010,"부동산 임대, 개발 및 운영",15224700000,"1,307억원",JPY
4448,kubell Co Ltd,57201020,소프트웨어,15223677378,"1,306억원",JPY
4093,Toho Acetylene Co Ltd,51101010,상품 화학,15163660000,"1,301억원",JPY
4286,CL Holdings Inc,53302010,광고 및 마케팅,15157183072,"1,301억원",JPY
6316,Maruyama MFG Co Inc,52102020,중장비 및 차량,15113142660,"1,297억원",JPY
8887,Syla Holdings Co Ltd,60101010,"부동산 임대, 개발 및 운영",15084244796,"1,294억원",JPY
3810,CyberStep Holdings Inc,57201030,온라인 서비스,15072007088,"1,293억원",JPY
1848,Fuji PS Corp,52201020,건설 및 엔지니어링,15067817640,"1,293억원",JPY
3140,Bruno Inc,54201010,가정용 제품,15026414350,"1,290억원",JPY
297A,Alpico Holdings Co Ltd,54301020,식품 소매 및 유통,15004940060,"1,288억원",JPY
6165,Punch Industry Co Ltd,52102010,산업용 기계 및 장비,14998963200,"1,287억원",JPY
4382,HEROZ Inc,57201020,소프트웨어,14996390859,"1,287억원",JPY
2884,Yoshimura Food Holdings KK,54102020,식품 가공,14987631140,"1,286억원",JPY
5132,pluszero Inc,57201010,IT 서비스 및 컨설팅,14919567570,"1,280억원",JPY
6255,NPC Inc,52102010,산업용 기계 및 장비,14907439976,"1,279억원",JPY
9351,Toyo Wharf & Warehouse Co Ltd,52405010,"배달, 우편, 항공 화물 및 육상 물류",14891760000,"1,278억원",JPY
6176,Brangista Inc,53302040,소비자 출판,14881381300,"1,277억원",JPY
3657,Pole To Win Holdings Inc,57201010,IT 서비스 및 컨설팅,14804528000,"1,270억원",JPY
3063,j-Group Holdings Corp,53301020,레스토랑 및 바,14802392000,"1,270억원",JPY
6904,Harada Industry Co Ltd,53101020,"자동차, 트럭 및 오토바이 부품",14795440000,"1,270억원",JPY
9343,ibis Inc,57201020,소프트웨어,14789692000,"1,269억원",JPY
9272,Boutiques Inc,52203040,경영 지원 서비스,14783382000,"1,269억원",JPY
2700,Kitoku Shinryo Co Ltd,54301020,식품 소매 및 유통,14756900000,"1,266억원",JPY
7068,Feedforce Group Inc,57201010,IT 서비스 및 컨설팅,14748061328,"1,266억원",JPY
5237,Nozawa Corp,51202010,건설 자재,14634900000,"1,256억원",JPY
3031,Raccoon Holdings Inc,57201030,온라인 서비스,14607023541,"1,254억원",JPY
4465,Niitaka Co Ltd,54201010,가정용 제품,14471331620,"1,242억원",JPY
4344,Sourcenext Corp,57201020,소프트웨어,14328855300,"1,230억원",JPY
6085,Architects Studio Japan Inc,52203040,경영 지원 서비스,14242667280,"1,222억원",JPY
3131,Shinden Hightex Corp,57101010,반도체,15214542000,"1,306억원",JPY
7875,Takeda iP Holdings Co Ltd,52203020,상업 인쇄 서비스,15085758000,"1,295억원",JPY
4575,CanBas Co.  Ltd.,56201040,제약,14923236835,"1,281억원",JPY
7115,AlphaPurchase Corp,52202010,다각적 산업용 제품 도매,14778046500,"1,268억원",JPY
6039,Japan Animal Referral Medical Center Co Ltd,56102010,의료 시설 및 서비스,14678820000,"1,260억원",JPY
1787,Nakabohtec Corrosion Protecting Co Ltd,51201020,철 및 강철,14678100000,"1,260억원",JPY
5586,Laboro.AI Inc,57201010,IT 서비스 및 컨설팅,14608414716,"1,254억원",JPY
8931,Wadakohsan Corp,60101010,"부동산 임대, 개발 및 운영",14585400000,"1,252억원",JPY
3321,Mitachi Co Ltd,57101010,반도체,14540659872,"1,248억원",JPY
9249,Japan Ecosystem Co Ltd,57104010,전자 장비 및 부품,14524904400,"1,246억원",JPY
6769,Thine Electronics Inc,57101010,반도체,14524297700,"1,246억원",JPY
8023,Daiko Xtech Ltd,53403050,컴퓨터 및 전자 제품 소매,14520223176,"1,246억원",JPY
3374,Naigai Tec Corp,52102030,전기 부품 및 장비,14518329120,"1,246억원",JPY
7228,Daytona Corp,53101020,"자동차, 트럭 및 오토바이 부품",14464000000,"1,241억원",JPY
7781,Hirayama Holdings Co Ltd,52203030,고용 서비스,14453140800,"1,240억원",JPY
7050,Frontier International Inc,53302010,광고 및 마케팅,14411280000,"1,237억원",JPY
7081,Koyou Rentia Co Ltd,52203040,경영 지원 서비스,14409818400,"1,237억원",JPY
4011,Headwaters Co Ltd,57201010,IT 서비스 및 컨설팅,14402596656,"1,236억원",JPY
3447,Shinwa Co Ltd,51201020,철 및 강철,14385060000,"1,234억원",JPY
5381,Mipox Corp,51101010,상품 화학,14379660400,"1,234억원",JPY
7377,DN Holdings Co Ltd,52201020,건설 및 엔지니어링,14372940000,"1,233억원",JPY
1826,Sata Construction Co Ltd,52201020,건설 및 엔지니어링,14363428009,"1,233억원",JPY
9612,Luckland Co Ltd,52201020,건설 및 엔지니어링,14359757500,"1,232억원",JPY
4563,AnGes Inc,56202010,생명 공학 및 의학 연구,14358079800,"1,232억원",JPY
3937,Ubicom Holdings Inc,57201010,IT 서비스 및 컨설팅,14356906240,"1,232억원",JPY
4978,ReproCELL Incorporated,56201040,제약,14344256958,"1,231억원",JPY
7352,TWOSTONE&Sons Inc,52203030,고용 서비스,14321555360,"1,229억원",JPY
9888,UEX Ltd,51201020,철 및 강철,14314320000,"1,228억원",JPY
4026,Konoshima Chemical Co Ltd,53203020,건설 자재 및 비품,14294280000,"1,227억원",JPY
366A,Wellness Communications Corp,56102010,의료 시설 및 서비스,14270593000,"1,225억원",JPY
3417,OHKI HEALTHCARE HOLDINGS CO. LTD.,56201040,제약,14269109400,"1,225억원",JPY
1430,First-corporation Inc.,53203010,주택 건설,14245533640,"1,223억원",JPY
3277,Sansei Landic Co Ltd,60101010,"부동산 임대, 개발 및 운영",14233764200,"1,222억원",JPY
3633,GMO Pepabo Inc,57201030,온라인 서비스,14218620000,"1,220억원",JPY
5942,Nippon Filcon Co Ltd,52102010,산업용 기계 및 장비,14209182251,"1,219억원",JPY
6955,FDK Corp,52102030,전기 부품 및 장비,14159883820,"1,215억원",JPY
6087,Abist Co Ltd,52203040,경영 지원 서비스,14148900000,"1,214억원",JPY
9145,Being Holdings Co Ltd,52405030,지상 화물 및 물류,14146700000,"1,214억원",JPY
6464,Tsubaki Nakashima Co Ltd,52102010,산업용 기계 및 장비,14143864000,"1,214억원",JPY
6493,Nittan Corp,53101020,"자동차, 트럭 및 오토바이 부품",14141683680,"1,214억원",JPY
9428,CROPS CORPORATION,53403050,컴퓨터 및 전자 제품 소매,14127372800,"1,212억원",JPY
1897,Kaneshita Construction Co Ltd,52201020,건설 및 엔지니어링,14084642000,"1,209억원",JPY
9713,Royal Hotel Ltd,53301010,"호텔, 모텔 및 크루즈 라인",14079099480,"1,208억원",JPY
6291,Airtech Japan Ltd,52203010,환경 서비스 및 장비,14047713860,"1,206억원",JPY
3300,AMBITION DX HOLDINGS Co.  Ltd.,60101010,"부동산 임대, 개발 및 운영",14047195800,"1,206억원",JPY
2904,Ichimasa Kamaboko Co Ltd,54102020,식품 가공,14035450000,"1,204억원",JPY
7082,Jimoty  Inc.,57201030,온라인 서비스,14018981356,"1,203억원",JPY
4346,NEXYZ.Group Corp,52102030,전기 부품 및 장비,14010089600,"1,202억원",JPY
2816,Daisho Co Ltd,54102020,식품 가공,14003827200,"1,202억원",JPY
7110,Kurashicom Inc,53403030,가정용 가구 소매,14003760000,"1,202억원",JPY
5284,Yamau Holdings Co Ltd,51202010,건설 자재,13993014000,"1,201억원",JPY
7373,Aidma Holdings Inc,52203040,경영 지원 서비스,13972241280,"1,199억원",JPY
6149,Odawara Engineering Co Ltd,52102010,산업용 기계 및 장비,13968128160,"1,199억원",JPY
8152,Somar Corp,51101010,상품 화학,13946186080,"1,197억원",JPY
6488,Yoshitake Inc,52102010,산업용 기계 및 장비,13939402894,"1,196억원",JPY
9221,Fuluhashi EPO Corp,52203010,환경 서비스 및 장비,13923487200,"1,195억원",JPY
3934,Benefit Japan Co Ltd,57401010,통합 통신 서비스,13890680608,"1,192억원",JPY
9130,Kyoei Tanker Co Ltd,52405020,해양 화물 및 물류,13762350000,"1,181억원",JPY
4347,Broadmedia Corp,53302020,방송,13732500000,"1,178억원",JPY
194A,WOLVES HAND Co Ltd,56102010,의료 시설 및 서비스,13507956000,"1,159억원",JPY
3444,Kikuchi Seisakusho Co Ltd,52102010,산업용 기계 및 장비,14287056600,"1,226억원",JPY
332A,MEEQ Inc,57201010,IT 서비스 및 컨설팅,14170268800,"1,216억원",JPY
8202,Laox Holdings Co Ltd,53403090,기타 전문 소매,13906930347,"1,193억원",JPY
5136,Tripla Co Ltd,57201010,IT 서비스 및 컨설팅,13870168192,"1,190억원",JPY
6393,Yuken Kogyo Co Ltd,52102010,산업용 기계 및 장비,13802668560,"1,185억원",JPY
8562,THE FUKUSHIMA BANK  LTD.,55101010,은행,13785500000,"1,183억원",JPY
1981,Kyowanissei Co Ltd,52201020,건설 및 엔지니어링,13765468200,"1,181억원",JPY
3926,Open Door Inc,57201030,온라인 서비스,13754400000,"1,180억원",JPY
7212,F-Tech Inc,53101020,"자동차, 트럭 및 오토바이 부품",13753499340,"1,180억원",JPY
1783,Fantasista Co Ltd,60101010,"부동산 임대, 개발 및 운영",13724928421,"1,178억원",JPY
7646,Plant Co Ltd,54301020,식품 소매 및 유통,13708343040,"1,176억원",JPY
7792,Colan Totte Co Ltd,53202020,의류 및 액세서리,13687575800,"1,175억원",JPY
6035,IR Japan Holdings Ltd,52203040,경영 지원 서비스,13611698730,"1,168억원",JPY
3109,Shikibo Ltd,53202010,직물 및 가죽제품,13605100398,"1,168억원",JPY
6730,Axell Corp,57101010,반도체,13600142657,"1,167억원",JPY
7561,HURXLEY HOLDINGS CORPORATION,53301020,레스토랑 및 바,13582695632,"1,166억원",JPY
4013,Kinjiro Co Ltd,57201020,소프트웨어,13566840000,"1,164억원",JPY
8045,Yokohama Maruuo Co Ltd,54102010,어업 및 농업,13563000000,"1,164억원",JPY
2224,Como Co Ltd,54102020,식품 가공,13503600000,"1,159억원",JPY
3435,Sanko Techno Co Ltd,52102010,산업용 기계 및 장비,13494164544,"1,158억원",JPY
5079,Novac Co Ltd,52201020,건설 및 엔지니어링,13475252000,"1,156억원",JPY
7908,Kimoto Co Ltd,51101010,상품 화학,13474050744,"1,156억원",JPY
3551,Dynic Corp,51301020,종이 제품,13420490766,"1,152억원",JPY
7775,Daiken Medical Co Ltd,56101020,"의료 장비, 물품 및 유통",13404640000,"1,150억원",JPY
4299,Himacs Ltd,57201010,IT 서비스 및 컨설팅,13387000000,"1,149억원",JPY
5921,Kawagishi Bridge Works Co Ltd,52201020,건설 및 엔지니어링,13380000000,"1,148억원",JPY
3954,Showa Paxxs Corp,51302010,용기(종이 제외) 및 포장재,13345550000,"1,145억원",JPY
9763,Maruken Lease Co Ltd,52203040,경영 지원 서비스,13323374400,"1,143억원",JPY
2981,Landix Inc,60101020,부동산 서비스,13223039520,"1,135억원",JPY
9731,Hakuyosha Co Ltd,54201030,개인 서비스,13201500000,"1,133억원",JPY
9049,Keifuku Electric Railroad Co Ltd,52406020,지상 및 해상 여객 운송,13180000000,"1,131억원",JPY
3979,Uluru Co Ltd,57201030,온라인 서비스,13158260000,"1,129억원",JPY
7819,Shobido Corp,54201020,개인 생활 필수 용품,13088160000,"1,123억원",JPY
6262,Pegasus Co Ltd,52102010,산업용 기계 및 장비,13084672200,"1,123억원",JPY
8898,Century 21 Real Estate of Japan Ltd,60101020,부동산 서비스,13080375000,"1,123억원",JPY
378A,Hit Co Ltd,53302010,광고 및 마케팅,13074251200,"1,122억원",JPY
9227,Microwave Chemical Co.  Ltd.,51101010,상품 화학,13073499000,"1,122억원",JPY
5958,Sanyo Industries Ltd,53203020,건설 자재 및 비품,13024000000,"1,118억원",JPY
8365,Bank of Toyama Ltd,55101010,은행,13023004800,"1,118억원",JPY
4574,Taiko Pharmaceutical Co Ltd,56201040,제약,13013683300,"1,117억원",JPY
1450,Tanaken Inc,52201020,건설 및 엔지니어링,13005902000,"1,116억원",JPY
7686,HitoMile Co Ltd,54301020,식품 소매 및 유통,13002537300,"1,116억원",JPY
3392,Delica Foods Holdings Co Ltd,54102010,어업 및 농업,12982996000,"1,114억원",JPY
5204,Ishizuka Glass Co Ltd,51302010,용기(종이 제외) 및 포장재,12954030780,"1,112억원",JPY
6838,Tamagawa Holdings Co Ltd,57104010,전자 장비 및 부품,12892510800,"1,106억원",JPY
3020,Applied Co Ltd,57106010,컴퓨터 하드웨어,12867232000,"1,104억원",JPY
5869,Waseda Gakushukenkyukai Co Ltd,63101010,기타 교육 서비스 제공,12855963750,"1,103억원",JPY
5282,Geostr Corp,51202010,건설 자재,12769650000,"1,096억원",JPY
1966,Takada Corp,52201020,건설 및 엔지니어링,12769103350,"1,096억원",JPY
9959,Aseed Holdings Co Ltd,54301020,식품 소매 및 유통,12753009360,"1,094억원",JPY
3175,AP Holdings Co Ltd,53301020,레스토랑 및 바,12732357960,"1,093억원",JPY
9160,On The Page Inc,54201030,개인 서비스,12722196069,"1,092억원",JPY
3434,Alpha Corp,53101020,"자동차, 트럭 및 오토바이 부품",12719400000,"1,092억원",JPY
500A,TO Books Inc,53302040,소비자 출판,12696089000,"1,090억원",JPY
9993,Yamazawa Co Ltd,54301020,식품 소매 및 유통,12692635350,"1,089억원",JPY
7097,Sakurasaku Plus Co Ltd,54201030,개인 서비스,12683734000,"1,088억원",JPY
7565,Mansei Corp,52102030,전기 부품 및 장비,12680550000,"1,088억원",JPY
9380,Azuma Shipping Co Ltd,52405020,해양 화물 및 물류,12668274000,"1,087억원",JPY
7247,Mikuni Corp,53101020,"자동차, 트럭 및 오토바이 부품",12598286510,"1,081억원",JPY
2764,Hiramatsu Inc,53301020,레스토랑 및 바,12556387200,"1,078억원",JPY
5572,Ridge-i Inc,57201010,IT 서비스 및 컨설팅,13554652800,"1,163억원",JPY
8104,Kuwazawa Holdings Corp,51202010,건설 자재,12854761920,"1,103억원",JPY
6030,Adventure Inc,53301040,여가 및 오락시설,12850231000,"1,103억원",JPY
4055,T&S Group Inc,57201010,IT 서비스 및 컨설팅,12785610000,"1,097억원",JPY
7670,O-Well Corp,51101010,상품 화학,12768000000,"1,096억원",JPY
3683,Cyberlinks Co Ltd,57201010,IT 서비스 및 컨설팅,12658167439,"1,086억원",JPY
2991,Landnet Inc,60101010,"부동산 임대, 개발 및 운영",12633244000,"1,084억원",JPY
4389,Property Data Bank Inc,57201020,소프트웨어,12553170000,"1,077억원",JPY
5071,VIS Co Ltd,53403020,주택 개조 제품 및 서비스 소매,12546468000,"1,077억원",JPY
1873,Nihon House Holdings Co Ltd,60101010,"부동산 임대, 개발 및 운영",12480000000,"1,071억원",JPY
3943,Ohishi Sangyo Co Ltd,51302020,종이 포장재,12452880000,"1,069억원",JPY
6044,Sanki Service Corp,52203040,경영 지원 서비스,12442786650,"1,068억원",JPY
2927,AFC-HD AMS Life Science Co Ltd,54102020,식품 가공,12433982946,"1,067억원",JPY
2130,Members Co Ltd,57201010,IT 서비스 및 컨설팅,12416552500,"1,066억원",JPY
1798,Moriya Corp,52201020,건설 및 엔지니어링,12407400000,"1,065억원",JPY
9564,FCE Inc,63101010,기타 교육 서비스 제공,12405588000,"1,065억원",JPY
6091,Wesco Holdings Inc,52201020,건설 및 엔지니어링,12404560000,"1,065억원",JPY
2818,Pietro Co Ltd,54102020,식품 가공,12401275880,"1,064억원",JPY
9818,Daimaru Enawin Co Ltd,50102030,"오일, 가스 정제 및 마케팅",12399656500,"1,064억원",JPY
6533,Orchestra Holdings Inc,53302010,광고 및 마케팅,12382202800,"1,063억원",JPY
6322,Tacmina Corp,52102010,산업용 기계 및 장비,12381121080,"1,063억원",JPY
7022,Sanoyas Holdings Corp,52102010,산업용 기계 및 장비,12367730648,"1,061억원",JPY
1807,Watanabe Sato Co Ltd,52201020,건설 및 엔지니어링,12360967600,"1,061억원",JPY
5590,Netstars Co Ltd,57301010,핀테크,12357133200,"1,060억원",JPY
3053,Pepper Food Service Co Ltd,53301020,레스토랑 및 바,12346224000,"1,060억원",JPY
2883,Dairei Co Ltd,54301020,식품 소매 및 유통,12341048200,"1,059억원",JPY
6161,Estic Corp,52102010,산업용 기계 및 장비,12332864000,"1,058억원",JPY
4479,Makuake Inc,57201030,온라인 서비스,12321795500,"1,057억원",JPY
5819,Canare Electric Co Ltd,52102030,전기 부품 및 장비,12299105000,"1,055억원",JPY
4651,Sanix Holdings Inc,50201010,재생 가능 에너지 장비 및 서비스,12278768396,"1,054억원",JPY
8705,Nissan Securities Group Co Ltd,55102010,투자 은행 및 중개 서비스,12270731769,"1,053억원",JPY
8904,Avantia Co Ltd,53203010,주택 건설,12249778900,"1,051억원",JPY
1850,Nankai Tatsumura Construction Co Ltd,52201020,건설 및 엔지니어링,12226071090,"1,049억원",JPY
6870,Fenwal Controls of Japan Ltd,52203060,비즈니스 지원 용품,12204403000,"1,047억원",JPY
8207,Ten Allied Co Ltd,53301020,레스토랑 및 바,12178678827,"1,045억원",JPY
5915,Komaihaltec Inc,52201020,건설 및 엔지니어링,12173191632,"1,045억원",JPY
4284,Solxyz Co Ltd,57201010,IT 서비스 및 컨설팅,12096087894,"1,038억원",JPY
2428,Wellnet Corp,52203040,경영 지원 서비스,12086200000,"1,037억원",JPY
7822,Eidai Co Ltd,53203020,건설 자재 및 비품,12070220400,"1,036억원",JPY
4838,Space Shower Skiyaki Holdings Inc,53302030,엔터테인먼트 제작,12056677140,"1,035억원",JPY
2169,CDS Co Ltd,57201010,IT 서비스 및 컨설팅,12048456000,"1,034억원",JPY
9082,Daiwa Motor Transportation Co Ltd,52406020,지상 및 해상 여객 운송,12043500000,"1,034억원",JPY
5906,MK Seiko Co Ltd,52102010,산업용 기계 및 장비,12039378600,"1,033억원",JPY
3675,Cross Marketing Group Inc,53302010,광고 및 마케팅,12022219328,"1,032억원",JPY
1717,Meiho Facility Works Ltd,52201020,건설 및 엔지니어링,12009346000,"1,031억원",JPY
2173,Hakuten Corp,52203040,경영 지원 서비스,12008913840,"1,031억원",JPY
3918,PCI Holdings Inc,57201020,소프트웨어,11964676800,"1,027억원",JPY
2907,Ahjikan Co Ltd,54102020,식품 가공,11935000000,"1,024억원",JPY
8945,Sunnexta Group Inc,60101020,부동산 서비스,11869446600,"1,019억원",JPY
9636,Kin-Ei Corp,60101010,"부동산 임대, 개발 및 운영",11848200000,"1,017억원",JPY
5009,Fuji Kosan Co Ltd,50102030,"오일, 가스 정제 및 마케팅",11839250078,"1,016억원",JPY
5971,Kyowakogyosyo Co Ltd,52102010,산업용 기계 및 장비,11832000000,"1,015억원",JPY
4193,Fabrica Holdings Co Ltd,57201020,소프트웨어,11826864000,"1,015억원",JPY
254A,AI Fusion Capital Group Corp,55102020,투자 관리 및 펀드 운영,11778956400,"1,011억원",JPY
2315,Caica Digital Inc,57201010,IT 서비스 및 컨설팅,11770266170,"1,010억원",JPY
7879,Noda Corp,53203020,건설 자재 및 비품,11721299200,"1,006억원",JPY
5955,Wise Holdings Co Ltd,52102010,산업용 기계 및 장비,11694164730,"1,004억원",JPY
9252,Last One Mile Co Ltd,57201030,온라인 서비스,11690436160,"1,003억원",JPY
4629,Daishin Chemical Co Ltd,51101010,상품 화학,11562656000,992억원,JPY
5137,SmartDrive Inc,57201020,소프트웨어,11501722440,987억원,JPY
3556,RenetJapanGroup Inc,53403090,기타 전문 소매,11895050600,"1,021억원",JPY
4192,SpiderPlus & Co,57201020,소프트웨어,11660837552,"1,001억원",JPY
8416,Bank of Kochi Ltd,55101010,은행,11648337600,"1,000억원",JPY
6336,Ishii Hyoki Co Ltd,57101010,반도체,11643267648,999억원,JPY
6208,Ishikawa Seisakusho Ltd,52102010,산업용 기계 및 장비,11622469040,997억원,JPY
7175,Imamura Securities Co Ltd,55102010,투자 은행 및 중개 서비스,11608240000,996억원,JPY
7849,Starts Publishing Corp,53302040,소비자 출판,11596800000,995억원,JPY
4113,Taoka Chemical Co Ltd,51101090,다각적 화학 산업,11595320000,995억원,JPY
9325,PHYZ Holdings Inc,52405010,"배달, 우편, 항공 화물 및 육상 물류",11580396000,994억원,JPY
7636,Handsman Co Ltd,53403020,주택 개조 제품 및 서비스 소매,11578820400,994억원,JPY
4234,Sun A. Kaken Co Ltd,51302010,용기(종이 제외) 및 포장재,11569040000,993억원,JPY
7134,Up Garage Group Co Ltd,53101020,"자동차, 트럭 및 오토바이 부품",11567043000,993억원,JPY
6522,Asterisk Inc,57106010,컴퓨터 하드웨어,11548320000,991억원,JPY
4235,Ultrafabrics Holdings Co Ltd,53202010,직물 및 가죽제품,11536336000,990억원,JPY
3420,KFC Ltd,51202010,건설 자재,11524514100,989억원,JPY
3418,Balnibarbi Co Ltd,53301020,레스토랑 및 바,11510499000,988억원,JPY
5998,Advanex Inc,52102010,산업용 기계 및 장비,11504834900,987억원,JPY
9560,PROGRIT Inc,63101010,기타 교육 서비스 제공,11403307038,979억원,JPY
369A,A-tie Co Ltd,52203040,경영 지원 서비스,11384285400,977억원,JPY
625A,Skyfall Inc.,53302010,광고 및 마케팅,11363084750,975억원,JPY
9846,Tenmaya Store Co Ltd,54301020,식품 소매 및 유통,11353650000,974억원,JPY
7702,JMS Co Ltd,56101020,"의료 장비, 물품 및 유통",11352660894,974억원,JPY
1434,Jesco Holdings Inc,52201020,건설 및 엔지니어링,11328049600,972억원,JPY
7614,OM2 Network Co Ltd,54301020,식품 소매 및 유통,11311547628,971억원,JPY
7809,Kotobukiya Co Ltd,53205010,장난감 및 어린이 제품,11295738900,969억원,JPY
7416,Haruyama Holdings Inc,53403040,의류 및 액세서리 소매,11292278430,969억원,JPY
7551,Weds Co Ltd,53101020,"자동차, 트럭 및 오토바이 부품",11282716200,968억원,JPY
6864,NF Holdings Corp,52102030,전기 부품 및 장비,11234230000,964억원,JPY
4644,Imagineer Co.  Ltd,57201030,온라인 서비스,11213397000,962억원,JPY
9149,Otomo Logistics Service Co Ltd,52405030,지상 화물 및 물류,11200000000,961억원,JPY
9257,YCP Holdings (Global) Ltd DRC,55102020,투자 관리 및 펀드 운영,11196895092,961억원,JPY
5984,Kanefusa Corp,52102010,산업용 기계 및 장비,11190420000,960억원,JPY
1433,Besterra Co Ltd,52201020,건설 및 엔지니어링,11184531600,960억원,JPY
5187,Create Medic Co Ltd,56101020,"의료 장비, 물품 및 유통",11181626339,960억원,JPY
7698,Iceco Inc,54301020,식품 소매 및 유통,11176252000,959억원,JPY
7378,Asiro Inc,57201030,온라인 서비스,11174158528,959억원,JPY
5268,Asahi Concrete Works Co Ltd,51202010,건설 자재,11168652000,958억원,JPY
6384,Showa Shinku Co Ltd,52102010,산업용 기계 및 장비,11158783000,958억원,JPY
4412,Science Arts Inc,57201010,IT 서비스 및 컨설팅,11151650000,957억원,JPY
7991,Mamiya-OP Co Ltd,53301030,카지노 및 도박,11149698870,957억원,JPY
3082,Kichiri Holdings & Co Ltd,53301020,레스토랑 및 바,11143406400,956억원,JPY
3562,No.1 Co Ltd,57105010,사무기기,11135930100,956억원,JPY
6919,Kel Corp,52102030,전기 부품 및 장비,11111205000,954억원,JPY
7435,Nadex Co Ltd,52102010,산업용 기계 및 장비,11101740000,953억원,JPY
7722,Kokusai Co Ltd,52102010,산업용 기계 및 장비,11090200000,952억원,JPY
4031,Katakura & Co-op Agri Corp,51101020,농화학제,11076237740,951억원,JPY
3030,Hub Co Ltd,53301020,레스토랑 및 바,11059632400,949억원,JPY
4248,Takemoto Yohki Co Ltd,51302010,용기(종이 제외) 및 포장재,11038225200,947억원,JPY
2813,Wakou Shokuhin Co Ltd,54102020,식품 가공,11035833375,947억원,JPY
9698,Creo Co Ltd,57201010,IT 서비스 및 컨설팅,11032609080,947억원,JPY
1491,Chugai Mining Co Ltd,51201010,금 제외 귀금속 및 광물,11024910639,946억원,JPY
7277,TBK Co Ltd,53101020,"자동차, 트럭 및 오토바이 부품",11017923495,946억원,JPY
9341,Genova Inc,57201030,온라인 서비스,11006107700,945억원,JPY
9311,Asagami Corp,52405030,지상 화물 및 물류,11003680000,944억원,JPY
4331,Take And Give Needs Co Ltd,54201030,개인 서비스,10979116830,942억원,JPY
8127,Yamato International Inc,53202020,의류 및 액세서리,10971012040,942억원,JPY
4495,i Cubed Systems Inc,57201010,IT 서비스 및 컨설팅,10946898450,939억원,JPY
7218,Tanaka Seimitsu Kogyo Co Ltd,53101020,"자동차, 트럭 및 오토바이 부품",10935232000,938억원,JPY
6082,Ride On Express Holdings Co Ltd,53301020,레스토랑 및 바,10915316388,937억원,JPY
4169,ENECHANGE Ltd,57201010,IT 서비스 및 컨설팅,10900992168,936억원,JPY
3560,Hobonichi Co Ltd,57201030,온라인 서비스,12073360000,"1,036억원",JPY
4446,Link-U Group Inc,57201010,IT 서비스 및 컨설팅,11269363500,967억원,JPY
9554,AViC Co Ltd,53302010,광고 및 마케팅,11251370700,966억원,JPY
4599,StemRIM Inc,56201040,제약,11094572400,952억원,JPY
153A,Caulis Inc,57201010,IT 서비스 및 컨설팅,11069951200,950억원,JPY
4570,Immuno-Biological Laboratories Co Ltd,56201040,제약,11047103740,948억원,JPY
9780,Harima B.Stem Corp,52203040,경영 지원 서비스,10952669620,940억원,JPY
4811,DreamArts Corp,57201020,소프트웨어,10947420000,939억원,JPY
423A,Lion Office Products Corp,52203060,비즈니스 지원 용품,10942905600,939억원,JPY
7444,Harima-Kyowa Co Ltd,56201040,제약,10883136000,934억원,JPY
2934,J Frontier Co Ltd,53402010,백화점,10880856391,934억원,JPY
2750,S.Ishimitsu & Co Ltd,54301020,식품 소매 및 유통,10848000000,931억원,JPY
9245,Livero Inc,60101020,부동산 서비스,10800980500,927억원,JPY
7795,Kyoritsu Co Ltd,52203020,상업 인쇄 서비스,10733230000,921억원,JPY
3538,Willplus Holdings Corp,53403010,"자동차 차량, 부품 및 서비스 소매",10710585600,919억원,JPY
4596,Kubota Pharmaceutical Holdings Co Ltd,56201040,제약,10701523008,918억원,JPY
1853,Mori-Gumi Co Ltd,52201020,건설 및 엔지니어링,10692800000,918억원,JPY
9168,Rise Consulting Group Inc,52203040,경영 지원 서비스,10648402500,914억원,JPY
4100,Toda Kogyo Corp,51101030,특수 화학제,10643090040,913억원,JPY
3900,CrowdWorks Inc,57201010,IT 서비스 및 컨설팅,10626062689,912억원,JPY
1905,Tenox Corp,52201020,건설 및 엔지니어링,10624745280,912억원,JPY
3903,gumi Inc,57201020,소프트웨어,10618503698,911억원,JPY
7213,Lecip Holdings Corp,53101020,"자동차, 트럭 및 오토바이 부품",10583739000,908억원,JPY
4222,Kodama Chemical Industry Co Ltd,53101020,"자동차, 트럭 및 오토바이 부품",10539435056,904억원,JPY
3969,Atled Corp,57201020,소프트웨어,10504822200,902억원,JPY
3353,Medical Ikkou Group Co Ltd,54301010,의약품 소매,10499450000,901억원,JPY
7514,Himaraya Co Ltd,53403090,기타 전문 소매,10497310524,901억원,JPY
7192,Mortgage Service Japan Ltd,55301020,손해보험,10469248000,898억원,JPY
3080,Jason Co Ltd,54301020,식품 소매 및 유통,10467404000,898억원,JPY
4376,Kufu Company Holdings Inc,57201030,온라인 서비스,10451859356,897억원,JPY
4168,Yappli Inc,57201010,IT 서비스 및 컨설팅,10441950000,896억원,JPY
6497,Hamai Industries Ltd,52102010,산업용 기계 및 장비,10438340840,896억원,JPY
2436,Kyodo Public Relations Co Ltd,53302010,광고 및 마케팅,10436950528,896억원,JPY
5391,A&A Material Corp,51202010,건설 자재,10426640000,895억원,JPY
3799,Keyware Solutions Inc,57201020,소프트웨어,10421840000,894억원,JPY
5967,Tone Co Ltd,52102010,산업용 기계 및 장비,10401144000,893억원,JPY
4512,Wakamoto Pharmaceutical Co Ltd,56201040,제약,10381820850,891억원,JPY
4642,Original Engineering Consultants Co Ltd,52203040,경영 지원 서비스,10377710400,891억원,JPY
7271,YASUNAGA CORPORATION,53101020,"자동차, 트럭 및 오토바이 부품",10376788478,891억원,JPY
463A,Intellex Holdings Co Ltd,60101010,"부동산 임대, 개발 및 운영",10334831500,887억원,JPY
2193,Cookpad Inc.,57201030,온라인 서비스,10323834900,886억원,JPY
6561,Hanatour Japan Co Ltd,53301040,여가 및 오락시설,10309065800,885억원,JPY
6554,SUS Co Ltd,52203030,고용 서비스,10302864000,884억원,JPY
9950,Hachi-Ban Co Ltd,53301020,레스토랑 및 바,10278171850,882억원,JPY
3083,Star Seeds Co Ltd,53403040,의류 및 액세서리 소매,10271009000,881억원,JPY
3641,Papyless Co Ltd,53402010,백화점,10254591840,880억원,JPY
7841,Endo Manufacturing Co Ltd,53205020,오락용 제품,10253794800,880억원,JPY
7374,Interworks Confidence Inc,52203030,고용 서비스,10199746263,875억원,JPY
6858,Ono Sokki Co Ltd,52102010,산업용 기계 및 장비,10174800000,873억원,JPY
2485,Tear Corp,54201030,개인 서비스,10152055100,871억원,JPY
1401,mbs Inc,53203010,주택 건설,10136652000,870억원,JPY
6239,Nagaoka International Corp,52102010,산업용 기계 및 장비,10122112000,869억원,JPY
6748,Seiwa Electric Mfg Co Ltd,57102010,통신 및 네트워킹,10061412000,863억원,JPY
3320,Cross Plus Inc,53202020,의류 및 액세서리,10034440000,861억원,JPY
6230,Sanei Ltd,53203020,건설 자재 및 비품,9980040000,856억원,JPY
4237,Fujipream Corp,57104010,전자 장비 및 부품,9948657600,854억원,JPY
3236,Properst Co Ltd,60101010,"부동산 임대, 개발 및 운영",9946859945,854억원,JPY
1418,Interlife Holdings Co Ltd,52201020,건설 및 엔지니어링,9934148936,853억원,JPY
2122,Interspace Co Ltd,53302010,광고 및 마케팅,9865555200,847억원,JPY
2134,Kitahama Capital Partners Co Ltd,55102020,투자 관리 및 펀드 운영,9637901681,827억원,JPY
479A,PRONI Inc,57201030,온라인 서비스,10144929300,871억원,JPY
2993,Choei Inc,60101020,부동산 서비스,10056203200,863억원,JPY
4308,J-Stream Inc,57201030,온라인 서비스,10044549200,862억원,JPY
9475,Shobunsha Holdings Inc,53302040,소비자 출판,9925282458,852억원,JPY
4960,Chemipro Kasei Kaisha Ltd,51101010,상품 화학,9907673348,850억원,JPY
7371,Zenken Corp,57201010,IT 서비스 및 컨설팅,9903176200,850억원,JPY
2990,Aida Sekkei Co Ltd,60101010,"부동산 임대, 개발 및 운영",9888587400,849억원,JPY
2798,Y's Table Corp,53301020,레스토랑 및 바,9885304800,848억원,JPY
5588,Fast Accounting Co Ltd,57201020,소프트웨어,9855737500,846억원,JPY
5582,GRID Inc,57201010,IT 서비스 및 컨설팅,9840251322,844억원,JPY
6033,Extreme Co Ltd,57201010,IT 서비스 및 컨설팅,9832986660,844억원,JPY
3571,Sotoh Co Ltd,53202010,직물 및 가죽제품,9784906311,840억원,JPY
6156,A-One Seimitsu Inc,52102010,산업용 기계 및 장비,9773200000,839억원,JPY
6286,Seiko Corp,53403010,"자동차 차량, 부품 및 서비스 소매",9770367761,838억원,JPY
4245,Daiki Axis Co Ltd,52203010,환경 서비스 및 장비,9761879400,838억원,JPY
4224,Lonseal Corp,53203020,건설 자재 및 비품,9754776681,837억원,JPY
3652,Digital Media Professionals Inc,57101010,반도체,9740916000,836억원,JPY
6466,TVE Co Ltd,52102010,산업용 기계 및 장비,9735628000,835억원,JPY
7442,Nakayamafuku Co Ltd,53204030,"가전제품, 도구 및 가정 용품",9723164880,834억원,JPY
4374,ROBOT PAYMENT INC.,52203040,경영 지원 서비스,9690810034,832억원,JPY
2735,Watts Co Ltd,53402020,할인점,9690336000,832억원,JPY
7133,Hyuga Primary Care Co Ltd,54301010,의약품 소매,9685060000,831억원,JPY
9679,Horai Co Ltd,54102020,식품 가공,9670752000,830억원,JPY
7486,Sanrin Co Ltd,50102030,"오일, 가스 정제 및 마케팅",9667800000,830억원,JPY
6189,Global Kids Company Corp,54201030,개인 서비스,9633508220,827억원,JPY
4119,Nippon Pigment Holdings Co Ltd,51101030,특수 화학제,9628742890,826억원,JPY
3173,Cominix Co Ltd,52102010,산업용 기계 및 장비,9616376000,825억원,JPY
3963,Synchro Food Co Ltd,57201030,온라인 서비스,9610590000,825억원,JPY
5721,S Crypto Energy Inc,51201050,특수 채굴 및 금속,9597010086,824억원,JPY
9930,Kitazawa Sangyo Co Ltd,52102010,산업용 기계 및 장비,9574939314,822억원,JPY
5891,Sakigake Holdings Co Ltd,53301020,레스토랑 및 바,9557456000,820억원,JPY
6094,FreakOut Holdings Inc,55102020,투자 관리 및 펀드 운영,9534126796,818억원,JPY
9980,MRK Holdings Inc,53202020,의류 및 액세서리,9521736674,817억원,JPY
9872,Kitakei Co Ltd,53203020,건설 자재 및 비품,9511248950,816억원,JPY
4572,Carna Biosciences Inc,56202010,생명 공학 및 의학 연구,9502551139,815억원,JPY
6568,KNC Laboratories Co Ltd,51101010,상품 화학,9499257900,815억원,JPY
5940,Fujisash Co Ltd,53203020,건설 자재 및 비품,9444832936,811억원,JPY
472A,Mirrativ Inc,57201030,온라인 서비스,9443187400,810억원,JPY
4896,K Pharma Inc,56201040,제약,9437551200,810억원,JPY
5578,AR Advanced Technology Inc,57201010,IT 서비스 및 컨설팅,9389765880,806억원,JPY
6047,Gunosy Inc,57201020,소프트웨어,9380018538,805억원,JPY
3077,Horiifoodservice Co Ltd,53301020,레스토랑 및 바,9348570000,802억원,JPY
2332,Quest Co Ltd,57201010,IT 서비스 및 컨설팅,9340181136,802억원,JPY
7610,Tay Two Co Ltd,53403090,기타 전문 소매,9338349968,801억원,JPY
9265,Yamashita Health Care Holdings Inc,56101020,"의료 장비, 물품 및 유통",9331215000,801억원,JPY
4524,Morishita Jintan Co Ltd,54102020,식품 가공,9304300000,798억원,JPY
3955,IMURA & Co Ltd,51301020,종이 제품,9280905050,796억원,JPY
7089,For Startups Inc,52203030,고용 서비스,9278319600,796억원,JPY
5527,property technologies Inc,60101020,부동산 서비스,9253150326,794억원,JPY
9445,Forval Telecom Inc,57401010,통합 통신 서비스,9250250400,794억원,JPY
7087,Willtec Co Ltd,52203030,고용 서비스,9222665400,791억원,JPY
407A,UNICON Holdings Co.  Ltd.,52201020,건설 및 엔지니어링,9222046800,791억원,JPY
4356,Applied Technology Co Ltd,57201010,IT 서비스 및 컨설팅,9198331200,789억원,JPY
5570,Jenoba Co Ltd,57201010,IT 서비스 및 컨설팅,9185341000,788억원,JPY
9867,Solekia Ltd,57201010,IT 서비스 및 컨설팅,9172190600,787억원,JPY
7963,Koken Ltd,56101020,"의료 장비, 물품 및 유통",9146373376,785억원,JPY
7898,Wood One Co Ltd,53203020,건설 자재 및 비품,9143189201,785억원,JPY
9063,Okayamaken Freight Transportation Co Ltd,52405010,"배달, 우편, 항공 화물 및 육상 물류",9130000000,784억원,JPY
7084,Smile Holdings Inc,54201030,개인 서비스,9126600000,783억원,JPY
3446,JTEC Corp,56101020,"의료 장비, 물품 및 유통",9029509500,775억원,JPY
4440,Witz Corp,57201020,소프트웨어,10268784000,881억원,JPY
338A,ZenmuTech Inc,57201010,IT 서비스 및 컨설팅,9322920000,800억원,JPY
7624,Naito & Co Ltd,52102010,산업용 기계 및 장비,9149848170,785억원,JPY
4040,Nankai Chemical Co Ltd,51101090,다각적 화학 산업,9134893600,784억원,JPY
2877,NittoBest Corp,54102020,식품 가공,9101200320,781억원,JPY
6619,W-Scope Corp,52102030,전기 부품 및 장비,9093825000,780억원,JPY
3628,Data Horizon Co Ltd,56101010,첨단 의료 장비 및 기술,9088922700,780억원,JPY
9791,Biken Techno Corp,52203040,경영 지원 서비스,9077217072,779억원,JPY
4571,Nano Holdings Inc,56202010,생명 공학 및 의학 연구,9073545800,779억원,JPY
7673,Daiko Tsusan Co Ltd,52102030,전기 부품 및 장비,9065726000,778억원,JPY
416A,Fuji United Holdings Co Ltd,50102030,"오일, 가스 정제 및 마케팅",9049894053,777억원,JPY
7291,Nihon Plast Co Ltd,53101020,"자동차, 트럭 및 오토바이 부품",9045060000,776억원,JPY
6338,Takatori Corp,57101020,반도체 장비 및 테스트,9044484030,776억원,JPY
7776,CellSeed Inc,56201040,제약,9039344251,776억원,JPY
6402,Kanematsu Engineering Co Ltd,52102020,중장비 및 차량,9002552000,773억원,JPY
3441,Sanno Co Ltd,52102010,산업용 기계 및 장비,9000000000,772억원,JPY
3912,Mobile Factory Inc,57201020,소프트웨어,8971660340,770억원,JPY
441A,NE Inc,57201020,소프트웨어,8966306542,769억원,JPY
2303,Dawn Corp,57201020,소프트웨어,8956200000,769억원,JPY
3991,Wantedly Inc,57201030,온라인 서비스,8955970800,769억원,JPY
155A,Information Strategy and Technology Co Ltd,57201010,IT 서비스 및 컨설팅,8947050885,768억원,JPY
9193,Tokyo Kisen Co Ltd,52407020,항만 운영 및 서비스,8938930000,767억원,JPY
1997,Akatsuki Eazima Co Ltd,52201020,건설 및 엔지니어링,8921000000,766억원,JPY
5695,Powdertech Co Ltd,51101010,상품 화학,8907030000,764억원,JPY
4262,NIFTY Lifestyle Co Ltd,57201030,온라인 서비스,8903478384,764억원,JPY
5034,unerry Inc,52203040,경영 지원 서비스,8885738400,763억원,JPY
6819,Izu Shaboten Resort Co Ltd,53301040,여가 및 오락시설,8877783104,762억원,JPY
415A,GMO TECH Holdings Inc,53302010,광고 및 마케팅,8875917960,762억원,JPY
7264,Muro Corp,53101020,"자동차, 트럭 및 오토바이 부품",8863554800,761억원,JPY
4769,IC Co Ltd,57201010,IT 서비스 및 컨설팅,8861181420,760억원,JPY
3123,Saibo Co Ltd,53202010,직물 및 가죽제품,8826400000,757억원,JPY
2708,Kuze Co Ltd,54301020,식품 소매 및 유통,8790021300,754억원,JPY
4937,Waqoo Inc,53403090,기타 전문 소매,8784037064,754억원,JPY
7619,Tanaka Co Ltd,52102030,전기 부품 및 장비,8779008000,753억원,JPY
511A,Vanguard Smith Corp,54201030,개인 서비스,8767277000,752억원,JPY
9927,Watt Mann Co Ltd,53403090,기타 전문 소매,8758323216,752억원,JPY
8147,Tomita Co Ltd,52102010,산업용 기계 및 장비,8756676000,751억원,JPY
5368,Japan Insulation Co Ltd,52201020,건설 및 엔지니어링,8750736000,751억원,JPY
5248,Technologies Inc,57201020,소프트웨어,8748880800,751억원,JPY
3892,Okayama Paper Industries Co Ltd,51301020,종이 제품,8739500000,750억원,JPY
3184,International Conglomerate of Distribution for Automobile Holdings Co Ltd,53403010,"자동차 차량, 부품 및 서비스 소매",8725500000,749억원,JPY
6560,LTS Inc,52203040,경영 지원 서비스,8724352910,749억원,JPY
4264,SECURE Inc,57201010,IT 서비스 및 컨설팅,8719813360,748억원,JPY
8769,Advantage Risk Management Co Ltd,56102010,의료 시설 및 서비스,8709907000,747억원,JPY
3878,Tomoegawa Corp,51101010,상품 화학,8706322228,747억원,JPY
1420,Sanyo Homes Corp,53203010,주택 건설,8688870000,746억원,JPY
4406,New Japan Chemical Co Ltd,51101010,상품 화학,8687849098,746억원,JPY
2668,Tabio Corp,53403040,의류 및 액세서리 소매,8680883120,745억원,JPY
7196,Casa Inc,55101030,소비자 대출,8676442500,745억원,JPY
2488,JTP Co Ltd,57201010,IT 서비스 및 컨설팅,8674495200,744억원,JPY
3004,Shinyei Kaisha,54301020,식품 소매 및 유통,8670480000,744억원,JPY
4442,Valtes Holdings Co Ltd,57201010,IT 서비스 및 컨설팅,8665800000,744억원,JPY
9761,Tokai Lease Co Ltd,52203040,경영 지원 서비스,8662424238,743억원,JPY
3160,Oomitsu Co Ltd,54301020,식품 소매 및 유통,8662080600,743억원,JPY
156A,Material Group Inc,53302010,광고 및 마케팅,8652424572,743억원,JPY
8135,Zett Corp,53205020,오락용 제품,8603656000,738억원,JPY
6513,Origin Co Ltd,52102030,전기 부품 및 장비,8596082038,738억원,JPY
4430,Tokai Soft Co Ltd,57201020,소프트웨어,8590843800,737억원,JPY
4564,OncoTherapy Science Inc,56202010,생명 공학 및 의학 연구,8573117700,736억원,JPY
7494,Konaka Co Ltd,53403040,의류 및 액세서리 소매,8477397600,728억원,JPY
3021,Pacific Net Co Ltd,57201010,IT 서비스 및 컨설팅,8801854600,755억원,JPY
3804,System D Inc,57201020,소프트웨어,8694324000,746억원,JPY
5542,Shinhokoku Material Corp,51201020,철 및 강철,8676720000,745억원,JPY
4932,Almado Inc,54201020,개인 생활 필수 용품,8616626000,739억원,JPY
4488,AI inside Inc,57201020,소프트웨어,8567022750,735억원,JPY
4360,MANAC Chemical Partners Co Ltd,51101090,다각적 화학 산업,8556000000,734억원,JPY
4415,Broad Enterprise Co Ltd,57102010,통신 및 네트워킹,8553840000,734억원,JPY
8107,Kimuratan Corp,53202020,의류 및 액세서리,8537211210,733억원,JPY
8144,Denkyo Group Holdings Co Ltd,53204030,"가전제품, 도구 및 가정 용품",8531226880,732억원,JPY
3423,S E Corp,51202010,건설 자재,8501795200,730억원,JPY
7692,Earth Infinity Co Ltd,59101010,전력 유틸리티,8480102400,728억원,JPY
4597,Solasia Pharma KK,56201040,제약,8475845315,727억원,JPY
3691,Digital Plus Inc,57201010,IT 서비스 및 컨설팅,8473177300,727억원,JPY
4594,BrightPath Biotherapeutics Co Ltd,56202010,생명 공학 및 의학 연구,8472369300,727억원,JPY
3121,MBK Co Ltd,55102020,투자 관리 및 펀드 운영,8463997020,726억원,JPY
7682,Hamayuu Co Ltd,53301020,레스토랑 및 바,8463819000,726억원,JPY
4623,Asahipen Corp,51101010,상품 화학,8446500000,725억원,JPY
2916,Semba Tohka Industries Co Ltd,54102020,식품 가공,8436000000,724억원,JPY
8700,Maruhachi Securities Co Ltd,55102010,투자 은행 및 중개 서비스,8429592450,723억원,JPY
6433,Hephaist Co Ltd,52102010,산업용 기계 및 장비,8407527700,722억원,JPY
3623,Billing System Corp,52203040,경영 지원 서비스,8382738800,719억원,JPY
4015,Paycloud Holdings Inc,57201030,온라인 서비스,8345455108,716억원,JPY
4772,SM Entertainment Japan Co Ltd,53302030,엔터테인먼트 제작,8345147832,716억원,JPY
9360,Suzuyo Shinwart Corp,57201010,IT 서비스 및 컨설팅,8328000000,715억원,JPY
5871,Solize Holdings Corp,52203040,경영 지원 서비스,8328000000,715억원,JPY
9218,Mental Health Technologies Co Ltd,57201010,IT 서비스 및 컨설팅,8300767000,712억원,JPY
7604,Umenohana Group Co Ltd,53301020,레스토랑 및 바,8288805600,711억원,JPY
9478,SE Holdings and Incubations Co Ltd,53302040,소비자 출판,8288671034,711억원,JPY
3396,Felissimo Corp,53402010,백화점,8264671000,709억원,JPY
1844,Ohmori Co Ltd,52201020,건설 및 엔지니어링,8262227169,709억원,JPY
4584,Kidswell Bio Corp,56202010,생명 공학 및 의학 연구,8245027044,708억원,JPY
9340,Aso International Inc,56101020,"의료 장비, 물품 및 유통",8235438000,707억원,JPY
1718,Mikikogyo Co Ltd,53203010,주택 건설,8222765190,706억원,JPY
6391,Kaji Technology Corp,52102010,산업용 기계 및 장비,8220630000,705억원,JPY
5033,Nulab Inc,57201020,소프트웨어,8137546755,698억원,JPY
7677,Yashima & Co Ltd,52102010,산업용 기계 및 장비,8112960000,696억원,JPY
4317,Ray Corp,53302010,광고 및 마케팅,8095871440,695억원,JPY
7368,Hyojito Co Ltd,53302010,광고 및 마케팅,8095220175,695억원,JPY
6059,Uchiyama Holdings Co Ltd,56102010,의료 시설 및 서비스,8085431200,694억원,JPY
2286,Hayashikane Sangyo Co Ltd,54102010,어업 및 농업,8072460000,693억원,JPY
7726,Kuroda Precision Industries Ltd,52102010,산업용 기계 및 장비,8066289723,692억원,JPY
8119,Sanyei Corp,53204040,가정용 가구,8057097576,691억원,JPY
5923,Takadakiko Steel Construction Co Ltd,52201020,건설 및 엔지니어링,8035171326,690억원,JPY
3911,Aiming Inc,57201020,소프트웨어,8033311600,689억원,JPY
9827,Lilycolor Co Ltd,53204040,가정용 가구,8027771400,689억원,JPY
3069,JFLA Holdings Inc,53301020,레스토랑 및 바,8014004410,688억원,JPY
365A,Izawa Towel Co Ltd,54201010,가정용 제품,7960000000,683억원,JPY
4624,Isamu Paint Co Ltd,51101010,상품 화학,7960000000,683억원,JPY
6518,Sanso Electric Co Ltd,52102010,산업용 기계 및 장비,7931535700,681억원,JPY
7343,Broad-Minded Co Ltd,55102010,투자 은행 및 중개 서비스,7921767280,680억원,JPY
7434,Otake Corp,52102010,산업용 기계 및 장비,7917756000,679억원,JPY
9558,Japaniace Co Ltd,57201010,IT 서비스 및 컨설팅,7903959800,678억원,JPY
9704,Agora Hospitality Group Co Ltd,53301010,"호텔, 모텔 및 크루즈 라인",7887850152,677억원,JPY
9271,Wagokoro Co Ltd,53402010,백화점,7885438176,677억원,JPY
4531,Yuki Gosei Kogyo Co Ltd,51101090,다각적 화학 산업,7866692000,675억원,JPY
7509,I.A Group Corp,53403010,"자동차 차량, 부품 및 서비스 소매",7848367200,674억원,JPY
6899,Asti Corp,53101020,"자동차, 트럭 및 오토바이 부품",7845445776,673억원,JPY
1992,Kanda Tsushinki Co Ltd,57102010,통신 및 네트워킹,7832955822,672억원,JPY
7887,Nankai Plywood Co Ltd,53203020,건설 자재 및 비품,7824245000,671억원,JPY
8039,Tsukiji Uoichiba Co Ltd,54102010,어업 및 농업,7819714400,671억원,JPY
4075,Brains Technology Inc,57201010,IT 서비스 및 컨설팅,9506225000,816억원,JPY
4436,Minkabu The Infonoid Inc,53302010,광고 및 마케팅,9221820000,791억원,JPY
4583,Chiome Bioscience Inc,56202010,생명 공학 및 의학 연구,8431961100,724억원,JPY
3187,Miratap Inc,53203020,건설 자재 및 비품,8047808100,691억원,JPY
9366,Sanritsu Corp,52405010,"배달, 우편, 항공 화물 및 육상 물류",7934418733,681억원,JPY
4379,Photosynth Inc,52203040,경영 지원 서비스,7919507200,680억원,JPY
9313,Maruhachi Warehouse Co Ltd,52405030,지상 화물 및 물류,7862100000,675억원,JPY
9514,EF On Inc,59101010,전력 유틸리티,7810243664,670억원,JPY
1447,SAAF Holdings Co Ltd,52201020,건설 및 엔지니어링,7798579602,669억원,JPY
1768,Sonec Corp,52201020,건설 및 엔지니어링,7777500000,667억원,JPY
2391,Planet Inc,57201030,온라인 서비스,7760376000,666억원,JPY
6042,Nikki Co Ltd,53101020,"자동차, 트럭 및 오토바이 부품",7750000000,665억원,JPY
8742,Kobayashi Yoko Co Ltd,55102010,투자 은행 및 중개 서비스,7720943085,663억원,JPY
9017,Niigata Kotsu Co Ltd,52406020,지상 및 해상 여객 운송,7697088000,661억원,JPY
3981,Beaglee Inc,57201030,온라인 서비스,7694724906,660억원,JPY
4752,Showa System Engineering Corp,57201010,IT 서비스 및 컨설팅,7686380000,660억원,JPY
478A,Hutzper Inc,57201010,IT 서비스 및 컨설팅,7685145000,660억원,JPY
7425,Hatsuho Shouji Co Ltd,53203020,건설 자재 및 비품,7657452000,657억원,JPY
2483,Honyaku Center Inc,52203040,경영 지원 서비스,7654368000,657억원,JPY
5216,Kuramoto Co Ltd,57104010,전자 장비 및 부품,7649890500,656억원,JPY
3113,UNIVA Oak Holdings Ltd,55102010,투자 은행 및 중개 서비스,7649100466,656억원,JPY
9723,Kyoto Hotel  Ltd,53301010,"호텔, 모텔 및 크루즈 라인",7637398200,655억원,JPY
9264,Puequ Co Ltd,52102010,산업용 기계 및 장비,7634141424,655억원,JPY
5533,Elitz Holdings Co Ltd,60101010,"부동산 임대, 개발 및 운영",7626052800,654억원,JPY
4012,Axis Co Ltd,57201020,소프트웨어,7610408000,653억원,JPY
9720,Hotel Newgrand Co Ltd,53301020,레스토랑 및 바,7608525120,653억원,JPY
3323,RECOMM CO. LTD.,53403090,기타 전문 소매,7605663460,653억원,JPY
5888,Daiwa Cycle Co Ltd,53205020,오락용 제품,7588908600,651억원,JPY
2323,Fonfun Corp,57201030,온라인 서비스,7580706720,651억원,JPY
1438,Gifu Landscape Architect Co Ltd,52201020,건설 및 엔지니어링,7573898000,650억원,JPY
7367,CELM Inc,63103010,전문 및 비즈니스 교육,7571754000,650억원,JPY
9446,Sakai Holdings Co Ltd,53403050,컴퓨터 및 전자 제품 소매,7570941500,650억원,JPY
7096,StemCell Institute Inc,56102010,의료 시설 및 서비스,7551744200,648억원,JPY
4255,Thecoo Inc,53302010,광고 및 마케팅,7548962365,648억원,JPY
3750,ADR Biomedical Holdings Inc.,56202010,생명 공학 및 의학 연구,7545359055,648억원,JPY
3386,Cosmo Bio Co Ltd,56201040,제약,7523712000,646억원,JPY
4054,Japan PropTech Co Ltd,57201020,소프트웨어,7508881240,644억원,JPY
6093,Mitra Group Inc,60101020,부동산 서비스,7503622196,644억원,JPY
3851,Nippon Ichi Software Inc,57201020,소프트웨어,7443339500,639억원,JPY
7075,QLS Holdings Co Ltd,54201030,개인 서비스,7439436840,638억원,JPY
2586,Fruta Fruta Inc,54102020,식품 가공,7432292416,638억원,JPY
9262,Silver Life Co Ltd,53301020,레스토랑 및 바,7413252000,636억원,JPY
5244,jig.jp Co Ltd,57201020,소프트웨어,7406901600,636억원,JPY
2195,AMITA HOLDINGS CO. LTD.,52203010,환경 서비스 및 장비,7404816800,635억원,JPY
3727,Aplix Corp,57201020,소프트웨어,7391693608,634억원,JPY
3671,Softmax Co Ltd,57201010,IT 서비스 및 컨설팅,7383595600,634억원,JPY
2321,Softfront Holdings,57201010,IT 서비스 및 컨설팅,7382210658,634억원,JPY
2404,TETSUJIN Holdings Inc,53301040,여가 및 오락시설,7378471308,633억원,JPY
6267,General Packer Co Ltd,52102010,산업용 기계 및 장비,7375080000,633억원,JPY
6346,Kikukawa Enterprise Inc,52102010,산업용 기계 및 장비,7365600000,632억원,JPY
6380,Oriental Chain Mfg Co Ltd,52102010,산업용 기계 및 장비,7365331105,632억원,JPY
3566,Uniform Next Co Ltd,53202020,의류 및 액세서리,7359550406,632억원,JPY
6822,Oi Electric Co Ltd,57102010,통신 및 네트워킹,7350000000,631억원,JPY
9206,Star Flyer Inc,52406010,항공사,7349189480,631억원,JPY
4450,Power Solutions Ltd,57201010,IT 서비스 및 컨설팅,7347083970,631억원,JPY
2311,EPCO Co Ltd,52201020,건설 및 엔지니어링,7341008000,630억원,JPY
6428,Oizumi Corp,53301030,카지노 및 도박,7335000000,629억원,JPY
2186,Sobal Corp,57201010,IT 서비스 및 컨설팅,7318078208,628억원,JPY
3845,I-Freek Mobile Inc,57201020,소프트웨어,7272362607,624억원,JPY
4936,AXXZIA Inc,54201020,개인 생활 필수 용품,7232100000,621억원,JPY
6840,Akiba Holdings Co Ltd,57102010,통신 및 네트워킹,7445973600,639억원,JPY
5884,Kuradashi Co Ltd,53402010,백화점,7344856090,630억원,JPY
339A,Progress Technologies Group Inc,57201010,IT 서비스 및 컨설팅,7304522310,627억원,JPY
4263,Susmed Inc,57201010,IT 서비스 및 컨설팅,7303887300,627억원,JPY
6158,Waida MFG. Co Ltd,52102010,산업용 기계 및 장비,7295064000,626억원,JPY
6228,JET Co Ltd,57101020,반도체 장비 및 테스트,7287270000,625억원,JPY
3695,GMO Product Platform Inc,53302010,광고 및 마케팅,7278686409,625억원,JPY
2769,Village Vanguard Co Ltd,53403090,기타 전문 소매,7272072500,624억원,JPY
9127,Tamai Steamship Co Ltd,52405020,해양 화물 및 물류,7264320000,623억원,JPY
6166,Nakamura Choukou Co Ltd,52102010,산업용 기계 및 장비,7262773100,623억원,JPY
7461,Kimura Co Ltd,53403020,주택 개조 제품 및 서비스 소매,7256040000,623억원,JPY
7065,UPR Corporation,55101050,기업 금융 서비스,7246360000,622억원,JPY
520A,J-Pharma Co Ltd,56202010,생명 공학 및 의학 연구,7235228965,621억원,JPY
2055,Nichiwa Sangyo Co Ltd,54102010,어업 및 농업,7207465450,619억원,JPY
559A,Umenoyado Brewery Co Ltd,54101020,증류주 및 포도주,7204608320,618억원,JPY
3422,J-Max Co Ltd,53101020,"자동차, 트럭 및 오토바이 부품",7185463200,617억원,JPY
9903,Kanseki Co Ltd,53403020,주택 개조 제품 및 서비스 소매,7172550000,616억원,JPY
7883,Sun Messe Co Ltd,52203020,상업 인쇄 서비스,7147845050,613억원,JPY
6031,ZETA INC.,57201010,IT 서비스 및 컨설팅,7137902200,613억원,JPY
3246,Kose RE Co Ltd,60101010,"부동산 임대, 개발 및 운영",7133184000,612억원,JPY
9051,Senkon Logistics Co Ltd,53403010,"자동차 차량, 부품 및 서비스 소매",7125911000,612억원,JPY
5576,O.B.System Inc,57201010,IT 서비스 및 컨설팅,7124670000,611억원,JPY
7049,Shikigaku Co Ltd,52203040,경영 지원 서비스,7100999892,609억원,JPY
4754,Tosnet Corp,52203040,경영 지원 서비스,7098900000,609억원,JPY
5189,Sakura Rubber Co Ltd,53101030,타이어 및 고무 제품,7094120000,609억원,JPY
6907,Geomatec Co Ltd,57104010,전자 장비 및 부품,7093110000,609억원,JPY
2370,Medinet Co Ltd,56202010,생명 공학 및 의학 연구,7091682975,609억원,JPY
9285,Tokyo Infrastructure Energy Investment Corp,55501030,폐쇄형 펀드,7080612000,608억원,JPY
7872,Estelle Holdings Co Ltd,53202020,의류 및 액세서리,7070340591,607억원,JPY
7695,Koukandekirukun Inc,57201030,온라인 서비스,7066903800,606억원,JPY
554A,Batonz. Co Ltd,57201030,온라인 서비스,7054070400,605억원,JPY
160A,As Partners Co Ltd,56102010,의료 시설 및 서비스,7053059000,605억원,JPY
9036,Tohbu Network Co Ltd,52405030,지상 화물 및 물류,7036776000,604억원,JPY
6666,River Eletec Corp,57104010,전자 장비 및 부품,7014970164,602억원,JPY
352A,LOIVE Co Ltd,53301040,여가 및 오락시설,7003175211,601억원,JPY
2440,Gurunavi Inc,57201030,온라인 서비스,6999167400,601억원,JPY
556A,INUNEKO-SEIKATSU Co. Ltd.,54102020,식품 가공,6993943500,600억원,JPY
6360,Tokyo Automatic Machinery Works Ltd,52102010,산업용 기계 및 장비,6991380000,600억원,JPY
7833,IFIS Japan Ltd,52203040,경영 지원 서비스,6974802000,599억원,JPY
4060,Rakumo Inc,57201010,IT 서비스 및 컨설팅,6971407800,598억원,JPY
7297,Car Mate Mfg Co Ltd,53101020,"자동차, 트럭 및 오토바이 부품",6969489915,598억원,JPY
5194,Sagami Rubber Industries Co Ltd,54201020,개인 생활 필수 용품,6967155013,598억원,JPY
7038,Frontier Management Inc,52203040,경영 지원 서비스,6951479896,597억원,JPY
6180,GMO Media Inc,57201030,온라인 서비스,6933392690,595억원,JPY
7590,Takasho Co. Ltd.,53204040,가정용 가구,6930504916,595억원,JPY
7938,Regal Corp,53202030,제화,6909500000,593억원,JPY
598A,ChatPlus Co Ltd,57201020,소프트웨어,6896175000,592억원,JPY
3948,Hikari Business Form Co Ltd,52203020,상업 인쇄 서비스,6885308096,591억원,JPY
9346,Cocorport Inc,54201030,개인 서비스,6873540933,590억원,JPY
4256,CYND Co Ltd,57201010,IT 서비스 및 컨설팅,6872778000,590억원,JPY
6772,Tokyo Cosmos Electric Co Ltd,52102030,전기 부품 및 장비,6866815160,589억원,JPY
4380,M-mart Inc,57201030,온라인 서비스,6837338400,587억원,JPY
173A,Hammock Inc,57201020,소프트웨어,6819040000,585억원,JPY
549A,Hito-to-hito Holdings Co Ltd,52203040,경영 지원 서비스,6818000000,585억원,JPY
6658,Shirai Electronics Industrial Co Ltd,57101010,반도체,6817316000,585억원,JPY
4925,Haba Laboratories Inc,54201020,개인 생활 필수 용품,6815420000,585억원,JPY
3698,CRI Middleware Co Ltd,57201010,IT 서비스 및 컨설팅,6805343000,584억원,JPY
6654,Fuji Electric Industry Co Ltd,52102030,전기 부품 및 장비,6802920000,584억원,JPY
6615,UMC Electronics Co Ltd,57104010,전자 장비 및 부품,6786628800,582억원,JPY
3823,The Why How Do Company Inc,57201010,IT 서비스 및 컨설팅,6538127106,561억원,JPY
4892,Cyfuse Biomedical KK,56202010,생명 공학 및 의학 연구,7024101600,603억원,JPY
7812,Crestec Inc,52203040,경영 지원 서비스,6962392700,597억원,JPY
6897,Twinbird Corp,53204030,"가전제품, 도구 및 가정 용품",6925500500,594억원,JPY
2984,Yamaichi Real Estate Co Ltd,60101010,"부동산 임대, 개발 및 운영",6868485396,589억원,JPY
4890,Tsubota Laboratory Inc,56202010,생명 공학 및 의학 연구,6856010832,588억원,JPY
2961,Nitcho Corp,52102010,산업용 기계 및 장비,6834609152,587억원,JPY
2437,Shinwa Wise Holdings Co Ltd,57201030,온라인 서비스,6831047160,586억원,JPY
4414,Flect Co Ltd,57201020,소프트웨어,6825671520,586억원,JPY
3904,Kayac Inc,57201010,IT 서비스 및 컨설팅,6814022400,585억원,JPY
7674,Natty Swanky Holdings Co Ltd,53301020,레스토랑 및 바,6779913680,582억원,JPY
3241,Will Co Ltd,60101010,"부동산 임대, 개발 및 운영",6778676000,582억원,JPY
6942,Sophia Holdings Co Ltd,54301010,의약품 소매,6749949960,579억원,JPY
3143,O' will Corp,54301020,식품 소매 및 유통,6747300000,579억원,JPY
7080,Sportsfield Co Ltd,52203030,고용 서비스,6738336000,578억원,JPY
9344,Axis Consulting Corp,52203030,고용 서비스,6732526500,578억원,JPY
2480,System Location Co Ltd,57201010,IT 서비스 및 컨설팅,6708030000,576억원,JPY
6092,EnBio Holdings Inc,52203010,환경 서비스 및 장비,6695488800,575억원,JPY
4176,coconala Inc,57201030,온라인 서비스,6691348800,574억원,JPY
6229,Okumura Engineering Corp,52102010,산업용 기계 및 장비,6689651200,574억원,JPY
5966,Kyoto Tool Co Ltd,52102010,산업용 기계 및 장비,6689074500,574억원,JPY
2894,Ishii Food Co Ltd,54102020,식품 가공,6676296000,573억원,JPY
5031,Moi Corp,57201020,소프트웨어,6649728000,571억원,JPY
6699,DIAMOND ELECTRIC HOLDINGS Co.  Ltd.,57104010,전자 장비 및 부품,6639755694,570억원,JPY
4491,Computer Management Co Ltd,57201010,IT 서비스 및 컨설팅,6623500000,568억원,JPY
5843,Nippon Insure Co Ltd,55301020,손해보험,6620628600,568억원,JPY
2373,Care Twentyone Corp,56102010,의료 시설 및 서비스,6620424000,568억원,JPY
7208,Kanemitsu Corp,53101020,"자동차, 트럭 및 오토바이 부품",6617154330,568억원,JPY
9904,Verite Co. Ltd.,53403040,의류 및 액세서리 소매,6617090475,568억원,JPY
253A,ETS Group Co Ltd,52201020,건설 및 엔지니어링,6610921314,567억원,JPY
205A,LOGOS HOLDINGS INC.,60101010,"부동산 임대, 개발 및 운영",6603898455,567억원,JPY
6408,Ogura Clutch Co Ltd,53101020,"자동차, 트럭 및 오토바이 부품",6601622750,567억원,JPY
2654,Asmo Corp,53301020,레스토랑 및 바,6588151125,565억원,JPY
6343,Freesia Macross Corp,53203010,주택 건설,6584500720,565억원,JPY
4539,Nippon Chemiphar Co Ltd,56201040,제약,6579632480,565억원,JPY
7040,Sun Life Holding Co Ltd,54201030,개인 서비스,6574480000,564억원,JPY
5010,Nippon Seiro Co Ltd,50102030,"오일, 가스 정제 및 마케팅",6563200000,563억원,JPY
4397,TeamSpirit Inc,57201020,소프트웨어,6558201800,563억원,JPY
6549,DM Solutions Co Ltd,53302010,광고 및 마케팅,6543858800,562억원,JPY
5817,JMACS Japan Co Ltd,52102030,전기 부품 및 장비,6498124710,558억원,JPY
7506,House of Rose Co Ltd,53403090,기타 전문 소매,6494930003,557억원,JPY
1840,Tsuchiya Holdings Co Ltd,60101010,"부동산 임대, 개발 및 운영",6469554618,555억원,JPY
4840,Triis Inc,52201020,건설 및 엔지니어링,6458990000,554억원,JPY
7135,Japan Craft Holdings Co Ltd,53403090,기타 전문 소매,6422768960,551억원,JPY
4880,CellSource Co Ltd,56201040,제약,6411995417,550억원,JPY
9976,Sekichu Co Ltd,53403020,주택 개조 제품 및 서비스 소매,6379383300,547억원,JPY
3940,Nomura System Corporation Co Ltd,57201010,IT 서비스 및 컨설팅,6350112000,545억원,JPY
3495,Koryojyuhan Co Ltd,60101020,부동산 서비스,6344597040,544억원,JPY
4625,Atomix Co Ltd,51101010,상품 화학,6329508000,543억원,JPY
6546,Fulltech Co Ltd,52201020,건설 및 엔지니어링,6323268400,543억원,JPY
480A,LiB Consulting Co Ltd,52203040,경영 지원 서비스,6315125000,542억원,JPY
7980,Shigematsu Works Co Ltd,56102010,의료 시설 및 서비스,6314400000,542억원,JPY
8115,Moonbat Co Ltd,53202020,의류 및 액세서리,6307403799,541억원,JPY
3135,MarketEnterprise Co Ltd,57201030,온라인 서비스,6305895200,541억원,JPY
343A,IACE Travel Corp,53301040,여가 및 오락시설,6293496000,540억원,JPY
7771,Nihon Seimitsu Co Ltd,53202020,의류 및 액세서리,6286812220,540억원,JPY
245A,INGS Inc,53301020,레스토랑 및 바,6282797120,539억원,JPY
410A,GMO Commerce  Inc.,57201020,소프트웨어,6277509504,539억원,JPY
3907,Silicon Studio Corp,57201010,IT 서비스 및 컨설팅,6155973000,528억원,JPY
5491,Nippon Kinzoku Co Ltd,51201020,철 및 강철,6103700000,524억원,JPY
621A,Audiostock Inc.,53302030,엔터테인먼트 제작,5656240000,485억원,JPY
4891,TMS Co Ltd,56202010,생명 공학 및 의학 연구,6396095244,549억원,JPY
4976,Toyo Drilube Co Ltd,51101030,특수 화학제,6260100000,537억원,JPY
6599,Ebrains Inc,57106010,컴퓨터 하드웨어,6251520000,536억원,JPY
206A,PRISM BioLab Co Ltd,56202010,생명 공학 및 의학 연구,6251141000,536억원,JPY
7079,WDB coco Co Ltd,52203040,경영 지원 서비스,6224140000,534억원,JPY
4845,Scala Inc,57201010,IT 서비스 및 컨설팅,6219310650,534억원,JPY
8105,Bitcoin Japan Corporation,53202020,의류 및 액세서리,6208739999,533억원,JPY
9656,Greenland Resort Co Ltd,53301040,여가 및 오락시설,6197663117,532억원,JPY
4990,Showa Chemical Industry Co Ltd,51101010,상품 화학,6193143000,531억원,JPY
3537,Shoei Yakuhin Co Ltd,51101010,상품 화학,6184693440,531억원,JPY
9173,Tokai Kisen Co Ltd,52405020,해양 화물 및 물류,6184200000,531억원,JPY
8226,Rikei Corp,57101010,반도체,6174858958,530억원,JPY
6964,Sanko Co Ltd,52102010,산업용 기계 및 장비,6174000000,530억원,JPY
8835,Taiheiyo Kouhatsu Inc,50101010,석탄,6164490816,529억원,JPY
4398,BroadBand Security Inc,57201030,온라인 서비스,6162729768,529억원,JPY
3293,Azuma House Co Ltd,60101010,"부동산 임대, 개발 및 운영",6160437600,529억원,JPY
9246,ProjectHoldings Inc,57201010,IT 서비스 및 컨설팅,6145944000,527억원,JPY
5753,Nippon Shindo Co Ltd,51201050,특수 채굴 및 금속,6138300000,527억원,JPY
2338,Quantum Solutions Co Ltd,57201010,IT 서비스 및 컨설팅,6128878195,526억원,JPY
5599,S&J Corp,57201010,IT 서비스 및 컨설팅,6116766400,525억원,JPY
3848,Data Applications Co Ltd,57201010,IT 서비스 및 컨설팅,6116550000,525억원,JPY
8891,AMG HOLDINGS CO.  LTD.,60101010,"부동산 임대, 개발 및 운영",6114324992,525억원,JPY
4490,VisasQ Inc.,57201030,온라인 서비스,6100193754,524억원,JPY
1758,Taiyo Kisokogyo Co Ltd,52201020,건설 및 엔지니어링,6097824000,523억원,JPY
589A,NEIS Co Ltd,63103010,전문 및 비즈니스 교육,6089152500,523억원,JPY
322A,Himeji Rika Co Ltd,52102030,전기 부품 및 장비,6066450000,521억원,JPY
6778,Artiza Networks Inc,57102010,통신 및 네트워킹,6062308000,520억원,JPY
2408,KG Intelligence Co Ltd,53302040,소비자 출판,6058962000,520억원,JPY
3653,Morpho Inc,57201020,소프트웨어,6053841500,520억원,JPY
7325,IRRC Corp,55301010,복합보험 및 중개인,6052060000,519억원,JPY
7060,Geechs Inc,57201010,IT 서비스 및 컨설팅,6043464765,519억원,JPY
9876,Cox Co Ltd,53403040,의류 및 액세서리 소매,6041004104,518억원,JPY
2796,Pharmarise Holdings Corp,54301010,의약품 소매,6018130119,516억원,JPY
607A,every  Inc.,57201030,온라인 서비스,6007915824,516억원,JPY
6292,Kawata Mfg. Co Ltd,52102010,산업용 기계 및 장비,6005930000,515억원,JPY
7214,GMB Corp,53101020,"자동차, 트럭 및 오토바이 부품",6001963340,515억원,JPY
8944,Land Business Co Ltd,60101010,"부동산 임대, 개발 및 운영",5999951555,515억원,JPY
3988,SYS Holdings Co Ltd,57201020,소프트웨어,5995881180,515억원,JPY
4929,Adjuvant Holdings Co Ltd,54201020,개인 생활 필수 용품,5992482000,514억원,JPY
4074,LaKeel Inc,57201010,IT 서비스 및 컨설팅,5981020000,513억원,JPY
9162,Bleach Inc,53302010,광고 및 마케팅,5970937600,512억원,JPY
7916,Mitsumura Printing Co Ltd,52203020,상업 인쇄 서비스,5958566400,511억원,JPY
2438,Asukanet Co Ltd,54201030,개인 서비스,5955224000,511억원,JPY
6155,Takamatsu Machinery Co Ltd,52102010,산업용 기계 및 장비,5950800000,511억원,JPY
4893,Noile-Immune Biotech Inc,56202010,생명 공학 및 의학 연구,5945679166,510억원,JPY
3377,Bike O & Co Ltd,53403010,"자동차 차량, 부품 및 서비스 소매",5942452800,510억원,JPY
9973,KOZO Holdings Co Ltd,53301020,레스토랑 및 바,5942426800,510억원,JPY
1994,Takahashi Curtain Wall Corp,52201020,건설 및 엔지니어링,5932419831,509억원,JPY
462A,Fundinno Inc,57301010,핀테크,5922265048,508억원,JPY
3440,Nisso Group Co Ltd,51201020,철 및 강철,5910112500,507억원,JPY
4177,I-Plug Inc,52203030,고용 서비스,5893333495,506억원,JPY
8617,Kosei Securities Co Ltd,55102010,투자 은행 및 중개 서비스,5891054400,506억원,JPY
5986,Molitec Steel Co Ltd,51201020,철 및 강철,5887654443,505억원,JPY
9385,SHOEI CORPORATION,51302010,용기(종이 제외) 및 포장재,5887500000,505억원,JPY
9355,Rinko Corp,52407020,항만 운영 및 서비스,5859000000,503억원,JPY
3359,cotta Co Ltd,54301020,식품 소매 및 유통,5858673786,503억원,JPY
7859,Almedio Inc,57106010,컴퓨터 하드웨어,5846574796,502억원,JPY
6325,Takakita Co Ltd,52102020,중장비 및 차량,5838000000,501억원,JPY
9854,Aigan Co Ltd,53403090,기타 전문 소매,5795942350,497억원,JPY
3624,Axel Mark Inc,53302010,광고 및 마케팅,5551622000,476억원,JPY
7681,Leoclan Co Ltd,56101020,"의료 장비, 물품 및 유통",5981220000,513억원,JPY
6138,Dijet Industrial Co Ltd,52102010,산업용 기계 및 장비,5893215031,506억원,JPY
460A,Branu Inc,52201020,건설 및 엔지니어링,5888943000,505억원,JPY
5575,Globee Inc,63101010,기타 교육 서비스 제공,5838347529,501억원,JPY
4287,Justplanning Inc,57201010,IT 서비스 및 컨설팅,5833656576,501억원,JPY
7091,Living Platform Ltd,56102010,의료 시설 및 서비스,5830164600,500억원,JPY
7857,Seki Co Ltd,52203020,상업 인쇄 서비스,5815320000,499억원,JPY
7707,Precision System Science Co Ltd,56101010,첨단 의료 장비 및 기술,5810049000,499억원,JPY
3065,Life Foods Co Ltd,53301020,레스토랑 및 바,5805394400,498억원,JPY
542A,Vitabrid Japan Inc,53302010,광고 및 마케팅,5801600000,498억원,JPY
2788,Apple International Co Ltd,53101010,자동차 및 트럭 제조,5800454400,498억원,JPY
1446,Candeal Co Ltd,52201020,건설 및 엔지니어링,5796468000,497억원,JPY
5936,Toyo Shutter Co Ltd,53203020,건설 자재 및 비품,5793120561,497억원,JPY
5956,Toso Co Ltd,53203020,건설 자재 및 비품,5790000000,497억원,JPY
4076,CNS Co Ltd,57201010,IT 서비스 및 컨설팅,5768410000,495억원,JPY
3280,STrust Co Ltd,60101010,"부동산 임대, 개발 및 운영",5766145000,495억원,JPY
3920,Internetworking and Broadband Consulting Co Ltd,57201020,소프트웨어,5745848400,493억원,JPY
9060,Japan Logistic Systems Corp,52405030,지상 화물 및 물류,5733819950,492억원,JPY
5597,Blue Innovation Co Ltd,57201010,IT 서비스 및 컨설팅,5731321386,492억원,JPY
8230,Hasegawa Co Ltd,53403090,기타 전문 소매,5724437432,491억원,JPY
2385,Soiken Holdings Inc,54201020,개인 생활 필수 용품,5702487600,489억원,JPY
209A,Onodani Machine Co Ltd,52102010,산업용 기계 및 장비,5695560000,489억원,JPY
6049,Itokuro Inc,57201030,온라인 서비스,5692680000,489억원,JPY
6182,MetaReal Corp,52203040,경영 지원 서비스,5683567320,488억원,JPY
9853,Ginza Renoir Co Ltd,53301020,레스토랑 및 바,5683071636,488억원,JPY
5890,Officebusters Corp,52203060,비즈니스 지원 용품,5649700000,485억원,JPY
7048,Veltra Corp,57201030,온라인 서비스,5636920520,484억원,JPY
561A,MarksLife Co Ltd,60101020,부동산 서비스,5630000000,483억원,JPY
6495,Miyairi Valve MFG Co Ltd,52102010,산업용 기계 및 장비,5624688850,483억원,JPY
2136,HIP Corp,52203030,고용 서비스,5621074200,482억원,JPY
7804,B&P Co Ltd,52203020,상업 인쇄 서비스,5617118000,482억원,JPY
6837,Kyosha Co Ltd,57101010,반도체,5586368000,479억원,JPY
3826,System Integrator Corp,57201020,소프트웨어,5583513600,479억원,JPY
4777,Gala Inc,57201030,온라인 서비스,5576955100,479억원,JPY
4496,Commerce One Holdings Inc,57201010,IT 서비스 및 컨설팅,5574885000,478억원,JPY
2293,Takizawa Ham Co Ltd,54102020,식품 가공,5574504000,478억원,JPY
3944,Furubayashi Shiko Co Ltd,51302020,종이 포장재,5534794300,475억원,JPY
2138,Crooz Inc,53402010,백화점,5519937600,474억원,JPY
4019,Stmn Inc,52203040,경영 지원 서비스,5514782000,473억원,JPY
5699,Ibokin Co Ltd,52203010,환경 서비스 및 장비,5514364800,473억원,JPY
7120,SHINKO Inc,57201010,IT 서비스 및 컨설팅,5490996000,471억원,JPY
5283,Takamisawa Co Ltd,51202010,건설 자재,5486208000,471억원,JPY
7902,Sonocom Co Ltd,57104010,전자 장비 및 부품,5475000000,470억원,JPY
8077,TORQ Inc,52102010,산업용 기계 및 장비,5461564080,469억원,JPY
6069,Trenders Inc,53302010,광고 및 마케팅,5460074000,469억원,JPY
4486,Unite and Grow Inc,52203030,고용 서비스,5455614000,468억원,JPY
9159,W TOKYO Inc,52203040,경영 지원 서비스,5437785300,467억원,JPY
151A,Dive Group Inc,52203030,고용 서비스,5418488250,465억원,JPY
4437,Gooddays Holdings Inc,57201010,IT 서비스 및 컨설팅,5396525880,463억원,JPY
9885,Charle Co Ltd,53202020,의류 및 액세서리,5388893750,462억원,JPY
6185,SMN Corp,57201030,온라인 서비스,5364252465,460억원,JPY
3426,Atom Livin Tech Co Ltd,53203020,건설 자재 및 비품,5357025000,460억원,JPY
4926,C'Bon Cosmetics Co Ltd,54201020,개인 생활 필수 용품,5351500000,459억원,JPY
3766,Systems Design Co Ltd,57201010,IT 서비스 및 컨설팅,5337500000,458억원,JPY
2464,Aoba-BBT Inc,63102010,"초, 중, 고등 교육기관",5320509300,457억원,JPY
2776,Shinto Holdings Inc,53202020,의류 및 액세서리,5303612500,455억원,JPY
7538,Daisui Co Ltd,54102010,어업 및 농업,5303305315,455억원,JPY
5997,Kyoritsu Air Tech Inc,52102030,전기 부품 및 장비,5286000000,454억원,JPY
2795,Nippon Primex Inc,57106010,컴퓨터 하드웨어,5280553952,453억원,JPY
5255,Monstarlab Inc,57201010,IT 서비스 및 컨설팅,5062256316,434억원,JPY
8798,Advance Create Co Ltd,55301010,복합보험 및 중개인,6519466800,559억원,JPY
4052,Ficha Inc,57201020,소프트웨어,5768265395,495억원,JPY
6217,Tsudakoma Corp,52102010,산업용 기계 및 장비,5446044000,467억원,JPY
6551,Tsunagu Group Holdings Inc,52203030,고용 서비스,5389425640,463억원,JPY
2411,Gendai Agency Inc,53302010,광고 및 마케팅,5339200000,458억원,JPY
4386,SIG Group Co Ltd,57201010,IT 서비스 및 컨설팅,5337729960,458억원,JPY
3758,Aeria Inc,57201030,온라인 서비스,5333606428,458억원,JPY
190A,Chordia Therapeutics Inc,56202010,생명 공학 및 의학 연구,5330829600,457억원,JPY
3058,Sanyodo Holdings Inc,53403090,기타 전문 소매,5320600000,457억원,JPY
5591,AVILEN Inc,57201020,소프트웨어,5319766634,457억원,JPY
8025,Tsukamoto Corporation Co Ltd,53202020,의류 및 액세서리,5315089582,456억원,JPY
6334,Meiji Machine Co Ltd,52102010,산업용 기계 및 장비,5313628376,456억원,JPY
7527,Systemsoft Corp,57201010,IT 서비스 및 컨설팅,5291707000,454억원,JPY
9625,Cerespo Co Ltd,52203040,경영 지원 서비스,5287144500,454억원,JPY
6647,Morio Denki Co Ltd,52102030,전기 부품 및 장비,5286750000,454억원,JPY
6171,CE Management Integrated Laboratory Co Ltd,52201020,건설 및 엔지니어링,5282296145,453억원,JPY
3841,Jedat Inc,57201020,소프트웨어,5274320200,453억원,JPY
9361,Fushiki Kairiku Unso Co Ltd,52407020,항만 운영 및 서비스,5270031000,452억원,JPY
8165,Senshukai Co Ltd,53402010,백화점,5257756293,451억원,JPY
509A,Green Light Renewable Energy Infrastructure Fund,50201010,재생 가능 에너지 장비 및 서비스,5253740500,451억원,JPY
5612,NIPPON CHUTETSUKAN K.K.,51201020,철 및 강철,5249159956,450억원,JPY
7531,Seiwa Chuo Holdings Corp,51201020,철 및 강철,5243037900,450억원,JPY
7131,Nomura Corp,51302010,용기(종이 제외) 및 포장재,5239279875,450억원,JPY
7127,Ikka Holdings Co Ltd,53301020,레스토랑 및 바,5238505800,450억원,JPY
2995,J-REX Corp,60101010,"부동산 임대, 개발 및 운영",5235750000,449억원,JPY
4372,Ymirlink Inc,57201010,IT 서비스 및 컨설팅,5235547000,449억원,JPY
6538,Disruptors Inc,52203030,고용 서비스,5228103600,449억원,JPY
5900,Daiken Co Ltd,53203020,건설 자재 및 비품,5224170000,448억원,JPY
4445,Living Technologies Inc,57201030,온라인 서비스,5220477920,448억원,JPY
7370,Enjin Co Ltd,53302010,광고 및 마케팅,5196318400,446억원,JPY
4172,Hi-Crates Co Ltd,57201020,소프트웨어,5182328000,445억원,JPY
7427,Echo Trading Co Ltd,54301020,식품 소매 및 유통,5180784000,445억원,JPY
9146,Gokendo Holdings Inc,52405010,"배달, 우편, 항공 화물 및 육상 물류",5180000000,445억원,JPY
2376,SCiNEX Corp,53302040,소비자 출판,5163586680,443억원,JPY
4673,Kawasaki Geological Engineering Co Ltd,51201070,채굴 지원 서비스 및 장비,5162942400,443억원,JPY
4934,Premier Anti-Aging Co.  Ltd.,53403090,기타 전문 소매,5162556128,443억원,JPY
7953,Kikusui Chemical Industries Co Ltd,53203020,건설 자재 및 비품,5161341870,443억원,JPY
548A,SystemEXE Inc,57201010,IT 서비스 및 컨설팅,5152935600,442억원,JPY
3726,4Cs HD Co Ltd,53403090,기타 전문 소매,5139878770,441억원,JPY
3625,Techfirm Holdings Inc,57201010,IT 서비스 및 컨설팅,5132745000,440억원,JPY
6265,Convum Ltd,52102010,산업용 기계 및 장비,5120130000,439억원,JPY
3965,Capital Asset Planning Inc,57301010,핀테크,5119801673,439억원,JPY
7039,Bridge International Group Corp,52203040,경영 지원 서비스,5117758800,439억원,JPY
3839,ODK Solutions Co Ltd,57201010,IT 서비스 및 컨설팅,5116800000,439억원,JPY
6396,Unozawa-gumi Iron Works Ltd,52102010,산업용 기계 및 장비,5112800000,439억원,JPY
6888,Acmos Inc,57201010,IT 서비스 및 컨설팅,5097484600,437억원,JPY
7126,Global Style Co Ltd,53202020,의류 및 액세서리,5078978800,436억원,JPY
1795,Masaru Corp,52201020,건설 및 엔지니어링,5073480130,435억원,JPY
2183,Linical Co Ltd,56202010,생명 공학 및 의학 연구,5071700000,435억원,JPY
6335,Tokyo Kikai Seisakusho Ltd,52102010,산업용 기계 및 장비,5062773600,434억원,JPY
4728,Tose Co Ltd,57201020,소프트웨어,5045976000,433억원,JPY
3927,Fuva Brain Ltd,57201020,소프트웨어,5043780000,433억원,JPY
7808,C.S. Lumber Co Inc,51301010,임업 및 목재 제품,4991569800,428억원,JPY
5571,Excite Holdings Co Ltd,57401020,무선 통신 서비스,4990899870,428억원,JPY
7021,Nitchitsu Co Ltd,52102010,산업용 기계 및 장비,4967160000,426억원,JPY
2454,All About Inc,53302010,광고 및 마케팅,4949922768,425억원,JPY
6543,Nissen Inc,53302010,광고 및 마케팅,4946846720,425억원,JPY
6612,Balmuda Inc,53204030,"가전제품, 도구 및 가정 용품",4945602000,424억원,JPY
6580,Writeup Co Ltd,52203040,경영 지원 서비스,4940906000,424억원,JPY
5026,Tripleize Co Ltd,57201010,IT 서비스 및 컨설팅,4843280300,416억원,JPY
3840,VIXTON corporation,54201020,개인 생활 필수 용품,5126174632,440억원,JPY
5133,Terilogy Holdings Corp,57102010,통신 및 네트워킹,5047963890,433억원,JPY
5697,Sanyu Co Ltd,51201020,철 및 강철,5043348000,433억원,JPY
9219,GiXo Ltd,57201010,IT 서비스 및 컨설팅,5025903950,431억원,JPY
3936,Globalway Inc,57201010,IT 서비스 및 컨설팅,4996337850,429억원,JPY
3189,ANAP Holdings Inc,53403040,의류 및 액세서리 소매,4979491100,427억원,JPY
6757,OSG Corporation Co Ltd,53204030,"가전제품, 도구 및 가정 용품",4977500000,427억원,JPY
2449,PRAP Japan  Inc.,53302010,광고 및 마케팅,4964429610,426억원,JPY
2656,Vector Holdings Inc,57201030,온라인 서비스,4962265000,426억원,JPY
1383,Berg Earth Co Ltd,54102010,어업 및 농업,4945622700,424억원,JPY
4242,Takagi Seiko Corp,53101020,"자동차, 트럭 및 오토바이 부품",4925213640,423억원,JPY
6494,NFK Holdings Co Ltd,52102030,전기 부품 및 장비,4923207024,422억원,JPY
3760,Cave Interactive Co Ltd,57201020,소프트웨어,4916881500,422억원,JPY
3815,Media Kobo Inc,57201030,온라인 서비스,4915500000,422억원,JPY
6776,Tensho Electric Industries Co Ltd,51101010,상품 화학,4883018000,419억원,JPY
7918,VIA Holdings Inc,53301020,레스토랑 및 바,4882218791,419억원,JPY
4484,Lancers Inc,52203030,고용 서비스,4873568400,418억원,JPY
9326,Kantsu Holdings Co Ltd,52405030,지상 화물 및 물류,4865446800,418억원,JPY
3796,e-Seikatsu Co Ltd,57201030,온라인 서비스,4863507600,417억원,JPY
3134,Hamee Corp,53402010,백화점,4849445700,416억원,JPY
2179,Seigakusha Co Ltd,63101010,기타 교육 서비스 제공,4824196000,414억원,JPY
3169,Misawa & Co Ltd,53403030,가정용 가구 소매,4822207200,414억원,JPY
6557,AIAI Group Corp,54201030,개인 서비스,4817665408,413억원,JPY
7625,Global-Dining Inc,53301020,레스토랑 및 바,4814640600,413억원,JPY
9259,Takayoshi Holdings Inc,54301020,식품 소매 및 유통,4813809000,413억원,JPY
3172,Tea Life Co Ltd,53402010,백화점,4807800000,413억원,JPY
9929,Heiwa Paper Co Ltd,51301020,종이 제품,4805535575,412억원,JPY
2304,CSS Holdings Ltd,53302030,엔터테인먼트 제작,4804610400,412억원,JPY
5870,Nalnet Communications Inc,54201030,개인 서비스,4788225800,411억원,JPY
7919,Nozaki Insatsu Shigyo Co Ltd,51302020,종이 포장재,4785580000,411억원,JPY
269A,Sapeet Inc,57201020,소프트웨어,4780332000,410억원,JPY
9337,toridori Inc,53302010,광고 및 마케팅,4780193440,410억원,JPY
7399,Nansin Co Ltd,52102010,산업용 기계 및 장비,4763544000,409억원,JPY
2999,Home Position Co Ltd,60101010,"부동산 임대, 개발 및 운영",4763467800,409억원,JPY
7501,Tiemco Ltd,53202020,의류 및 액세서리,4759492875,408억원,JPY
7357,Geocode Co Ltd,57201030,온라인 서비스,4757867100,408억원,JPY
6771,Ikegami Tsushinki Co Ltd,57102010,통신 및 네트워킹,4757592138,408억원,JPY
3024,Create Corp,53203020,건설 자재 및 비품,4742955000,407억원,JPY
6943,NKK Switches Co Ltd,52102030,전기 부품 및 장비,4734962400,406억원,JPY
2917,Ohmoriya Co Ltd,54102020,식품 가공,4710640704,404억원,JPY
4492,Genetec Corp,57201010,IT 서비스 및 컨설팅,4691080000,403억원,JPY
4274,Hosoya Pyro-Engineering Co Ltd,51101010,상품 화학,4689216000,402억원,JPY
8138,Sankyo Kasei Corp,51101010,상품 화학,4685095000,402억원,JPY
7066,Peers Co Ltd,52203040,경영 지원 서비스,4675190400,401억원,JPY
4645,Ichishin Holdings Co Ltd,63101010,기타 교육 서비스 제공,4666150720,400억원,JPY
150A,JSH Co Ltd,54201030,개인 서비스,4663200300,400억원,JPY
9353,Sakurajima Futo Kaisha Ltd,52407020,항만 운영 및 서비스,4658500000,400억원,JPY
5355,Nippon Crucible Co Ltd,52102010,산업용 기계 및 장비,4649832000,399억원,JPY
3490,Azplanning Co Ltd,60101020,부동산 서비스,4640575000,398억원,JPY
4935,Liberta Co Ltd,54201020,개인 생활 필수 용품,4637817000,398억원,JPY
7351,Goodpatch Inc,57201010,IT 서비스 및 컨설팅,4604916360,395억원,JPY
5990,Super Tool Co Ltd,52102010,산업용 기계 및 장비,4602021710,395억원,JPY
7957,Fujicopian Co Ltd,52203060,비즈니스 지원 용품,4597192103,395억원,JPY
6635,Di-Nikko Engineering Co Ltd,57104010,전자 장비 및 부품,4590405000,394억원,JPY
3286,Trust Holdings Inc,52407030,고속도로 및 철도,4585164500,393억원,JPY
7183,Anshin Guarantor Service Co Ltd,55101030,소비자 대출,4584033000,393억원,JPY
7058,Kyoei Security Service Co Ltd,52203040,경영 지원 서비스,4579760000,393억원,JPY
3935,Edia Co Ltd,57201030,온라인 서비스,4552668000,391억원,JPY
145A,L is B Corp,57201010,IT 서비스 및 컨설팅,4550535860,391억원,JPY
6022,Akasaka Diesels Ltd,52102050,조선,4482940000,385억원,JPY
9087,Takase Corp,52405010,"배달, 우편, 항공 화물 및 육상 물류",4650402330,399억원,JPY
9362,Hyoki Kaiun Kaisha Ltd,52405020,해양 화물 및 물류,4602240000,395억원,JPY
7847,Graphite Design Inc,53205020,오락용 제품,4597987200,395억원,JPY
6721,Wintest Corp,57101020,반도체 장비 및 테스트,4553402700,391억원,JPY
4591,Ribomic Inc,56202010,생명 공학 및 의학 연구,4525811200,388억원,JPY
386A,Minoya Co Ltd,54301020,식품 소매 및 유통,4506250000,387억원,JPY
4428,Sinops Inc,57201020,소프트웨어,4487703000,385억원,JPY
5609,Nippon Chuzo KK,51201020,철 및 강철,4482471450,385억원,JPY
3204,Toabo Corp,53202010,직물 및 가죽제품,4479164448,384억원,JPY
8260,Izutsuya Co Ltd,53402010,백화점,4465912555,383억원,JPY
8518,Japan Asia Investment Company  Limited,55102020,투자 관리 및 펀드 운영,4461115760,383억원,JPY
7975,Lihit Lab Inc,52203060,비즈니스 지원 용품,4460553300,383억원,JPY
594A,Pro Holdings Co Ltd,52201020,건설 및 엔지니어링,4443792000,381억원,JPY
7375,Refinverse Group Inc,52203010,환경 서비스 및 장비,4437187825,381억원,JPY
4476,AI Cross Inc,57201020,소프트웨어,4435317250,381억원,JPY
9223,ASNOVA Co. Ltd.,52203040,경영 지원 서비스,4428070400,380억원,JPY
4615,Shinto Paint Co Ltd,51101010,상품 화학,4427800000,380억원,JPY
2375,GiG Works Inc,52203040,경영 지원 서비스,4425597000,380억원,JPY
5994,FINE SINTER CO.  LTD.,53101020,"자동차, 트럭 및 오토바이 부품",4420000000,379억원,JPY
4395,Accrete Inc,52203040,경영 지원 서비스,4417311591,379억원,JPY
1443,Giken Holdings Co Ltd,52201020,건설 및 엔지니어링,4416729744,379억원,JPY
4582,SymBio Pharmaceuticals Ltd,56201040,제약,4413555300,379억원,JPY
3070,Jelly Beans Group Co Ltd,53202030,제화,4406605500,378억원,JPY
2341,Arbeit-Times Co Ltd,53302040,소비자 출판,4400644077,378억원,JPY
9476,Chuokeizai-Sha Holdings Inc,52203070,전문 정보 서비스,4398464000,377억원,JPY
385A,Yamamoto Trading Co Ltd,51101030,특수 화학제,4397750000,377억원,JPY
3035,Ktk Inc,52203060,비즈니스 지원 용품,4385350000,376억원,JPY
7150,THE SHIMANE BANK  LTD.,55101010,은행,4384736000,376억원,JPY
6926,Okaya Electric Industries Co Ltd,52102030,전기 부품 및 장비,4378018342,376억원,JPY
3237,Intrance Co Ltd,53301010,"호텔, 모텔 및 크루즈 라인",4375961696,376억원,JPY
6342,Taihei Machinery Works Ltd,52102010,산업용 기계 및 장비,4365000000,375억원,JPY
4261,AsiaQuest Co Ltd,57201010,IT 서비스 및 컨설팅,4364830400,375억원,JPY
7265,Eiken Industries Co Ltd,53101020,"자동차, 트럭 및 오토바이 부품",4364800000,375억원,JPY
3177,Arigatou Services Co Ltd,53403090,기타 전문 소매,4357952000,374억원,JPY
5603,Kogi Corp,51201020,철 및 강철,4357363248,374억원,JPY
3816,Daiwa Computer Co Ltd,57201020,소프트웨어,4352637724,374억원,JPY
2342,TransGenic Group Inc,53402010,백화점,4351780096,373억원,JPY
5446,Hokuetsu Metal Co Ltd,51201020,철 및 강철,4345472000,373억원,JPY
3719,AI Storm Co Ltd,57201010,IT 서비스 및 컨설팅,4326441680,371억원,JPY
4422,Valuenex Japan Inc,52203040,경영 지원 서비스,4324723200,371억원,JPY
3317,Flying Garden Co Ltd,53301020,레스토랑 및 바,4324317312,371억원,JPY
7544,Three F Co Ltd,54301020,식품 소매 및 유통,4315973200,370억원,JPY
2876,Delsole Corp,54102020,식품 가공,4315907460,370억원,JPY
7361,Human Creation Holdings Inc,57201010,IT 서비스 및 컨설팅,4305585500,369억원,JPY
324A,Booking Resort Co Ltd,53301040,여가 및 오락시설,4300059600,369억원,JPY
7446,Tohoku Chemical Co Ltd,51101010,상품 화학,4291200000,368억원,JPY
8996,HouseFreedom Co Ltd,60101010,"부동산 임대, 개발 및 운영",4290840000,368억원,JPY
2215,First Baking Co Ltd,54102020,식품 가공,4289608100,368억원,JPY
7807,Kowa Co Ltd,56101020,"의료 장비, 물품 및 유통",4287800760,368억원,JPY
7515,Maruyoshi Center Inc,54301020,식품 소매 및 유통,4286970415,368억원,JPY
3768,Riskmonster.com,57201010,IT 서비스 및 컨설팅,4284443394,368억원,JPY
3933,CHIeru Co Ltd,57201020,소프트웨어,4274496000,367억원,JPY
7217,Tein Inc,53101020,"자동차, 트럭 및 오토바이 부품",4267918980,366억원,JPY
3045,Kawasaki & Co Ltd,53202020,의류 및 액세서리,4264470000,366억원,JPY
3437,Tokuden Co Ltd,52203040,경영 지원 서비스,4253310000,365억원,JPY
3190,Hotman Co Ltd,53403010,"자동차 차량, 부품 및 서비스 소매",4248892000,365억원,JPY
7602,Ledax Co Ltd,53403010,"자동차 차량, 부품 및 서비스 소매",4242657584,364억원,JPY
3461,Palma Co Ltd,52203040,경영 지원 서비스,4241961603,364억원,JPY
6545,Internet Infinity Inc,56102010,의료 시설 및 서비스,4233661380,363억원,JPY
264A,Schoo Inc,57201030,온라인 서비스,4220500200,362억원,JPY
3856,Abalance Corp,50201010,재생 가능 에너지 장비 및 서비스,4377634390,376억원,JPY
3352,Buffalo Co Ltd,53403010,"자동차 차량, 부품 및 서비스 소매",4335175152,372억원,JPY
2911,Asahimatsu Foods Co Ltd,54102020,식품 가공,4282373816,368억원,JPY
4270,BeeX Inc,57201010,IT 서비스 및 컨설팅,4280939000,367억원,JPY
177A,Kohjin Bio Co Ltd,56201040,제약,4263074400,366억원,JPY
9835,Juntendo Co Ltd,53403020,주택 개조 제품 및 서비스 소매,4240562476,364억원,JPY
5029,Circlace Inc,57201010,IT 서비스 및 컨설팅,4239637794,364억원,JPY
4334,Yuke's Co Ltd,53302030,엔터테인먼트 제작,4238672000,364억원,JPY
2901,Wel-Dish Inc,54102020,식품 가공,4233447944,363억원,JPY
3896,Awa Paper & Technological Co Inc,53101020,"자동차, 트럭 및 오토바이 부품",4231833216,363억원,JPY
3583,AuBEX Corp,52203060,비즈니스 지원 용품,4230708264,363억원,JPY
2493,E-Supportlink Ltd,57201010,IT 서비스 및 컨설팅,4230108800,363억원,JPY
4174,Appirits Inc,57201030,온라인 서비스,4228702524,363억원,JPY
6038,IID Inc,53302010,광고 및 마케팅,4201958000,361억원,JPY
7061,Japan Hospice Holdings Inc,56102010,의료 시설 및 서비스,4199629500,360억원,JPY
7314,Odawara Auto-Machine Mfg Co Ltd,52203060,비즈니스 지원 용품,4199390000,360억원,JPY
3067,Tokyo Ichiban Foods Co Ltd,53301020,레스토랑 및 바,4198996500,360억원,JPY
7443,Yokohama Gyorui Co Ltd,54102010,어업 및 농업,4189140000,360억원,JPY
9972,Altech Co Ltd,52102010,산업용 기계 및 장비,4182228000,359억원,JPY
3521,Thermae-Yu Holdings Co Ltd,53301040,여가 및 오락시설,4181685828,359억원,JPY
9969,Shokubun Co Ltd,53301020,레스토랑 및 바,4175233884,358억원,JPY
1380,Akikawa Foods & Farms Co Ltd,54102020,식품 가공,4170642000,358억원,JPY
6307,Sansei Co Ltd,52102010,산업용 기계 및 장비,4170292800,358억원,JPY
280A,TMH Inc,57101020,반도체 장비 및 테스트,4168716000,358억원,JPY
4829,Nihon Enterprise Co. Ltd.,57201010,IT 서비스 및 컨설팅,4161769200,357억원,JPY
5867,Es Networks Co Ltd,52203040,경영 지원 서비스,4160244888,357억원,JPY
9165,Qualtec Co Ltd,52203040,경영 지원 서비스,4159500000,357억원,JPY
291A,Reskill Corp,63103010,전문 및 비즈니스 교육,4156590800,357억원,JPY
7502,Plaza Holdings Co Ltd,53403050,컴퓨터 및 전자 제품 소매,4154354399,357억원,JPY
4750,Daisan Co Ltd,52201020,건설 및 엔지니어링,4151810000,356억원,JPY
4394,eXmotion Co Ltd,57201010,IT 서비스 및 컨설팅,4144935000,356억원,JPY
6218,Enshu Ltd,52102010,산업용 기계 및 장비,4136098554,355억원,JPY
3807,Fisco Ltd,52203070,전문 정보 서비스,4131739980,355억원,JPY
7284,Meiwa Industry Co Ltd,53101020,"자동차, 트럭 및 오토바이 부품",4112356466,353억원,JPY
4586,Medrx Co Ltd,56201040,제약,4111836000,353억원,JPY
3744,SIOS Corp,57201020,소프트웨어,4099972800,352억원,JPY
551A,Izumi Group Inc,52203040,경영 지원 서비스,4098631800,352억원,JPY
9820,MT Genex Corp,52201020,건설 및 엔지니어링,4097082000,352억원,JPY
3161,Azearth Corp,52203060,비즈니스 지원 용품,4095474873,351억원,JPY
3474,G-Factory Co Ltd,52203040,경영 지원 서비스,4089722000,351억원,JPY
5742,NIC Autotec Inc,52102010,산업용 기계 및 장비,4086500000,351억원,JPY
7555,Ota Floriculture Auction Co Ltd,54102010,어업 및 농업,4086500000,351억원,JPY
7069,CyberBuzz Inc,53302010,광고 및 마케팅,4078247160,350억원,JPY
228A,OPRO Co Ltd,57201020,소프트웨어,4077261100,350억원,JPY
5257,Nova System Co Ltd,57201010,IT 서비스 및 컨설팅,4072860000,350억원,JPY
5129,Fixer Inc,57201010,IT 서비스 및 컨설팅,4072640000,350억원,JPY
525A,manebi Inc,52203070,전문 정보 서비스,4060879700,348억원,JPY
419A,Runglobe Inc,53403010,"자동차 차량, 부품 및 서비스 소매",4050000000,348억원,JPY
6181,Tameny Inc,54201030,개인 서비스,4047183000,347억원,JPY
3682,Encourage Technologies Co Ltd,57201010,IT 서비스 및 컨설팅,4043732800,347억원,JPY
244A,Growth xPartners Inc,57201010,IT 서비스 및 컨설팅,4030407340,346억원,JPY
6424,Takamisawa Cybernetics Co Ltd,52102010,산업용 기계 및 장비,4022725000,345억원,JPY
2330,Forside Co Ltd,53205010,장난감 및 어린이 제품,4019268768,345억원,JPY
5820,Mitsuboshi Co Ltd,52102030,전기 부품 및 장비,4018528605,345억원,JPY
8040,Tokyo Soir Co Ltd,53202020,의류 및 액세서리,4018260000,345억원,JPY
5250,Gmo Prime Strategy Co Ltd,57201010,IT 서비스 및 컨설팅,4014415200,345억원,JPY
6898,Tomita Electric Co Ltd,57104010,전자 장비 및 부품,4003197100,344억원,JPY
9229,Sunwels Co Ltd,56102010,의료 시설 및 서비스,3979860000,342억원,JPY
8995,Makoto Construction Co Ltd,53203010,주택 건설,3901268000,335억원,JPY
4196,Neo Marketing Inc,53302010,광고 및 마케팅,3409472000,293억원,JPY
5252,Nihon Knowledge Co Ltd,57201010,IT 서비스 및 컨설팅,4243625500,364억원,JPY
4884,Kringle Pharma Inc,56202010,생명 공학 및 의학 연구,4184888400,359억원,JPY
7793,Image Magic Inc,57201030,온라인 서비스,4151587290,356억원,JPY
5458,Takasago Tekko KK,51201020,철 및 강철,4072832000,350억원,JPY
4120,Sugai Chemical Industry Co Ltd,51101090,다각적 화학 산업,3995430000,343억원,JPY
3202,Daitobo Co Ltd,60101010,"부동산 임대, 개발 및 운영",3977160000,341억원,JPY
2985,First Stage Corp,60101020,부동산 서비스,3974400000,341억원,JPY
4576,D.Western Therapeutics Institute Inc,56202010,생명 공학 및 의학 연구,3971599428,341억원,JPY
2747,Hokuyu Lucky Co Ltd,54301020,식품 소매 및 유통,3970969600,341억원,JPY
7215,Faltec Co Ltd,53101020,"자동차, 트럭 및 오토바이 부품",3967147800,340억원,JPY
3917,iRidge Inc,57201020,소프트웨어,3962626416,340억원,JPY
9647,Kyowa Engineering Consultants Co Ltd,52201020,건설 및 엔지니어링,3956175000,340억원,JPY
5973,Toami Corp,51201020,철 및 강철,3948800000,339억원,JPY
3842,Nextgen Inc,57201020,소프트웨어,3943447500,338억원,JPY
7219,HKS Co Ltd,53101020,"자동차, 트럭 및 오토바이 부품",3940800000,338억원,JPY
6836,Plat'Home Co Ltd,57106010,컴퓨터 하드웨어,3938055000,338억원,JPY
5868,Rococo Co Ltd,57201010,IT 서비스 및 컨설팅,3930049800,337억원,JPY
3181,Kaitori Okoku Co Ltd,53403040,의류 및 액세서리 소매,3925342350,337억원,JPY
5256,Fusic Co Ltd,57201010,IT 서비스 및 컨설팅,3919168000,336억원,JPY
2978,Tsukuruba Inc,60101020,부동산 서비스,3918915000,336억원,JPY
331A,Medix Inc,53302010,광고 및 마케팅,3918800000,336억원,JPY
7805,Printnet Inc,57201030,온라인 서비스,3915106800,336억원,JPY
458A,Plan Do Co Ltd,60101010,"부동산 임대, 개발 및 운영",3909259500,335억원,JPY
483A,Tera Technology Inc,57201010,IT 서비스 및 컨설팅,3906369000,335억원,JPY
6664,OptoElectronics Co Ltd,57105010,사무기기,3900000000,335억원,JPY
2481,Townnews-Sha Co Ltd,53302040,소비자 출판,3885998040,333억원,JPY
9235,Ureru Net Advertising Group Co. Ltd.,53302010,광고 및 마케팅,3880300814,333억원,JPY
3469,Dualtap Co Ltd,60101010,"부동산 임대, 개발 및 운영",3870373000,332억원,JPY
9778,Subaru Co Ltd,63101010,기타 교육 서비스 제공,3870154080,332억원,JPY
3524,Nitto Seimo Co Ltd,52203060,비즈니스 지원 용품,3855400000,331억원,JPY
3536,Axas Holdings Co Ltd,53403090,기타 전문 소매,3851307004,331억원,JPY
7044,Piala Inc,57201030,온라인 서비스,3845730600,330억원,JPY
6614,Shikino High Tech Co Ltd,57101020,반도체 장비 및 테스트,3824064000,328억원,JPY
6969,Matsuo Electric Co Ltd,57104010,전자 장비 및 부품,3813978000,327억원,JPY
3195,Generation Pass Co Ltd,52203040,경영 지원 서비스,3812959920,327억원,JPY
7114,Foodison Inc,54102010,어업 및 농업,3806417160,327억원,JPY
373A,LIPPS Co Ltd,54201020,개인 생활 필수 용품,3806212500,327억원,JPY
7162,Astmax Co Ltd,59101010,전력 유틸리티,3803326700,326억원,JPY
7111,Inest Inc,53403050,컴퓨터 및 전자 제품 소매,3799344640,326억원,JPY
3895,Havix Corp,53202010,직물 및 가죽제품,3776979360,324억원,JPY
5534,Angel Group Inc,53301010,"호텔, 모텔 및 크루즈 라인",3774000000,324억원,JPY
6596,Tsukubaseiko Co Ltd,57101010,반도체,3767940000,323억원,JPY
3138,Fujisan Magazine Service Co Ltd,53302040,소비자 출판,3764737140,323억원,JPY
5525,Frontier Holdings Co Ltd,60101020,부동산 서비스,3764670000,323억원,JPY
6694,Zoom Corp,53403050,컴퓨터 및 전자 제품 소매,3753971208,322억원,JPY
7863,Hiraga Co Ltd,52203020,상업 인쇄 서비스,3742525220,321억원,JPY
7037,teno.Holdings Co Ltd,54201030,개인 서비스,3737533500,321억원,JPY
4391,Logizard Co Ltd,57201030,온라인 서비스,3714187500,319억원,JPY
5162,Asahi Rubber Inc,53101030,타이어 및 고무 제품,3704053040,318억원,JPY
7719,Tokyo Koki Co Ltd,52102010,산업용 기계 및 장비,3703740156,318억원,JPY
6659,Media Links Co Ltd,57102010,통신 및 네트워킹,3698679100,317억원,JPY
3238,Central General Development Co Ltd,60101010,"부동산 임대, 개발 및 운영",3698371200,317억원,JPY
3224,General Oyster Inc,53301020,레스토랑 및 바,3684324000,316억원,JPY
3945,Superbag Co Ltd,51302020,종이 포장재,3667384950,315억원,JPY
5279,Nihon Kogyo Co Ltd,51202010,건설 자재,3664783200,315억원,JPY
4883,Modalis Therapeutics Corp,56202010,생명 공학 및 의학 연구,3661815234,314억원,JPY
7112,Cube Co Ltd,53202020,의류 및 액세서리,3659229612,314억원,JPY
3690,YRGLM Inc,57201010,IT 서비스 및 컨설팅,3657766210,314억원,JPY
2139,Chuco Co Ltd,53302010,광고 및 마케팅,3655836000,314억원,JPY
3059,Hiraki Co Ltd,53402020,할인점,3655320400,314억원,JPY
475A,Gimic Co Ltd,57201030,온라인 서비스,3690816000,317억원,JPY
334A,Visual Processing Japan Co Ltd,57201010,IT 서비스 및 컨설팅,3689418000,317억원,JPY
4247,Poval Kogyo Co Ltd,53101030,타이어 및 고무 제품,3659737200,314억원,JPY
3054,Hyper Inc,57106010,컴퓨터 하드웨어,3659115000,314억원,JPY
3674,Aucfan Co Ltd,57201030,온라인 서비스,3644216900,313억원,JPY
3477,Forlife Co Ltd,60101010,"부동산 임대, 개발 및 운영",3644000000,313억원,JPY
9256,Succeed Co Ltd,52203030,고용 서비스,3642080400,313억원,JPY
5939,Otani Kogyo Co Ltd,52102040,중전기장비,3634800000,312억원,JPY
4833,Def Consulting Inc,52203030,고용 서비스,3630100750,312억원,JPY
335A,Mirairo Inc,52203040,경영 지원 서비스,3626007700,311억원,JPY
3494,Mullion Co Ltd,60101010,"부동산 임대, 개발 및 운영",3612961000,310억원,JPY
4664,Japan Reliance Service Corp,52203040,경영 지원 서비스,3609840000,310억원,JPY
144A,Energy Power Co Ltd,59101010,전력 유틸리티,3600000000,309억원,JPY
3439,Mitsuchi Corp,53101020,"자동차, 트럭 및 오토바이 부품",3590835080,308억원,JPY
3267,Phil Company Inc,52201020,건설 및 엔지니어링,3590562500,308억원,JPY
6090,Human Metabolome Technologies Inc,56202010,생명 공학 및 의학 연구,3581477185,307억원,JPY
477A,Startline Co Ltd,54201030,개인 서비스,3577899500,307억원,JPY
9561,Glad Cube Inc,53302010,광고 및 마케팅,3577092960,307억원,JPY
3967,Eltes Co Ltd,52203040,경영 지원 서비스,3577006000,307억원,JPY
1764,Kudo Corp,52201020,건설 및 엔지니어링,3569000820,306억원,JPY
3607,Kuraudia Holdings Co Ltd,54201030,개인 서비스,3565625600,306억원,JPY
7034,Prored Partners Co Ltd,52203040,경영 지원 서비스,3564048600,306억원,JPY
4885,Muromachi Chemicals Inc,56201040,제약,3563085000,306억원,JPY
3133,Kaihan Co Ltd,53301020,레스토랑 및 바,3549894933,305억원,JPY
4351,Yamada Servicer Synthetic Office,55101050,기업 금융 서비스,3546708000,304억원,JPY
3358,Trailhead Global Holdings Inc,53301020,레스토랑 및 바,3542635500,304억원,JPY
4705,Clip Corp,63101010,기타 교육 서비스 제공,3542616000,304억원,JPY
7983,Miroku Corp,52101010,항공우주 및 방위,3534398616,303억원,JPY
9073,Kyogoku Unyu Shoji Co Ltd,52405030,지상 화물 및 물류,3521274120,302억원,JPY
6193,Virtualex Holdings Inc,57201010,IT 서비스 및 컨설팅,3521177010,302억원,JPY
4056,Neural Group Inc,57201010,IT 서비스 및 컨설팅,3506970324,301억원,JPY
2424,Brass Corp,54201030,개인 서비스,3505510200,301억원,JPY
9417,Smartvalue Co Ltd,57201010,IT 서비스 및 컨설팅,3492294600,300억원,JPY
7353,KIYO Learning Co Ltd,52203070,전문 정보 서비스,3486385500,299억원,JPY
9237,Emimen Co Ltd,60101020,부동산 서비스,3479285700,299억원,JPY
5928,Almetax Manufacturing Co Ltd,53203020,건설 자재 및 비품,3466541865,297억원,JPY
7078,Inclusive Holdings Inc,53302010,광고 및 마케팅,3466079827,297억원,JPY
9439,M H GROUP LTD.,54201030,개인 서비스,3451746600,296억원,JPY
3622,Netyear Group Corp,57201030,온라인 서비스,3450507000,296억원,JPY
4102,Maruo Calcium Co. Ltd.,51101010,상품 화학,3450368000,296억원,JPY
7072,Intimate Merger Inc,57201010,IT 서비스 및 컨설팅,3447942500,296억원,JPY
6578,Correc Holdings Inc,57401010,통합 통신 서비스,3443993600,296억원,JPY
7791,Dreambed Co Ltd,53204040,가정용 가구,3442687780,295억원,JPY
3974,SCAT Inc,57201020,소프트웨어,3442680000,295억원,JPY
305A,Double Tree Inc,53403010,"자동차 차량, 부품 및 서비스 소매",3438000000,295억원,JPY
7640,Top Culture Co Ltd,53403090,기타 전문 소매,3432757432,295억원,JPY
5620,SPO Entertainment Inc,53302030,엔터테인먼트 제작,3422980000,294억원,JPY
1724,Synclayer Inc,57201010,IT 서비스 및 컨설팅,3415521600,293억원,JPY
476A,Tsuji Hongo IT Consulting Co Ltd,57201010,IT 서비스 및 컨설팅,3412792400,293억원,JPY
3976,Shanon Inc,57201010,IT 서비스 및 컨설팅,3407565000,292억원,JPY
2693,YKT Corp,52102010,산업용 기계 및 장비,3405367680,292억원,JPY
4198,Tenda Co Ltd,57201010,IT 서비스 및 컨설팅,3405037500,292억원,JPY
9339,Coach A Co Ltd,63103010,전문 및 비즈니스 교육,3404791752,292억원,JPY
7986,Nihon ISK Co Ltd,52203060,비즈니스 지원 용품,3399264000,292억원,JPY
6634,JN Group Inc,53403040,의류 및 액세서리 소매,3372007256,289억원,JPY
3958,Sasatoku Printing Co Ltd,52203020,상업 인쇄 서비스,3364640000,289억원,JPY
3627,Tecmira Holdings Inc,57201010,IT 서비스 및 컨설팅,3358027200,288억원,JPY
4882,Perseus Proteomics Inc,56201040,제약,3354169000,288억원,JPY
7813,Platz Co Ltd,56101020,"의료 장비, 물품 및 유통",3353400000,288억원,JPY
8938,Glome Holdings Inc,52203040,경영 지원 서비스,3320311500,285억원,JPY
7462,Capita Inc,50102030,"오일, 가스 정제 및 마케팅",3395686000,291억원,JPY
4068,Basis Corp,52201020,건설 및 엔지니어링,3390084126,291억원,JPY
3306,THE NIHON SEIMA CO. LTD.,53202010,직물 및 가죽제품,3387753760,291억원,JPY
6195,Hope Inc,53302010,광고 및 마케팅,3375489000,290억원,JPY
7376,BCC Co Ltd,52203030,고용 서비스,3371040600,289억원,JPY
7782,Sincere Co Ltd,56101020,"의료 장비, 물품 및 유통",3369340200,289억원,JPY
3710,Jorudan Co Ltd,57201020,소프트웨어,3368455000,289억원,JPY
5287,Ito Yogyo Co Ltd,51202010,건설 자재,3368192000,289억원,JPY
4429,Ricksoft Co Ltd,57201010,IT 서비스 및 컨설팅,3362671700,289억원,JPY
6034,MRT Inc,52203030,고용 서비스,3362536800,289억원,JPY
6248,Yokota Manufacturing Co Ltd,52102010,산업용 기계 및 장비,3359185500,288억원,JPY
9363,Daiun Co Ltd,52407020,항만 운영 및 서비스,3356913021,288억원,JPY
148A,Hatch Work Co Ltd,57201010,IT 서비스 및 컨설팅,3351447000,288억원,JPY
3577,Tokai Senko KK,53202010,직물 및 가죽제품,3343183100,287억원,JPY
9849,Kyodo Paper Holdings,51301020,종이 제품,3342138480,287억원,JPY
211A,Cados Corp,60101010,"부동산 임대, 개발 및 운영",3331125000,286억원,JPY
7345,Ai Partners Financial Inc,55102010,투자 은행 및 중개 서비스,3322396000,285억원,JPY
3987,Ecomott Inc,57201010,IT 서비스 및 컨설팅,3305530400,284억원,JPY
8166,Taka-Q Co Ltd,53403040,의류 및 액세서리 소매,3299894938,283억원,JPY
9419,WirelessGate Inc,57401020,무선 통신 서비스,3292510774,283억원,JPY
7694,Itsumo Inc,53302010,광고 및 마케팅,3291536600,282억원,JPY
9466,Aidma Marketing Communication Corp,53302010,광고 및 마케팅,3290596648,282억원,JPY
4447,PBsystems Inc,57201010,IT 서비스 및 컨설팅,3289557700,282억원,JPY
614A,Yamahachi Corporation,60101010,"부동산 임대, 개발 및 운영",3288320000,282억원,JPY
3858,Ubiquitous AI Corp,57201020,소프트웨어,3284126000,282억원,JPY
7129,Miahelsa Holdings Corp,56102010,의료 시설 및 서비스,3278691000,281억원,JPY
6662,Ubiteq Inc,57106010,컴퓨터 하드웨어,3268943600,281억원,JPY
7098,Agent Inc,52203030,고용 서비스,3250000000,279억원,JPY
9767,Nikken Kogaku Co Ltd,52201020,건설 및 엔지니어링,3225423928,277억원,JPY
3680,Hotto Link Inc,53302010,광고 및 마케팅,3225091600,277억원,JPY
5271,Toyo Asano Foundation Co Ltd,51202010,건설 자재,3208750680,275억원,JPY
9212,Green Earth Institute Co Ltd,51101030,특수 화학제,3203322600,275억원,JPY
7877,Eidai Kako Co Ltd,53101020,"자동차, 트럭 및 오토바이 부품",3203240000,275억원,JPY
3297,Toubujyuhan Co Ltd,60101010,"부동산 임대, 개발 및 운영",3197919600,274억원,JPY
9282,Ichigo Green Infrastructure Investment Corp,55501030,폐쇄형 펀드,3197094300,274억원,JPY
7800,Amifa Co Ltd,51302020,종이 포장재,3196180000,274억원,JPY
330A,TalentX Inc,52203030,고용 서비스,3171300000,272억원,JPY
4341,Seiryo Electric Corp,57102010,통신 및 네트워킹,3171000000,272억원,JPY
196A,MFS Inc,57301010,핀테크,3161659000,271억원,JPY
7567,Sakae Electronics Corp,52102030,전기 부품 및 장비,3150710000,270억원,JPY
7827,Orvis Corp,51301010,임업 및 목재 제품,3147005590,270억원,JPY
6467,Nichidai Corp,52102010,산업용 기계 및 장비,3141495100,270억원,JPY
6656,Inspec Inc,57101020,반도체 장비 및 테스트,3140304800,269억원,JPY
9012,Chichibu Railway Co Ltd,52406020,지상 및 해상 여객 운송,3135000000,269억원,JPY
4736,Nippon Rad Inc,57201010,IT 서비스 및 컨설팅,3127547760,268억원,JPY
507A,Digital Knowledge Co Ltd,57201020,소프트웨어,3126200000,268억원,JPY
265A,Hmcomm Inc,57201010,IT 서비스 및 컨설팅,3122218800,268억원,JPY
2872,Seihyo Co Ltd,54102020,식품 가공,3118790532,268억원,JPY
229A,Asumi HD Inc,52201020,건설 및 엔지니어링,3116000000,267억원,JPY
3753,Flight Solutions Inc,57201010,IT 서비스 및 컨설팅,3112690000,267억원,JPY
6552,GameWith Inc,57201030,온라인 서비스,3100845800,266억원,JPY
279A,Interg Inc,57201030,온라인 서비스,3100000000,266억원,JPY
9376,Eurasia Travel Co Ltd,53301040,여가 및 오락시설,3099600000,266억원,JPY
6054,Livesense Inc,57201010,IT 서비스 및 컨설팅,3097600000,266억원,JPY
3372,Kanmonkai Co Ltd,53301020,레스토랑 및 바,3094198900,266억원,JPY
6633,CGS Holdings Inc,57201010,IT 서비스 및 컨설팅,3087487935,265억원,JPY
7687,Micreed Co Ltd,53402010,백화점,3077912600,264억원,JPY
7992,Sailor Pen Co Ltd,52203060,비즈니스 지원 용품,3054934062,262억원,JPY
5028,SecondXight Analytica Inc,57201010,IT 서비스 및 컨설팅,3039451947,261억원,JPY
8894,Revolution Co Ltd,60101020,부동산 서비스,2776874469,238억원,JPY
4241,Atect Corp,56101020,"의료 장비, 물품 및 유통",3096886400,266억원,JPY
8013,Naigai Co Ltd,53202020,의류 및 액세서리,3089697656,265억원,JPY
9220,FB Care Service Co Ltd,56102010,의료 시설 및 서비스,3067805300,263억원,JPY
2762,Sanko Marketing Foods Co Ltd,53301020,레스토랑 및 바,3056520748,262억원,JPY
3550,Studio Atao Co Ltd,53202020,의류 및 액세서리,3046029000,261억원,JPY
138A,Hikari Food Service Co Ltd,53301020,레스토랑 및 바,3045440000,261억원,JPY
7897,Hokushin Co Ltd,51301010,임업 및 목재 제품,3035911535,261억원,JPY
4014,Karadanote Inc,57201020,소프트웨어,3034148700,260억원,JPY
241A,ROXX Inc,52203030,고용 서비스,3029798720,260억원,JPY
9327,e-LogiT Co Ltd,52405010,"배달, 우편, 항공 화물 및 육상 물류",3026013000,260억원,JPY
7464,Saftec Co Ltd,52203060,비즈니스 지원 용품,3022000000,259억원,JPY
3747,Intertrade Co Ltd,57301010,핀테크,3015144000,259억원,JPY
6894,Pulstec Industrial Co Ltd,57104010,전자 장비 및 부품,3011264899,258억원,JPY
7571,Yamano Holdings Corp,53403040,의류 및 액세서리 소매,3009724872,258억원,JPY
4098,Titan Kogyo Ltd,51101010,상품 화학,3000377366,257억원,JPY
567A,D-Plus Co Ltd,53403010,"자동차 차량, 부품 및 서비스 소매",3000000000,257억원,JPY
2722,IK HOLDINGS Co. Ltd.,53403090,기타 전문 소매,2990880000,257억원,JPY
6046,Linkbal Inc,54201030,개인 서비스,2983500000,256억원,JPY
3266,Fund Creation Group Co Ltd,55102020,투자 관리 및 펀드 운영,2977223309,255억원,JPY
7057,New Constructor's Network Co Ltd,52203040,경영 지원 서비스,2974829000,255억원,JPY
3326,Runsystem Co Ltd,53301040,여가 및 오락시설,2974631100,255억원,JPY
1444,Nissou Co Ltd,53203010,주택 건설,2973239700,255억원,JPY
5619,MRSO Inc,57201020,소프트웨어,2962993500,254억원,JPY
9685,Kycom Holdings Co Ltd,57201010,IT 서비스 및 컨설팅,2915830440,250억원,JPY
5974,ChugokuKogyo Co Ltd,50103020,오일 관련 서비스 및 장비,2907000000,249억원,JPY
4421,D I System Co Ltd,57201020,소프트웨어,2906050000,249억원,JPY
7046,TDSE Inc,57201020,소프트웨어,2904000000,249억원,JPY
519A,Basic Inc,57201020,소프트웨어,2899445835,249억원,JPY
6803,Teac Corp,57106010,컴퓨터 하드웨어,2893171300,248억원,JPY
3929,Socialwire Co Ltd,53302010,광고 및 마케팅,2890131200,248억원,JPY
9562,Business Coach Inc,63103010,전문 및 비즈니스 교육,2886192000,248억원,JPY
246A,ASUA Inc,52405010,"배달, 우편, 항공 화물 및 육상 물류",2882287100,247억원,JPY
3071,Stream Co Ltd,57201030,온라인 서비스,2881025000,247억원,JPY
7524,Marche Corp,53301020,레스토랑 및 바,2879769600,247억원,JPY
9941,Taiyo Bussan Kaisha Ltd,54102010,어업 및 농업,2877190704,247억원,JPY
574A,Lassic Co Ltd,52203030,고용 서비스,2873880000,247억원,JPY
3011,Banners Co Ltd,53403010,"자동차 차량, 부품 및 서비스 소매",2873524212,247억원,JPY
2789,Karula Co Ltd,53301020,레스토랑 및 바,2872070424,246억원,JPY
220A,Faber Company Inc,57201010,IT 서비스 및 컨설팅,2871000000,246억원,JPY
357A,F&F Inc,54301010,의약품 소매,2870400000,246억원,JPY
7603,Gyet Co Ltd,53403040,의류 및 액세서리 소매,2852859692,245억원,JPY
6150,Takeda Machinery Co Ltd,52102010,산업용 기계 및 장비,2850900000,245억원,JPY
7064,Howtelevision Inc,57201030,온라인 서비스,2847924280,244억원,JPY
3248,Early Age Co Ltd,60101010,"부동산 임대, 개발 및 운영",2846995000,244억원,JPY
5950,Japan Power Fastening Co Ltd,52102010,산업용 기계 및 장비,2821969540,242억원,JPY
130A,Veritas In Silico Inc,56202010,생명 공학 및 의학 연구,2815407476,242억원,JPY
9335,Techno Creative Co Ltd,52203040,경영 지원 서비스,2812000000,241억원,JPY
2499,Nihonwasou Holdings Inc,53202020,의류 및 액세서리,2810336000,241억원,JPY
192A,Integroup Inc,55102010,투자 은행 및 중개 서비스,2800144400,240억원,JPY
3953,Ohmura Shigyo Co Ltd,51302020,종이 포장재,2799477336,240억원,JPY
293A,BABY JOB Co Ltd,53403090,기타 전문 소매,2798301000,240억원,JPY
6081,Allied Architects Inc,57201010,IT 서비스 및 컨설팅,2794089390,240억원,JPY
1788,Santo Corp,52201020,건설 및 엔지니어링,2792020000,240억원,JPY
9421,NJ Holdings Inc,57201020,소프트웨어,2787558400,239억원,JPY
2425,Care Service Co Ltd,56102010,의료 시설 및 서비스,2784600000,239억원,JPY
3137,Fundely Co Ltd,53301020,레스토랑 및 바,2782143000,239억원,JPY
4487,Spacemarket Inc,60101020,부동산 서비스,2772251100,238억원,JPY
7810,Crossfor Co Ltd,53202020,의류 및 액세서리,2770095000,238억원,JPY
5587,Inbound Platform Corp,53301040,여가 및 오락시설,2766579200,237억원,JPY
3645,Medical Net Inc,56102010,의료 시설 및 서비스,2757888000,237억원,JPY
4387,ZUU Co Ltd,57301010,핀테크,2807167260,241억원,JPY
2300,Kyokuto Co Ltd,54201030,개인 서비스,2758961310,237억원,JPY
4197,Asmarq Co Ltd,53302010,광고 및 마케팅,2752862500,236억원,JPY
149A,Thinca Co Ltd,57201010,IT 서비스 및 컨설팅,2752183720,236억원,JPY
2666,Autowave Co Ltd,53403010,"자동차 차량, 부품 및 서비스 소매",2745690000,236억원,JPY
3996,Signpost Corp,57201010,IT 서비스 및 컨설팅,2741210530,235억원,JPY
4167,Kokopelli Inc,57201020,소프트웨어,2731099350,234억원,JPY
8912,Area Quest Inc,60101020,부동산 서비스,2709036400,232억원,JPY
3931,Value Golf Inc,53301040,여가 및 오락시설,2703272000,232억원,JPY
3409,Kitabo Co Ltd,53202010,직물 및 가죽제품,2702183490,232억원,JPY
6400,Fuji Seiki Co Ltd,52102010,산업용 기계 및 장비,2698092000,232억원,JPY
9635,Musashino Kogyo Co Ltd,60101010,"부동산 임대, 개발 및 운영",2693250000,231억원,JPY
4335,IPS Holdings Co Ltd,57201020,소프트웨어,2690406000,231억원,JPY
5987,Onex Corp,51201020,철 및 강철,2680900000,230억원,JPY
142A,Jinjibu Co Ltd,52203030,고용 서비스,2658258000,228억원,JPY
8225,Takachiho Co Ltd,53403090,기타 전문 소매,2655375000,228억원,JPY
5580,Prodelight Co Ltd,57401010,통합 통신 서비스,2649514200,227억원,JPY
164A,Applepark Co Ltd,52407030,고속도로 및 철도,2641320000,227억원,JPY
9169,Daishinsha Inc,53302010,광고 및 마케팅,2640000000,227억원,JPY
3375,ZOA Corp,53403050,컴퓨터 및 전자 제품 소매,2637556000,226억원,JPY
3913,GreenBee Inc,57201020,소프트웨어,2637389083,226억원,JPY
4370,Mobilus Corp,57201010,IT 서비스 및 컨설팅,2637249186,226억원,JPY
2351,ASJ Inc,57201010,IT 서비스 및 컨설팅,2631814100,226억원,JPY
7359,Tokyo Communications Group Inc,57201020,소프트웨어,2629424142,226억원,JPY
3672,AltPlus Inc,57201020,소프트웨어,2625521757,225억원,JPY
7036,eMnet Japan Co Ltd,53302010,광고 및 마케팅,2614418400,224억원,JPY
3686,DLE Inc,53302030,엔터테인먼트 제작,2606906400,224억원,JPY
8123,T.Kawabe & Co Ltd,53202020,의류 및 액세서리,2605400000,224억원,JPY
5035,HOUSEI Inc,57201010,IT 서비스 및 컨설팅,2603571400,223억원,JPY
3647,Asulina Co Ltd,59101010,전력 유틸리티,2599707240,223억원,JPY
7836,AVIX Inc,57104010,전자 장비 및 부품,2599587884,223억원,JPY
8836,Rise Inc (Tokyo),60101010,"부동산 임대, 개발 및 운영",2592358479,222억원,JPY
1711,SDS Holdings Co Ltd,52203010,환경 서비스 및 장비,2576894931,221억원,JPY
5131,Linkers Corp,57201010,IT 서비스 및 컨설팅,2572795000,221억원,JPY
9167,Futonmaki Jiro Inc,54201030,개인 서비스,2572500000,221억원,JPY
3600,Fujix Ltd,53202010,직물 및 가죽제품,2569162750,220억원,JPY
6347,Placo Co Ltd,52102010,산업용 기계 및 장비,2561581524,220억원,JPY
7137,Grantomato Co Ltd,54301020,식품 소매 및 유통,2558400000,220억원,JPY
5199,Fuji Latex Co Ltd,52102010,산업용 기계 및 장비,2556963612,219억원,JPY
8181,Totenko Co Ltd,53301020,레스토랑 및 바,2549715161,219억원,JPY
9423,Forval Realstraight Inc,52203040,경영 지원 서비스,2549169000,219억원,JPY
157A,Green Monster Inc,57201020,소프트웨어,2547686400,219억원,JPY
4438,Welby Inc,57201020,소프트웨어,2547545764,219억원,JPY
6063,Emergency Assistance Japan Co Ltd,56102010,의료 시설 및 서비스,2539756800,218억원,JPY
5858,STG Co Ltd,52102010,산업용 기계 및 장비,2536788000,218억원,JPY
2683,UOGroup CO.  LTD.,54301020,식품 소매 및 유통,2535409152,218억원,JPY
4881,FunPep Co Ltd,56202010,생명 공학 및 의학 연구,2533335000,217억원,JPY
3664,Wize Inc,53403030,가정용 가구 소매,2530607384,217억원,JPY
3557,United & Collective Co Ltd,53301020,레스토랑 및 바,2506875800,215억원,JPY
4124,Osaka Yuka Industry Ltd,51101090,다각적 화학 산업,2506232000,215억원,JPY
2997,STORAGE-OH Co. Ltd.,60101010,"부동산 임대, 개발 및 운영",2498671500,214억원,JPY
5618,Nyle Inc,53302010,광고 및 마케팅,2492745600,214억원,JPY
333A,Technosmile Inc,52203030,고용 서비스,2486140800,213억원,JPY
4616,Kawakami Paint Mfg Co Ltd,51101010,상품 화학,2471000000,212억원,JPY
4735,Kyoshin Co Ltd,63103010,전문 및 비즈니스 교육,2468424000,212억원,JPY
3598,Yamaki Co Ltd,53202020,의류 및 액세서리,2466762210,212억원,JPY
9816,Striders Corp,60101010,"부동산 임대, 개발 및 운영",2457158517,211억원,JPY
6548,Tabikobo Co Ltd,53301040,여가 및 오락시설,2456043200,211억원,JPY
5242,Eyez Inc,57201030,온라인 서비스,2442118000,210억원,JPY
9399,Beat Holdings Ltd,55102020,투자 관리 및 펀드 운영,2383362384,205억원,JPY
189A,D&M Company Co Ltd,52203040,경영 지원 서비스,2509311000,215억원,JPY
7083,AHC Group Inc,56102010,의료 시설 및 서비스,2498967900,214억원,JPY
195A,Muscat Group Inc,57201020,소프트웨어,2497334400,214억원,JPY
2687,CVS Bay Area Inc,52203040,경영 지원 서비스,2491488000,214억원,JPY
2992,Urban Like Inc,53203010,주택 건설,2481090000,213억원,JPY
304A,FORCIA Inc,57201030,온라인 서비스,2460104300,211억원,JPY
7035,And Factory Inc,57201020,소프트웨어,2455109460,211억원,JPY
6563,Mirai Works Inc,52203030,고용 서비스,2454082200,211억원,JPY
281A,Informetis Co Ltd,57201020,소프트웨어,2453992443,211억원,JPY
7138,Torico Co Ltd,57201030,온라인 서비스,2444140556,210억원,JPY
3089,Techno Alpha Co Ltd,57101020,반도체 장비 및 테스트,2443380000,210억원,JPY
9365,Tradia Corp,52405020,해양 화물 및 물류,2440200000,209억원,JPY
7850,Sougou Shouken Co Ltd,52203020,상업 인쇄 서비스,2438907670,209억원,JPY
9242,Media Research Institute Inc,52203030,고용 서비스,2436257100,209억원,JPY
9563,Atlas Technologies Corp,52203040,경영 지원 서비스,2435673435,209억원,JPY
8783,abc Co Ltd,55102020,투자 관리 및 펀드 운영,2433712992,209억원,JPY
4650,SD Entertainment Inc,53301040,여가 및 오락시설,2429190000,208억원,JPY
340A,Zig-Zag Inc,57201030,온라인 서비스,2427451155,208억원,JPY
7939,Kensoh Co Ltd,53302010,광고 및 마케팅,2425732722,208억원,JPY
7043,Alue Co Ltd,63103010,전문 및 비즈니스 교육,2402807100,206억원,JPY
5969,Lobtex Co Ltd,52102010,산업용 기계 및 장비,2398000000,206억원,JPY
7928,Asahi Kagaku Kogyo Co Ltd,51101010,상품 화학,2396040000,206억원,JPY
9895,Consec Corp,52102010,산업용 기계 및 장비,2395254135,206억원,JPY
4243,Nix Inc,51101010,상품 화학,2392690000,205억원,JPY
4069,BlueMeme Inc,57201010,IT 서비스 및 컨설팅,2391462306,205억원,JPY
4920,Nippon Shikizai Inc,54201020,개인 생활 필수 용품,2389089888,205억원,JPY
288A,Laxus Technologies Inc,57201030,온라인 서비스,2388585236,205억원,JPY
3042,SecuAvail Inc,57201020,소프트웨어,2376210000,204억원,JPY
2164,CHIIKISHINBUNSHA CO. LTD.,53302040,소비자 출판,2368958103,203억원,JPY
403A,Hojogumi Co Ltd,52201020,건설 및 엔지니어링,2366700000,203억원,JPY
3802,Ecomic Co Ltd,52203030,고용 서비스,2365372800,203억원,JPY
3930,Hatena Co Ltd,57201030,온라인 서비스,2364828800,203억원,JPY
2435,Cedar Co Ltd,56102010,의료 시설 및 서비스,2364056000,203억원,JPY
7896,Seven Industries Co Ltd,53203020,건설 자재 및 비품,2350644750,202억원,JPY
4444,InfoNet Inc,57201030,온라인 서비스,2347666600,201억원,JPY
243A,Top's Inc,54102020,식품 가공,2345204400,201억원,JPY
5952,Amatei Inc,52102010,산업용 기계 및 장비,2340230000,201억원,JPY
4260,Hybrid Technologies Co Ltd,57201020,소프트웨어,2333190244,200억원,JPY
4558,Chukyoiyakuhin Co Ltd,56201040,제약,2332146800,200억원,JPY
7477,Muraki Corp,53403010,"자동차 차량, 부품 및 서비스 소매",2331420000,200억원,JPY
7042,Access Group Holdings Co Ltd,53302010,광고 및 마케팅,2329827500,200억원,JPY
9760,Shingakukai Holdings Co Ltd,63101010,기타 교육 서비스 제공,2323596000,199억원,JPY
9342,Sumasapo Inc,57201010,IT 서비스 및 컨설팅,2321018000,199억원,JPY
3970,Innovation Inc,57201030,온라인 서비스,2313293000,199억원,JPY
4016,MIT Holdings Co Ltd,57201010,IT 서비스 및 컨설팅,2310905400,198억원,JPY
4766,PA Co Ltd,52203030,고용 서비스,2302109000,198억원,JPY
3928,Mynet Inc,57201030,온라인 서비스,2299520160,197억원,JPY
5125,Fines Inc,57201010,IT 서비스 및 컨설팅,2293261200,197억원,JPY
7601,Poplar Co Ltd,54301020,식품 소매 및 유통,2285853812,196억원,JPY
5126,Porters Corp,57201010,IT 서비스 및 컨설팅,2284380000,196억원,JPY
4388,AI Inc,57201020,소프트웨어,2282155876,196억원,JPY
3559,p-ban.com Corp,53402010,백화점,2271544730,195억원,JPY
8921,C's Create Co Ltd,60101010,"부동산 임대, 개발 및 운영",2248000000,193억원,JPY
4678,Shuei Yobiko Co Ltd,63101010,기타 교육 서비스 제공,2247850000,193억원,JPY
4427,EduLab Inc,57201010,IT 서비스 및 컨설팅,2229806460,191억원,JPY
5138,Rebase Inc,57201030,온라인 서비스,2222032000,191억원,JPY
5240,monoAI technology Co Ltd,57201020,소프트웨어,2220482660,191억원,JPY
3985,Temona Inc,57201030,온라인 서비스,2219150480,190억원,JPY
3185,Dream Vision Co Ltd,53402010,백화점,2170315000,186억원,JPY
7063,Birdman Inc,53302010,광고 및 마케팅,2090652400,179억원,JPY
2479,JTec Corp,52203030,고용 서비스,2297403200,197억원,JPY
9244,Digitalift Inc,53302010,광고 및 마케팅,2288864600,196억원,JPY
7372,Decollte Holdings Corp,54201030,개인 서비스,2262330000,194억원,JPY
3986,bBreak Systems Co Ltd,57201010,IT 서비스 및 컨설팅,2204000640,189억원,JPY
6233,KLASS Corp,52102010,산업용 기계 및 장비,2194137000,188억원,JPY
4598,Delta-Fly Pharma Inc,56201040,제약,2192790000,188억원,JPY
4657,Environmental Control Center Co Ltd,52203010,환경 서비스 및 장비,2183802696,187억원,JPY
4720,Johnan Academic Preparatory Institute Inc,63101010,기타 교육 서비스 제공,2180832960,187억원,JPY
2736,Festaria Holdings Co Ltd,53403040,의류 및 액세서리 소매,2176526400,187억원,JPY
351A,Axis IT Partners Corp,57201010,IT 서비스 및 컨설팅,2173600000,187억원,JPY
5704,JMC Corporation,51201050,특수 채굴 및 금속,2166619500,186억원,JPY
4424,Amazia Inc,57201020,소프트웨어,2162496000,186억원,JPY
481A,JSecurity Inc,57201010,IT 서비스 및 컨설팅,2155500000,185억원,JPY
5962,Asaka Industrial Co Ltd,53204030,"가전제품, 도구 및 가정 용품",2152978080,185억원,JPY
557A,Feriest Co Ltd,53302010,광고 및 마케팅,2150000000,185억원,JPY
4814,Nextware Ltd,57201010,IT 서비스 및 컨설팅,2147511630,184억원,JPY
137A,Cocolive Inc,57201010,IT 서비스 및 컨설팅,2145648840,184억원,JPY
7615,Kyoto Kimono Yuzen Holdings Co Ltd,53403040,의류 및 액세서리 소매,2139855300,184억원,JPY
7073,JAIC Co Ltd,63103010,전문 및 비즈니스 교육,2138918600,184억원,JPY
370A,Rebible Co Ltd,60101010,"부동산 임대, 개발 및 운영",2138400000,184억원,JPY
3646,Ekitan & Co Ltd,57201030,온라인 서비스,2136674000,183억원,JPY
9225,Bridge Consulting Group Inc,52203040,경영 지원 서비스,2124488800,182억원,JPY
7077,ALiNK Internet Inc,57201020,소프트웨어,2124078600,182억원,JPY
248A,Kids Star Inc,57201020,소프트웨어,2117768000,182억원,JPY
309A,Cosmos Chouzai Pharmacy Co Ltd,54301010,의약품 소매,2117500000,182억원,JPY
9812,T.O. Holdings Co Ltd,53402010,백화점,2106747456,181억원,JPY
9236,Japan M&A Solution Inc,55102020,투자 관리 및 펀드 운영,2104230500,181억원,JPY
9253,Slogan Inc,52203030,고용 서비스,2101081250,180억원,JPY
7422,Toho Lamac Co Ltd,53202030,제화,2099487000,180억원,JPY
4178,Sharing Innovations Inc,57201010,IT 서비스 및 컨설팅,2097694900,180억원,JPY
6177,AppBank Inc,57201030,온라인 서비스,2095210500,180억원,JPY
4199,Wonderplanet Inc,57201020,소프트웨어,2094158872,180억원,JPY
6186,Ichikura Co Ltd,53403040,의류 및 액세서리 소매,2088457852,179억원,JPY
6577,Bestone.Com Co Ltd,53301040,여가 및 오락시설,2084264900,179억원,JPY
3670,Kyoritsu Computer & Communication Co Ltd,53403050,컴퓨터 및 전자 제품 소매,2071220800,178억원,JPY
6074,JSS Corp,54201030,개인 서비스,2069392784,178억원,JPY
8254,Saikaya Department Store Co Ltd,53402010,백화점,2066025258,177억원,JPY
4707,Kitac Corp,52201020,건설 및 엔지니어링,2065282304,177억원,JPY
7139,Tokyo Koatsu Co Ltd,51101010,상품 화학,2065114200,177억원,JPY
9557,airCloset Inc,57201030,온라인 서비스,2062765800,177억원,JPY
6276,SiriusVision Co Ltd,52102010,산업용 기계 및 장비,2060100000,177억원,JPY
3041,Beauty Kadan Holdings Co Ltd,54201030,개인 서비스,2040552000,175억원,JPY
292A,SIE Co Ltd,52203030,고용 서비스,2040000000,175억원,JPY
6537,Washhouse Co Ltd,54201030,개인 서비스,2029142200,174억원,JPY
3416,Pixta Inc,57201030,온라인 서비스,2027933120,174억원,JPY
7413,Sokensha Co Ltd,54102020,식품 가공,2017730000,173억원,JPY
7997,Kurogane Kosakusho Ltd,52203060,비즈니스 지원 용품,2014967605,173억원,JPY
198A,PostPrime Inc,57201030,온라인 서비스,2013059780,173억원,JPY
7255,Sakurai Ltd,53101020,"자동차, 트럭 및 오토바이 부품",2008000000,172억원,JPY
470A,Local Inc,54102010,어업 및 농업,2004000000,172억원,JPY
4170,Kaizen Platform Inc,57201010,IT 서비스 및 컨설팅,2001134187,172억원,JPY
8247,Daiwa Co Ltd,53402010,백화점,1999132200,172억원,JPY
4679,Taya Co Ltd,54201030,개인 서비스,1998100000,171억원,JPY
3803,Image Information Inc,57201010,IT 서비스 및 컨설팅,1995085000,171억원,JPY
524A,Tamura Builds Group Co Ltd,60101010,"부동산 임대, 개발 및 운영",1988000000,171억원,JPY
6029,Artra Group Corp,56102010,의료 시설 및 서비스,1982043000,170억원,JPY
132A,IN Holdings Co Ltd,52405030,지상 화물 및 물류,1980000000,170억원,JPY
3909,Showcase Inc,57201010,IT 서비스 및 컨설팅,1976006400,170억원,JPY
4416,True Data Inc,57201030,온라인 서비스,1975209600,170억원,JPY
9978,Bunkyodo Group Holdings Co Ltd,53403090,기타 전문 소매,1929392960,166억원,JPY
9258,CS-C Co Ltd,57201020,소프트웨어,1998690000,172억원,JPY
8946,Asian Star Co,60101010,"부동산 임대, 개발 및 운영",1983806800,170억원,JPY
4361,Kawaguchi Chemical Industry Co Ltd,51101010,상품 화학,1980060000,170억원,JPY
550A,Softtex Co Ltd,57201010,IT 서비스 및 컨설팅,1974913000,169억원,JPY
6555,Ms&Consulting Co Ltd,53302010,광고 및 마케팅,1972284600,169억원,JPY
8746,unbanked Inc,55102010,투자 은행 및 중개 서비스,1964809656,169억원,JPY
9254,Lovable Marketing Group Inc,53302010,광고 및 마케팅,1963964425,169억원,JPY
3998,SuRaLa Net Co Ltd,52203070,전문 정보 서비스,1954871088,168억원,JPY
9345,Bizmates Inc,57201030,온라인 서비스,1949895552,167억원,JPY
7132,Flobal Corp,53203020,건설 자재 및 비품,1947832920,167억원,JPY
4918,Ivy Cosmetics Corp,54201020,개인 생활 필수 용품,1924200000,165억원,JPY
4179,G-Next Inc,57201020,소프트웨어,1918401798,165억원,JPY
6775,TB Group Inc,57104010,전자 장비 및 부품,1915255518,164억원,JPY
7041,CRG Holdings Co Ltd,52203030,고용 서비스,1896265000,163억원,JPY
5905,Nihon Seikan KK,51302010,용기(종이 제외) 및 포장재,1894512000,163억원,JPY
6558,Cookbiz Co Ltd,52203030,고용 서비스,1878267552,161억원,JPY
9215,CaSy Co Ltd,54201030,개인 서비스,1876864000,161억원,JPY
7031,Inbound Tech Inc,52203040,경영 지원 서비스,1870968970,161억원,JPY
2345,HODL1  inc.,57301030,블록 체인 및 암호화폐,1860873300,160억원,JPY
6867,Leader Electronics Corp,52102010,산업용 기계 및 장비,1855377711,159억원,JPY
6663,Taiyo Technolex Co Ltd,57101010,반도체,1855094400,159억원,JPY
9425,ReYuu Japan Inc,53403050,컴퓨터 및 전자 제품 소매,1849810017,159억원,JPY
9240,Delivery Consulting Inc,57201010,IT 서비스 및 컨설팅,1848016000,159억원,JPY
7360,Ondeck Co Ltd,55102010,투자 은행 및 중개 서비스,1841230500,158억원,JPY
469A,Fitcrew Inc.,53301040,여가 및 오락시설,1834406010,157억원,JPY
9214,Recovery International Co Ltd,56102010,의료 시설 및 서비스,1829716000,157억원,JPY
267A,Towarise Corp,55101030,소비자 대출,1829520000,157억원,JPY
3908,Collabos Corp,57201010,IT 서비스 및 컨설팅,1816605000,156억원,JPY
7878,Kohsai Co Ltd,53202020,의류 및 액세서리,1810512000,155억원,JPY
4020,Betrend Corp,57201020,소프트웨어,1808728800,155억원,JPY
9565,Gloe Inc,53301040,여가 및 오락시설,1801580517,155억원,JPY
5134,POPER Co Ltd,57201020,소프트웨어,1798726656,154억원,JPY
522A,Coel Inc,57201010,IT 서비스 및 컨설팅,1798108000,154억원,JPY
302A,bstyle Holdings Inc,52203030,고용 서비스,1795778500,154억원,JPY
7140,Petgo Corp,53403090,기타 전문 소매,1777146000,153억원,JPY
7062,Fureasu Co Ltd,56102010,의료 시설 및 서비스,1776456600,152억원,JPY
7356,Retty Inc,57201030,온라인 서비스,1767837532,152억원,JPY
4240,Cluster Technology Co Ltd,57104010,전자 장비 및 부품,1764768000,151억원,JPY
3261,Grandes Inc,60101010,"부동산 임대, 개발 및 운영",1763375820,151억원,JPY
7585,Kan-Nanmaru Corp,53301020,레스토랑 및 바,1762279740,151억원,JPY
7369,Meiho Holdings Inc,52201020,건설 및 엔지니어링,1761652200,151억원,JPY
4166,Cacco Inc,57201010,IT 서비스 및 컨설팅,1759623735,151억원,JPY
3787,Techno Mathematical Co Ltd,57201020,소프트웨어,1752935600,150억원,JPY
2926,Shinozakiya Inc,54102020,식품 가공,1741406940,149억원,JPY
3192,Shirohato Co Ltd,57201030,온라인 서비스,1740791700,149억원,JPY
6573,Cravia Inc,53302010,광고 및 마케팅,1733812080,149억원,JPY
171A,Zero Japan Co Ltd,53403090,기타 전문 소매,1733600000,149억원,JPY
2291,Fukutome Meat Packers Ltd,54102020,식품 가공,1730600000,149억원,JPY
2721,J-Holdings Corp,60101010,"부동산 임대, 개발 및 운영",1728185500,148억원,JPY
9914,Uematsu Shokai Co Ltd,52102010,산업용 기계 및 장비,1722240000,148억원,JPY
2156,Saylor Advertising Inc,53302010,광고 및 마케팅,1713996000,147억원,JPY
9444,TOSHIN HOLDINGS CO. LTD,57401020,무선 통신 서비스,1706104800,146억원,JPY
6198,Career Co Ltd,52203030,고용 서비스,1698991040,146억원,JPY
7067,Branding Technology Inc,53302010,광고 및 마케팅,1690336825,145억원,JPY
4288,Asgent Inc,57201010,IT 서비스 및 컨설팅,1678922960,144억원,JPY
139A,Higashinihon Jisho Co Ltd,60101010,"부동산 임대, 개발 및 운영",1675000000,144억원,JPY
527A,NOSE SHOP Inc,53403090,기타 전문 소매,1673000000,144억원,JPY
4378,CINC Corp,57201020,소프트웨어,1667443250,143억원,JPY
361A,Living House Co Ltd,53403030,가정용 가구 소매,1647073600,141억원,JPY
2667,ImageOne Co Ltd,53403050,컴퓨터 및 전자 제품 소매,1640725200,141억원,JPY
6977,Japan Resistor Mfg. Co Ltd,52102030,전기 부품 및 장비,1953000000,168억원,JPY
7090,Ligua Inc,57201020,소프트웨어,1636873000,140억원,JPY
3370,Fujita Corporation Co Ltd,53301020,레스토랑 및 바,1630342500,140억원,JPY
387A,Fuller Inc,57201010,IT 서비스 및 컨설팅,1611376290,138억원,JPY
7837,R.C.Core Co Ltd,60101010,"부동산 임대, 개발 및 운영",1605885600,138억원,JPY
5025,Mercury Inc(Shinjuku),60101020,부동산 서비스,1602496000,138억원,JPY
9250,GRCS Inc,57201020,소프트웨어,1598276910,137억원,JPY
6731,Pixela Corp,57106030,가정용 전자 제품,1595536173,137억원,JPY
131A,CCN Group Corp,57201010,IT 서비스 및 컨설팅,1573722000,135억원,JPY
442A,Classico Inc,53202020,의류 및 액세서리,1573496400,135억원,JPY
6696,TRaaS On Product Inc,57104010,전자 장비 및 부품,1563945084,134억원,JPY
7074,Twenty-four seven Holdings Inc,54201030,개인 서비스,1561460800,134억원,JPY
7946,Koyosha Inc,52203020,상업 인쇄 서비스,1559933500,134억원,JPY
3639,Voltage Inc,57201020,소프트웨어,1558231300,134억원,JPY
320A,D&I Inc,52203030,고용 서비스,1555000000,133억원,JPY
5247,BTM Inc,57201010,IT 서비스 및 컨설팅,1554850000,133억원,JPY
3910,MKSystem Corp,57201010,IT 서비스 및 컨설팅,1552408000,133억원,JPY
168A,Itamiarts Inc,53302010,광고 및 마케팅,1542030000,132억원,JPY
5616,Ame Kaze Taiyo Inc,57201020,소프트웨어,1537049250,132억원,JPY
3223,SLD Entertainment Inc,53301020,레스토랑 및 바,1529646720,131억원,JPY
6982,Lead Co Inc,53101020,"자동차, 트럭 및 오토바이 부품",1521850880,131억원,JPY
298A,GVA TECH Inc,57201010,IT 서비스 및 컨설팅,1521361744,131억원,JPY
3667,Enish Inc,57201020,소프트웨어,1506669120,129억원,JPY
5528,Frontier House Co Ltd,60101010,"부동산 임대, 개발 및 운영",1500000000,129억원,JPY
9239,KET Inc,52203010,환경 서비스 및 장비,1500000000,129억원,JPY
617A,Reicious Co.  Ltd.,60101010,"부동산 임대, 개발 및 운영",1473450000,126억원,JPY
3634,Sockets Inc,57201020,소프트웨어,1471575600,126억원,JPY
7865,People Co Ltd,53205010,장난감 및 어린이 제품,1464375000,126억원,JPY
432A,Cliniphar Ltd,56201040,제약,1450000000,124억원,JPY
4017,Creema Ltd,53402010,백화점,1442809400,124억원,JPY
4057,Interfactory Inc,57201020,소프트웨어,1435743600,123억원,JPY
591A,Saijo Co Ltd,53402010,백화점,1435650000,123억원,JPY
7578,NICHIRYOKU CO. LTD.,54201030,개인 서비스,1430525580,123억원,JPY
5536,Kyobashi Art Residence Co Ltd,60101010,"부동산 임대, 개발 및 운영",1408000000,121억원,JPY
175A,Will Smart Co Ltd,57201010,IT 서비스 및 컨설팅,1403881500,120억원,JPY
5249,Asakawa Systems Co Ltd,57201010,IT 서비스 및 컨설팅,1403360000,120억원,JPY
3174,Happiness and D Co Ltd,53403040,의류 및 액세서리 소매,1401559200,120억원,JPY
207A,Rising Corp Inc,53203010,주택 건설,1400000000,120억원,JPY
3779,J Escom Holdings Inc,53302010,광고 및 마케팅,1399726790,120억원,JPY
4073,Global Communication Planning Co Ltd,57201010,IT 서비스 및 컨설팅,1393943940,120억원,JPY
6174,Dentas Co Ltd,56101020,"의료 장비, 물품 및 유통",1386131200,119억원,JPY
1445,Hikari Holdings Co Ltd,51202010,건설 자재,1370540000,118억원,JPY
9213,Seyfert Ltd,53302010,광고 및 마케팅,1369669600,118억원,JPY
411A,Nippon Maritime Bank Co Ltd,55102050,"금융, 상품 시장 운영 및 서비스 제공",1369000000,117억원,JPY
7362,Terminalcare Support Institute Inc,56102010,의료 시설 및 서비스,1364459000,117억원,JPY
143A,Ishin Co Ltd,53302010,광고 및 마케팅,1362553500,117억원,JPY
2778,Palemo Holdings Co Ltd,53403040,의류 및 액세서리 소매,1361806392,117억원,JPY
9331,Caster Co Ltd,52203030,고용 서비스,1356638320,116억원,JPY
4265,Institution For A Global Society Corp,57201020,소프트웨어,1350872200,116억원,JPY
398A,Real Quality Co Ltd,53301010,"호텔, 모텔 및 크루즈 라인",1350000000,116억원,JPY
2459,Aun Consulting Inc,53302010,광고 및 마케팅,1343001200,115억원,JPY
6579,LOGLY Inc,57201030,온라인 서비스,1334853000,115억원,JPY
2388,Wedge Holdings CO. LTD.,53302030,엔터테인먼트 제작,1317328818,113억원,JPY
389A,Hakko Automation Co Ltd,52102010,산업용 기계 및 장비,1303347500,112억원,JPY
616A,SURIGIKEN CO. LTD.,57201010,IT 서비스 및 컨설팅,1302923840,112억원,JPY
5341,Asahi Eito Holdings Co Ltd,53203020,건설 자재 및 비품,1301098241,112억원,JPY
9330,Ageha Inc,53302010,광고 및 마케팅,1291583500,111억원,JPY
9878,Sekido Co Ltd,53403040,의류 및 액세서리 소매,1289216148,111억원,JPY
9226,IGER Inc,53302010,광고 및 마케팅,1284000000,110억원,JPY
323A,Flier Inc,57201030,온라인 서비스,1282275000,110억원,JPY
7363,Baby Calendar Inc,57201030,온라인 서비스,1552863300,133억원,JPY
7689,Copa Corporation Inc,53204030,"가전제품, 도구 및 가정 용품",1520019000,130억원,JPY
7093,Adish Co Ltd,57201010,IT 서비스 및 컨설팅,1304994510,112억원,JPY
5598,Yottavias Co Ltd,52201020,건설 및 엔지니어링,1280000000,110억원,JPY
7170,Chuou International Group Co Ltd,55301010,복합보험 및 중개인,1276116930,110억원,JPY
7815,Tokyo Board Industries Co Ltd,52203010,환경 서비스 및 장비,1273808412,109억원,JPY
503A,BellChild Co Ltd,57201020,소프트웨어,1264080000,108억원,JPY
7690,Current Motor Corp,53403010,"자동차 차량, 부품 및 서비스 소매",1260000000,108억원,JPY
271A,Accelia Inc,57201010,IT 서비스 및 컨설팅,1251000000,107억원,JPY
6190,PhoenixBio Co Ltd,56202010,생명 공학 및 의학 연구,1247541498,107억원,JPY
5584,Strawberry jams Co Ltd,57201010,IT 서비스 및 컨설팅,1235190000,106억원,JPY
7364,Ryukyu Asteeda Sports Club Co Ltd,53301040,여가 및 오락시설,1233190000,106억원,JPY
9610,Wilson Learning Worldwide Inc,63103010,전문 및 비즈니스 교육,1227113800,105억원,JPY
6786,RVH Inc,57201010,IT 서비스 및 컨설팅,1215444480,104억원,JPY
226A,Katsu Mi Japan Inc,54301020,식품 소매 및 유통,1212000000,104억원,JPY
562A,Houyou Inc,57201010,IT 서비스 및 컨설팅,1200000000,103억원,JPY
3111,Omikenshi Co Ltd,53202010,직물 및 가죽제품,1188442620,102억원,JPY
9334,IBIS Holdings Co Ltd,52203030,고용 서비스,1168700000,100억원,JPY
303A,visumo Inc,57201020,소프트웨어,1162746900,99.8억원,JPY
310A,Thirty Four Co Ltd,60101010,"부동산 임대, 개발 및 운영",1152000000,98.9억원,JPY
5380,Shinto Co Ltd,51202010,건설 자재,1146057796,98.4억원,JPY
4059,Magmag Inc,53302010,광고 및 마케팅,1141034000,97.9억원,JPY
506A,Sinkanurse Inc,,,1131200000,97.1억원,JPY
161A,Mitsuba Co Ltd,54201030,개인 서비스,1125000000,96.5억원,JPY
2673,Yumemitsuketai Co Ltd,53402010,백화점,1108548000,95.1억원,JPY
4760,Alpha Co Ltd,53302010,광고 및 마케팅,1107687240,95.1억원,JPY
9241,Future Link Network Co Ltd,57201030,온라인 서비스,1102357460,94.6억원,JPY
184A,Manabi-aid Co Ltd,63101010,기타 교육 서비스 제공,1095733500,94억원,JPY
528A,Free Style Inc,57201010,IT 서비스 및 컨설팅,1080000000,92.7억원,JPY
185A,Recycle Tech Japan Corp,52203010,환경 서비스 및 장비,1079148000,92.6억원,JPY
252A,Wedge Co Ltd,57102010,통신 및 네트워킹,1054626000,90.5억원,JPY
375A,YAK Holdings Co Ltd,60101020,부동산 서비스,1053362500,90.4억원,JPY
3448,Suga Steel Co Ltd,51201020,철 및 강철,1050000000,90.1억원,JPY
362A,Exeo Holdings Inc,63102010,"초, 중, 고등 교육기관",1039500000,89.2억원,JPY
437A,Jwave Co Ltd,52203030,고용 서비스,1024000000,87.9억원,JPY
5886,Ookabe Glass Co Ltd,53204040,가정용 가구,1020046000,87.5억원,JPY
599A,Genkinakaigo Co Ltd,56102010,의료 시설 및 서비스,1020000000,87.5억원,JPY
5893,RAVIPA Ltd,53402010,백화점,1009800000,86.7억원,JPY
7831,Wellco Holdings Corp,52203020,상업 인쇄 서비스,1008946250,86.6억원,JPY
321A,Human Stage Holdings Corp,52203030,고용 서비스,993025000,85.2억원,JPY
227A,Insight Lab Inc,57201010,IT 서비스 및 컨설팅,984000000,84.4억원,JPY
4381,Bplats Inc,57201010,IT 서비스 및 컨설팅,960833580,82.5억원,JPY
199A,Mediair Corp,57201030,온라인 서비스,945000000,81.1억원,JPY
9238,VALUE CREATION CO. LTD.,53302010,광고 및 마케팅,941900832,80.8억원,JPY
7886,YAMATO Mobility & Mfg. Co Ltd,52102010,산업용 기계 및 장비,941888493,80.8억원,JPY
5573,Doraku Holdings Co Ltd,57201010,IT 서비스 및 컨설팅,935000000,80.2억원,JPY
7691,C Channel Corp,53402010,백화점,932358000,80억원,JPY
434A,Looplace Inc,60101010,"부동산 임대, 개발 및 운영",930000000,79.8억원,JPY
154A,GAIA Inc,55102010,투자 은행 및 중개 서비스,926722000,79.5억원,JPY
1452,Yokohama Wright Industries Co Ltd,52201020,건설 및 엔지니어링,926500000,79.5억원,JPY
595A,Fujikosan Co Ltd,60101010,"부동산 임대, 개발 및 운영",904000000,77.6억원,JPY
484A,NewsedTech Co Ltd,53403050,컴퓨터 및 전자 제품 소매,903000000,77.5억원,JPY
7851,Kawase Computer Supplies Co Ltd,52203020,상업 인쇄 서비스,892680000,76.6억원,JPY
8209,Friendly Corp,53301020,레스토랑 및 바,890978088,76.5억원,JPY
457A,Le Lien Co Ltd,57201030,온라인 서비스,885472000,76억원,JPY
565A,FFF Holdings Co Ltd,53203020,건설 자재 및 비품,884120000,75.9억원,JPY
5072,Art Force Japan Co Ltd,52201020,건설 및 엔지니어링,878500000,75.4억원,JPY
317A,SMS Data Tech Corp,57201010,IT 서비스 및 컨설팅,877500000,75.3억원,JPY
7901,Matsumoto Inc,52203020,상업 인쇄 서비스,869364000,74.6억원,JPY
7709,Kubotek Corp,52102030,전기 부품 및 장비,829800000,71.2억원,JPY
501A,Precious Partners Co Ltd,52203030,고용 서비스,875000000,75.1억원,JPY
5037,Fitworks Co Ltd,57201010,IT 서비스 및 컨설팅,848000000,72.8억원,JPY
6147,Yamazaki Co Ltd,52102010,산업용 기계 및 장비,828799000,71.1억원,JPY
5077,Hands Co Ltd,52201020,건설 및 엔지니어링,818400000,70.2억원,JPY
5581,Chi Technology Co Ltd,57201010,IT 서비스 및 컨설팅,810600000,69.6억원,JPY
433A,MJE Inc,57201010,IT 서비스 및 컨설팅,802300000,68.9억원,JPY
5622,OneBe Inc,57201020,소프트웨어,780000000,66.9억원,JPY
406A,Kankyou No Mikata Holdings Inc,52203010,환경 서비스 및 장비,770085000,66.1억원,JPY
217A,Support Co Ltd,52201020,건설 및 엔지니어링,764000000,65.6억원,JPY
312A,Shinko Holdings Corp,52201020,건설 및 엔지니어링,740160000,63.5억원,JPY
2994,Answer Holdings Co Ltd,60101020,부동산 서비스,728000000,62.5억원,JPY
239A,Balleggs Co Ltd,60101010,"부동산 임대, 개발 및 운영",720000000,61.8억원,JPY
374A,Higuchi Consulting Co Ltd,57201010,IT 서비스 및 컨설팅,720000000,61.8억원,JPY
7985,Nepon Inc,52102030,전기 부품 및 장비,718359208,61.6억원,JPY
3483,Shoei Co Ltd,60101010,"부동산 임대, 개발 및 운영",712500000,61.1억원,JPY
422A,tane CREATIVE CO. LTD.,57201010,IT 서비스 및 컨설팅,710500000,61억원,JPY
7355,Issunbou Co Ltd,52201020,건설 및 엔지니어링,709422100,60.9억원,JPY
7426,Yamadai Corporation,53203020,건설 자재 및 비품,704109224,60.4억원,JPY
405A,Koyama Miraie Co Ltd,53403010,"자동차 차량, 부품 및 서비스 소매",700000000,60.1억원,JPY
1382,HOB Co. Ltd.,54102010,어업 및 농업,674370000,57.9억원,JPY
5840,Nippon Souken Co Ltd,55301010,복합보험 및 중개인,671650000,57.6억원,JPY
6527,Waka Manufacturing Co Ltd,57104010,전자 장비 및 부품,649520000,55.7억원,JPY
6168,One Group Corp,52102010,산업용 기계 및 장비,631804860,54.2억원,JPY
329A,Zeal Associate Corp,53302010,광고 및 마케팅,606096000,52억원,JPY
444A,Aitel Co Ltd,53403010,"자동차 차량, 부품 및 서비스 소매",602950000,51.7억원,JPY
455A,Value Soft Holdings Corp,57201020,소프트웨어,597000000,51.2억원,JPY
307A,Housing Staff Inc,53203010,주택 건설,584000000,50.1억원,JPY
301A,In-dex Inc,60101010,"부동산 임대, 개발 및 운영",551870000,47.4억원,JPY
9156,Hana Holdings Co Ltd,54201030,개인 서비스,534000000,45.8억원,JPY
326A,Aero Lab International Inc,52101010,항공우주 및 방위,526500000,45.2억원,JPY
5887,Kokyo Inc,57104010,전자 장비 및 부품,510000000,43.8억원,JPY
249A,Human Adjust Co Ltd,56102010,의료 시설 및 서비스,510000000,43.8억원,JPY
7693,Hokkaido Shika Sangyo Co Ltd,56101020,"의료 장비, 물품 및 유통",504000000,43.3억원,JPY
263A,DigitalCube Co Ltd,57201010,IT 서비스 및 컨설팅,500800000,43억원,JPY
5594,M.D.B Corp,57201010,IT 서비스 및 컨설팅,500000000,42.9억원,JPY
216A,Life Create Co Ltd,53403090,기타 전문 소매,500000000,42.9억원,JPY
439A,ACTBE Inc,57201010,IT 서비스 및 컨설팅,500000000,42.9억원,JPY
445A,Toyo Corp,53203010,주택 건설,493200000,42.3억원,JPY
430A,Next Hands Co Ltd,57201010,IT 서비스 및 컨설팅,491040000,42.1억원,JPY
615A,Interpark Co. Ltd.,57201020,소프트웨어,488000000,41.9억원,JPY
602A,Rex Advisors Co Ltd,52203030,고용 서비스,475440000,40.8억원,JPY
8143,Lapine Co Ltd,53202020,의류 및 액세서리,469772712,40.3억원,JPY
514A,Magonote Inc,,,469000000,40.2억원,JPY
284A,Fukuya Construction Co Ltd,51202010,건설 자재,467000000,40.1억원,JPY
6576,Youkosha Co Ltd,56102010,의료 시설 및 서비스,448000000,38.4억원,JPY
172A,Neo Home Co Ltd,53203010,주택 건설,446800000,38.3억원,JPY
359A,NEXT STAGE Co Ltd,52201020,건설 및 엔지니어링,424976000,36.5억원,JPY
203A,Shunbin Co Ltd,52203040,경영 지원 서비스,400000000,34.3억원,JPY
393A,RitaX Inc,52201020,건설 및 엔지니어링,400000000,34.3억원,JPY
266A,Glocal Marketing Co Ltd,52203040,경영 지원 서비스,395550000,33.9억원,JPY
555A,Hokuoh Group Inc,52405030,지상 화물 및 물류,390488000,33.5억원,JPY
9243,Fujitechno Holdings Co Ltd,57201010,IT 서비스 및 컨설팅,387648000,33.3억원,JPY
204A,TaiyoPackage Co Ltd,51302020,종이 포장재,387500000,33.3억원,JPY
158A,Exseli Co Ltd,57102010,통신 및 네트워킹,383044000,32.9억원,JPY
134A,Upraise Inc,52203030,고용 서비스,360000000,30.9억원,JPY
1432,Doryoku Co Ltd,52102030,전기 부품 및 장비,359484000,30.9억원,JPY
597A,andUS. Inc,54201020,개인 생활 필수 용품,335000000,28.7억원,JPY
358A,Zenland Inc,60101020,부동산 서비스,328600000,28.2억원,JPY
4426,Passlogy Co Ltd,57201020,소프트웨어,326000000,28억원,JPY
308A,Postmate Holdings Inc,54201030,개인 서비스,309904080,26.6억원,JPY
583A,Real Estate Distribution System Co Ltd,60101020,부동산 서비스,303000000,26억원,JPY
6695,Castrico Co Ltd,57101020,반도체 장비 및 테스트,301112000,25.8억원,JPY
152A,OPTY Co Ltd,51101010,상품 화학,278235600,23.9억원,JPY
222A,Nippon Information Control System Inc,57201010,IT 서비스 및 컨설팅,266802000,22.9억원,JPY
347A,Growth Power Co Ltd,52102020,중장비 및 차량,259700000,22.3억원,JPY
355A,Now Village Co Ltd,53302010,광고 및 마케팅,245000000,21억원,JPY
4316,Bemap Inc,57401010,통합 통신 서비스,242209200,20.8억원,JPY
5531,NxTechnologies Inc,60101010,"부동산 임대, 개발 및 운영",242000000,20.8억원,JPY
601A,Lucks Construction Co Ltd,52201020,건설 및 엔지니어링,226800000,19.5억원,JPY
251A,Neuromagic Co Ltd,57201010,IT 서비스 및 컨설팅,210841600,18.1억원,JPY
5251,WISS1 Co Ltd,57201010,IT 서비스 및 컨설팅,201600000,17.3억원,JPY
2452,Computer Mind Co Ltd,57201010,IT 서비스 및 컨설팅,185400000,15.9억원,JPY
5866,WizBiz Inc,53302010,광고 및 마케팅,177030000,15.2억원,JPY
7680,Keijidoushakan Co Ltd,53403010,"자동차 차량, 부품 및 서비스 소매",164604000,14.1억원,JPY
5130,HiroHoldings Co Ltd,53403050,컴퓨터 및 전자 제품 소매,134100000,11.5억원,JPY
560A,Okada Corporation Inc,53301020,레스토랑 및 바,129145000,11.1억원,JPY
371A,DesigNET Inc,57201010,IT 서비스 및 컨설팅,105000000,9.01억원,JPY
9222,Manaby Co Ltd,63103010,전문 및 비즈니스 교육,78550000,6.74억원,JPY
510A,Heart Up Co Ltd,54201030,개인 서비스,61632000,5.29억원,JPY
620A,OHKEN Corporation,57201020,소프트웨어,,,JPY
622A,Techno Craft Corporation,57201020,소프트웨어,,,JPY
627A,akippa Inc.,57201030,온라인 서비스,,,JPY
623A,Vertex co.  ltd.,60101010,"부동산 임대, 개발 및 운영",,,JPY
