Symbol,Name,IndustryCode,Industry,MarketCapLocal,MarketCapKrwText,Currency
TSM,Taiwan Semiconductor Manufacturing Company Limited ADR,57101010,반도체,2344286248000,"3,168조 3,029억원",USD
LLY,Eli Lilly and Company,56201040,제약,1101519556039,"1,488조 7,037억원",USD
JPM,JPMorgan Chase & Co.,55101010,은행,903783306300,"1,221조 4,631억원",USD
BRK B,Berkshire Hathaway Inc Class B,54401010,소비재 대기업,708931623212,"958조 1,211억원",USD
V,Visa Inc.,52203040,경영 지원 서비스,675945790010,"913조 5,407억원",USD
XOM,Exxonmobil Holdings Corp,50102030,"오일, 가스 정제 및 마케팅",652601547172,"881조 9,910억원",USD
JNJ,Johnson & Johnson,56201040,제약,648720603326,"876조 7,459억원",USD
MA,Mastercard Incorporated,57201030,온라인 서비스,486965165547,"658조 1,334억원",USD
ABBV,AbbVie Inc.,56201040,제약,468657175155,"633조 3,902억원",USD
ORCL,Oracle Corporation,57201020,소프트웨어,451141411200,"609조 7,176억원",USD
CVX,Chevron Corporation,50102010,통합 오일 및 가스,399915863570,"540조 4,863억원",USD
BAC,Bank of America Corporation,55101010,은행,392992458113,"531조 1,293억원",USD
KO,Coca-Cola Co,54101030,무알콜 음료,381248888422,"515조 2,579억원",USD
MRK,Merck & Co Inc,56201040,제약,372320871891,"503조 1,917억원",USD
CAT,Caterpillar Inc,52102020,중장비 및 차량,371421907061,"501조 9,767억원",USD
BRK A,Berkshire Hathaway Inc Class A,54401010,소비재 대기업,369096783357,"498조 8,343억원",USD
DELL,Dell Technologies Inc,57106010,컴퓨터 하드웨어,349010334730,"471조 6,875억원",USD
HSBC,HSBC Holdings PLC ADR,55101010,은행,348376270134,"470조 8,305억원",USD
PG,The Procter & Gamble Company,54201020,개인 생활 필수 용품,344266490085,"465조 2,762억원",USD
UNH,UnitedHealth Group Incorporated,56102020,의료 관리,334757998189,"452조 4,254억원",USD
GE,General Electric Company,52101010,항공우주 및 방위,331210705400,"447조 6,313억원",USD
SMFG,Sumitomo Mitsui Financial Group  Inc. ADR,55101010,은행,330187374450,"446조 2,482억원",USD
MS,Morgan Stanley,55102010,투자 은행 및 중개 서비스,314395960333,"424조 9,061억원",USD
HD,The Home Depot  Inc.,53403020,주택 개조 제품 및 서비스 소매,304644527299,"411조 7,271억원",USD
PM,Philip Morris International Inc.,54102030,담배,296495034501,"400조 7,130억원",USD
BABA,Alibaba Group Holding Limited ADR,57201030,온라인 서비스,289102882661,"390조 7,225억원",USD
RY,Royal Bank of Canada,55101010,은행,282630569970,"381조 9,752억원",USD
GS,The Goldman Sachs Group  Inc.,55102010,투자 은행 및 중개 서비스,276464340182,"373조 6,416억원",USD
SHEL,Shell PLC ADR,50102010,통합 오일 및 가스,269502595518,"364조 2,328억원",USD
NVS,Novartis AG ADR,56201040,제약,268532992595,"362조 9,223억원",USD
AZN,AstraZeneca PLC,56201040,제약,261149187529,"352조 9,431억원",USD
MUFG,Mitsubishi UFJ Financial Group  Inc. ADR,55101010,은행,259895608262,"351조 2,489억원",USD
ANET,Arista Networks  Inc.,57102010,통신 및 네트워킹,258790685523,"349조 7,556억원",USD
RTX,RTX Corporation,52101010,항공우주 및 방위,257408327923,"347조 8,874억원",USD
GEV,GE Vernova Inc.,59101010,전력 유틸리티,253091475353,342조 531억원,USD
WFC,Wells Fargo & Company,55101010,은행,251445544788,"339조 8,287억원",USD
SAP,SAP SE ADR,57201020,소프트웨어,245981340233,"332조 4,438억원",USD
TMO,Thermo Fisher Scientific Inc,56101010,첨단 의료 장비 및 기술,243485982777,329조 713억원,USD
TM,TOYOTA MOTOR CORPORATION ADR,53101010,자동차 및 트럭 제조,226892423364,"306조 6,451억원",USD
BHP,BHP Group Ltd ADR,51201080,다각적 채굴,223217916215,"301조 6,790억원",USD
C,Citigroup Inc.,55102010,투자 은행 및 중개 서비스,222210050644,"300조 3,169억원",USD
IBM,International Business Machines Corporation,57201010,IT 서비스 및 컨설팅,217991055158,"294조 6,149억원",USD
SAN,Banco Santander S.A. ADR,55101010,은행,207511290000,"280조 4,515억원",USD
AXP,American Express Company,55101030,소비자 대출,206016770753,"278조 4,317억원",USD
TTE,TotalEnergies SE,50102010,통합 오일 및 가스,205006855753,277조 668억원,USD
APH,Amphenol Corp,57104010,전자 장비 및 부품,204280699156,276조 854억원,USD
TD,The Toronto-Dominion Bank,55101010,은행,201736643765,"272조 6,471억원",USD
VZ,Verizon Communications Inc,57401010,통합 통신 서비스,192989308133,"260조 8,250억원",USD
CRM,Salesforce  Inc.,57201010,IT 서비스 및 컨설팅,191989440000,"259조 4,737억원",USD
DE,Deere & Co,52102020,중장비 및 차량,189579019685,"256조 2,160억원",USD
ABT,Abbott Laboratories,56101020,"의료 장비, 물품 및 유통",179423443962,"242조 4,908억원",USD
DIS,The Walt Disney Company,53302020,방송,179264634166,"242조 2,762억원",USD
MCD,McDonald's Corp,53301020,레스토랑 및 바,177158057286,"239조 4,291억원",USD
SCCO,Southern Copper Corp,51201050,특수 채굴 및 금속,174053007432,"235조 2,326억원",USD
SCHW,The Charles Schwab Corporation,55102010,투자 은행 및 중개 서비스,173538838900,"234조 5,377억원",USD
BLK,BlackRock  Inc.,55102020,투자 관리 및 펀드 운영,173306848559,"234조 2,242억원",USD
T,AT&T Inc.,57401020,무선 통신 서비스,171994879815,"232조 4,511억원",USD
ETN,Eaton Corporation PLC,52102030,전기 부품 및 장비,171863116000,"232조 2,730억원",USD
WELL,Welltower Inc.,60102040,특수 REITs,166052429261,"224조 4,199억원",USD
UBS,UBS Group AG,55102020,투자 관리 및 펀드 운영,161235236017,"217조 9,094억원",USD
NEE,NextEra Energy  Inc.,59101010,전력 유틸리티,165334632845,"223조 4,498억원",USD
UNP,Union Pacific Corporation,52405030,지상 화물 및 물류,163020257406,"220조 3,219억원",USD
BBVA,Banco Bilbao Vizcaya Argentaria SA ADR,55101010,은행,159841113302,216조 253억원,USD
PFE,Pfizer Inc.,56201040,제약,159191883341,"215조 1,478억원",USD
BA,Boeing Co,52101010,항공우주 및 방위,156271960354,"211조 2,016억원",USD
DHR,Danaher Corporation,56101010,첨단 의료 장비 및 기술,155423186679,210조 544억원,USD
COP,ConocoPhillips,50102020,"오일, 가스 탐사 및 생산",150491545994,"203조 3,893억원",USD
BX,Blackstone Inc.,55102020,투자 관리 및 펀드 운영,148130387220,"200조 1,982억원",USD
TJX,The TJX Companies  Inc.,53402020,할인점,143865607438,"194조 4,344억원",USD
UBER,Uber Technologies  Inc.,57201030,온라인 서비스,142754526857,"192조 9,327억원",USD
NOW,ServiceNow  Inc.,57201020,소프트웨어,141639094000,"191조 4,252억원",USD
GLW,Corning Incorporated,57104010,전자 장비 및 부품,137555102577,"185조 9,057억원",USD
SONY,Sony Group Corporation ADR,57106030,가정용 전자 제품,136845391836,"184조 9,465억원",USD
UL,Unilever PLC ADR,54201020,개인 생활 필수 용품,135571837190,"183조 2,253억원",USD
BUD,Anheuser-Busch Inbev SA ADR,54101010,양조업,135185140768,"182조 7,027억원",USD
NEM,Newmont Corporation,51201060,금,134092878407,"181조 2,265억원",USD
NVO,Novo Nordisk A/S ADR,56201040,제약,132021737488,"178조 4,274억원",USD
MFG,Mizuho Financial Group  Inc. ADR,55101010,은행,131560336279,"177조 8,038억원",USD
CB,Chubb Limited,55301010,복합보험 및 중개인,129540018656,175조 733억원,USD
PLD,Prologis  Inc.,60102020,상업용 REITs,129131298587,"174조 5,210억원",USD
BMY,Bristol-Myers Squibb Company,56201040,제약,127158987336,"171조 8,554억원",USD
NET,Cloudflare  Inc.,57201010,IT 서비스 및 컨설팅,125696139395,"169조 8,783억원",USD
COF,Capital One Financial Corp,55101030,소비자 대출,123034383860,"166조 2,810억원",USD
RIO,Rio Tinto PLC ADR,51201080,다각적 채굴,122364917055,"165조 3,762억원",USD
PH,Parker-Hannifin Corporation,52102010,산업용 기계 및 장비,121679563613,"164조 4,499억원",USD
BMO,Bank of Montreal,55101010,은행,121189331521,"163조 7,874억원",USD
LMT,Lockheed Martin Corp,52101010,항공우주 및 방위,120551241922,"162조 9,250억원",USD
BTI,British American Tobacco p.l.c. ADR,54102030,담배,120335357117,"162조 6,332억원",USD
HDB,HDFC Bank Limited ADR,55101010,은행,120300711289,"162조 5,864억원",USD
PGR,The Progressive Corporation,55301020,손해보험,120107976000,"162조 3,259억원",USD
SNOW,Snowflake Inc.,57201010,IT 서비스 및 컨설팅,118748952000,"160조 4,892억원",USD
SPGI,S&P Global Inc.,52203070,전문 정보 서비스,118639312000,"160조 3,410억원",USD
MDT,Medtronic PLC,56101020,"의료 장비, 물품 및 유통",116107346275,"156조 9,191억원",USD
BNS,The Bank of Nova Scotia,55101010,은행,114641424175,"154조 9,379억원",USD
MO,Altria Group Inc,54102030,담배,114611223081,"154조 8,971억원",USD
BP,BP PLC ADR,50102030,"오일, 가스 정제 및 마케팅",112810979701,"152조 4,640억원",USD
ACN,Accenture PLC,57201010,IT 서비스 및 컨설팅,112426004265,"151조 9,437억원",USD
CVS,CVS Health Corporation,56102010,의료 시설 및 서비스,111398319140,"150조 5,548억원",USD
LOW,Lowe's Companies Inc,53403020,주택 개조 제품 및 서비스 소매,110011472046,"148조 6,805억원",USD
MPC,Marathon Petroleum Corporation,50102030,"오일, 가스 정제 및 마케팅",109431793646,"147조 8,971억원",USD
VLO,Valero Energy Corp,50102030,"오일, 가스 정제 및 마케팅",108588962642,"146조 7,580억원",USD
FCX,Freeport-McMoRan Inc,51201050,특수 채굴 및 금속,106767902835,"144조 2,968억원",USD
ENB,Enbridge Inc.,50103030,오일 및 가스 수송 서비스,106760993356,"144조 2,875억원",USD
SYK,Stryker Corporation,56101020,"의료 장비, 물품 및 유통",105517109224,"142조 6,064억원",USD
ING,ING Groep N.V. ADR,55101010,은행,104838954000,"141조 6,898억원",USD
CM,Canadian Imperial Bank of Commerce,55101010,은행,104758141432,"141조 5,806억원",USD
EQNR,Equinor ASA ADR,50102010,통합 오일 및 가스,104536331764,"141조 2,809억원",USD
MCK,McKesson Corp,56201040,제약,103908829216,"140조 4,328억원",USD
AEM,Agnico Eagle Mines Limited,51201060,금,103180098526,"139조 4,479억원",USD
SPOT,Spotify Technology S.A.,57201030,온라인 서비스,103034296967,"139조 2,509억원",USD
GSK,GSK plc ADR,56201040,제약,102591884574,"138조 6,529억원",USD
PSX,Phillips 66,50102030,"오일, 가스 정제 및 마케팅",102460590810,"138조 4,755억원",USD
BNY,Bank of New York Mellon Corp,55102020,투자 관리 및 펀드 운영,101890967004,"137조 7,056억원",USD
IBN,ICICI Bank Limited ADR,55101010,은행,100637013229,136조 109억원,USD
ASX,ASE Technology Holding Co.  Ltd. ADR,57101020,반도체 장비 및 테스트,99386460600,"134조 3,208억원",USD
CNQ,Canadian Natural Resources Ltd,50102020,"오일, 가스 탐사 및 생산",98520547001,"133조 1,505억원",USD
SO,Southern Co,59101010,전력 유틸리티,97953406555,"132조 3,840억원",USD
VRT,Vertiv Holdings Co,52102030,전기 부품 및 장비,97579102329,"131조 8,782억원",USD
TT,Trane Technologies PLC,52102030,전기 부품 및 장비,96330547354,"130조 1,907억원",USD
GD,General Dynamics Corp,52101010,항공우주 및 방위,92906635191,"125조 5,633억원",USD
HCA,HCA Healthcare  Inc.,56102010,의료 시설 및 서비스,94853637180,"128조 1,947억원",USD
PWR,Quanta Services Inc,52201020,건설 및 엔지니어링,94678535879,"127조 9,580억원",USD
BN,Brookfield Corporation,55102020,투자 관리 및 펀드 운영,92804964582,"125조 4,259억원",USD
USB,U.S. Bancorp,55101010,은행,92610577950,"125조 1,632억원",USD
PNC,The PNC Financial Services Group  Inc.,55101010,은행,90943198329,"122조 9,097억원",USD
DUK,Duke Energy Corp,59101010,전력 유틸리티,90687162068,"122조 5,637억원",USD
HWM,Howmet Aerospace Inc.,52101010,항공우주 및 방위,89873883279,"121조 4,646억원",USD
JCI,Johnson Controls International PLC,52102030,전기 부품 및 장비,88704780867,"119조 8,845억원",USD
KKR,KKR & Co Inc,55102020,투자 관리 및 펀드 운영,88363248562,"119조 4,229억원",USD
MMM,3M Company,54401010,소비재 대기업,87311805198,118조 19억원,USD
ELV,Elevance Health Inc,56102020,의료 관리,87274708375,"117조 9,518억원",USD
WMB,The Williams Companies  Inc.,50103030,오일 및 가스 수송 서비스,86820427163,"117조 3,378억원",USD
EMR,Emerson Electric Co,52102030,전기 부품 및 장비,86007182000,"116조 2,387억원",USD
ICE,Intercontinental Exchange  Inc.,55102050,"금융, 상품 시장 운영 및 서비스 제공",85854058897,116조 318억원,USD
BCS,Barclays PLC ADR,55101010,은행,83642983155,113조 435억원,USD
LYG,Lloyds Banking Group PLC ADR,55101010,은행,83505259158,"112조 8,574억원",USD
WM,Waste Management Inc,52203010,환경 서비스 및 장비,83012849413,"112조 1,919억원",USD
EPD,Enterprise Products Partners Units,50103030,오일 및 가스 수송 서비스,82081727194,"110조 9,335억원",USD
AMT,American Tower Corporation,60102040,특수 REITs,81659498412,"110조 3,628억원",USD
UPS,United Parcel Service Inc,52405010,"배달, 우편, 항공 화물 및 육상 물류",81564430266,"110조 2,343억원",USD
BE,Bloom Energy Corporation,52102040,중전기장비,81445646989,110조 738억원,USD
MCO,Moody's Corporation,52203070,전문 정보 서비스,81265176742,"109조 8,299억원",USD
MRSH,Marsh & McLennan Companies  Inc.,55301010,복합보험 및 중개인,81130687673,"109조 6,481억원",USD
HPE,Hewlett Packard Enterprise Company,57106010,컴퓨터 하드웨어,81015175462,"109조 4,920억원",USD
SHW,Sherwin-Williams Co,51101010,상품 화학,79709638881,"107조 7,276억원",USD
SU,Suncor Energy Inc (Canada),50102030,"오일, 가스 정제 및 마케팅",79039106916,"106조 8,214억원",USD
E,Eni SpA ADR,50102010,통합 오일 및 가스,77610778511,"104조 8,910억원",USD
ECL,Ecolab Inc.,51101030,특수 화학제,77432366721,"104조 6,498억원",USD
SLB,SLB N.V.,50103020,오일 관련 서비스 및 장비,77353545200,"104조 5,433억원",USD
CP,Canadian Pacific Kansas City Limited,52405030,지상 화물 및 물류,77289027870,"104조 4,561억원",USD
NGG,National Grid PLC ADR,59104010,복합 유틸리티,77272495015,"104조 4,338억원",USD
PBR,Petroleo Brasileiro ADR Reptg 2,50102010,통합 오일 및 가스,77250361745,"104조 4,039억원",USD
ITW,Illinois Tool Works Inc,54401010,소비재 대기업,77029856000,"104조 1,059억원",USD
MSI,Motorola Solutions Inc,57102010,통신 및 네트워킹,75581012980,"102조 1,477억원",USD
TRV,The Travelers Companies  Inc.,55301020,손해보험,75506243714,102조 467억원,USD
BAM,BROOKFIELD ASSET MANAGEMENT LTD,55102020,투자 관리 및 펀드 운영,75374081301,"101조 8,681억원",USD
NWG,NatWest Group PLC ADR,55101010,은행,73766782191,"99조 6,958억원",USD
APO,Apollo Global Management  Inc.,55501050,연금,73315933190,99조 865억원,USD
MFC,Manulife Financial Corporation,55301030,생명 및 건강 보험,73289043524,99조 501억원,USD
RACE,Ferrari N.V.,53101010,자동차 및 트럭 제조,73272912055,99조 283억원,USD
GM,General Motors Co,53101010,자동차 및 트럭 제조,73223331096,"98조 9,613억원",USD
EOG,EOG Resources  Inc.,50102020,"오일, 가스 탐사 및 생산",73182310636,"98조 9,059억원",USD
NOC,Northrop Grumman Corp,52101010,항공우주 및 방위,72432254436,"97조 8,922억원",USD
CMI,Cummins Inc,53101020,"자동차, 트럭 및 오토바이 부품",72429416545,"97조 8,884억원",USD
CI,The Cigna Group,56102020,의료 관리,72333190638,"97조 7,583억원",USD
CNI,Canadian National Railway Company,52405030,지상 화물 및 물류,72327274857,"97조 7,503억원",USD
TGT,Target Corp,53402020,할인점,72242266959,"97조 6,354억원",USD
B,Barrick Mining Corporation,51201060,금,72221408306,"97조 6,072억원",USD
CVNA,Carvana Co,53403010,"자동차 차량, 부품 및 서비스 소매",71970330558,"97조 2,679억원",USD
DB,Deutsche Bank AG,55101010,은행,71761346376,"96조 9,855억원",USD
NSC,Norfolk Southern Corp,52405030,지상 화물 및 물류,70527029122,"95조 3,173억원",USD
ET,Energy Transfer Units,50103030,오일 및 가스 수송 서비스,70243311860,"94조 9,338억원",USD
FDX,FedEx Corp,52405010,"배달, 우편, 항공 화물 및 육상 물류",70040248534,"94조 6,594억원",USD
WPM,Wheaton Precious Metals Corp.,51201060,금,69854344678,"94조 4,081억원",USD
KMI,Kinder Morgan  Inc.,50103030,오일 및 가스 수송 서비스,69632101323,"94조 1,078억원",USD
HLT,Hilton Worldwide Holdings Inc.,53301010,"호텔, 모텔 및 크루즈 라인",69419020840,"93조 8,198억원",USD
CL,Colgate-Palmolive Company,54201020,개인 생활 필수 용품,69393894764,"93조 7,858억원",USD
DLR,Digital Realty Trust  Inc.,60102040,특수 REITs,68875913668,93조 858억원,USD
NU,Nu Holdings Ltd.,55101010,은행,68402551411,"92조 4,460억원",USD
AMX,America Movil SAB de CV ADR,57401010,통합 통신 서비스,66659582400,90조 904억원,USD
SPG,Simon Property Group Inc,60102020,상업용 REITs,66637082114,90조 600억원,USD
RSG,Republic Services Inc,52203010,환경 서비스 및 장비,65492831735,"88조 5,136억원",USD
BSX,Boston Scientific Corp,56101010,첨단 의료 장비 및 기술,65099390308,"87조 9,818억원",USD
URI,United Rentals  Inc.,52203040,경영 지원 서비스,64921405727,"87조 7,413억원",USD
UMC,United Microelectronics Corp ADR,57101010,반도체,64628804107,"87조 3,458억원",USD
APD,Air Products and Chemicals  Inc.,51101010,상품 화학,64102256666,"86조 6,342억원",USD
RCL,Royal Caribbean Cruises Ltd.,53301010,"호텔, 모텔 및 크루즈 라인",62821820011,"84조 9,037억원",USD
TRP,TC Energy Corporation,50103030,오일 및 가스 수송 서비스,62287117844,"84조 1,810억원",USD
TEL,TE Connectivity PLC,57104010,전자 장비 및 부품,61805283913,"83조 5,298억원",USD
TDG,TransDigm Group Incorporated,52101010,항공우주 및 방위,61490711941,"83조 1,047억원",USD
MET,MetLife  Inc.,55301030,생명 및 건강 보험,60954946838,"82조 3,806억원",USD
COHR,Coherent Corp.,57104010,전자 장비 및 부품,60784370836,"82조 1,501억원",USD
AON,Aon PLC,55301010,복합보험 및 중개인,60689086667,82조 213억원,USD
NOK,Nokia Oyj ADR,57102010,통신 및 네트워킹,60577334550,"81조 8,703억원",USD
TAK,Takeda Pharmaceutical Company Limited ADR,56201040,제약,60536179204,"81조 8,146억원",USD
TRGP,Targa Resources Corp.,50103030,오일 및 가스 수송 서비스,60501712575,"81조 7,681억원",USD
VALE,Vale S.A. ADR,51201020,철 및 강철,60389273891,"81조 6,161억원",USD
COR,Cencora  Inc.,56101020,"의료 장비, 물품 및 유통",60001785491,81조 924억원,USD
MPLX,MPLX Common Units,50103030,오일 및 가스 수송 서비스,59979854129,81조 628억원,USD
GWW,WW Grainger Inc,52102010,산업용 기계 및 장비,59753197040,"80조 7,564억원",USD
KEYS,Keysight Technologies  Inc.,52102010,산업용 기계 및 장비,59129404833,"79조 9,134억원",USD
AJG,Arthur J. Gallagher & Co.,55301010,복합보험 및 중개인,59064335000,"79조 8,254억원",USD
SE,Sea Ltd ADR,57201020,소프트웨어,58776404095,"79조 4,363억원",USD
TFC,Truist Financial Corporation,55101010,은행,58723570857,"79조 3,649억원",USD
CRH,CRH PLC,51202010,건설 자재,58571648348,"79조 1,596억원",USD
ALL,Allstate Corp,55301020,손해보험,58030899525,"78조 4,288억원",USD
CVE,Cenovus Energy Incorporation,50102020,"오일, 가스 탐사 및 생산",57702791621,"77조 9,853억원",USD
RELX,Relx PLC ADR,57201010,IT 서비스 및 컨설팅,57533499319,"77조 7,565억원",USD
AFL,Aflac Incorporated,55301030,생명 및 건강 보험,57453941951,"77조 6,490억원",USD
FIX,Comfort Systems USA  Inc.,52201020,건설 및 엔지니어링,57195359888,"77조 2,995억원",USD
OKE,ONEOK  Inc.,50103030,오일 및 가스 수송 서비스,56793565098,"76조 7,565억원",USD
LNG,Cheniere Energy  Inc.,50103030,오일 및 가스 수송 서비스,56375563768,"76조 1,916억원",USD
OXY,Occidental Petroleum Corp,50102020,"오일, 가스 탐사 및 생산",56289580361,76조 754억원,USD
AME,AMETEK Inc,52102030,전기 부품 및 장비,56263001890,76조 394억원,USD
MT,ArcelorMittal SA ADR,51201020,철 및 강철,56155862926,"75조 8,946억원",USD
NUE,Nucor Corporation,51201020,철 및 강철,55734278566,"75조 3,249억원",USD
DAL,Delta Air Lines  Inc.,52406010,항공사,55187724678,"74조 5,862억원",USD
D,Dominion Energy  Inc.,59101010,전력 유틸리티,54908804996,"74조 2,092억원",USD
GRMN,Garmin Ltd.,57102010,통신 및 네트워킹,54899331423,"74조 1,964억원",USD
PSA,Public Storage,60102040,특수 REITs,54132978384,"73조 1,607억원",USD
CTVA,Corteva  Inc.,51101020,농화학제,53602526640,"72조 4,438억원",USD
NKE,NIKE  Inc.,53202030,제화,53554303178,"72조 3,786억원",USD
O,Realty Income Corporation,60102020,상업용 REITs,53489705405,"72조 2,913억원",USD
SRE,Sempra,59104010,복합 유틸리티,52952850181,"71조 5,658억원",USD
AU,Anglogold Ashanti PLC,51201060,금,52903464178,"71조 4,990억원",USD
CIEN,Ciena Corporation,57102010,통신 및 네트워킹,52264949974,"70조 6,361억원",USD
F,Ford Motor Co,53101010,자동차 및 트럭 제조,52237503238,"70조 5,990억원",USD
DVN,Devon Energy Corporation,50102020,"오일, 가스 탐사 및 생산",51623000000,"69조 7,685억원",USD
PBR A,Petroleo Brasileiro ADR Reptg 2 Pref Shs,50102010,통합 오일 및 가스,51578368069,"69조 7,082억원",USD
FNV,Franco-Nevada Corporation,51201060,금,51535882032,"69조 6,507억원",USD
CAH,Cardinal Health  Inc.,56201040,제약,51415436964,"69조 4,880억원",USD
EW,Edwards Lifesciences Corporation,56101010,첨단 의료 장비 및 기술,51172792000,"69조 1,600억원",USD
BDX,Becton Dickinson and Co,56101020,"의료 장비, 물품 및 유통",49846784400,"67조 3,679억원",USD
STT,State Street Corporation,55102020,투자 관리 및 펀드 운영,49514993141,"66조 9,195억원",USD
WAB,Westinghouse Air Brake Technologies Corp,52102020,중장비 및 차량,48935162643,"66조 1,359억원",USD
DEO,Diageo PLC ADR,54101020,증류주 및 포도주,48635759804,"65조 7,312억원",USD
ETR,Entergy Corp,59101010,전력 유틸리티,48331970079,"65조 3,207억원",USD
VMRK,Vivmark Residential,60102030,주거용 REITs,48245128132,"65조 2,033억원",USD
FITB,Fifth Third Bancorp,55101010,은행,47847651677,"64조 6,661억원",USD
AMP,Ameriprise Financial Inc,55102020,투자 관리 및 펀드 운영,45259291419,"61조 1,679억원",USD
STM,STMicroelectronics N.V. ADR,57101010,반도체,47670839506,"64조 4,271억원",USD
ROK,Rockwell Automation Inc,52102030,전기 부품 및 장비,47438883900,"64조 1,137억원",USD
AZO,AutoZone  Inc.,53403010,"자동차 차량, 부품 및 서비스 소매",47257494879,"63조 8,685억원",USD
A,Agilent Technologies Inc,56101010,첨단 의료 장비 및 기술,47155420120,"63조 7,306억원",USD
VST,Vistra Corp.,59101010,전력 유틸리티,47126537730,"63조 6,915억원",USD
XYZ,Block  Inc.,52203040,경영 지원 서비스,46579636350,"62조 9,524억원",USD
ABEV,Ambev SA ADR,54101010,양조업,46512912950,"62조 8,622억원",USD
TEVA,Teva Pharmaceutical Industries Limited,56201040,제약,46052501240,"62조 2,400억원",USD
KB,KB Financial Group Inc. ADR,55101010,은행,45664762987,"61조 7,159억원",USD
ITUB,Itau Unibanco Holding SA ADR,55101010,은행,45556812233,"61조 5,700억원",USD
CARR,Carrier Global Corporation,52102030,전기 부품 및 장비,45552202650,"61조 5,638억원",USD
SLF,Sun Life Financial Inc,55301030,생명 및 건강 보험,44932432138,"60조 7,262억원",USD
CLS,Celestica Inc.,57104010,전자 장비 및 부품,44906907653,"60조 6,917억원",USD
LHX,L3Harris Technologies  Inc.,52101010,항공우주 및 방위,44671024232,"60조 3,729억원",USD
HUM,Humana Inc.,56102020,의료 관리,44669874576,"60조 3,713억원",USD
VTR,Ventas  Inc.,60102040,특수 REITs,44554520743,"60조 2,154억원",USD
IQV,IQVIA Holdings Inc.,56202010,생명 공학 및 의학 연구,44456814000,60조 834억원,USD
TWLO,Twilio Inc.,57201020,소프트웨어,43696757347,59조 562억원,USD
INFY,Infosys Limited ADR,57201010,IT 서비스 및 컨설팅,43581696695,"58조 9,007억원",USD
IX,ORIX CORPORATION ADR,55102030,다각적 투자 서비스,42833382994,"57조 8,893억원",USD
FERG,Ferguson Enterprises Inc,53203020,건설 자재 및 비품,42785937419,"57조 8,252억원",USD
WDS,Woodside Energy Group Ltd ADR,50102020,"오일, 가스 탐사 및 생산",42375522187,"57조 2,705억원",USD
VEEV,Veeva Systems Inc.,56101010,첨단 의료 장비 및 기술,42243638054,57조 923억원,USD
HMC,HONDA MOTOR CO.  LTD. ADR,53101010,자동차 및 트럭 제조,42070532529,"56조 8,583억원",USD
WAT,Waters Corp,56101010,첨단 의료 장비 및 기술,41828150777,"56조 5,307억원",USD
CMG,Chipotle Mexican Grill  Inc.,53301020,레스토랑 및 바,41290589340,"55조 8,042억원",USD
CCJ,Cameco Corporation,50301010,우라늄,41197064389,"55조 6,778억원",USD
ARES,Ares Management Corporation,55102020,투자 관리 및 펀드 운영,41192051281,"55조 6,711억원",USD
CBRE,CBRE Group  Inc.,60101020,부동산 서비스,40844595783,"55조 2,015억원",USD
HLN,Haleon PLC ADR,56201040,제약,40684038126,"54조 9,845억원",USD
PRU,Prudential Financial Inc,55301030,생명 및 건강 보험,40592700000,"54조 8,610억원",USD
DHI,D.R. Horton  Inc.,53203010,주택 건설,40307749587,"54조 4,759억원",USD
MSCI,MSCI Inc.,52203070,전문 정보 서비스,39903576000,"53조 9,297억원",USD
ADM,Archer-Daniels-Midland Co,54102020,식품 가공,39684552064,"53조 6,337억원",USD
LYV,Live Nation Entertainment  Inc.,53302030,엔터테인먼트 제작,39565842329,"53조 4,732억원",USD
TFIN PR,Triumph Financial 40 Dep Shs Repstg 1 Perp Non Cum 7 125  Pref Shs Series C,55101010,은행,39420000000,"53조 2,761억원",USD
AIG,American International Group  Inc.,55301020,손해보험,39311108445,"53조 1,290억원",USD
WCN,Waste Connections  Inc.,52203010,환경 서비스 및 장비,39098891902,"52조 8,422억원",USD
SHG,Shinhan Financial Group Co.  Ltd. ADR,55101010,은행,38851701697,"52조 5,081억원",USD
SYY,Sysco Corporation,54301020,식품 소매 및 유통,38698871233,"52조 3,015억원",USD
ED,Consolidated Edison  Inc.,59101010,전력 유틸리티,38403005251,"51조 9,017억원",USD
GFI,Gold Fields Limited ADR,51201060,금,38272915101,"51조 7,258억원",USD
YUM,Yum! Brands  Inc.,53301020,레스토랑 및 바,38127010585,"51조 5,287억원",USD
P,Everpure Inc,57106010,컴퓨터 하드웨어,36951569863,"49조 9,400억원",USD
EL,Estee Lauder Companies Inc,54201020,개인 생활 필수 용품,36284778284,49조 389억원,USD
VIK,Viking Holdings Ltd,53301040,여가 및 오락시설,36186610760,"48조 9,062억원",USD
RKT,Rocket Companies Inc,55101030,소비자 대출,36075124444,"48조 7,555억원",USD
NTR,Nutrien Ltd,51101020,농화학제,35995955882,"48조 6,485억원",USD
CHT,Chunghwa Telecom Co Ltd ADR,57401010,통합 통신 서비스,35769588117,"48조 3,426억원",USD
TKO,TKO Group Holdings Inc,53302030,엔터테인먼트 제작,35747370694,"48조 3,126억원",USD
RBLX,Roblox Corporation,57201020,소프트웨어,35625928178,"48조 1,484억원",USD
MLM,Martin Marietta Materials  Inc.,51202010,건설 자재,35462818208,"47조 9,280억원",USD
IRM,Iron Mountain Inc,60102040,특수 REITs,35167633182,"47조 5,291억원",USD
UI,Ubiquiti Inc.,57102010,통신 및 네트워킹,35159725955,"47조 5,184억원",USD
HIG,The Hartford Insurance Group  Inc.,55301010,복합보험 및 중개인,34869352817,"47조 1,259억원",USD
EC,Ecopetrol SA ADR,50102020,"오일, 가스 탐사 및 생산",34764165369,"46조 9,838억원",USD
KR,Kroger Co,54301020,식품 소매 및 유통,34584874272,"46조 7,415억원",USD
PEG,Public Service Enterprise Group Incorporated,59104010,복합 유틸리티,34450792474,"46조 5,602억원",USD
KVUE,Kenvue Inc.,54201020,개인 생활 필수 용품,34305014121,"46조 3,632억원",USD
VG,Venture Global  Inc.,50102020,"오일, 가스 탐사 및 생산",32276198706,"43조 6,213억원",USD
KGC,Kinross Gold Corporation,51201060,금,33996355515,"45조 9,461억원",USD
HSY,The Hershey Company,54102020,식품 가공,33847936178,"45조 7,455억원",USD
WEC,WEC Energy Group  Inc.,59101010,전력 유틸리티,33507092054,"45조 2,848억원",USD
EME,EMCOR Group  Inc.,52201020,건설 및 엔지니어링,33369140107,45조 984억원,USD
TECK,Teck Resources Ltd,51201080,다각적 채굴,33267224461,"44조 9,607억원",USD
ALC,Alcon AG,56101020,"의료 장비, 물품 및 유통",32775323000,"44조 2,958억원",USD
JBL,Jabil Inc.,57104010,전자 장비 및 부품,32377114759,"43조 7,577억원",USD
MTB,M&T Bank Corporation,55101010,은행,32265481256,"43조 6,068억원",USD
PUK,Prudential PLC ADR,55301030,생명 및 건강 보험,32128641927,"43조 4,219억원",USD
VMC,Vulcan Materials Co,51202010,건설 자재,32118682036,"43조 4,084억원",USD
RMD,ResMed Inc.,56101010,첨단 의료 장비 및 기술,32019684363,"43조 2,746억원",USD
CQP,Cheniere Energy Partners Units,50103030,오일 및 가스 수송 서비스,31981692503,"43조 2,233억원",USD
EQT,EQT Corporation,50102020,"오일, 가스 탐사 및 생산",31782467960,"42조 9,540억원",USD
CNC,Centene Corp,56102020,의료 관리,31269883500,"42조 2,612억원",USD
BAP,Credicorp Ltd,55101010,은행,31229326746,"42조 2,064억원",USD
SUNB,Sunbelt Rentals Holdings Inc,52203040,경영 지원 서비스,31006909756,"41조 9,058억원",USD
CCI,Crown Castle Inc,60102040,특수 REITs,30790210120,"41조 6,130억원",USD
RJF,Raymond James Financial  Inc.,55101010,은행,30660533116,"41조 4,377억원",USD
CCL,Carnival Corporation Ltd,53301010,"호텔, 모텔 및 크루즈 라인",30515782371,"41조 2,421억원",USD
ZTS,Zoetis Inc,56201040,제약,30107471642,"40조 6,902억원",USD
RDDT,Reddit  Inc.,57201030,온라인 서비스,29950364712,"40조 4,779억원",USD
MTD,Mettler-Toledo International Inc.,57105010,사무기기,29869700695,"40조 3,689억원",USD
NMR,Nomura Holdings  Inc. ADR,55102010,투자 은행 및 중개 서비스,29109018800,"39조 3,408억원",USD
HPQ,HP Inc,57106010,컴퓨터 하드웨어,28893382647,39조 494억원,USD
IR,Ingersoll Rand Inc,52102010,산업용 기계 및 장비,28653757832,"38조 7,256억원",USD
EXR,Extra Space Storage Inc.,60102040,특수 REITs,28519277634,"38조 5,438억원",USD
KHC,The Kraft Heinz Company,54102020,식품 가공,28459770192,"38조 4,634억원",USD
TDY,Teledyne Technologies Inc,57104010,전자 장비 및 부품,28403975074,"38조 3,880억원",USD
PCG,PG&E Corp,59101010,전력 유틸리티,28366485749,"38조 3,373억원",USD
AEE,Ameren Corporation,59104010,복합 유틸리티,28143884897,38조 365억원,USD
TS,Tenaris SA ADR,50103020,오일 관련 서비스 및 장비,27977117639,"37조 8,111억원",USD
FTI,TechnipFMC PLC,50103020,오일 관련 서비스 및 장비,27773081958,"37조 5,353억원",USD
FTS,Fortis Inc.,59101010,전력 유틸리티,27655217773,"37조 3,760억원",USD
CFG,Citizens Financial Group Inc,55101010,은행,27582867846,"37조 2,782억원",USD
WSM,Williams-Sonoma Inc,53403030,가정용 가구 소매,27406035765,37조 393억원,USD
HAL,Halliburton Company,50103020,오일 관련 서비스 및 장비,27368332556,"36조 9,883억원",USD
DG,Dollar General Corp,53402020,할인점,27054236958,"36조 5,638억원",USD
PBA,Pembina Pipeline Corporation,50103030,오일 및 가스 수송 서비스,26705064056,36조 919억원,USD
AWK,American Water Works Company  Inc.,59103010,수자원 유틸리티,26593913308,"35조 9,417억원",USD
ATO,Atmos Energy Corporation,59102010,천연가스 유틸리티,26588658929,"35조 9,346억원",USD
VICI,VICI Properties Inc,60102040,특수 REITs,26403839937,"35조 6,848억원",USD
NVT,nVent Electric PLC,52102030,전기 부품 및 장비,26326193778,"35조 5,799억원",USD
CPNG,Coupang  Inc.,53402010,백화점,26261645966,"35조 4,926억원",USD
Q,Qnity Electronics  Inc.,57101010,반도체,26121778679,"35조 3,036억원",USD
WST,West Pharmaceutical Services  Inc.,56101020,"의료 장비, 물품 및 유통",26115741521,"35조 2,954억원",USD
DTE,DTE Energy Company,59101010,전력 유틸리티,26096324733,"35조 2,692억원",USD
OTIS,Otis Worldwide Corporation,52102040,중전기장비,25915968599,35조 254억원,USD
DGX,Quest Diagnostics Inc,56102010,의료 시설 및 서비스,25911249994,35조 191억원,USD
FE,FirstEnergy Corp,59101010,전력 유틸리티,25882564158,"34조 9,803억원",USD
CPAY,Corpay  Inc.,52203040,경영 지원 서비스,25800939427,"34조 8,700억원",USD
LVS,Las Vegas Sands Corp.,53301030,카지노 및 도박,25713737005,"34조 7,521억원",USD
ATI,ATI Inc.,52101010,항공우주 및 방위,25403946652,"34조 3,334억원",USD
WRB,W. R. Berkley Corporation,55301020,손해보험,25306580652,"34조 2,018억원",USD
LH,Labcorp Holdings Inc.,56102010,의료 시설 및 서비스,25265894000,"34조 1,469억원",USD
XYL,Xylem Inc,52102010,산업용 기계 및 장비,25181552674,34조 329억원,USD
DOV,Dover Corp,52102010,산업용 기계 및 장비,25123249172,"33조 9,541억원",USD
QSR,Restaurant Brands International Inc.,53301020,레스토랑 및 바,25079534746,"33조 8,950억원",USD
ES,Eversource Energy,59101010,전력 유틸리티,25003670171,"33조 7,925억원",USD
CNP,CenterPoint Energy  Inc.,59104010,복합 유틸리티,24932562901,"33조 6,964억원",USD
TPL,Texas Pacific Land Corporation,50102020,"오일, 가스 탐사 및 생산",24502566389,"33조 1,152억원",USD
PPL,PPL Corp,59104010,복합 유틸리티,24743674372,"33조 4,411억원",USD
PHG,Koninklijke Philips N.V. ADR,56101010,첨단 의료 장비 및 기술,24406363976,"32조 9,852억원",USD
EXPD,Expeditors International of Washington Inc,52405010,"배달, 우편, 항공 화물 및 육상 물류",24374541531,"32조 9,422억원",USD
SW,Smurfit WestRock PLC,51302020,종이 포장재,24364089077,"32조 9,281억원",USD
DRI,Darden Restaurants Inc,53301020,레스토랑 및 바,24245706576,"32조 7,681억원",USD
HUBB,Hubbell Inc,52102030,전기 부품 및 장비,24241168552,"32조 7,619억원",USD
FMX,Fomento Economico Mexicano SAB de CV ADR,54301020,식품 소매 및 유통,24023016411,"32조 4,671억원",USD
CRCL,Circle Internet Group  Inc,57301010,핀테크,24014119584,"32조 4,551억원",USD
PPG,PPG Industries  Inc.,51101010,상품 화학,23957271000,"32조 3,783억원",USD
SN,SharkNinja  Inc.,53204030,"가전제품, 도구 및 가정 용품",23808701004,"32조 1,775억원",USD
RF,Regions Financial Corporation,55101010,은행,23777352512,"32조 1,351억원",USD
SYF,Synchrony Financial,55101030,소비자 대출,23644698943,"31조 9,558억원",USD
VLTO,Veralto Corp,52203010,환경 서비스 및 장비,23352964422,"31조 5,615억원",USD
RBRK,Rubrik  Inc.,57201020,소프트웨어,23191146920,"31조 3,428억원",USD
PHM,PulteGroup  Inc.,53203010,주택 건설,22923571117,"30조 9,812억원",USD
IHG,InterContinental Hotels Group PLC ADR,53301010,"호텔, 모텔 및 크루즈 라인",22804763062,"30조 8,206억원",USD
CHD,Church & Dwight Co Inc,54201010,가정용 제품,22800039541,"30조 8,143억원",USD
SNX,TD SYNNEX Corporation,57106010,컴퓨터 하드웨어,22648316504,"30조 6,092억원",USD
TPR,Tapestry  Inc.,53403040,의류 및 액세서리 소매,22449509026,"30조 3,405억원",USD
GPN,Global Payments Inc,52203040,경영 지원 서비스,22434347104,"30조 3,200억원",USD
IOT,Samsara Inc.,57201020,소프트웨어,22405255296,"30조 2,807억원",USD
AER,AerCap Holdings N.V.,55101050,기업 금융 서비스,22271903974,"30조 1,005억원",USD
BSBR,Banco Santander Brasil SA ADR,55101010,은행,22187581859,"29조 9,865억원",USD
IFF,International Flavors & Fragrances Inc.,54102020,식품 가공,21889315326,"29조 5,834억원",USD
KEY,KeyCorp,55101010,은행,21854792786,"29조 5,368억원",USD
MKL,Markel Group Inc.,55301020,손해보험,21847956339,"29조 5,275억원",USD
L,Loews Corporation,55301020,손해보험,21650939825,"29조 2,612억원",USD
NRG,NRG Energy Inc,59101010,전력 유틸리티,21599127128,"29조 1,912억원",USD
BCH,Banco de Chile ADR,55101010,은행,21360061820,"28조 8,681억원",USD
AMRZ,Amrize AG,51202010,건설 자재,21330100116,"28조 8,276억원",USD
PKG,Packaging Corp of America,51302020,종이 포장재,21225887771,"28조 6,868억원",USD
EIX,Edison International,59101010,전력 유틸리티,21184009544,"28조 6,302억원",USD
BG,Bunge Global SA,54102020,식품 가공,21133103530,"28조 5,614억원",USD
PAAS,Pan American Silver Corp.,51201080,다각적 채굴,21112737804,"28조 5,339억원",USD
THC,Tenet Healthcare Corp,56102010,의료 시설 및 서비스,21100809140,"28조 5,177억원",USD
CDE,Coeur Mining  Inc.,51201060,금,21062388109,"28조 4,658억원",USD
YPF,YPF SA ADR,50102030,"오일, 가스 정제 및 마케팅",20980473443,"28조 3,551억원",USD
BRO,Brown & Brown Inc,55301010,복합보험 및 중개인,20893070691,"28조 2,370억원",USD
XPO,XPO  Inc.,52405030,지상 화물 및 물류,20802752237,"28조 1,149억원",USD
OMC,Omnicom Group Inc,53302010,광고 및 마케팅,20669225154,"27조 9,345억원",USD
RL,Ralph Lauren Corporation,53202020,의류 및 액세서리,20619029628,"27조 8,666억원",USD
LUV,Southwest Airlines Co,52406010,항공사,20585881098,"27조 8,218억원",USD
PS,Pershing Square Inc,55102020,투자 관리 및 펀드 운영,20552000000,"27조 7,760억원",USD
USFD,US Foods Holding Corp.,54301020,식품 소매 및 유통,20378354107,"27조 5,413억원",USD
DOW,Dow Inc.,51101010,상품 화학,20370008050,"27조 5,301억원",USD
STE,STERIS plc,56101020,"의료 장비, 물품 및 유통",20357047967,"27조 5,126억원",USD
CW,Curtiss-Wright Corporation,52101010,항공우주 및 방위,20323916500,"27조 4,678억원",USD
BCE,BCE Inc,57401010,통합 통신 서비스,20235810229,"27조 3,487억원",USD
CMS,CMS Energy Corporation,59104010,복합 유틸리티,20153602531,"27조 2,376억원",USD
AXIA,Axia Energia SA ADR,59101010,전력 유틸리티,20117697021,"27조 1,891억원",USD
STZ,Constellation Brands  Inc.,54101010,양조업,20081836054,"27조 1,406억원",USD
AMCR,Amcor PLC,51302010,용기(종이 제외) 및 포장재,19991827636,27조 190억원,USD
BBY,Best Buy Co.  Inc.,53403050,컴퓨터 및 전자 제품 소매,19886380324,"26조 8,764억원",USD
CRS,Carpenter Technology Corporation,51201020,철 및 강철,19824417571,"26조 7,927억원",USD
RS,Reliance  Inc.,51201020,철 및 강철,19755560057,"26조 6,996억원",USD
FICO,Fair Isaac Corporation,57201020,소프트웨어,19750605255,"26조 6,929억원",USD
WF,Woori Financial Group Inc ADR,55101010,은행,19522730535,"26조 3,850억원",USD
LYB,LyondellBasell Industries N.V.,51101010,상품 화학,19136768276,"25조 8,633억원",USD
NI,NiSource Inc.,59104010,복합 유틸리티,19124856788,"25조 8,472억원",USD
DINO,HF Sinclair Corporation,50102030,"오일, 가스 정제 및 마케팅",18967758850,"25조 6,349억원",USD
HEI A,HEICO Corporation Class A,52101010,항공우주 및 방위,19372702049,"26조 1,822억원",USD
SNA,Snap-On Inc,52102010,산업용 기계 및 장비,19232144703,"25조 9,922억원",USD
VIV,Telefonica Brasil SA ADR,57401010,통합 통신 서비스,19077769921,"25조 7,836억원",USD
WES,Western Midstream Partners Common Units,50102010,통합 오일 및 가스,19030821754,"25조 7,202억원",USD
U,Unity Software Inc.,57201020,소프트웨어,18972233902,"25조 6,410억원",USD
GIS,General Mills Inc,54102020,식품 가공,18952614782,"25조 6,145억원",USD
IP,International Paper Co,51302020,종이 포장재,18910940950,"25조 5,581억원",USD
SBS,Companhia de Saneamento Basico do Estado de Sao Paulo - SABESP ADR,59103010,수자원 유틸리티,18901816271,"25조 5,458억원",USD
BBD,Banco Bradesco ADR Reptg 1 Pref Shs,55101010,은행,18840643752,"25조 4,631억원",USD
EFX,Equifax Inc.,52203070,전문 정보 서비스,18771736683,"25조 3,700억원",USD
BEKE,KE Holdings Inc. ADR,60101020,부동산 서비스,18771693972,"25조 3,699억원",USD
ITT,ITT Inc,52102010,산업용 기계 및 장비,18651522000,"25조 2,075억원",USD
BR,Broadridge Financial Solutions Inc,52203070,전문 정보 서비스,18587833510,"25조 1,215억원",USD
CF,CF Industries Holdings Inc,51101020,농화학제,18249865097,"24조 6,647억원",USD
TSN,Tyson Foods Inc,54102020,식품 가공,18230354352,"24조 6,383억원",USD
FIS,Fidelity National Information Services  Inc.,57301010,핀테크,18029078858,"24조 3,663억원",USD
GFL,GFL Environmental Inc.,52203010,환경 서비스 및 장비,17960783303,"24조 2,740억원",USD
ZBH,Zimmer Biomet Holdings  Inc.,56101020,"의료 장비, 물품 및 유통",17925528012,"24조 2,264억원",USD
GPC,Genuine Parts Co,53101020,"자동차, 트럭 및 오토바이 부품",17865246039,"24조 1,449억원",USD
PKX,POSCO Holdings Inc. ADR,51201020,철 및 강철,17861628000,"24조 1,400억원",USD
PR,Permian Resources Corporation,50102020,"오일, 가스 탐사 및 생산",17831589147,24조 994억원,USD
MTZ,MasTec Inc,52201020,건설 및 엔지니어링,17802803922,24조 605억원,USD
DD,DuPont de Nemours  Inc.,51101030,특수 화학제,17798664105,24조 549억원,USD
FDXF,FedEx Freight Holding Company Inc,52405030,지상 화물 및 물류,17792657827,24조 468억원,USD
ESS,Essex Property Trust  Inc.,60102030,주거용 REITs,17658396300,"23조 8,653억원",USD
WCC,WESCO International  Inc.,52102030,전기 부품 및 장비,17645191776,"23조 8,475억원",USD
LEN,Lennar Corporation Class A,53203010,주택 건설,17484628609,"23조 6,305억원",USD
BMNR,BitMine Immersion Technologies  Inc.,57301030,블록 체인 및 암호화폐,17348791091,"23조 4,469억원",USD
DOCN,DigitalOcean Holdings  Inc.,57201010,IT 서비스 및 컨설팅,17166614300,"23조 2,007억원",USD
TOST,Toast  Inc.,57201020,소프트웨어,17137700000,"23조 1,616억원",USD
HEI,HEICO Corporation,52101010,항공우주 및 방위,17001721697,"22조 9,778억원",USD
BBDO,Banco Bradesco ADS Representing 1 Ord Shs,55101010,은행,16938306499,"22조 8,921억원",USD
CNH,CNH Industrial N.V.,52102020,중장비 및 차량,16919713846,"22조 8,670억원",USD
FTV,Fortive Corporation,52102010,산업용 기계 및 장비,16897854059,"22조 8,374억원",USD
MGA,Magna International Inc.,53101020,"자동차, 트럭 및 오토바이 부품",16894580306,"22조 8,330억원",USD
NVR,NVR  Inc.,53203010,주택 건설,16892334351,"22조 8,300억원",USD
BEN,Franklin Templeton  Inc.,55102020,투자 관리 및 펀드 운영,16832588028,"22조 7,492억원",USD
J,Jacobs Solutions Inc,52203040,경영 지원 서비스,16750566006,"22조 6,384억원",USD
WIT,Wipro Limited ADR,57201010,IT 서비스 및 컨설팅,16719711376,"22조 5,967억원",USD
IEX,IDEX Corporation,52102010,산업용 기계 및 장비,16637843328,"22조 4,860억원",USD
DT,Dynatrace  Inc,57201010,IT 서비스 및 컨설팅,16530921722,"22조 3,415억원",USD
BSAC,Banco Santander Chile ADR,55101010,은행,16522014167,"22조 3,295억원",USD
CLH,Clean Harbors Inc,52203010,환경 서비스 및 장비,16514490537,"22조 3,193억원",USD
BIP,Brookfield Infrastructure Partners Units,54401010,소비재 대기업,16377024703,"22조 1,335억원",USD
APG,APi Group Corporation,52201020,건설 및 엔지니어링,16318372815,22조 543억원,USD
IONQ,IonQ  Inc.,57106010,컴퓨터 하드웨어,16185861651,"21조 8,752억원",USD
NLY,Annaly Capital Management  Inc.,60102040,특수 REITs,16159637636,"21조 8,398억원",USD
BURL,Burlington Stores  Inc.,53403040,의류 및 액세서리 소매,16134082836,"21조 8,052억원",USD
RGA,Reinsurance Group of America  Incorporated,55301050,재보험,16052455290,"21조 6,949억원",USD
INVH,Invitation Homes Inc.,60102030,주거용 REITs,16029514354,"21조 6,639억원",USD
OVV,Ovintiv Inc.,50102020,"오일, 가스 탐사 및 생산",15998225578,"21조 6,216억원",USD
RVTY,Revvity  Inc.,56101010,첨단 의료 장비 및 기술,15991447127,"21조 6,124억원",USD
JHX,James Hardie Industries PLC,51202010,건설 자재,15900205219,"21조 4,891억원",USD
BALL,Ball Corp,51302010,용기(종이 제외) 및 포장재,15874260319,"21조 4,541억원",USD
RBC,RBC Bearings Incorporated,52102010,산업용 기계 및 장비,15825823391,"21조 3,886억원",USD
ROL,Rollins Inc,52203040,경영 지원 서비스,15810437975,"21조 3,678억원",USD
LDOS,Leidos Holdings  Inc.,57201010,IT 서비스 및 컨설팅,15474444292,"20조 9,137억원",USD
JLL,Jones Lang LaSalle Incorporated,60101020,부동산 서비스,15429143278,"20조 8,525억원",USD
OWL,Blue Owl Capital Inc.,55102020,투자 관리 및 펀드 운영,15403831163,"20조 8,183억원",USD
CRBG,Corebridge Financial Inc,55301030,생명 및 건강 보험,15084942144,"20조 3,873억원",USD
WY,Weyerhaeuser Company,60102040,특수 REITs,15524653440,"20조 9,816억원",USD
CX,Cemex  S.A.B. de C.V. ADR,51202010,건설 자재,15518635940,"20조 9,734억원",USD
RBA,RB Global  Inc (Ontario),57201030,온라인 서비스,15435761280,"20조 8,614억원",USD
AS,Amer Sports Inc,53403090,기타 전문 소매,15419503251,"20조 8,395억원",USD
FLUT,Flutter Entertainment PLC,53301030,카지노 및 도박,15379035219,"20조 7,848억원",USD
LTM,LATAM Airlines Group S.A. ADR,52406010,항공사,15345922172,"20조 7,400억원",USD
WPC,W. P. Carey Inc.,60102010,복합부동산 REITs,15238671036,"20조 5,951억원",USD
AGI,Alamos Gold Inc.,51201060,금,15186406182,"20조 5,244억원",USD
ZTO,ZTO Express (Cayman) Inc ADR,52405010,"배달, 우편, 항공 화물 및 육상 물류",15146469175,"20조 4,705억원",USD
KIM,Kimco Realty Corp,60102020,상업용 REITs,15126300361,"20조 4,432억원",USD
SOLV,Solventum Corporation,56101020,"의료 장비, 물품 및 유통",15107355949,"20조 4,176억원",USD
EMA,Emera Inc,59101010,전력 유틸리티,15029661719,"20조 3,126억원",USD
SUN,Sunoco Common Units,50102030,"오일, 가스 정제 및 마케팅",14976776872,"20조 2,411억원",USD
ARMK,Aramark,53301020,레스토랑 및 바,14918541240,"20조 1,624억원",USD
SGI,Somnigroup International Inc.,53204040,가정용 가구,14903382769,"20조 1,419억원",USD
H,Hyatt Hotels Corp,53301010,"호텔, 모텔 및 크루즈 라인",14870556941,20조 976억원,USD
UNM,Unum Group,55301030,생명 및 건강 보험,14773190389,"19조 9,660억원",USD
W,Wayfair Inc.,53402010,백화점,14703522315,"19조 8,718억원",USD
PFGC,Performance Food Group Company,54301020,식품 소매 및 유통,14522970220,"19조 6,278억원",USD
KEP,Korea Electric Power Corporation ADR,59101010,전력 유틸리티,14508388140,"19조 6,081억원",USD
FN,Fabrinet,57104010,전자 장비 및 부품,14470118083,"19조 5,564억원",USD
PNFP,Pinnacle Financial Partners  Inc.,55101010,은행,14295255744,"19조 3,200억원",USD
RCI,Rogers Communications Inc,57401020,무선 통신 서비스,14275377085,"19조 2,932억원",USD
YUMC,Yum China Holdings Inc,53301020,레스토랑 및 바,14239409295,"19조 2,446억원",USD
EQH,Equitable Holdings  Inc.,55102030,다각적 투자 서비스,14238374081,"19조 2,432억원",USD
EG,Everest Group  Ltd.,55301050,재보험,14223620605,"19조 2,232억원",USD
DOC,Healthpeak Properties  Inc,60102040,특수 REITs,14204261556,"19조 1,971억원",USD
OHI,Omega Healthcare Investors  Inc.,60102040,특수 REITs,14081014110,19조 305억원,USD
STLA,Stellantis N.V.,53101010,자동차 및 트럭 제조,14024949705,"18조 9,547억원",USD
SKM,SK Telecom Co.  Ltd. ADR,57401020,무선 통신 서비스,13940379124,"18조 8,404억원",USD
ONTO,Onto Innovation Inc.,57101020,반도체 장비 및 테스트,13927762041,"18조 8,234억원",USD
SWK,Stanley Black & Decker  Inc.,52102010,산업용 기계 및 장비,13913163135,"18조 8,036억원",USD
SUI,Sun Communities Inc,60102030,주거용 REITs,13857294878,"18조 7,281억원",USD
MAA,Mid-America Apartment Communities Inc,60102030,주거용 REITs,13824016177,"18조 6,832억원",USD
MAS,Masco Corporation,53203020,건설 자재 및 비품,13795232603,"18조 6,443억원",USD
ALB,Albemarle Corp,51101030,특수 화학제,13782990658,"18조 6,277억원",USD
PAG,Penske Automotive Group Inc,53403010,"자동차 차량, 부품 및 서비스 소매",13780010528,"18조 6,237억원",USD
TRU,TransUnion,52203070,전문 정보 서비스,13770292000,"18조 6,105억원",USD
EMBJ,Embraer S.A. ADR,52101010,항공우주 및 방위,13690328173,"18조 5,025억원",USD
TU,Telus Corporation,57401010,통합 통신 서비스,13630077901,"18조 4,211억원",USD
IVZ,Invesco Ltd,55102020,투자 관리 및 펀드 운영,13620268213,"18조 4,078억원",USD
CRL,Charles River Laboratories International  Inc.,56202010,생명 공학 및 의학 연구,13610829796,"18조 3,950억원",USD
TYL,Tyler Technologies  Inc.,57201020,소프트웨어,13557250308,"18조 3,226억원",USD
CACI,CACI International Inc,57201010,IT 서비스 및 컨설팅,13551914872,"18조 3,154억원",USD
RNR,RenaissanceRe Holdings Ltd.,55301050,재보험,13541761929,"18조 3,017억원",USD
TLK,Telkom Indonesia (Persero) Tbk PT ADR,57401010,통합 통신 서비스,13476014607,"18조 2,128억원",USD
ULS,UL Solutions Inc,52203040,경영 지원 서비스,13456513230,"18조 1,865억원",USD
TXT,Textron Inc,52101010,항공우주 및 방위,13394341096,"18조 1,025억원",USD
AIZ,Assurant Inc,55301020,손해보험,13370686758,18조 705억원,USD
MLI,Mueller Industries Inc,52102010,산업용 기계 및 장비,13248765141,"17조 9,057억원",USD
BWXT,BWX Technologies Inc,52101010,항공우주 및 방위,13240292330,"17조 8,943억원",USD
AEG,Aegon Ltd. ADR,55301030,생명 및 건강 보험,13216442500,"17조 8,620억원",USD
ALLE,Allegion PLC,57102010,통신 및 네트워킹,13091413205,"17조 6,930억원",USD
AVY,Avery Dennison Corp,51302010,용기(종이 제외) 및 포장재,13042381357,"17조 6,268억원",USD
TME,Tencent Music Entertainment Group ADR,57201030,온라인 서비스,13031929260,"17조 6,127억원",USD
GL,Globe Life Inc.,55301030,생명 및 건강 보험,13020601805,"17조 5,973억원",USD
CNA,CNA Financial Corp,55301020,손해보험,12845426052,"17조 3,606억원",USD
JBS,Jbs NV,54102020,식품 가공,12744057325,"17조 2,236억원",USD
BWA,BorgWarner Inc.,53101020,"자동차, 트럭 및 오토바이 부품",12446050893,"16조 8,208억원",USD
GDDY,GoDaddy Inc.,57201010,IT 서비스 및 컨설팅,12441870441,"16조 8,152억원",USD
QXO,QXO Inc,53203020,건설 자재 및 비품,13259131261,"17조 9,197억원",USD
CSL,Carlisle Companies Incorporated,53203020,건설 자재 및 비품,13048078397,"17조 6,345억원",USD
SJM,The J. M. Smucker Company,54102020,식품 가공,12937355693,"17조 4,848억원",USD
RPM,RPM International Inc,51101010,상품 화학,12889823239,"17조 4,206억원",USD
LII,Lennox International Inc.,52102030,전기 부품 및 장비,12845511684,"17조 3,607억원",USD
HL,Hecla Mining Co,51201010,금 제외 귀금속 및 광물,12783753242,"17조 2,772억원",USD
DTM,DT Midstream  Inc.,50103030,오일 및 가스 수송 서비스,12747831388,"17조 2,287억원",USD
TOL,Toll Brothers Inc,53203010,주택 건설,12676662790,"17조 1,325억원",USD
GIB,CGI Inc,57201010,IT 서비스 및 컨설팅,12675616734,"17조 1,311억원",USD
PEN,Penumbra  Inc.,56101020,"의료 장비, 물품 및 유통",12580587493,17조 27억원,USD
GGG,Graco Inc.,52102010,산업용 기계 및 장비,12574094895,"16조 9,939억원",USD
MAIR,Madison Air Solutions Corp,52203010,환경 서비스 및 장비,12568151431,"16조 9,859억원",USD
MKC,McCormick & Co Non-Voting Ord Shs,54102020,식품 가공,12555405513,"16조 9,686억원",USD
HMY,Harmony Gold Mining Company Limited ADR,51201060,금,12387052623,"16조 7,411억원",USD
GWRE,Guidewire Software  Inc.,57201020,소프트웨어,12336616978,"16조 6,729억원",USD
HBM,Hudbay Minerals Inc.,51201050,특수 채굴 및 금속,12320575642,"16조 6,513억원",USD
BAX,Baxter International Inc.,56101020,"의료 장비, 물품 및 유통",12242465256,"16조 5,457억원",USD
GNRC,Generac Holdings Inc.,52102030,전기 부품 및 장비,12177211479,"16조 4,575억원",USD
GME,GameStop Corp.,53403050,컴퓨터 및 전자 제품 소매,12123158790,"16조 3,844억원",USD
AIT,Applied Industrial Technologies  Inc.,52102010,산업용 기계 및 장비,12114471232,"16조 3,727억원",USD
EHC,Encompass Health Corporation,56102010,의료 시설 및 서비스,12110689420,"16조 3,676억원",USD
AHR,American Healthcare REIT  Inc.,60102040,특수 REITs,12035650638,"16조 2,662억원",USD
FMS,Fresenius Medical Care AG ADR,56102010,의료 시설 및 서비스,11974935825,"16조 1,841억원",USD
CCK,Crown Holdings Inc,51302010,용기(종이 제외) 및 포장재,11924502426,"16조 1,160억원",USD
DKS,DICK'S Sporting Goods  Inc.,53403090,기타 전문 소매,11910822911,16조 975억원,USD
IAG,IAMGOLD Corp,51201060,금,11888793862,16조 677억원,USD
ALLY,Ally Financial Inc,55101030,소비자 대출,11885082006,16조 627억원,USD
MICC,The Magnum Ice Cream Company N.V.,54102020,식품 가공,11828858157,"15조 9,867억원",USD
WTS,Watts Water Technologies  Inc.,52102010,산업용 기계 및 장비,11827280785,"15조 9,846억원",USD
AA,Alcoa Corp,51201030,알루미늄,11799391286,"15조 9,469억원",USD
SUZ,Suzano SA ADR,51301020,종이 제품,11776455695,"15조 9,159억원",USD
FPS,Forgent Power Solutions  Inc.,52102040,중전기장비,11726600804,"15조 8,485억원",USD
DVA,DaVita Inc,56102010,의료 시설 및 서비스,11721336000,"15조 8,414억원",USD
EGO,Eldorado Gold Corporation,51201060,금,11720195856,"15조 8,398억원",USD
ELS,Equity LifeStyle Properties Inc,60102030,주거용 REITs,11694333941,"15조 8,049억원",USD
CR,Crane Company,52102010,산업용 기계 및 장비,11691278008,"15조 8,008억원",USD
AFG,American Financial Group  Inc.,55301020,손해보험,11647978329,"15조 7,422억원",USD
FIG,Figma  Inc.,57201020,소프트웨어,11619615101,"15조 7,039억원",USD
WSO,Watsco  Inc.,52102030,전기 부품 및 장비,11586987178,"15조 6,598억원",USD
SNN,Smith & Nephew PLC ADR,56101020,"의료 장비, 물품 및 유통",11514697370,"15조 5,621억원",USD
BJ,BJ's Wholesale Club Holdings  Inc.,53402020,할인점,11490847531,"15조 5,299억원",USD
WTRG,Essential Utilities Inc,59103010,수자원 유틸리티,11458980070,"15조 4,868억원",USD
ELAN,Elanco Animal Health Incorporated,56201040,제약,11456328562,"15조 4,832억원",USD
FNF,Fidelity National Financial Inc,55301020,손해보험,11411604789,"15조 4,228억원",USD
ARW,Arrow Electronics  Inc.,57101010,반도체,11292349984,"15조 2,616억원",USD
PNW,Pinnacle West Capital Corporation,59101010,전력 유틸리티,11290734319,"15조 2,594억원",USD
IT,Gartner  Inc.,57201010,IT 서비스 및 컨설팅,11287879460,"15조 2,556억원",USD
AMH,American Homes 4 Rent,60102030,주거용 REITs,11255013794,"15조 2,112억원",USD
HRL,Hormel Foods Corp,54102020,식품 가공,11188631764,"15조 1,214억원",USD
TX,Ternium SA ADR,51201020,철 및 강철,11077642270,"14조 9,714억원",USD
FHN,First Horizon Corporation,55101010,은행,11057958868,"14조 9,448억원",USD
SF,Stifel Financial Corp.,55102010,투자 은행 및 중개 서비스,11050306894,"14조 9,345억원",USD
UDR,UDR  Inc.,60102030,주거용 REITs,10955109970,"14조 8,058억원",USD
EGP,EastGroup Properties  Inc.,60102020,상업용 REITs,10939643610,"14조 7,849억원",USD
JEF,Jefferies Financial Group Inc,55102010,투자 은행 및 중개 서비스,10925872123,"14조 7,663억원",USD
DECK,Deckers Outdoor Corporation,53202030,제화,10871397644,"14조 6,927억원",USD
EVR,Evercore Inc.,55102010,투자 은행 및 중개 서비스,10802883185,"14조 6,001억원",USD
FRO,Frontline PLC,50103030,오일 및 가스 수송 서비스,10668088841,"14조 4,179억원",USD
NYT,The New York Times Company,53302040,소비자 출판,10556010704,"14조 2,664억원",USD
PINS,Pinterest  Inc.,57201030,온라인 서비스,10414496567,14조 752억원,USD
KNX,Knight-Swift Transportation Holdings Inc.,52405030,지상 화물 및 물류,10919300040,"14조 7,574억원",USD
HUBS,HubSpot  Inc.,57201020,소프트웨어,10864847874,"14조 6,838억원",USD
RTO,Rentokil Initial PLC ADR,52203040,경영 지원 서비스,10796294468,"14조 5,912억원",USD
PAC,Grupo Aeroportuario del Pacifico SAB de CV ADR,52407010,공항 운영 및 서비스,10771355402,"14조 5,575억원",USD
CIB,Grupo Cibest SA ADR,55101010,은행,10682224822,"14조 4,370억원",USD
HII,HUNTINGTON INGALLS INDUSTRIES  INC.,52101010,항공우주 및 방위,10676675828,"14조 4,295억원",USD
SCI,Service Corporation International,54201030,개인 서비스,10645735861,"14조 3,877억원",USD
AR,Antero Resources Corporation,50102020,"오일, 가스 탐사 및 생산",10582050380,"14조 3,016억원",USD
AES,The AES Corporation,59101010,전력 유틸리티,10573160497,"14조 2,896억원",USD
UHS,Universal Health Services Inc,56102010,의료 시설 및 서비스,10566727774,"14조 2,809억원",USD
CLX,The Clorox Company,54201010,가정용 제품,10539137086,"14조 2,436억원",USD
RDY,Dr. Reddy's Laboratories Limited ADR,56201040,제약,10470667016,"14조 1,511억원",USD
MOG A,Moog Inc Class A,52101010,항공우주 및 방위,10462206346,"14조 1,397억원",USD
MOD,Modine Manufacturing Company,53101020,"자동차, 트럭 및 오토바이 부품",10407966260,14조 664억원,USD
TFII,TFI International Inc.,52405030,지상 화물 및 물류,10277416596,"13조 8,899억원",USD
BXP,BXP  Inc.,60102020,상업용 REITs,10267834666,"13조 8,770억원",USD
RRX,Regal Rexnord Corporation,52102030,전기 부품 및 장비,10165248498,"13조 7,383억원",USD
DDS,Dillard's  Inc.,53402010,백화점,10155298457,"13조 7,249억원",USD
PAYC,Paycom Software  Inc.,57201020,소프트웨어,10123536344,"13조 6,820억원",USD
AVTR,Avantor  Inc.,56101020,"의료 장비, 물품 및 유통",10104801070,"13조 6,566억원",USD
GMED,Globus Medical  Inc.,56101020,"의료 장비, 물품 및 유통",10095153314,"13조 6,436억원",USD
XPEV,Xpeng Inc ADR,53101010,자동차 및 트럭 제조,10053878536,"13조 5,878억원",USD
AM,Antero Midstream Corporation,50103030,오일 및 가스 수송 서비스,10025114880,"13조 5,489억원",USD
SQM,Sociedad Quimica y Minera de Chile SA ADR,51101030,특수 화학제,10024458872,"13조 5,481억원",USD
AG,First Majestic Silver Corp.,51201010,금 제외 귀금속 및 광물,10015928823,"13조 5,365억원",USD
OC,Owens Corning,53203020,건설 자재 및 비품,10012306189,"13조 5,316억원",USD
CPT,Camden Property Trust,60102030,주거용 REITs,9984562849,"13조 4,941억원",USD
MOH,Molina Healthcare Inc,56102020,의료 관리,9980118000,"13조 4,881억원",USD
DCI,Donaldson Company  Inc.,52203010,환경 서비스 및 장비,9974146369,"13조 4,801억원",USD
SSB,SouthState Bank Corp,55101010,은행,9927283046,"13조 4,167억원",USD
WMS,Advanced Drainage Systems Inc,53203020,건설 자재 및 비품,9857740360,"13조 3,227억원",USD
RYAN,Ryan Specialty Holdings  Inc.,55301010,복합보험 및 중개인,9833520335,"13조 2,900억원",USD
FDS,FactSet Research Systems Inc.,52203070,전문 정보 서비스,9831027396,"13조 2,866억원",USD
ONON,On Holding AG,53202030,제화,9822570121,"13조 2,752억원",USD
MGM,MGM Resorts International,53301030,카지노 및 도박,9786958208,"13조 2,271억원",USD
DAR,Darling Ingredients Inc.,54102020,식품 가공,9725393713,"13조 1,439억원",USD
CFR,Cullen/Frost Bankers  Inc.,55101010,은행,9704532778,"13조 1,157억원",USD
FLS,Flowserve Corporation,52102010,산업용 기계 및 장비,9659300152,13조 545억원,USD
UHAL B,U-Haul Holding Company Series N,52405030,지상 화물 및 물류,9615021744,"12조 9,947억원",USD
FRT,Federal Realty Investment Trust,60102020,상업용 REITs,9597773631,"12조 9,714억원",USD
PSO,Pearson PLC ADR,53302040,소비자 출판,9579380697,"12조 9,465억원",USD
MSGS,Madison Square Garden Sports Corp.,53302030,엔터테인먼트 제작,9550586199,"12조 9,076억원",USD
BVN,Compania de Minas Buenaventura SAA ADR,51201080,다각적 채굴,9538680363,"12조 8,915억원",USD
ALSN,Allison Transmission Holdings  Inc.,52102020,중장비 및 차량,9527854024,"12조 8,769억원",USD
SNAP,Snap Inc,57201020,소프트웨어,9504531141,"12조 8,454억원",USD
OSCR,Oscar Health  Inc.,55301030,생명 및 건강 보험,9466142150,"12조 7,935억원",USD
ELPC,Companhia Paranaense de Energia ADR,59101010,전력 유틸리티,9437555626,"12조 7,549억원",USD
GKOS,Glaukos Corporation,56101020,"의료 장비, 물품 및 유통",9429172169,"12조 7,435억원",USD
EDU,New Oriental Education & Technology Group Inc. ADR,63101010,기타 교육 서비스 제공,9383634094,"12조 6,820억원",USD
ARE,Alexandria Real Estate Equities  Inc,60102020,상업용 REITs,9383231645,"12조 6,814억원",USD
ESTC,Elastic N.V.,57201020,소프트웨어,9367322002,"12조 6,599억원",USD
ORI,Old Republic International Corporation,55301020,손해보험,9362768715,"12조 6,538억원",USD
MUSA,Murphy USA Inc.,50102030,"오일, 가스 정제 및 마케팅",9339789525,"12조 6,227억원",USD
OGE,OGE Energy Corp.,59101010,전력 유틸리티,9318881857,"12조 5,945억원",USD
AMG,Affiliated Managers Group  Inc.,55102020,투자 관리 및 펀드 운영,9316816661,"12조 5,917억원",USD
KT,KT Corporation ADR,57401010,통합 통신 서비스,9306640512,"12조 5,779억원",USD
AYI,Acuity Inc.,53203020,건설 자재 및 비품,9303069941,"12조 5,731억원",USD
BAH,Booz Allen Hamilton Holding Corporation,57201010,IT 서비스 및 컨설팅,9175337740,"12조 4,005억원",USD
HLI,Houlihan Lokey  Inc.,55102010,투자 은행 및 중개 서비스,9153034905,"12조 3,703억원",USD
QGEN,QIAGEN N.V.,56202010,생명 공학 및 의학 연구,9021766550,"12조 1,929억원",USD
APTV,APTIV PLC,53101010,자동차 및 트럭 제조,9262522896,"12조 5,183억원",USD
NIO,NIO Inc. ADR,53101010,자동차 및 트럭 제조,9215276449,"12조 4,544억원",USD
MP,MP Materials Corp.,51201010,금 제외 귀금속 및 광물,9090305052,"12조 2,855억원",USD
R,Ryder System  Inc.,52405030,지상 화물 및 물류,9069034282,"12조 2,568억원",USD
TIMB,TIM S.A. ADR,57401010,통합 통신 서비스,9048275596,"12조 2,287억원",USD
VMI,Valmont Industries  Inc.,52201020,건설 및 엔지니어링,9034866593,"12조 2,106억원",USD
RRC,Range Resources Corporation,50102020,"오일, 가스 탐사 및 생산",8954599015,"12조 1,021억원",USD
TTC,The Toro Company,52102020,중장비 및 차량,8947582489,12조 927억원,USD
BEP,Brookfield Renewable Partners Non Voting Units,59101010,전력 유틸리티,8937324222,12조 788억원,USD
VOYA,Voya Financial  Inc.,55102030,다각적 투자 서비스,8882066056,12조 41억원,USD
PNR,Pentair PLC,52102010,산업용 기계 및 장비,8858309846,"11조 9,720억원",USD
CTRE,CareTrust REIT  Inc.,60102040,특수 REITs,8844454439,"11조 9,533억원",USD
WLK,Westlake Corp,51101010,상품 화학,8792402502,"11조 8,829억원",USD
JXN,Jackson Financial Inc.,55301010,복합보험 및 중개인,8775613360,"11조 8,602억원",USD
YMM,Full Truck Alliance Co. Ltd. ADR,57201020,소프트웨어,8767249580,"11조 8,489억원",USD
SPXC,SPX Technologies Inc,52102010,산업용 기계 및 장비,8747495449,"11조 8,222억원",USD
SSL,Sasol Limited ADR,51101090,다각적 화학 산업,8739429889,"11조 8,113억원",USD
GIL,Gildan Activewear Inc.,53202020,의류 및 액세서리,8706037211,"11조 7,662억원",USD
CUBE,CubeSmart,60102040,특수 REITs,8682256476,"11조 7,341억원",USD
EAT,Brinker International Inc,53301020,레스토랑 및 바,8637421718,"11조 6,735억원",USD
ALV,Autoliv  Inc.,53101020,"자동차, 트럭 및 오토바이 부품",8585391711,"11조 6,032억원",USD
BRX,Brixmor Property Group Inc,60102020,상업용 REITs,8580149955,"11조 5,961억원",USD
ESI,Element Solutions Inc,51101030,특수 화학제,8575483264,"11조 5,898억원",USD
LTH,Life Time Group Holdings  Inc.,53301040,여가 및 오락시설,8534011794,"11조 5,337억원",USD
REXR,Rexford Industrial Realty  Inc.,60102020,상업용 REITs,8524835981,"11조 5,213억원",USD
OSK,Oshkosh Corp,52102020,중장비 및 차량,8522554952,"11조 5,182억원",USD
KNTK,Kinetik Holdings Inc.,50103030,오일 및 가스 수송 서비스,8507042568,"11조 4,973억원",USD
DY,Dycom Industries Inc,52201020,건설 및 엔지니어링,8505993093,"11조 4,958억원",USD
PRI,Primerica  Inc.,55301030,생명 및 건강 보험,8483776528,"11조 4,658억원",USD
WAL,Western Alliance Bancorporation,55101010,은행,8482592176,"11조 4,642억원",USD
PBF,PBF Energy Inc.,50102030,"오일, 가스 정제 및 마케팅",8468272493,"11조 4,449억원",USD
VIRT,Virtu Financial Inc,55102010,투자 은행 및 중개 서비스,8456860369,"11조 4,294억원",USD
AGCO,AGCO Corporation,52102020,중장비 및 차량,8449328104,"11조 4,193억원",USD
RHP,Ryman Hospitality Properties Inc,60102040,특수 REITs,8384926800,"11조 3,322억원",USD
ADC,Agree Realty Corporation,60102020,상업용 REITs,8373215149,"11조 3,164억원",USD
S,SentinelOne Inc,57201020,소프트웨어,8300971440,"11조 2,188억원",USD
PB,Prosperity Bancshares  Inc.,55101010,은행,8275372451,"11조 1,842억원",USD
UGP,Ultrapar Participacoes SA ADR,50102030,"오일, 가스 정제 및 마케팅",8231552655,"11조 1,249억원",USD
BIO,Bio-Rad Laboratories  Inc. Class A,56101020,"의료 장비, 물품 및 유통",8227990891,"11조 1,201억원",USD
MHK,Mohawk Industries  Inc.,53204040,가정용 가구,8211895318,11조 984억원,USD
FR,First Industrial Realty Trust  Inc.,60102020,상업용 REITs,8204939628,11조 890억원,USD
CNM,Core & Main Inc,52102010,산업용 기계 및 장비,8193149091,11조 730억원,USD
NEU,NewMarket Corporation,51101010,상품 화학,8173581725,11조 466억원,USD
HESM,Hess Midstream LP,50103030,오일 및 가스 수송 서비스,8076006596,"10조 9,147억원",USD
SBSW,Sibanye Stillwater Limited ADR,51201010,금 제외 귀금속 및 광물,8073631144,"10조 9,115억원",USD
SM,SM Energy Co,50102020,"오일, 가스 탐사 및 생산",8068009987,"10조 9,039억원",USD
KMX,Carmax Inc,53403010,"자동차 차량, 부품 및 서비스 소매",8066226697,"10조 9,015억원",USD
KNSL,Kinsale Capital Group Inc,55301020,손해보험,8014133268,"10조 8,311억원",USD
ACM,AECOM,52201020,건설 및 엔지니어링,8013926385,"10조 8,308억원",USD
TKR,Timken Co,52102010,산업용 기계 및 장비,8005170841,"10조 8,190억원",USD
STN,Stantec Inc.,52201020,건설 및 엔지니어링,7988246892,"10조 7,961억원",USD
NNN,NNN REIT  Inc.,60102020,상업용 REITs,7984346240,"10조 7,908억원",USD
ATR,AptarGroup  Inc.,51302010,용기(종이 제외) 및 포장재,7976252633,"10조 7,799억원",USD
UGI,UGI Corporation,59102010,천연가스 유틸리티,7904139534,"10조 6,824억원",USD
CHWY,Chewy Inc,53403090,기타 전문 소매,7901889715,"10조 6,794억원",USD
LNC,Lincoln National Corp,55301030,생명 및 건강 보험,7851255249,"10조 6,110억원",USD
PCOR,Procore Technologies Inc,57201020,소프트웨어,7726928937,"10조 4,429억원",USD
VIST,Vista Energy  S.A.B. de C.V. ADR,50102020,"오일, 가스 탐사 및 생산",7679060047,"10조 3,782억원",USD
THG,The Hanover Insurance Group  Inc.,55301020,손해보험,7605084469,"10조 2,783억원",USD
ZETA,Zeta Global Holdings Corp.,57201020,소프트웨어,7563039919,"10조 2,214억원",USD
AOS,A. O. Smith Corporation,52102030,전기 부품 및 장비,7904442606,"10조 6,829억원",USD
MOS,Mosaic Co,51101020,농화학제,7861559326,"10조 6,249억원",USD
ZWS,Zurn Elkay Water Solutions Corp,53203020,건설 자재 및 비품,7780684790,"10조 5,156억원",USD
LEVI,Levi Strauss & Co,53202020,의류 및 액세서리,7720102274,"10조 4,337억원",USD
BF B,Brown-Forman Corporation Class B,54101020,증류주 및 포도주,7712583529,"10조 4,236억원",USD
EMN,Eastman Chemical Co,51101030,특수 화학제,7671293626,"10조 3,678억원",USD
RAL,Ralliant Corporation,52102010,산업용 기계 및 장비,7634160552,"10조 3,176억원",USD
NFG,National Fuel Gas Company,59102010,천연가스 유틸리티,7603607920,"10조 2,763억원",USD
HNGE,Hinge Health  Inc.,57201020,소프트웨어,7597379361,"10조 2,679억원",USD
IDA,IDACORP  Inc.,59101010,전력 유틸리티,7538553464,"10조 1,884억원",USD
SARO,StandardAero  Inc.,52101010,항공우주 및 방위,7538344638,"10조 1,881억원",USD
GAP,The Gap  Inc.,53403040,의류 및 액세서리 소매,7538257140,"10조 1,880억원",USD
OKLO,Oklo Inc.,59101010,전력 유틸리티,7524413943,"10조 1,692억원",USD
ASR,Grupo Aeroportuario del Sureste SAB de CV ADR,52407010,공항 운영 및 서비스,7341300000,"9조 9,218억원",USD
COMP,Compass Inc,57201010,IT 서비스 및 컨설팅,7325239645,"9조 9,001억원",USD
SSD,Simpson Manufacturing Co.  Inc.,53203020,건설 자재 및 비품,7241993309,"9조 7,876억원",USD
TRNO,Terreno Realty Corporation,60102020,상업용 REITs,7235628584,"9조 7,790억원",USD
FLR,Fluor Corp,52201020,건설 및 엔지니어링,7226029850,"9조 7,660억원",USD
SOBO,South Bow Corporation,50103030,오일 및 가스 수송 서비스,7217495194,"9조 7,544억원",USD
ACA,Arcosa  Inc.,52201020,건설 및 엔지니어링,7199058199,"9조 7,295억원",USD
STAG,STAG Industrial  Inc.,60102020,상업용 REITs,7195606838,"9조 7,249억원",USD
NOV,NOV Inc.,50103020,오일 관련 서비스 및 장비,7193728563,"9조 7,223억원",USD
CMC,Commercial Metals Co,51201020,철 및 강철,7190581775,"9조 7,181억원",USD
NE,Noble Corporation PLC,50103010,오일 및 가스 시추,7190285499,"9조 7,177억원",USD
CLF,Cleveland-Cliffs Inc,51201020,철 및 강철,7148866789,"9조 6,617억원",USD
BA PRA,Boeing Depositary Shares Representing a 1 20th int in a share of 6 00 Mndtry,52101010,항공우주 및 방위,7120800000,"9조 6,238억원",USD
PRMB,Primo Brands Corp,54101030,무알콜 음료,7108574366,"9조 6,072억원",USD
HIMS,Hims & Hers Health  Inc.,56102010,의료 시설 및 서비스,7099727158,"9조 5,953억원",USD
CAG,Conagra Brands  Inc.,54102020,식품 가공,7095399438,"9조 5,894억원",USD
AXTA,Axalta Coating Systems Ltd.,51101010,상품 화학,7071220701,"9조 5,568억원",USD
FAF,First American Financial Corp,55301020,손해보험,7069404000,"9조 5,543억원",USD
FSS,Federal Signal Corp,52102020,중장비 및 차량,7057350997,"9조 5,380억원",USD
AXS,AXIS Capital Holdings Limited,55301010,복합보험 및 중개인,7025197001,"9조 4,946억원",USD
OR,OR Royalties Inc,51201050,특수 채굴 및 금속,6997784205,"9조 4,575억원",USD
KEX,Kirby Corp,52405020,해양 화물 및 물류,6994416000,"9조 4,530억원",USD
JAN,Janus Living Inc,60102010,복합부동산 REITs,6977284091,"9조 4,298억원",USD
ICL,ICL Group Ltd.,51101020,농화학제,6969879149,"9조 4,198억원",USD
TFPM,Triple Flag Precious Metals Corp.,51201060,금,6948482236,"9조 3,909억원",USD
AWI,Armstrong World Industries  Inc.,53203020,건설 자재 및 비품,6923073527,"9조 3,565억원",USD
PATH,UiPath Inc,57201020,소프트웨어,6905309169,"9조 3,325억원",USD
MSA,Msa Safety Inc,52203060,비즈니스 지원 용품,6902041685,"9조 3,281억원",USD
ETSY,Etsy  Inc.,53402010,백화점,6896480545,"9조 3,206억원",USD
LAD,Lithia Motors Inc,53403010,"자동차 차량, 부품 및 서비스 소매",6865766789,"9조 2,791억원",USD
OMF,OneMain Holdings  Inc.,55101030,소비자 대출,6796649989,"9조 1,857억원",USD
ESE,ESCO Technologies Inc.,52102010,산업용 기계 및 장비,6782860116,"9조 1,670억원",USD
MATX,Matson Inc,52405020,해양 화물 및 물류,6781506205,"9조 1,652억원",USD
MSM,MSC Industrial Direct Co.  Inc.,52102010,산업용 기계 및 장비,6778065188,"9조 1,606억원",USD
BROS,Dutch Bros Inc.,53301020,레스토랑 및 바,6770663312,"9조 1,506억원",USD
TEX,Terex Corporation,52102020,중장비 및 차량,6719697000,9조 817억원,USD
LB,LandBridge Company LLC,50102020,"오일, 가스 탐사 및 생산",6699493157,9조 544억원,USD
NXE,NexGen Energy Ltd.,50301010,우라늄,6672732577,9조 182억원,USD
PDI,PIMCO Dynamic Income Fund,55501030,폐쇄형 펀드,6627989160,"8조 9,577억원",USD
VNO,Vornado Realty Trust,60102020,상업용 REITs,6587500334,"8조 9,030억원",USD
LUMN,Lumen Technologies  Inc.,57401010,통합 통신 서비스,6580621678,"8조 8,937억원",USD
PACS,PACS Group  Inc.,56102010,의료 시설 및 서비스,6575677966,"8조 8,870억원",USD
TAL,TAL Education Group ADR,63101010,기타 교육 서비스 제공,6569271266,"8조 8,784억원",USD
NCLH,Norwegian Cruise Line Holdings Ltd.,53301010,"호텔, 모텔 및 크루즈 라인",6529651170,"8조 8,248억원",USD
HXL,Hexcel Corporation,52101010,항공우주 및 방위,6502104403,"8조 7,876억원",USD
TAP,Molson Coors Beverage Company Class B,54101010,양조업,6421471471,"8조 6,786억원",USD
MTDR,Matador Resources Company,50102020,"오일, 가스 탐사 및 생산",6417893642,"8조 6,738억원",USD
VSXY,Victoria's Secret & Co.,53403040,의류 및 액세서리 소매,6685821749,9조 359억원,USD
RNG,RingCentral Inc,57201020,소프트웨어,6657946296,"8조 9,982억원",USD
GTES,Gates Industrial Corporation Ltd,52102010,산업용 기계 및 장비,6619903096,"8조 9,468억원",USD
BLDR,Builders FirstSource Inc,53203020,건설 자재 및 비품,6549396338,"8조 8,515억원",USD
CHE,Chemed Corporation,56102010,의료 시설 및 서비스,6490804032,"8조 7,723억원",USD
ENS,EnerSys,52102030,전기 부품 및 장비,6483084666,"8조 7,619억원",USD
MAC,The Macerich Company,60102020,상업용 REITs,6465153750,"8조 7,377억원",USD
GATX,GATX Corporation,55101050,기업 금융 서비스,6460253000,"8조 7,310억원",USD
TXNM,TXNM Energy Inc,59101010,전력 유틸리티,6456673133,"8조 7,262억원",USD
OGC,OceanaGold Corp,51201060,금,6439360323,"8조 7,028억원",USD
JOBY,Joby Aviation  Inc.,52101010,항공우주 및 방위,6400551426,"8조 6,503억원",USD
LW,Lamb Weston Holdings  Inc.,54102020,식품 가공,6373719205,"8조 6,141억원",USD
NPO,Enpro Inc.,52102010,산업용 기계 및 장비,6366391738,"8조 6,042억원",USD
CWEN,Clearway Energy Inc,59101020,민자 발전 사업,6291674214,"8조 5,032억원",USD
INGM,Ingram Micro Holding Corporation,57201010,IT 서비스 및 컨설팅,6283230265,"8조 4,918억원",USD
SGHC,SGHC Limited,53301030,카지노 및 도박,6274748332,"8조 4,803억원",USD
GGB,Gerdau SA ADR,51201020,철 및 강철,6255772496,"8조 4,547억원",USD
IFS,Intercorp Financial Services Inc,55101010,은행,6233360640,"8조 4,244억원",USD
HR,Healthcare Realty Trust Inc,60102040,특수 REITs,6230645237,"8조 4,207억원",USD
TBBB,BBB Foods Inc.,54301020,식품 소매 및 유통,6226627828,"8조 4,153억원",USD
FNB,FNB Corp,55101010,은행,6219877127,"8조 4,062억원",USD
BLCO,Bausch + Lomb Corp,56101020,"의료 장비, 물품 및 유통",6189352401,"8조 3,649억원",USD
WEX,WEX Inc.,52203040,경영 지원 서비스,6176610362,"8조 3,477억원",USD
INGR,Ingredion Inc,54102020,식품 가공,6174594184,"8조 3,450억원",USD
PL,Planet Labs PBC,52101010,항공우주 및 방위,6152669494,"8조 3,153억원",USD
CAVA,CAVA Group  Inc.,53301020,레스토랑 및 바,6151014387,"8조 3,131억원",USD
ST,Sensata Technologies Holding PLC,57104010,전자 장비 및 부품,6135791942,"8조 2,925억원",USD
RIG,Transocean Ltd.,50103010,오일 및 가스 시추,6131671667,"8조 2,870억원",USD
BLSH,Bullish,57301030,블록 체인 및 암호화폐,6117299866,"8조 2,675억원",USD
ENIC,Enel Chile SA ADR,59101010,전력 유틸리티,6114323656,"8조 2,635억원",USD
CMBT,CMB.TECH NV,50103030,오일 및 가스 수송 서비스,6111007693,"8조 2,590억원",USD
VIPS,Vipshop Holdings Limited ADR,57201030,온라인 서비스,6085027742,"8조 2,239억원",USD
DPC,DPC Holdings PLC,51201050,특수 채굴 및 금속,6072826100,"8조 2,074억원",USD
SWX,Southwest Gas Holdings  Inc.,59102010,천연가스 유틸리티,6048504267,"8조 1,746억원",USD
LEA,Lear Corporation,53101020,"자동차, 트럭 및 오토바이 부품",6037351114,"8조 1,595억원",USD
ELF,e.l.f. Beauty  Inc.,54201020,개인 생활 필수 용품,6025896552,"8조 1,440억원",USD
RYN,Rayonier Inc.,60102040,특수 REITs,6022761970,"8조 1,398억원",USD
LOAR,Loar Holdings Inc.,52101010,항공우주 및 방위,6011989184,"8조 1,252억원",USD
MTG,MGIC Investment Corporation,55301020,손해보험,6008106564,"8조 1,200억원",USD
ANDG,Andersen Group Inc,55102020,투자 관리 및 펀드 운영,6007596046,"8조 1,193억원",USD
PJT,PJT Partners Inc.,55102010,투자 은행 및 중개 서비스,5990890869,8조 967억원,USD
ORA,Ormat Technologies Inc,59101010,전력 유틸리티,5982422420,8조 852억원,USD
M,Macy's Inc,53402010,백화점,5949603996,8조 409억원,USD
ECG,Everus Construction Group  Inc.,52201020,건설 및 엔지니어링,5937192212,8조 241억원,USD
STVN,Stevanato Group SpA,56101020,"의료 장비, 물품 및 유통",5926838041,8조 101억원,USD
ESNT,Essent Group Ltd.,55301020,손해보험,5904885590,"7조 9,805억원",USD
JBTM,JBT Marel Corporation,52102010,산업용 기계 및 장비,5880237207,"7조 9,471억원",USD
KOF,Coca-Cola Femsa SAB de CV ADR,54101030,무알콜 음료,5876548396,"7조 9,422억원",USD
ACI,Albertsons Companies  Inc.,54301020,식품 소매 및 유통,5857880994,"7조 9,169억원",USD
JMKE,Jersey Mike's Subs Inc,53301020,레스토랑 및 바,5850908538,"7조 9,075억원",USD
EPRT,Essential Properties Realty Trust  Inc.,60102010,복합부동산 REITs,5850184758,"7조 9,065억원",USD
HOMB,Home BancShares Inc,55101010,은행,5829446218,"7조 8,785억원",USD
ANF,Abercrombie & Fitch Co.,53403040,의류 및 액세서리 소매,5779986491,"7조 8,117억원",USD
BXSL,Blackstone Secured Lending Fund,55102020,투자 관리 및 펀드 운영,5759019957,"7조 7,833억원",USD
EPAM,EPAM Systems  Inc.,57201010,IT 서비스 및 컨설팅,5754011861,"7조 7,765억원",USD
GBCI,Glacier Bancorp Inc,55101010,은행,5750159844,"7조 7,713억원",USD
VAL,Valaris Ltd,50103010,오일 및 가스 시추,5743729955,"7조 7,627억원",USD
G,Genpact Limited,52203040,경영 지원 서비스,5694686053,"7조 6,964억원",USD
MGY,Magnolia Oil & Gas Corp,50102020,"오일, 가스 탐사 및 생산",5691985580,"7조 6,927억원",USD
KGS,Kodiak Gas Services Inc,50103020,오일 관련 서비스 및 장비,5529379455,"7조 4,730억원",USD
SNDR,Schneider National  Inc.,52405030,지상 화물 및 물류,5697279218,"7조 6,999억원",USD
WFG,West Fraser Timber Co. Ltd.,51301010,임업 및 목재 제품,5649980606,"7조 6,359억원",USD
IBP,Installed Building Products  Inc.,52201020,건설 및 엔지니어링,5633190773,"7조 6,133억원",USD
MBGL,Mobility Global Inc,52203040,경영 지원 서비스,5628138999,"7조 6,064억원",USD
EXP,Eagle Materials Inc,51202010,건설 자재,5618492527,"7조 5,934억원",USD
AN,AutoNation  Inc.,53403010,"자동차 차량, 부품 및 서비스 소매",5607443306,"7조 5,785억원",USD
STWD,Starwood Property Trust Inc (Maryland),60102040,특수 REITs,5589551145,"7조 5,543억원",USD
POR,Portland General Electric Co,59101010,전력 유틸리티,5571078644,"7조 5,293억원",USD
BEPC,Brhc Holdings Ltd,59101010,전력 유틸리티,5567977800,"7조 5,251억원",USD
SXT,Sensient Technologies Corporation,51101030,특수 화학제,5567641307,"7조 5,247억원",USD
ABCB,Ameris Bancorp,55101010,은행,5549097593,"7조 4,996억원",USD
WPP,WPP PLC ADR,53302010,광고 및 마케팅,5547201735,"7조 4,970억원",USD
AUB,Atlantic Union Bankshares Corporation,55101010,은행,5521223879,"7조 4,619억원",USD
CPA,Copa Holdings  S.A.,52406010,항공사,5515928630,"7조 4,548억원",USD
OBDC,Blue Owl Capital Corp,55102020,투자 관리 및 펀드 운영,5493608219,"7조 4,246억원",USD
ASB,Associated Banc-Corp,55101010,은행,5480417104,"7조 4,068억원",USD
BKH,Black Hills Corp,59104010,복합 유틸리티,5472687930,"7조 3,963억원",USD
DLB,Dolby Laboratories  Inc.,57201020,소프트웨어,5470257628,"7조 3,931억원",USD
BETA,BETA Technologies  Inc.,52101010,항공우주 및 방위,5446147877,"7조 3,605억원",USD
MCY,Mercury General Corporation,55301020,손해보험,5424208242,"7조 3,308억원",USD
BBUC,Brookfield Business Holdings Corp,54401010,소비재 대기업,5386689607,"7조 2,801억원",USD
RITM,Rithm Capital Corp.,60102040,특수 REITs,5383043779,"7조 2,752억원",USD
NJR,New Jersey Resources Corp,59102010,천연가스 유틸리티,5349390113,"7조 2,297억원",USD
RLI,RLI Corp,55301020,손해보험,5334762746,"7조 2,099억원",USD
AROC,Archrock  Inc.,50103020,오일 관련 서비스 및 장비,5330280824,"7조 2,039억원",USD
VFC,VF Corp,53202020,의류 및 액세서리,5326973424,"7조 1,994억원",USD
WHD,Cactus  Inc.,50103020,오일 관련 서비스 및 장비,5318300730,"7조 1,877억원",USD
NIQ,NIQ Global Intelligence PLC,53302010,광고 및 마케팅,5297407317,"7조 1,594억원",USD
TFX,Teleflex Incorporated,56101020,"의료 장비, 물품 및 유통",5292312385,"7조 1,526억원",USD
HRB,H & R Block Inc,54201030,개인 서비스,5283177417,"7조 1,402억원",USD
YOU,CLEAR Secure  Inc.,57201020,소프트웨어,5280293840,"7조 1,363억원",USD
MTRN,Materion Corporation,51201080,다각적 채굴,5277182543,"7조 1,321억원",USD
SEI,Solaris Energy Infrastructure  Inc.,50103020,오일 관련 서비스 및 장비,5264474361,"7조 1,149억원",USD
GXO,GXO Logistics  Inc.,52405010,"배달, 우편, 항공 화물 및 육상 물류",5249113181,7조 942억원,USD
CVI,CVR Energy Inc,50102030,"오일, 가스 정제 및 마케팅",5240660126,7조 828억원,USD
BYD,Boyd Gaming Corporation,53301030,카지노 및 도박,5237002241,7조 778억원,USD
MAIN,Main Street Capital Corp,55102010,투자 은행 및 중개 서비스,5236473816,7조 771억원,USD
BIRK,Birkenstock Holding PLC,53202030,제화,5231198143,7조 700억원,USD
FND,Floor & Decor Holdings  Inc.,53403020,주택 개조 제품 및 서비스 소매,5227592382,7조 651억원,USD
AGX,Argan  Inc.,52201020,건설 및 엔지니어링,5208578843,7조 394억원,USD
FLG,Flagstar Bank NA,55101010,은행,5205264163,7조 349억원,USD
KLAR,Klarna Group PLC,57201020,소프트웨어,5168811354,"6조 9,856억원",USD
INSW,International Seaways  Inc.,50103030,오일 및 가스 수송 서비스,5148779778,"6조 9,586억원",USD
PIPR,Piper Sandler Companies,55102010,투자 은행 및 중개 서비스,5140556967,"6조 9,475억원",USD
SPHR,Sphere Entertainment Co.,53301040,여가 및 오락시설,5096499969,"6조 8,879억원",USD
VSH,Vishay Intertechnology Inc,57101010,반도체,5082985594,"6조 8,697억원",USD
MDA,MDA Space Ltd.,52101010,항공우주 및 방위,5079557870,"6조 8,650억원",USD
GVA,Granite Construction Incorporated,52201020,건설 및 엔지니어링,5079326677,"6조 8,647억원",USD
MUR,Murphy Oil Corp,50102020,"오일, 가스 탐사 및 생산",5072824203,"6조 8,559억원",USD
BB,BlackBerry Limited,57201020,소프트웨어,5060218245,"6조 8,389억원",USD
AX,Axos Financial  Inc.,55101010,은행,5056776467,"6조 8,342억원",USD
WH,Wyndham Hotels & Resorts  Inc.,53301010,"호텔, 모텔 및 크루즈 라인",5035966739,"6조 8,061억원",USD
KRG,Kite Realty Group Trust,60102020,상업용 REITs,5026704549,"6조 7,936억원",USD
CNO,CNO Financial Group  Inc.,55301030,생명 및 건강 보험,4992453179,"6조 7,473억원",USD
OUT,OUTFRONT Media Inc.,60102040,특수 REITs,4965252726,"6조 7,105억원",USD
MTN,Vail Resorts  Inc.,53301040,여가 및 오락시설,4952347443,"6조 6,931억원",USD
GBTG,Global Business Travel Group  Inc.,57201030,온라인 서비스,4941652771,"6조 6,786억원",USD
HAE,Haemonetics Corp,56101020,"의료 장비, 물품 및 유통",4937339975,"6조 6,728억원",USD
RSI,Rush Street Interactive  Inc.,53301030,카지노 및 도박,4918230657,"6조 6,470억원",USD
PRM,Perimeter Solutions  Inc.,51101030,특수 화학제,4872959698,"6조 5,858억원",USD
CE,Celanese Corp,51101030,특수 화학제,5206489049,7조 366억원,USD
SON,Sonoco Products Company,51302020,종이 포장재,5011973902,"6조 7,737억원",USD
CSW,CSW Industrials  Inc.,52201020,건설 및 엔지니어링,4938881779,"6조 6,749억원",USD
MANE,Veradermics  Incorporated,56201040,제약,4935905267,"6조 6,709억원",USD
WTM,White Mountains Insurance Group  Ltd.,55301020,손해보험,4901465714,"6조 6,243억원",USD
GHC,Graham Holdings Co,63102010,"초, 중, 고등 교육기관",4870294248,"6조 5,822억원",USD
HCC,Warrior Met Coal Inc,51201020,철 및 강철,4863072213,"6조 5,724억원",USD
ATH PRA,Athene Holding DS Representing 1 1000 Pref Shs Series A,55501050,연금,4860759553,"6조 5,693억원",USD
GOLF,Acushnet Holdings Corp,53205020,오락용 제품,4859299661,"6조 5,673억원",USD
CNX,CNX Resources Corporation,50102020,"오일, 가스 탐사 및 생산",4854030730,"6조 5,602억원",USD
SKY,Champion Homes Inc,53203010,주택 건설,4822247105,"6조 5,173억원",USD
AMTM,Amentum Holdings  Inc.,52201020,건설 및 엔지니어링,4816776336,"6조 5,099억원",USD
HRI,Herc Holdings Inc.,52203040,경영 지원 서비스,4816468137,"6조 5,095억원",USD
OTF,Blue Owl Technology Finance Corp,55102020,투자 관리 및 펀드 운영,4806364731,"6조 4,958억원",USD
FBIN,Fortune Brands Innovations  Inc.,53203020,건설 자재 및 비품,4801120805,"6조 4,887억원",USD
UNF,UniFirst Corporation,52203040,경영 지원 서비스,4792667528,"6조 4,773억원",USD
ADT,ADT Inc,57102010,통신 및 네트워킹,4777857482,"6조 4,573억원",USD
MRP,Millrose Properties Inc,60101010,"부동산 임대, 개발 및 운영",4770556943,"6조 4,474억원",USD
HASI,HA Sustainable Infrastructure Capital Inc,55102020,투자 관리 및 펀드 운영,4760835422,"6조 4,343억원",USD
CUZ,Cousins Properties Inc,60102020,상업용 REITs,4756999476,"6조 4,291억원",USD
LPX,Louisiana-Pacific Corporation,51301010,임업 및 목재 제품,4756190348,"6조 4,280억원",USD
AIR,AAR CORP.,52101010,항공우주 및 방위,4740478410,"6조 4,068억원",USD
DOCS,Doximity  Inc.,57201020,소프트웨어,4725300930,"6조 3,862억원",USD
PSN,Parsons Corp,52101010,항공우주 및 방위,4709049821,"6조 3,643억원",USD
ORCL PRD,Oracle Depositary Shares Rep 1 2000th Prf Series D,57201020,소프트웨어,4700000000,"6조 3,521억원",USD
HPE PRC,Hewlett Packard Enterprise 7 625 Mandatory Convertible Pref Shs Series C,57106010,컴퓨터 하드웨어,4687800000,"6조 3,356억원",USD
BMA,Banco Macro SA ADR,55101010,은행,4686205940,"6조 3,334억원",USD
ALK,Alaska Air Group Inc,52406010,항공사,4677286759,"6조 3,214억원",USD
CNR,Core Natural Resources  Inc.,50101010,석탄,4662333620,"6조 3,011억원",USD
HGTY,Hagerty Inc,55301020,손해보험,4656087300,"6조 2,927억원",USD
SR,Spire Inc,59102010,천연가스 유틸리티,4640355350,"6조 2,714억원",USD
OGS,ONE Gas  Inc.,59102010,천연가스 유틸리티,4624335784,"6조 2,498억원",USD
CRC,California Resources Corporation,50102020,"오일, 가스 탐사 및 생산",4621299033,"6조 2,457억원",USD
HAFN,Hafnia Limited,50103030,오일 및 가스 수송 서비스,4613544235,"6조 2,352억원",USD
MC,Moelis & Company,55102010,투자 은행 및 중개 서비스,4608482724,"6조 2,284억원",USD
RDN,Radian Group Inc.,55301020,손해보험,4589532721,"6조 2,028억원",USD
OII,Oceaneering International Inc,50103020,오일 관련 서비스 및 장비,4589311931,"6조 2,025억원",USD
CGAU,Centerra Gold Inc.,51201060,금,4587009212,"6조 1,993억원",USD
SFBS,ServisFirst Bancshares Inc,55101010,은행,4565154585,"6조 1,698억원",USD
TKC,Turkcell Iletisim Hizmetleri AS ADR,57401010,통합 통신 서비스,4561673190,"6조 1,651억원",USD
BF A,Brown-Forman Corporation Class A,54101020,증류주 및 포도주,4538874072,"6조 1,343억원",USD
KVYO,Klaviyo  Inc.,57201020,소프트웨어,4518624425,"6조 1,069억원",USD
CHH,Choice Hotels International  Inc.,53301010,"호텔, 모텔 및 크루즈 라인",4515264959,"6조 1,024억원",USD
BOX,Box Inc,57201020,소프트웨어,4509789409,6조 950억원,USD
NNI,Nelnet  Inc.,55101030,소비자 대출,4508924777,6조 938억원,USD
TPC,Tutor Perini Corporation,52201020,건설 및 엔지니어링,4508853165,6조 937억원,USD
TREX,Trex Company  Inc.,53203020,건설 자재 및 비품,4495310835,6조 754억원,USD
DK,Delek US Holdings Inc,50102030,"오일, 가스 정제 및 마케팅",4490767641,6조 693억원,USD
KRMN,Karman Holdings Inc,52101010,항공우주 및 방위,4439879218,6조 5억원,USD
EPR,Epr Properties,60102010,복합부동산 REITs,4431060048,"5조 9,886억원",USD
BIPC,Brookfield Infrastructure Corp,59102010,천연가스 유틸리티,4429679333,"5조 9,867억원",USD
KBR,KBR Inc,57201010,IT 서비스 및 컨설팅,4413632103,"5조 9,650억원",USD
CON,Concentra Group Holdings Parent Inc,56102010,의료 시설 및 서비스,4412938632,"5조 9,641억원",USD
BCO,The Brink's Company,52203040,경영 지원 서비스,4412233594,"5조 9,631억원",USD
PAM,Pampa Energia SA ADR,59101010,전력 유틸리티,4388378744,"5조 9,309억원",USD
BBU,Brookfield Business Partners Units,60101010,"부동산 임대, 개발 및 운영",4378873073,"5조 9,180억원",USD
WFC PRL,Wells Fargo 7.50% Non Cumulative Perpetual Convertible Pref Shs Class A Series L,55101010,은행,4377387280,"5조 9,160억원",USD
CRGY,Crescent Energy Company,50102020,"오일, 가스 탐사 및 생산",4298552085,"5조 8,095억원",USD
FHI,Federated Hermes Inc,55102020,투자 관리 및 펀드 운영,4249663195,"5조 7,434억원",USD
PAY,Paymentus Holdings Inc,52203040,경영 지원 서비스,4067850598,"5조 4,977억원",USD
BDC,Belden Inc.,57102010,통신 및 네트워킹,4416617147,"5조 9,691억원",USD
GFF,Griffon Corporation,53203020,건설 자재 및 비품,4414423021,"5조 9,661억원",USD
ACHR,Archer Aviation Inc.,52101010,항공우주 및 방위,4381452492,"5조 9,215억원",USD
TDW,Tidewater Inc.,50103020,오일 관련 서비스 및 장비,4336753094,"5조 8,611억원",USD
MTH,Meritage Homes Corp,53203010,주택 건설,4327559775,"5조 8,487억원",USD
BC,Brunswick Corp,53205020,오락용 제품,4314860731,"5조 8,315억원",USD
ARX,Accelerant Holdings,57201030,온라인 서비스,4298161444,"5조 8,090억원",USD
ITGR,Integer Holdings Corp,56101010,첨단 의료 장비 및 기술,4294849600,"5조 8,045억원",USD
ESAB,ESAB Corp,52102010,산업용 기계 및 장비,4254764916,"5조 7,503억원",USD
OPLN,OPENLANE  Inc.,53403010,"자동차 차량, 부품 및 서비스 소매",4252475867,"5조 7,472억원",USD
VNT,Vontier Corporation,57104010,전자 장비 및 부품,4247984000,"5조 7,412억원",USD
TDS,Telephone and Data Systems  Inc.,57401020,무선 통신 서비스,4223606040,"5조 7,082억원",USD
ALH,Alliance Laundry Holdings Inc.,52102010,산업용 기계 및 장비,4220637563,"5조 7,042억원",USD
ENVA,Enova International  Inc.,55101030,소비자 대출,4207326732,"5조 6,862억원",USD
DX,Dynex Capital  Inc.,60102040,특수 REITs,4204669596,"5조 6,826억원",USD
CVSA,Covista Inc.,63101010,기타 교육 서비스 제공,4186774860,"5조 6,584억원",USD
SKE,Skeena Resources Limited,51201080,다각적 채굴,4173853909,"5조 6,410억원",USD
CNK,Cinemark Holdings Inc,53301040,여가 및 오락시설,4158917357,"5조 6,208억원",USD
COLD,Americold Realty Trust Inc,60102020,상업용 REITs,4153742017,"5조 6,138억원",USD
CIG,Companhia Energetica Minas Gerais ADR Repstg One Pref Shs,59101010,전력 유틸리티,4150894627,"5조 6,099억원",USD
KFY,Korn Ferry,52203030,고용 서비스,4138834437,"5조 5,936억원",USD
STNG,Scorpio Tankers Inc.,50103030,오일 및 가스 수송 서비스,4123197710,"5조 5,725억원",USD
UCB,United Community Banks Inc,55101010,은행,4122476448,"5조 5,715억원",USD
SITE,SiteOne Landscape Supply Inc,52202010,다각적 산업용 제품 도매,4120632262,"5조 5,690억원",USD
AZZ,AZZ Inc,51201020,철 및 강철,4112247397,"5조 5,577억원",USD
PRIM,Primoris Services Corporation,52201020,건설 및 엔지니어링,4108483197,"5조 5,526억원",USD
FBP,First BanCorp,55101010,은행,4108303092,"5조 5,524억원",USD
MIR,Mirion Technologies  Inc.,52102010,산업용 기계 및 장비,4106630799,"5조 5,501억원",USD
CBT,Cabot Corp,51101030,특수 화학제,4103116126,"5조 5,454억원",USD
ARIS,Aris Mining Corporation,51201060,금,4095327029,"5조 5,348억원",USD
SKT,Tanger Inc.,60102020,상업용 REITs,4089692008,"5조 5,272억원",USD
KRC,Kilroy Realty Corporation,60102020,상업용 REITs,4040574243,"5조 4,608억원",USD
AQN,Algonquin Power & Utilities Corp.,59104010,복합 유틸리티,4011296496,"5조 4,213억원",USD
HP,Helmerich & Payne  Inc.,50103010,오일 및 가스 시추,3976570622,"5조 3,743억원",USD
CAAP,Corporacion America Airports SA,52407010,공항 운영 및 서비스,3968563887,"5조 3,635억원",USD
BILL,BILL Holdings  Inc.,57201020,소프트웨어,3964517595,"5조 3,580억원",USD
PARR,Par Pacific Holdings  Inc.,50102030,"오일, 가스 정제 및 마케팅",3963381492,"5조 3,565억원",USD
SLGN,Silgan Holdings Inc.,51302010,용기(종이 제외) 및 포장재,3957791649,"5조 3,490억원",USD
HHH,Howard Hughes Holdings Inc,60101010,"부동산 임대, 개발 및 운영",3946859244,"5조 3,342억원",USD
BFH,Bread Financial Holdings  Inc.,55101030,소비자 대출,3945274631,"5조 3,320억원",USD
PSUS,Pershing Square USA Ltd,55501030,폐쇄형 펀드,3919000000,"5조 2,965억원",USD
GEO,The GEO Group  Inc.,52203040,경영 지원 서비스,3914366428,"5조 2,903억원",USD
BNL,Broadstone Net Lease  Inc.,60102020,상업용 REITs,3911963548,"5조 2,870억원",USD
CRK,Comstock Resources  Inc.,50102020,"오일, 가스 탐사 및 생산",3911025699,"5조 2,858억원",USD
BRC,Brady Corporation,52203060,비즈니스 지원 용품,3910925455,"5조 2,856억원",USD
EE,Excelerate Energy  Inc.,59102010,천연가스 유틸리티,3907836538,"5조 2,814억원",USD
MDU,MDU Resources Group  Inc.,59104010,복합 유틸리티,3904085903,"5조 2,764억원",USD
SUNC,SunocoCorp Units,50103030,오일 및 가스 수송 서비스,3903458092,"5조 2,755억원",USD
CDP,Copt Defense Properties,60102020,상업용 REITs,3894515128,"5조 2,634억원",USD
BWLP,BW LPG Ltd,50103030,오일 및 가스 수송 서비스,3892852080,"5조 2,612억원",USD
TNL,Travel + Leisure Co,53301010,"호텔, 모텔 및 크루즈 라인",3847910066,"5조 2,005억원",USD
BMI,Badger Meter  Inc.,52102010,산업용 기계 및 장비,3833800384,"5조 1,814억원",USD
CNS,Cohen & Steers Inc,55102020,투자 관리 및 펀드 운영,3832961070,"5조 1,802억원",USD
BAC PRL,Bank of America 7.25% Non Cumulative Perpetual Conv Pref Series L,55101010,은행,3808337025,"5조 1,470억원",USD
WK,Workiva Inc.,57201020,소프트웨어,3799903357,"5조 1,356억원",USD
MSGE,Madison Square Garden Entertainment Corp,53302030,엔터테인먼트 제작,3792460610,"5조 1,255억원",USD
NP,Neptune Insurance Holdings Inc.,55301010,복합보험 및 중개인,3780771630,"5조 1,097억원",USD
TAC,TransAlta Corp,59101020,민자 발전 사업,3770180278,5조 954억원,USD
FCN,FTI Consulting  Inc.,52203040,경영 지원 서비스,3719279153,5조 266억원,USD
USAC,USA Compression Partners Common Unit,50103020,오일 관련 서비스 및 장비,3703302465,5조 50억원,USD
BOOT,Boot Barn Holdings  Inc.,53403040,의류 및 액세서리 소매,3915224632,"5조 2,914억원",USD
ERO,Ero Copper Corp.,51201050,특수 채굴 및 금속,3889445185,"5조 2,566억원",USD
NVST,Envista Holdings Corporation,56101020,"의료 장비, 물품 및 유통",3883736204,"5조 2,489억원",USD
XXI,Twenty One Capital Inc,57301030,블록 체인 및 암호화폐,3869120887,"5조 2,291억원",USD
SIG,Signet Jewelers Limited,53403040,의류 및 액세서리 소매,3847817542,"5조 2,003억원",USD
RHI,Robert Half Inc,52203030,고용 서비스,3846757496,"5조 1,989억원",USD
THO,THOR Industries  Inc.,53205020,오락용 제품,3841834127,"5조 1,922억원",USD
PHI,PLDT Inc. ADR,57401010,통합 통신 서비스,3828508333,"5조 1,742억원",USD
DNP,DNP Select Income Fund Inc,55501030,폐쇄형 펀드,3825906412,"5조 1,707억원",USD
SMR,Nuscale Power Corp,59101010,전력 유틸리티,3820239888,"5조 1,631억원",USD
AVNT,Avient Corp,51101030,특수 화학제,3782514242,"5조 1,121억원",USD
JOE,St Joe Co,60101010,"부동산 임대, 개발 및 운영",3769365161,5조 943억원,USD
APLE,Apple Hospitality REIT Inc,60102040,특수 REITs,3725384974,5조 349억원,USD
SLG,SL Green Realty Corp,60102020,상업용 REITs,3718203119,5조 252억원,USD
KTB,Kontoor Brands  Inc.,53202020,의류 및 액세서리,3706608508,5조 95억원,USD
ATMU,Atmus Filtration Technologies Inc.,53101020,"자동차, 트럭 및 오토바이 부품",3704436926,5조 65억원,USD
LMND,Lemonade Inc,55301020,손해보험,3691044569,"4조 9,884억원",USD
GNW,Genworth Financial Inc,55301010,복합보험 및 중개인,3687826121,"4조 9,841억원",USD
ZIM,ZIM Integrated Shipping Services Ltd,52405020,해양 화물 및 물류,3677055010,"4조 9,695억원",USD
VVV,Valvoline Inc.,54201030,개인 서비스,3657902604,"4조 9,437억원",USD
GPGI,GPGI Inc (Nevada),52203040,경영 지원 서비스,3652615033,"4조 9,365억원",USD
WBI,WaterBridge Infrastructure LLC,59103010,수자원 유틸리티,3649365538,"4조 9,321억원",USD
MIAX,Miami International Holdings  Inc.,55102050,"금융, 상품 시장 운영 및 서비스 제공",3647727810,"4조 9,299억원",USD
HG,Hamilton Insurance Group  Ltd.,55301050,재보험,3635117740,"4조 9,129억원",USD
RNST,Renasant Corp,55101010,은행,3634241528,"4조 9,117억원",USD
FSM,Fortuna Mining Corp,51201060,금,3613639695,"4조 8,838억원",USD
MHO,M/I Homes Inc,53203010,주택 건설,3607130033,"4조 8,750억원",USD
OGN,Organon & Co.,56201040,제약,3597749232,"4조 8,624억원",USD
WT,WisdomTree  Inc.,55102020,투자 관리 및 펀드 운영,3595382394,"4조 8,592억원",USD
LXP,LXP Industrial Trust,60102020,상업용 REITs,3588728660,"4조 8,502억원",USD
LAZ,Lazard  Inc.,55102020,투자 관리 및 펀드 운영,3566690935,"4조 8,204억원",USD
QTWO,Q2 Holdings Inc,57201020,소프트웨어,3545487958,"4조 7,917억원",USD
MANU,Manchester United PLC,53301040,여가 및 오락시설,3536628662,"4조 7,798억원",USD
SA,Seabridge Gold Inc.,51201060,금,3512286793,"4조 7,469억원",USD
PVH,PVH Corp.,53202020,의류 및 액세서리,3501400146,"4조 7,321억원",USD
IRT,Independence Realty Trust  Inc.,60102030,주거용 REITs,3479589809,"4조 7,027억원",USD
PFSI,PennyMac Financial Services  Inc.,55101010,은행,3478677261,"4조 7,014억원",USD
NIC,Nicolet Bankshares Inc,55101010,은행,3471612028,"4조 6,919억원",USD
BBWI,Bath & Body Works  Inc.,53403090,기타 전문 소매,3464266477,"4조 6,820억원",USD
HNI,HNI Corporation,52203060,비즈니스 지원 용품,3449568222,"4조 6,621억원",USD
DHT,DHT Holdings  Inc.,50103030,오일 및 가스 수송 서비스,3448828906,"4조 6,611억원",USD
MWA,Mueller Water Products  Inc.,52102010,산업용 기계 및 장비,3437887452,"4조 6,463억원",USD
CSTM,Constellium SE,51201030,알루미늄,3432917350,"4조 6,396억원",USD
KEN,Kenon Holdings Ltd,59101010,전력 유틸리티,3432901194,"4조 6,396억원",USD
RCUS,Arcus Biosciences  Inc.,56202010,생명 공학 및 의학 연구,3421447813,"4조 6,241억원",USD
NATL,NCR Atleos Corporation,52203040,경영 지원 서비스,3415516289,"4조 6,161억원",USD
VAC,Marriott Vacations Worldwide Corporation,53301010,"호텔, 모텔 및 크루즈 라인",3410295978,"4조 6,090억원",USD
HIW,Highwoods Properties  Inc.,60102020,상업용 REITs,3391915988,"4조 5,842억원",USD
LION,Lionsgate Studios Corp.,53302030,엔터테인먼트 제작,3380277965,"4조 5,684억원",USD
AB,AllianceBernstein Holding Units,55102020,투자 관리 및 펀드 운영,3372011176,"4조 5,573억원",USD
ZGN,Ermenegildo Zegna NV,53202020,의류 및 액세서리,3363806244,"4조 5,462억원",USD
ABG,Asbury Automotive Group Inc,53403010,"자동차 차량, 부품 및 서비스 소매",3358085594,"4조 5,385억원",USD
AWR,American States Water Company,59103010,수자원 유틸리티,3344850478,"4조 5,206억원",USD
POST,Post Holdings  Inc.,54102020,식품 가공,3339398476,"4조 5,132억원",USD
VGNT,Versigent PLC,53101020,"자동차, 트럭 및 오토바이 부품",3335632629,"4조 5,081억원",USD
TNK,Teekay Tankers Ltd,50103030,오일 및 가스 수송 서비스,3315418707,"4조 4,808억원",USD
NHI,National Health Investors  Inc.,60102040,특수 REITs,3310534356,"4조 4,742억원",USD
LRN,Stride Inc,63101010,기타 교육 서비스 제공,3270344203,"4조 4,199억원",USD
AAMI,Acadian Asset Management Inc.,55102020,투자 관리 및 펀드 운영,3261542763,"4조 4,080억원",USD
PLNT,Planet Fitness Inc,53301040,여가 및 오락시설,3217709762,"4조 3,487억원",USD
SII,Sprott Inc,55102020,투자 관리 및 펀드 운영,3381870309,"4조 5,706억원",USD
SXI,Standex International Corp,52102010,산업용 기계 및 장비,3329996420,"4조 5,005억원",USD
CURB,Curbline Properties Corp.,60101010,"부동산 임대, 개발 및 운영",3313095120,"4조 4,776억원",USD
ADX,Adams Diversified Equity Fund，Inc.,55501030,폐쇄형 펀드,3268093668,"4조 4,168억원",USD
BTU,Peabody Energy Corp,50101010,석탄,3265701000,"4조 4,136억원",USD
RXO,RXO Inc,52405030,지상 화물 및 물류,3263888073,"4조 4,111억원",USD
DAN,Dana Inc,53101020,"자동차, 트럭 및 오토바이 부품",3249891473,"4조 3,922억원",USD
LEU,Centrus Energy Corp.,50301010,우라늄,3228114036,"4조 3,628억원",USD
HTGC,Hercules Capital  Inc.,55102020,투자 관리 및 펀드 운영,3222964080,"4조 3,558억원",USD
CBU,Community Financial System Inc,55101010,은행,3216936432,"4조 3,477억원",USD
KAI,Kadant Inc,52102010,산업용 기계 및 장비,3213378827,"4조 3,429억원",USD
AAUC,Allied Gold Corporation,51201060,금,3198157501,"4조 3,223억원",USD
ATKR,Atkore Inc.,52102030,전기 부품 및 장비,3191554359,"4조 3,134억원",USD
ASH,Ashland Inc.,51101090,다각적 화학 산업,3189966154,"4조 3,112억원",USD
EBR.B,Centrais Eletricas Brasileiras Eletrobras ADR Representing 1 Pref Shs,59101010,전력 유틸리티,3183720302,"4조 3,028억원",USD
YETI,YETI Holdings  Inc.,53205020,오락용 제품,3180851730,"4조 2,989억원",USD
CPK,Chesapeake Utilities Corporation,59102010,천연가스 유틸리티,3180123544,"4조 2,979억원",USD
CIG C,Companhia Energ ADR Reptg One Ord Shs,59101010,전력 유틸리티,3174674324,"4조 2,906억원",USD
KNF,Knife River Corp,51202010,건설 자재,3168534104,"4조 2,823억원",USD
INFQ,Infleqtion Inc,57104010,전자 장비 및 부품,3168520151,"4조 2,823억원",USD
BTE,Baytex Energy Corp.,50102020,"오일, 가스 탐사 및 생산",3161881529,"4조 2,733억원",USD
BFAM,Bright Horizons Family Solutions Inc.,54201030,개인 서비스,3159349478,"4조 2,699억원",USD
KN,Knowles Corporation,57104010,전자 장비 및 부품,3152495133,"4조 2,606억원",USD
CSQR,Csquare Inc,52203040,경영 지원 서비스,3144383278,"4조 2,496억원",USD
BSM,Black Stone Minerals Units,50102020,"오일, 가스 탐사 및 생산",3139608028,"4조 2,432억원",USD
DKL,Delek Logistics Partners Common Units,50103030,오일 및 가스 수송 서비스,3130301822,"4조 2,306억원",USD
CWEN.A,Clearway Energy Inc Class A,59101020,민자 발전 사업,3127365739,"4조 2,266억원",USD
FSK,FS KKR Capital Corp.,55501030,폐쇄형 펀드,3125408567,"4조 2,240억원",USD
BKU,BankUnited  Inc.,55101010,은행,3118547861,"4조 2,147억원",USD
EXK,Endeavour Silver Corp,51201010,금 제외 귀금속 및 광물,3112478474,"4조 2,065억원",USD
CXW,CoreCivic  Inc.,60101010,"부동산 임대, 개발 및 운영",3112178099,"4조 2,061억원",USD
AGO,Assured Guaranty Ltd,55301020,손해보험,3109440083,"4조 2,024억원",USD
NEA,Nuveen AMT-Free Quality Municipal Income Fund,55501030,폐쇄형 펀드,3087743101,"4조 1,731억원",USD
FOUR,Shift4 Payments  Inc.,52203040,경영 지원 서비스,3084971888,"4조 1,693억원",USD
ECO,Okeanis Eco Tankers Corp.,50103030,오일 및 가스 수송 서비스,3081482014,"4조 1,646억원",USD
PII,Polaris Inc,53101010,자동차 및 트럭 제조,3071083190,"4조 1,506억원",USD
SMG,Scotts Miracle-Gro Co,51101020,농화학제,3067044034,"4조 1,451억원",USD
TNET,TriNet Group  Inc.,52203030,고용 서비스,3062305072,"4조 1,387억원",USD
AD,Array Digital Infrastructure Inc,57401020,무선 통신 서비스,3059627020,"4조 1,351억원",USD
PK,Park Hotels & Resorts Inc,60102040,특수 REITs,3058329233,"4조 1,333억원",USD
LPL,LG Display Co Ltd ADR,57104010,전자 장비 및 부품,3040000000,"4조 1,086억원",USD
GPI,Group 1 Automotive Inc,53403010,"자동차 차량, 부품 및 서비스 소매",3025264594,4조 886억원,USD
CWK,Cushman & Wakefield Ltd,60101020,부동산 서비스,3018418285,4조 794억원,USD
AVA,Avista Corporation,59104010,복합 유틸리티,3015101880,4조 749억원,USD
CBZ,CBIZ  Inc.,52203040,경영 지원 서비스,3004145556,4조 601억원,USD
DBRG,DigitalBridge Group Inc,55102020,투자 관리 및 펀드 운영,2996174590,4조 493억원,USD
KBH,KB Home,53203010,주택 건설,2979039684,4조 262억원,USD
EXG,Eaton Vance Tax-Managed Global Diversified Equity Income Closed Fund,55501030,폐쇄형 펀드,2967579452,4조 107억원,USD
SPNT,SIRIUSPOINT LTD.,55301050,재보험,2959884608,4조 3억원,USD
PFS,Provident Financial Services Inc,55101010,은행,2954072298,"3조 9,924억원",USD
LBRT,Liberty Energy Inc.,50103020,오일 관련 서비스 및 장비,2943973145,"3조 9,788억원",USD
IMAX,IMAX Corporation,53302030,엔터테인먼트 제작,2938988889,"3조 9,720억원",USD
SDRL,Seadrill Limited,50103010,오일 및 가스 시추,2930066605,"3조 9,600억원",USD
CWT,California Water Service Group,59103010,수자원 유틸리티,2924371086,"3조 9,523억원",USD
APAM,Artisan Partners Asset Management Inc,55102020,투자 관리 및 펀드 운영,2912940997,"3조 9,368억원",USD
FG,F&G Annuities & Life Inc,55301030,생명 및 건강 보험,2909380344,"3조 9,320억원",USD
VTMX,Vesta Real Estate Corporation SAB de CV ADR,60101010,"부동산 임대, 개발 및 운영",2903768950,"3조 9,244억원",USD
MMS,Maximus  Inc.,52203040,경영 지원 서비스,2889101362,"3조 9,046억원",USD
BBAR,Banco BBVA Argentina SA ADR,55101010,은행,2885864472,"3조 9,002억원",USD
EROC,ERock Inc,52102040,중전기장비,2814903026,"3조 8,043억원",USD
GRBK,Green Brick Partners  Inc.,53203010,주택 건설,2959135885,"3조 9,993억원",USD
BHE,Benchmark Electronics Inc,57104010,전자 장비 및 부품,2953696091,"3조 9,919억원",USD
RDW,Redwire Corporation,52101010,항공우주 및 방위,2939913082,"3조 9,733억원",USD
ABM,ABM Industries Inc,52203040,경영 지원 서비스,2927212724,"3조 9,561억원",USD
WOR,Worthington Enterprises  Inc.,52102010,산업용 기계 및 장비,2883744649,"3조 8,974억원",USD
BANC,Banc of California  Inc.,55101010,은행,2867544085,"3조 8,755억원",USD
REZI,Resideo Technologies  Inc.,57102010,통신 및 네트워킹,2866878497,"3조 8,746억원",USD
IHS,IHS Holding Limited,57401020,무선 통신 서비스,2855595795,"3조 8,593억원",USD
DAC,Danaos Corporation,52405020,해양 화물 및 물류,2839756452,"3조 8,379억원",USD
WRBY,Warby Parker Inc.,53403090,기타 전문 소매,2835568759,"3조 8,323억원",USD
GPK,Graphic Packaging Holding Company,51302020,종이 포장재,2833404954,"3조 8,293억원",USD
GRDN,Guardian Pharmacy Services  Inc.,54301010,의약품 소매,2829500720,"3조 8,241억원",USD
BOH,Bank of Hawaii Corporation,55101010,은행,2820308810,"3조 8,116억원",USD
DNOW,DNOW Inc.,52102010,산업용 기계 및 장비,2813028464,"3조 8,018억원",USD
WTTR,Select Water Solutions  Inc.,50103020,오일 관련 서비스 및 장비,2807006485,"3조 7,937억원",USD
GPOR,Gulfport Energy Corporation,50102020,"오일, 가스 탐사 및 생산",2802892761,"3조 7,881억원",USD
CXT,Crane NXT  Co.,57104010,전자 장비 및 부품,2788269566,"3조 7,683억원",USD
GRND,Grindr Inc,57201020,소프트웨어,2774177207,"3조 7,493억원",USD
UTF,Cohen & Steers Infrastructure Fund Inc,55501030,폐쇄형 펀드,2772890455,"3조 7,476억원",USD
UNFI,United Natural Foods Inc,54301020,식품 소매 및 유통,2766141472,"3조 7,384억원",USD
HGV,Hilton Grand Vacations Inc.,53301010,"호텔, 모텔 및 크루즈 라인",2764647838,"3조 7,364억원",USD
BCC,Boise Cascade Co,53203020,건설 자재 및 비품,2756416729,"3조 7,253억원",USD
MNSO,MINISO Group Holding Ltd ADR,53402010,백화점,2755874087,"3조 7,246억원",USD
FUL,H.B. Fuller Company,51101030,특수 화학제,2746923080,"3조 7,125억원",USD
KWR,Quaker Chemical Corp,51101010,상품 화학,2744112238,"3조 7,087억원",USD
HAYW,Hayward Holdings  Inc.,52102010,산업용 기계 및 장비,2740584999,"3조 7,039억원",USD
TDC,Teradata Corporation,57201010,IT 서비스 및 컨설팅,2735130000,"3조 6,965억원",USD
EFXT,Enerflex Ltd.,50103020,오일 관련 서비스 및 장비,2733883550,"3조 6,948억원",USD
BKD,Brookdale Senior Living Inc,56102010,의료 시설 및 서비스,2720128500,"3조 6,763억원",USD
HOG,Harley-Davidson  Inc.,53101010,자동차 및 트럭 제조,2709007357,"3조 6,612억원",USD
AMBP,Ardagh Metal Packaging SA,51302010,용기(종이 제외) 및 포장재,2701632539,"3조 6,513억원",USD
TALO,Talos Energy Inc.,50102020,"오일, 가스 탐사 및 생산",2686463552,"3조 6,308억원",USD
MAN,ManpowerGroup Inc.,52203030,고용 서비스,2680115999,"3조 6,222억원",USD
AEO,American Eagle Outfitters  Inc.,53403040,의류 및 액세서리 소매,2667767461,"3조 6,055억원",USD
AKR,Acadia Realty Trust,60102020,상업용 REITs,2660134825,"3조 5,952억원",USD
FBK,FB Financial Corporation,55101010,은행,2658836942,"3조 5,934억원",USD
AMC,AMC Entertainment Holdings Inc,53301040,여가 및 오락시설,2651035775,"3조 5,829억원",USD
CALY,Callaway Golf Co,53205020,오락용 제품,2643740816,"3조 5,730억원",USD
PAGS,PagSeguro Digital Ltd,52203040,경영 지원 서비스,2627481787,"3조 5,510억원",USD
KD,Kyndryl Holdings  Inc.,57201010,IT 서비스 및 컨설팅,2626888252,"3조 5,502억원",USD
JPC,Nuveen Preferred & Income Opportunities Fund,55501030,폐쇄형 펀드,2615328677,"3조 5,346억원",USD
CUBI,Customers Bancorp  Inc.,55101010,은행,2613176853,"3조 5,317억원",USD
SPXX,Nuveen S&P 500 Dynamic Overwrite Closed End Fund,55501030,폐쇄형 펀드,2603324878,"3조 5,184억원",USD
TTAM,Titan America SA,53203020,건설 자재 및 비품,2595823507,"3조 5,083억원",USD
MH,McGraw Hill  Inc.,53302040,소비자 출판,2590321342,"3조 5,008억원",USD
AAP,Advance Auto Parts Inc,53403010,"자동차 차량, 부품 및 서비스 소매",2576664000,"3조 4,824억원",USD
UE,Urban Edge Properties,60102020,상업용 REITs,2538776211,"3조 4,312억원",USD
GDV,Gabelli Dividend & Income Trust,55501030,폐쇄형 펀드,2526322606,"3조 4,143억원",USD
DCO,Ducommun Incorporated,52101010,항공우주 및 방위,2513358215,"3조 3,968억원",USD
BKV,BKV Corporation,50102020,"오일, 가스 탐사 및 생산",2506126307,"3조 3,870억원",USD
NMM,Navios Maritime Partners Units,52405020,해양 화물 및 물류,2493822090,"3조 3,704억원",USD
LCLN,Lincoln International Inc,55102020,투자 관리 및 펀드 운영,2490120501,"3조 3,654억원",USD
BNT,Brookfield Wealth Solutions Ltd,55102020,투자 관리 및 펀드 운영,2480497628,"3조 3,524억원",USD
NVG,Nuveen AMT-Free Municipal Credit Income Fund,55501030,폐쇄형 펀드,2468997194,"3조 3,368억원",USD
FCPT,Four Corners Property Trust Inc,60102020,상업용 REITs,2462933751,"3조 3,287억원",USD
CDLR,Cadeler A/S ADR,52201020,건설 및 엔지니어링,2461944590,"3조 3,273억원",USD
NAD,Nuveen Quality Municipal Income Fund,55501030,폐쇄형 펀드,2456580778,"3조 3,201억원",USD
ATHM,Autohome Inc ADR,57201030,온라인 서비스,2454292113,"3조 3,170억원",USD
NOG,Northern Oil and Gas  Inc.,50102020,"오일, 가스 탐사 및 생산",2430385610,"3조 2,847억원",USD
PTY,PIMCO Corporate & Income Opportunity Fund,55501030,폐쇄형 펀드,2412617340,"3조 2,607억원",USD
BFLY,Butterfly Network  Inc.,56101010,첨단 의료 장비 및 기술,2644211867,"3조 5,737억원",USD
SHAK,Shake Shack Inc,53301020,레스토랑 및 바,2486190308,"3조 3,601억원",USD
AKO B,Embotelladora Andina S.A. ADR Series B,54101030,무알콜 음료,2478416418,"3조 3,496억원",USD
LEN B,Lennar Corporation Class B,53203010,주택 건설,2475499263,"3조 3,456억원",USD
RH,RH,53403030,가정용 가구 소매,2473427892,"3조 3,428억원",USD
ROG,Rogers Corporation,57101010,반도체,2465115497,"3조 3,316억원",USD
NGVT,Ingevity Corporation,51101090,다각적 화학 산업,2450114501,"3조 3,113억원",USD
SSMR,Sunshine Silver Mining & Refining Co,51201080,다각적 채굴,2441914985,"3조 3,002억원",USD
GEF B,Greif Inc Class B,51302010,용기(종이 제외) 및 포장재,2426245824,"3조 2,791억원",USD
TRLV,Trulieve Cannabis Corp ( Delaware ),54301010,의약품 소매,2401289316,"3조 2,453억원",USD
KYN,Kayne Anderson Energy Infrastructure Fund Inc,55501030,폐쇄형 펀드,2399898479,"3조 2,435억원",USD
AMR,Alpha Metallurgical Resources  Inc.,51201020,철 및 강철,2390887516,"3조 2,313억원",USD
IVT,InvenTrust Properties Corp.,60102020,상업용 REITs,2390818694,"3조 2,312억원",USD
BBT,Beacon Financial Corporation,55101010,은행,2382053164,"3조 2,193억원",USD
C PRN,Citigroup Capital XIII 7.875% Fixed Rate/Floating Rate Trust Preferred,55101050,기업 금융 서비스,2378963200,"3조 2,152억원",USD
COTY,Coty Inc,54201020,개인 생활 필수 용품,2351432859,"3조 1,780억원",USD
NTB,Bank of NT Butterfield & Son Ltd,55101010,은행,2338970857,"3조 1,611억원",USD
VIA,Via Transportation  Inc.,57201020,소프트웨어,2312314241,"3조 1,251억원",USD
DRD,DRDGOLD Ltd ADR,51201060,금,2301206098,"3조 1,101억원",USD
SIND,Sinda Ltd,51201080,다각적 채굴,2294528288,"3조 1,011억원",USD
LPG,Dorian LPG Ltd.,50103030,오일 및 가스 수송 서비스,2290584741,3조 957억원,USD
VOYG,Voyager Technologies  Inc.,52101010,항공우주 및 방위,2290420622,3조 955억원,USD
LTC,LTC Properties  Inc.,60102040,특수 REITs,2286673982,3조 904억원,USD
VVX,V2X  Inc.,52101010,항공우주 및 방위,2286643866,3조 904억원,USD
RAMP,Liveramp Holdings Inc,57201020,소프트웨어,2282851574,3조 853억원,USD
PBI,Pitney Bowes Inc.,57105010,사무기기,2272955715,3조 719억원,USD
USB PRR,Us Ban Del Depositary Shs Repstg 1 1000Th Int Pfd Ser M 4 Drc Series M,55101010,은행,2265000000,3조 611억원,USD
KKR PRD,KKR And Co Mandatory Convertible Preference Ser D,55102020,투자 관리 및 펀드 운영,2262510000,3조 578억원,USD
HLIO,Helios Technologies Inc,52102010,산업용 기계 및 장비,2262386617,3조 576억원,USD
PBH,Prestige Consumer Healthcare Inc.,56201040,제약,2261185935,3조 560억원,USD
KMT,Kennametal Inc.,52102010,산업용 기계 및 장비,2261144918,3조 559억원,USD
ETY,Eaton Vance Tax Managed Diversified Equity Income Closed Fund,55501030,폐쇄형 펀드,2260191828,3조 546억원,USD
CC,The Chemours Company,51101090,다각적 화학 산업,2254474945,3조 469억원,USD
BGSI,Boyd Group Services Inc,54201030,개인 서비스,2250575770,3조 417억원,USD
ALB PRA,Albemarle Dep Shares Each Rep A 1 20Th Interest In A Share Of 7 25 Mandatory,51101030,특수 화학제,2246180000,3조 357억원,USD
BHVN,Biohaven Ltd.,56202010,생명 공학 및 의학 연구,2243000148,3조 314억원,USD
HCI,Hci Group Inc,55301020,손해보험,2241732611,3조 297억원,USD
AERO,Grupo Aeromexico SAB de CV ADR,52406010,항공사,2241445646,3조 293억원,USD
NZF,Nuveen Municipal Credit Income Fund,55501030,폐쇄형 펀드,2238811640,3조 258억원,USD
PHIN,PHINIA Inc.,53101020,"자동차, 트럭 및 오토바이 부품",2218069848,"2조 9,977억원",USD
TRN,Trinity Industries Inc,52102020,중장비 및 차량,2216405101,"2조 9,955억원",USD
LC,LendingClub Corp,55101030,소비자 대출,2215891269,"2조 9,948억원",USD
BXMT,Blackstone Mortgage Trust Inc,60102040,특수 REITs,2214662786,"2조 9,931억원",USD
CALX,Calix  Inc.,57102010,통신 및 네트워킹,2213184213,"2조 9,911억원",USD
HTH,Hilltop Holdings Inc.,55101010,은행,2198652684,"2조 9,715억원",USD
STUB,Stubhub Holdings  Inc,57201030,온라인 서비스,2193196405,"2조 9,641억원",USD
CTOS,Custom Truck One Source  Inc.,53403010,"자동차 차량, 부품 및 서비스 소매",2190878302,"2조 9,610억원",USD
RVT,Royce Small-Cap Trust Inc,55501030,폐쇄형 펀드,2189262517,"2조 9,588억원",USD
WHR,Whirlpool Corporation,53204030,"가전제품, 도구 및 가정 용품",2188091126,"2조 9,572억원",USD
DBD,Diebold Nixdorf Inc,57107010,통합 하드웨어 및 소프트웨어,2185820801,"2조 9,541억원",USD
OFG,OFG Bancorp,55101010,은행,2185126040,"2조 9,532억원",USD
AADX,Applied Aerospace & Defense Inc,52101010,항공우주 및 방위,2182501938,"2조 9,497억원",USD
MPT,Medical Properties Trust  Inc.,60102040,특수 REITs,2173808000,"2조 9,379억원",USD
FIGS,FIGS  Inc.,53202020,의류 및 액세서리,2151516134,"2조 9,078억원",USD
NUVB,Nuvation Bio Inc.,56202010,생명 공학 및 의학 연구,2141851721,"2조 8,947억원",USD
SECZ,Securitize Corp,55102050,"금융, 상품 시장 운영 및 서비스 제공",2122453905,"2조 8,685억원",USD
EVT,Eaton Vance Tax Advantaged Dividend Income Closed Fund,55501030,폐쇄형 펀드,2117760437,"2조 8,622억원",USD
FCF,First Commonwealth Financial Corp,55101010,은행,2095899885,"2조 8,326억원",USD
ASAN,Asana  Inc.,57201020,소프트웨어,2079048662,"2조 8,098억원",USD
INSP,Inspire Medical Systems  Inc.,56101020,"의료 장비, 물품 및 유통",2061309738,"2조 7,859억원",USD
BHC,Bausch Health Companies Inc.,56201040,제약,2173751152,"2조 9,378억원",USD
BKE,The Buckle  Inc.,53403040,의류 및 액세서리 소매,2150644120,"2조 9,066억원",USD
MD,Pediatrix Medical Group Inc,56102010,의료 시설 및 서비스,2141023691,"2조 8,936억원",USD
PRLB,Proto Labs  Inc.,52102010,산업용 기계 및 장비,2140052906,"2조 8,923억원",USD
RLX,RLX Technology Inc ADR,54102030,담배,2138945487,"2조 8,908억원",USD
LCII,LCI Industries,53101020,"자동차, 트럭 및 오토바이 부품",2137467695,"2조 8,888억원",USD
ARR,ARMOUR Residential REIT  Inc.,60102040,특수 REITs,2121880160,"2조 8,677억원",USD
GEF,Greif Inc Class A,51302010,용기(종이 제외) 및 포장재,2098563111,"2조 8,362억원",USD
MTX,Minerals Technologies Inc.,51101030,특수 화학제,2095276970,"2조 8,318억원",USD
DV,DoubleVerify Holdings  Inc.,57201020,소프트웨어,2076833733,"2조 8,068억원",USD
KSS,Kohl's Corporation,53402010,백화점,2071387650,"2조 7,995억원",USD
SAH,Sonic Automotive Inc,53403010,"자동차 차량, 부품 및 서비스 소매",2065711163,"2조 7,918억원",USD
CCU,Compania Cervecerias Unidas SA ADR,54101010,양조업,2063673540,"2조 7,891억원",USD
SHO,Sunstone Hotel Investors Inc,60102040,특수 REITs,2062118306,"2조 7,870억원",USD
PEB,Pebblebrook Hotel Trust,60102040,특수 REITs,2060507994,"2조 7,848억원",USD
BSTZ,BlackRock Science and Technology Term Closed End Fund,55501030,폐쇄형 펀드,2056824968,"2조 7,798억원",USD
CEPU,Central Puerto S.A. ADR,59101020,민자 발전 사업,2051500149,"2조 7,726억원",USD
UTZ,Utz Brands  Inc.,54102020,식품 가공,2048582291,"2조 7,687억원",USD
AGM,Federal Agricultural Mortgage Corporation Class C,55101050,기업 금융 서비스,2039212872,"2조 7,560억원",USD
STDN,Standard Nuclear Inc,51101010,상품 화학,2038290830,"2조 7,548억원",USD
UWMC,UWM Holdings Corporation,55101030,소비자 대출,2025469725,"2조 7,374억원",USD
SPB,Spectrum Brands Holdings  Inc.,53204030,"가전제품, 도구 및 가정 용품",2024072360,"2조 7,355억원",USD
CTRI,Centuri Holdings Inc,52201020,건설 및 엔지니어링,2022289952,"2조 7,331억원",USD
NGL,NGL Energy Partners Units,50102030,"오일, 가스 정제 및 마케팅",2015750767,"2조 7,243억원",USD
AVEX,AEVEX Corp,52101010,항공우주 및 방위,2015626671,"2조 7,241억원",USD
GNL,Global Net Lease Inc,60102020,상업용 REITs,2014778534,"2조 7,230억원",USD
ALG,Alamo Group Inc.,52102020,중장비 및 차량,2014416417,"2조 7,225억원",USD
TIC,TIC Solutions Inc,52203040,경영 지원 서비스,2014173886,"2조 7,222억원",USD
NWN,Northwest Natural Holding Company,59102010,천연가스 유틸리티,2011229246,"2조 7,182억원",USD
NMZ,Nuveen Municipal High Income Opportunity Closed Fund,55501030,폐쇄형 펀드,2009380772,"2조 7,157억원",USD
NEE PRS,Nextera Energy Units,59101010,전력 유틸리티,1999200000,"2조 7,019억원",USD
BOBS,Bob's Discount Furniture  Inc,53402020,할인점,1998205392,"2조 7,006억원",USD
PRGO,Perrigo Company PLC,56201040,제약,1985787896,"2조 6,838억원",USD
WLY,John Wiley & Sons  Inc. Class A,53302040,소비자 출판,1971337527,"2조 6,643억원",USD
GRC,The Gorman-Rupp Company,52102010,산업용 기계 및 장비,1969940025,"2조 6,624억원",USD
BXDC,Blackstone Digital Infrastructure Trust Inc,60102040,특수 REITs,1965692645,"2조 6,566억원",USD
INVX,Innovex International Inc,50103020,오일 관련 서비스 및 장비,1956105081,"2조 6,437억원",USD
PLGO,Pelagos Insurance Capital Ltd,55301020,손해보험,1949079525,"2조 6,342억원",USD
WU,The Western Union Company,52203040,경영 지원 서비스,1939887262,"2조 6,218억원",USD
GOF,Guggenheim Strategic Opportunities Mutual Fund,55501030,폐쇄형 펀드,1939526496,"2조 6,213억원",USD
ATEN,A10 Networks  Inc.,57201020,소프트웨어,1938660861,"2조 6,201억원",USD
TGS,Transportadora de Gas del Sur SA ADR,50102010,통합 오일 및 가스,1931785528,"2조 6,108억원",USD
AVAL,Grupo Aval Acciones y Valores S.A. ADR,55101010,은행,1929113464,"2조 6,072억원",USD
SFL,SFL Corporation Ltd.,50103030,오일 및 가스 수송 서비스,1924069073,"2조 6,004억원",USD
NSP,Insperity  Inc.,52203030,고용 서비스,1919694270,"2조 5,945억원",USD
STC,Stewart Information Services Corp,55301020,손해보험,1919541095,"2조 5,943억원",USD
OLN,Olin Corp,51101010,상품 화학,1917185482,"2조 5,911억원",USD
BRSL,Brightstar Lottery PLC,53301030,카지노 및 도박,1914028418,"2조 5,868억원",USD
HMN,Horace Mann Educators Corp,55301020,손해보험,1912054759,"2조 5,841억원",USD
VSTS,Vestis Corporation,54201030,개인 서비스,1907070315,"2조 5,774억원",USD
MHD,BlackRock MuniHoldings Fund，Inc.,55501030,폐쇄형 펀드,1905973847,"2조 5,759억원",USD
ATS,ATS Corporation,52102010,산업용 기계 및 장비,1875204944,"2조 5,343억원",USD
TY,Tri Continental Closed Fund,55501030,폐쇄형 펀드,1867651474,"2조 5,241억원",USD
GAB,Gabelli Equity Trust Inc,55501030,폐쇄형 펀드,1864550251,"2조 5,199억원",USD
NTST,NETSTREIT Corp.,60102020,상업용 REITs,1858977643,"2조 5,124억원",USD
BIO B,Bio-Rad Laboratories  Inc. Class B,56101020,"의료 장비, 물품 및 유통",1847683753,"2조 4,971억원",USD
XPRO,Expro Ltd,50103020,오일 관련 서비스 및 장비,1840279061,"2조 4,871억원",USD
SNDA,Sonida Senior Living  Inc.,56102010,의료 시설 및 서비스,1831589379,"2조 4,754억원",USD
MNR,Mach Natural Resources Units,50102020,"오일, 가스 탐사 및 생산",1816395263,"2조 4,549억원",USD
GEL,Genesis Energy Units Class A,50103030,오일 및 가스 수송 서비스,1788632059,"2조 4,173억원",USD
WKC,World Kinect Corporation,50102030,"오일, 가스 정제 및 마케팅",1833274061,"2조 4,777억원",USD
AKO A,Embotelladora Andina S.A. ADR Series A,54101030,무알콜 음료,1830840776,"2조 4,744억원",USD
EPAC,Enerpac Tool Group Corp.,52102010,산업용 기계 및 장비,1829193597,"2조 4,722억원",USD
GTY,Getty Realty Corp.,60102020,상업용 REITs,1823917986,"2조 4,650억원",USD
USA,Liberty All Star Equity Closed Fund,55501030,폐쇄형 펀드,1818494183,"2조 4,577억원",USD
CCS,Century Communities Inc,53203010,주택 건설,1816009323,"2조 4,543억원",USD
ETV,Eaton Vance Tax Managed Buy Write Opportunities Closed Fund,55501030,폐쇄형 펀드,1801522984,"2조 4,348억원",USD
WMK,Weis Markets  Inc.,54301020,식품 소매 및 유통,1799427094,"2조 4,319억원",USD
CMRE,Costamare Inc.,52405020,해양 화물 및 물류,1797673066,"2조 4,296억원",USD
SMA,SmartStop Self Storage REIT Inc,60102040,특수 REITs,1796167213,"2조 4,275억원",USD
DCOM,Dime Community Bancshares  Inc.,55101010,은행,1790108361,"2조 4,193억원",USD
NBHC,National Bank Holdings Corp,55101010,은행,1787817417,"2조 4,162억원",USD
ETG,Eaton Vance Tax Advantaged Global Dividend Income Closed Fund,55501030,폐쇄형 펀드,1787459085,"2조 4,158억원",USD
DAO,Youdao Inc ADR,53302010,광고 및 마케팅,1782576461,"2조 4,092억원",USD
TEO,Telecom Argentina SA ADR,57401010,통합 통신 서비스,1781172545,"2조 4,073억원",USD
WS,Worthington Steel Inc,51201020,철 및 강철,1778037003,"2조 4,030억원",USD
VET,Vermilion Energy Inc.,50102010,통합 오일 및 가스,1777259966,"2조 4,020억원",USD
ACVA,ACV Auctions Inc.,57201030,온라인 서비스,1774663224,"2조 3,985억원",USD
WSO B,Watsco  Inc. Class B,52102030,전기 부품 및 장비,1769597837,"2조 3,916억원",USD
NUV,Nuveen Municipal Value Fund Inc,55501030,폐쇄형 펀드,1760252813,"2조 3,790억원",USD
NEXA,Nexa Resources SA,51201050,특수 채굴 및 금속,1760109140,"2조 3,788억원",USD
JPM PRC,JPMORGAN CHASE Depositary SH Repstg 1 400TH Pfd Ser EE,55101010,은행,1756760000,"2조 3,743억원",USD
LOB,Live Oak Bancshares  Inc.,55101010,은행,1752760689,"2조 3,689억원",USD
TSLX,Sixth Street Specialty Lending  Inc.,55501030,폐쇄형 펀드,1749546601,"2조 3,645억원",USD
DXC,DXC Technology Company,57201010,IT 서비스 및 컨설팅,1746381071,"2조 3,602억원",USD
AI,C3.ai  Inc.,57201020,소프트웨어,1744461438,"2조 3,576억원",USD
BPRE,Bluerock Private Real Estate Closed End Fund,55501030,폐쇄형 펀드,1740850007,"2조 3,528억원",USD
DEI,Douglas Emmett  Inc.,60102020,상업용 REITs,1736822219,"2조 3,473억원",USD
BST,BlackRock Science and Technology Trust,55501030,폐쇄형 펀드,1736348150,"2조 3,467억원",USD
SAM,The Boston Beer Company  Inc.,54101010,양조업,1731575328,"2조 3,402억원",USD
STEW,SRH Total Return Fund，Inc,55501030,폐쇄형 펀드,1728231680,"2조 3,357억원",USD
CPRI,Capri Holdings Ltd,53403040,의류 및 액세서리 소매,1726368077,"2조 3,332억원",USD
FLOC,Flowco Holdings Inc.,50103020,오일 관련 서비스 및 장비,1723939590,"2조 3,299억원",USD
PDO,PIMCO Dynamic Income Opportunities Fund,55501030,폐쇄형 펀드,1719143970,"2조 3,234억원",USD
AMBQ,Ambiq Micro  Inc.,57101010,반도체,1718311283,"2조 3,223억원",USD
BLX,Bladex Inc,55101050,기업 금융 서비스,1715829455,"2조 3,189억원",USD
IDT,IDT Corporation,57401010,통합 통신 서비스,1713444197,"2조 3,157억원",USD
AIN,Albany International Corp,52102010,산업용 기계 및 장비,1710248000,"2조 3,114억원",USD
DUKU,DUKE ENERGY Units,59101010,전력 유틸리티,1704850000,"2조 3,041억원",USD
BDJ,BlackRock Enhanced Equity Dividend Trust,55501030,폐쇄형 펀드,1702207908,"2조 3,005억원",USD
FLNG,FLEX LNG Ltd.,50103030,오일 및 가스 수송 서비스,1697418759,"2조 2,941억원",USD
TRIN,Trinity Capital Inc,55102020,투자 관리 및 펀드 운영,1689333360,"2조 2,831억원",USD
CTS,CTS Corp,57104010,전자 장비 및 부품,1683387695,"2조 2,751억원",USD
RLJ,RLJ Lodging Trust,60102040,특수 REITs,1680705868,"2조 2,715억원",USD
GLP,Global Partners Units,50102030,"오일, 가스 정제 및 마케팅",1674281478,"2조 2,628억원",USD
BY,Byline Bancorp Inc,55101010,은행,1671897540,"2조 2,596억원",USD
CBL,CBL & Associates Properties  Inc.,60102020,상업용 REITs,1669980595,"2조 2,570억원",USD
EVTC,Evertec Inc,52203040,경영 지원 서비스,1667095922,"2조 2,531억원",USD
HE,Hawaiian Electric Industries  Inc.,59101010,전력 유틸리티,1666200974,"2조 2,519억원",USD
XHR,Xenia Hotels & Resorts  Inc.,60102040,특수 REITs,1650277988,"2조 2,304억원",USD
NAC,Nuveen California Quality Municipal Income Fund,55501030,폐쇄형 펀드,1641430329,"2조 2,184억원",USD
TGLS,Tecnoglass Holdings Inc.,53203020,건설 자재 및 비품,1640603500,"2조 2,173억원",USD
OBK,Origin Bancorp Inc,55101010,은행,1640277379,"2조 2,168억원",USD
KRP,Kimbell Royalty Partners LP Units,50102010,통합 오일 및 가스,1639114301,"2조 2,153억원",USD
EFC,Ellington Financial Inc.,60102040,특수 REITs,1636869802,"2조 2,122억원",USD
NAT,Nordic American Tankers Ltd,50103030,오일 및 가스 수송 서비스,1622010079,"2조 1,921억원",USD
GSL,Global Ship Lease  Inc.,52405020,해양 화물 및 물류,1615828861,"2조 1,838억원",USD
TR,Tootsie Roll Industries  Inc.,54102020,식품 가공,1613094419,"2조 1,801억원",USD
AGRO,Adecoagro S.A.,54102020,식품 가공,1577286068,"2조 1,317억원",USD
AESI,Atlas Energy Solutions Inc.,51202010,건설 자재,1500041412,2조 273억원,USD
GENI,Genius Sports Ltd,57201030,온라인 서비스,1687971899,"2조 2,813억원",USD
WWW,Wolverine World Wide  Inc.,53202030,제화,1630658156,"2조 2,038억원",USD
SOMN,Southern Units,59101010,전력 유틸리티,1599500000,"2조 1,617억원",USD
ADIG,ADI Global Distribution Inc.,57104010,전자 장비 및 부품,1595905622,"2조 1,569억원",USD
GIC,Global Industrial Company,52202010,다각적 산업용 제품 도매,1594834071,"2조 1,554억원",USD
SBH,Sally Beauty Holdings  Inc.,53403090,기타 전문 소매,1587834072,"2조 1,460억원",USD
ARCO,Arcos Dorados Holdings Inc.,53301020,레스토랑 및 바,1587657442,"2조 1,457억원",USD
HUN,Huntsman Corp,51101090,다각적 화학 산업,1587176475,"2조 1,451억원",USD
MQY,BlackRock MuniYield Quality Fund，Inc.,55501030,폐쇄형 펀드,1569006918,"2조 1,205억원",USD
SID,Companhia Siderurgica Nacional SA ADR,51201020,철 및 강철,1564790857,"2조 1,148억원",USD
HAWK,HawkEye 360 Inc,57401020,무선 통신 서비스,1564509865,"2조 1,144억원",USD
IIPR,Innovative Industrial Properties Inc,60102020,상업용 REITs,1564398342,"2조 1,143억원",USD
GAM,General American Investors Closed Fund,55501030,폐쇄형 펀드,1560050117,"2조 1,084억원",USD
HOS,Hornbeck Offshore Services  Inc.,50103020,오일 관련 서비스 및 장비,1557539418,"2조 1,050억원",USD
HYT,BlackRock Corporate High Yield Fund，Inc.,55501030,폐쇄형 펀드,1555477729,"2조 1,022억원",USD
RQI,Cohen & Steers Quality Income Realty Fund Inc,55501030,폐쇄형 펀드,1552332446,2조 980억원,USD
ARDT,Ardent Health Inc,56102010,의료 시설 및 서비스,1544452682,2조 873억원,USD
KMPR,Kemper Corporation,55301020,손해보험,1543786635,2조 864억원,USD
LYNX,Lyntris Inc.,52101010,항공우주 및 방위,1542126807,2조 842억원,USD
PBT,Permian Basin Royalty Units,50102020,"오일, 가스 탐사 및 생산",1539488532,2조 806억원,USD
JPM PRD,Jpmorgan Chase Depositary Shares Representing 1/400 Pref Shs Series DD,55101010,은행,1536802500,2조 770억원,USD
ENR,Energizer Holdings Inc,52102030,전기 부품 및 장비,1530609287,2조 686억원,USD
KOS,Kosmos Energy Ltd.,50102020,"오일, 가스 탐사 및 생산",1530403263,2조 683억원,USD
RVLV,Revolve Group  Inc.,53402010,백화점,1528336530,2조 655억원,USD
PRKS,United Parks & Resorts Inc.,53301040,여가 및 오락시설,1523467982,2조 590억원,USD
GFR,Greenfire Resources Ltd.,50102020,"오일, 가스 탐사 및 생산",1517010397,2조 502억원,USD
GLOB,GLOBANT S.A.,57201010,IT 서비스 및 컨설팅,1511716256,2조 431억원,USD
BCAT,BlackRock Capital Allocation Term Closed End Fund,55501030,폐쇄형 펀드,1500885631,2조 284억원,USD
XZO,Exzeo Group Inc,55301020,손해보험,1489120225,2조 125억원,USD
DMC,Del Monte Corporation,54102010,어업 및 농업,1487934640,2조 109억원,USD
TFIN,Triumph Financial  Inc.,55101010,은행,1487673874,2조 106억원,USD
WOLF,Wolfspeed Inc,57101010,반도체,1481526626,2조 23억원,USD
MBC,MasterBrand  Inc.,53203020,건설 자재 및 비품,1473271148,"1조 9,911억원",USD
REX,REX American Resources Corporation,50201020,재생 가능 연료,1468022070,"1조 9,840억원",USD
NOMD,Nomad Foods Limited,54102020,식품 가공,1467807275,"1조 9,837억원",USD
SLVM,Sylvamo Corp,51301020,종이 제품,1465960159,"1조 9,812억원",USD
SCL,Stepan Co,51101030,특수 화학제,1463520925,"1조 9,779억원",USD
FOIL,Londian Wason New Energy Tech Inc ADR,52102030,전기 부품 및 장비,1458247552,"1조 9,708억원",USD
AGL,agilon health  inc.,56102010,의료 시설 및 서비스,1458148676,"1조 9,707억원",USD
AMPX,Amprius Technologies Inc,52102030,전기 부품 및 장비,1457884568,"1조 9,703억원",USD
NRP,Natural Resource Partners Units,50101010,석탄,1454365221,"1조 9,656억원",USD
TEN,Tsakos Energy Navigation Ltd,50103030,오일 및 가스 수송 서비스,1454259397,"1조 9,654억원",USD
NVGS,Navigator Holdings Ltd.,50103030,오일 및 가스 수송 서비스,1448778072,"1조 9,580억원",USD
NMAX,Newsmax Inc.,53302020,방송,1447890830,"1조 9,568억원",USD
ECAT,BlackRock ESG Capital Allocation Term Closed End Fund,55102020,투자 관리 및 펀드 운영,1447263867,"1조 9,560억원",USD
DXYZ,Destiny Tech100 Closed End Fund,55501030,폐쇄형 펀드,1446400208,"1조 9,548억원",USD
ARLO,Arlo Technologies  Inc.,57102010,통신 및 네트워킹,1443094407,"1조 9,503억원",USD
SVV,Savers Value Village  Inc.,53403090,기타 전문 소매,1428411810,"1조 9,305억원",USD
NFJ,Virtus Dividend  Interest & Prem Str Fd,55501030,폐쇄형 펀드,1415891126,"1조 9,136억원",USD
BTT,BlackRock Municipal 2030 Target Term Trust,55501030,폐쇄형 펀드,1409302854,"1조 9,047억원",USD
DCH,Dauch Corp,53101020,"자동차, 트럭 및 오토바이 부품",1404243198,"1조 8,978억원",USD
BBAI,BigBear.ai Holdings  Inc.,57201010,IT 서비스 및 컨설팅,1385739085,"1조 8,728억원",USD
BORR,Borr Drilling Limited,50103010,오일 및 가스 시추,1375966825,"1조 8,596억원",USD
PRG,PROG Holdings Inc,57301010,핀테크,1362241849,"1조 8,411억원",USD
UAN,CVR Partners Units,51101020,농화학제,1361897727,"1조 8,406억원",USD
COUR,Coursera  Inc.,57201030,온라인 서비스,1359016000,"1조 8,367억원",USD
AAT,American Assets Trust  Inc.,60102010,복합부동산 REITs,1351506728,"1조 8,266억원",USD
TV,Grupo Televisa  S.A.B. ADR,53302020,방송,1324171200,"1조 7,896억원",USD
EFOR,Everforth  Inc.,57201010,IT 서비스 및 컨설팅,1323480000,"1조 7,887억원",USD
LUXE,LuxExperience BV ADR,57201030,온라인 서비스,1311781413,"1조 7,729억원",USD
ADNT,Adient PLC,53101020,"자동차, 트럭 및 오토바이 부품",1410873856,"1조 9,068억원",USD
FOR,Forestar Group Inc,52201020,건설 및 엔지니어링,1388189631,"1조 8,761억원",USD
CNMD,Conmed Corp,56101020,"의료 장비, 물품 및 유통",1382849120,"1조 8,689억원",USD
YSS,York Space Systems Inc,52101010,항공우주 및 방위,1361213866,"1조 8,397억원",USD
UMH,UMH Properties Inc,60102030,주거용 REITs,1349092480,"1조 8,233억원",USD
AMN,AMN Healthcare Services  Inc.,56102010,의료 시설 및 서비스,1337733889,"1조 8,079억원",USD
GBX,The Greenbrier Companies  Inc.,52102020,중장비 및 차량,1331644085,"1조 7,997억원",USD
FMC,FMC Corp,51101020,농화학제,1323647688,"1조 7,889억원",USD
JPM PRM,Jpmorgan Chase And Co DS Repstg 1 400Th Series MM,55101010,은행,1317600000,"1조 7,807억원",USD
ODC,Oil-Dri Corporation of America,54201020,개인 생활 필수 용품,1315685701,"1조 7,781억원",USD
WD,Walker & Dunlop Inc,55101010,은행,1315362548,"1조 7,777억원",USD
CYD,China Yuchai International Ltd,53101020,"자동차, 트럭 및 오토바이 부품",1315017186,"1조 7,772억원",USD
PRSU,Pursuit Attractions and Hospitality  Inc.,53301040,여가 및 오락시설,1303771892,"1조 7,620억원",USD
GOLD,Gold.com Inc,51201050,특수 채굴 및 금속,1301759855,"1조 7,593억원",USD
JPM PRL,JPMorgan Chase Depositary Shares Each Rep 1 400th Interest 4 625 Non Cumulative,55101010,은행,1300920000,"1조 7,582억원",USD
ASIC,Ategrity Specialty Insurance Company Holdings,55301020,손해보험,1294985595,"1조 7,502억원",USD
EPC,Edgewell Personal Care Company,54201020,개인 생활 필수 용품,1288646063,"1조 7,416억원",USD
AMRC,Ameresco Inc,50201010,재생 가능 에너지 장비 및 서비스,1285263630,"1조 7,370억원",USD
TE,T1 Energy Inc.,52102030,전기 부품 및 장비,1283917649,"1조 7,352억원",USD
LSPD,Lightspeed Commerce Inc.,57201020,소프트웨어,1282546756,"1조 7,334억원",USD
HLF,Herbalife Ltd,54102020,식품 가공,1281745337,"1조 7,323억원",USD
ALX,Alexander's Inc,60102020,상업용 REITs,1268650836,"1조 7,146억원",USD
VTOL,Bristow Group Inc.,52406010,항공사,1268381180,"1조 7,142억원",USD
RES,RPC Inc,50103020,오일 관련 서비스 및 장비,1267878109,"1조 7,135억원",USD
NBR,Nabors Industries Ltd.,50103010,오일 및 가스 시추,1267281854,"1조 7,127억원",USD
MUC,BlackRock MuniHoldings California Quality Fd，Inc.,55501030,폐쇄형 펀드,1263832750,"1조 7,081억원",USD
HQH,abrdn Healthcare Investors,55501030,폐쇄형 펀드,1259944959,"1조 7,028억원",USD
FUN,Six Flags Entertainment Corp,53301040,여가 및 오락시설,1258490638,"1조 7,009억원",USD
RYZ,Ryerson Holding Corporation,51201020,철 및 강철,1254390443,"1조 6,953억원",USD
RF PRF,Regions Financial Depositary Shares Representing a 1 40th Interest in a Share,55101010,은행,1252500000,"1조 6,928억원",USD
CXM,Sprinklr  Inc.,57201020,소프트웨어,1249081809,"1조 6,881억원",USD
FLO,Flowers Foods Inc,54102020,식품 가공,1246897618,"1조 6,852억원",USD
DOLE,Dole PLC,54102010,어업 및 농업,1246856252,"1조 6,851억원",USD
BAC PRB,Bank Amer Depositary Shares Representing 1/1000 Non Cumulative Pref Shs Series,55101010,은행,1244970000,"1조 6,826억원",USD
USPH,US Physical Therapy Inc,56102010,의료 시설 및 서비스,1241120793,"1조 6,774억원",USD
NBXG,Neuberger Next Gen Connectivity Fund Inc.,55501030,폐쇄형 펀드,1239705947,"1조 6,755억원",USD
TBN,Tamboran Resources Corp,50102020,"오일, 가스 탐사 및 생산",1234614113,"1조 6,686억원",USD
PUMP,ProPetro Holding Corp.,50103020,오일 관련 서비스 및 장비,1231923888,"1조 6,649억원",USD
MSDL,Morgan Stanley Direct Lending Fund,55102020,투자 관리 및 펀드 운영,1231298986,"1조 6,641억원",USD
MYI,BlackRock MuniYield Quality Fund III，Inc.,55501030,폐쇄형 펀드,1222936070,"1조 6,528억원",USD
ASBH,American Savings Bank NA,55101010,은행,1218712181,"1조 6,471억원",USD
MOG B,Moog Inc Class B,52101010,항공우주 및 방위,1216388274,"1조 6,439억원",USD
IRS,IRSA Inversiones y Representaciones SA ADR,60101010,"부동산 임대, 개발 및 운영",1213071796,"1조 6,395억원",USD
WFC PRZ,Wells Fargo 1000 Depositary Shares Representing Pref Shs Class A,55101010,은행,1212400000,"1조 6,386억원",USD
BHLB,Berkshire Hills Bancorp Inc,55101010,은행,1212168531,"1조 6,382억원",USD
CCO,Clear Channel Outdoor Holdings Inc,53302010,광고 및 마케팅,1211643351,"1조 6,375억원",USD
ARES PRB,Ares Management 6 75 Mandatory Convertible Prf Shs Series B,55102020,투자 관리 및 펀드 운영,1209300000,"1조 6,344억원",USD
CLVT,Clarivate PLC,52203070,전문 정보 서비스,1208964966,"1조 6,339억원",USD
TPB,Turning Point Brands  Inc.,54102030,담배,1208549018,"1조 6,334억원",USD
ORC,Orchid Island Capital Inc,60102040,특수 REITs,1208132768,"1조 6,328억원",USD
ANRO,Alto Neuroscience Inc,56202010,생명 공학 및 의학 연구,1207871961,"1조 6,324억원",USD
AZUL,Azul SA ADR,52406010,항공사,1207727459,"1조 6,322억원",USD
TK,Teekay Corp Ltd,50103030,오일 및 가스 수송 서비스,1206633251,"1조 6,308억원",USD
OPY,Oppenheimer Holdings Inc.,55102010,투자 은행 및 중개 서비스,1198105920,"1조 6,192억원",USD
UVE,Universal Insurance Holdings Inc,55301020,손해보험,1197540176,"1조 6,185억원",USD
JFR,Nuveen Floating Rate Income Closed Fund,55501030,폐쇄형 펀드,1195987968,"1조 6,164억원",USD
LADR,Ladder Capital Corp,60102040,특수 REITs,1193802501,"1조 6,134억원",USD
UHAL,U-Haul Holding Company,52405030,지상 화물 및 물류,1193269681,"1조 6,127억원",USD
DFIN,Donnelley Financial Solutions  Inc.,52203070,전문 정보 서비스,1192145222,"1조 6,112억원",USD
GNK,Genco Shipping & Trading Limited,52405020,해양 화물 및 물류,1165069952,"1조 5,746억원",USD
MUX,McEwen Inc,51201080,다각적 채굴,1232693591,"1조 6,660억원",USD
LZB,La-Z-Boy Inc,53204040,가정용 가구,1228017959,"1조 6,597억원",USD
MYE,Myers Industries Inc,51302010,용기(종이 제외) 및 포장재,1187226289,"1조 6,045억원",USD
AORT,Artivion  Inc.,56101020,"의료 장비, 물품 및 유통",1176487613,"1조 5,900억원",USD
T PRC,AT&T Depo Sha Rep 1000 Preferred Series C,57401020,무선 통신 서비스,1176000000,"1조 5,894억원",USD
PDM,Piedmont Realty Trust  Inc.,60102020,상업용 REITs,1172494570,"1조 5,846억원",USD
MMI,Marcus & Millichap Inc,60101020,부동산 서비스,1171350123,"1조 5,831억원",USD
LNN,Lindsay Corporation,52102020,중장비 및 차량,1168506575,"1조 5,792억원",USD
HZO,MarineMax Inc,53205020,오락용 제품,1157565781,"1조 5,645억원",USD
DSL,DoubleLine Income Solutions Fd,55501030,폐쇄형 펀드,1157168060,"1조 5,639억원",USD
TDOC,Teladoc Health Inc,56102010,의료 시설 및 서비스,1153693533,"1조 5,592억원",USD
CDRE,Cadre Holdings Inc,52101010,항공우주 및 방위,1151021330,"1조 5,556억원",USD
EOS,Eaton Vance Enhanced Equity Income II Closed Fund,55501030,폐쇄형 펀드,1150026444,"1조 5,543억원",USD
AMTB,Amerant Bancorp Inc.,55101010,은행,1143951955,"1조 5,461억원",USD
ECVT,Ecovyst Inc.,51101090,다각적 화학 산업,1143944759,"1조 5,460억원",USD
PD,PagerDuty  Inc.,57201020,소프트웨어,1138850161,"1조 5,392억원",USD
TNC,Tennant Company,52102010,산업용 기계 및 장비,1137529496,"1조 5,374억원",USD
CRI,Carter's  Inc.,53403040,의류 및 액세서리 소매,1132907169,"1조 5,311억원",USD
UTI,Universal Technical Institute  Inc.,63103010,전문 및 비즈니스 교육,1124493665,"1조 5,198억원",USD
SPH,Suburban Propane Partners Common Units,50102030,"오일, 가스 정제 및 마케팅",1122102349,"1조 5,165억원",USD
LOMA,Loma Negra Compania Industrial Argentina SA ADR,51202010,건설 자재,1119120682,"1조 5,125억원",USD
FTK,Flotek Industries Inc,51101030,특수 화학제,1117762439,"1조 5,107억원",USD
FSCO,FS Credit Opportunities Corp.,55501030,폐쇄형 펀드,1116528440,"1조 5,090억원",USD
BOW,Bowhead Specialty Holdings Inc.,55301020,손해보험,1115475273,"1조 5,076억원",USD
DFH,Dream Finders Homes Inc (Texas),53203010,주택 건설,1109960547,"1조 5,001억원",USD
FUBO,FuboTV Inc.,57201030,온라인 서비스,1106163533,"1조 4,950억원",USD
AOD,abrdn Total Dynamic Dividend Mutual Fund,55501030,폐쇄형 펀드,1105287317,"1조 4,938억원",USD
VCX,Fundrise Innovation Fund  LLC,55501030,폐쇄형 펀드,1103625765,"1조 4,916억원",USD
DEA,Easterly Government Properties Inc,60102020,상업용 REITs,1103540108,"1조 4,914억원",USD
BAC PRM,Bank Amer DS Representing 1/1000 Non Cum Pref Shs Series KK,55101010,은행,1097721780,"1조 4,836억원",USD
MCB,Metropolitan Bank Holding Corp,55101010,은행,1095467664,"1조 4,805억원",USD
GSBD,Goldman Sachs BDC  Inc.,55101050,기업 금융 서비스,1095297022,"1조 4,803억원",USD
BW,Babcock & Wilcox Enterprises  Inc.,52102040,중전기장비,1093403584,"1조 4,777억원",USD
ASA,ASA Gold And Precious Metals Limited,55501030,폐쇄형 펀드,1092781256,"1조 4,769억원",USD
DLX,Deluxe Corporation,52203020,상업 인쇄 서비스,1091838265,"1조 4,756억원",USD
TUYA,Tuya Inc. ADR,57201020,소프트웨어,1091797781,"1조 4,756억원",USD
LAC,Lithium Americas Corp.,51201050,특수 채굴 및 금속,1088848572,"1조 4,716억원",USD
UVV,Universal Corporation,54102030,담배,1082619694,"1조 4,632억원",USD
TYG,Tortoise Energy Infrastructure Closed Fund,55501030,폐쇄형 펀드,1079429247,"1조 4,588억원",USD
NPK,National Presto Industries Inc,52101010,항공우주 및 방위,1077189314,"1조 4,558억원",USD
EMO,ClearBridge Energy Midstream Opportunity Closed End Fund,55501030,폐쇄형 펀드,1069381521,"1조 4,453억원",USD
CII,BlackRock Enhanced Large Cap Core Closed End Fund,55501030,폐쇄형 펀드,1060698725,"1조 4,335억원",USD
ENOV,Enovis Corporation,56101020,"의료 장비, 물품 및 유통",1060541995,"1조 4,333억원",USD
PDS,Precision Drilling Corp(Calgary),50103010,오일 및 가스 시추,1059503285,"1조 4,319억원",USD
UAA,Under Armour Inc Class A,53202020,의류 및 액세서리,1058392258,"1조 4,304억원",USD
BTX,BlackRock Technology and Private Equity Term Trust,55501030,폐쇄형 펀드,1056228197,"1조 4,275억원",USD
SBR,Sabine Royalty Units,50102020,"오일, 가스 탐사 및 생산",1055107198,"1조 4,260억원",USD
BMEZ,BlackRock Health Sciences Term Closed End Fund,55501030,폐쇄형 펀드,1054398685,"1조 4,250억원",USD
PCG PRX,PG And E 6 Conv Pref Series A,59101010,전력 유틸리티,1053262000,"1조 4,235억원",USD
ETW,Eaton Vance Tax Managed Global Buy Write Opportunities Closed Fund,55501030,폐쇄형 펀드,1052312546,"1조 4,222억원",USD
CPAC,Cementos Pacasmayo SAA ADR,51202010,건설 자재,1050346019,"1조 4,195억원",USD
BRBR,BellRing Brands  Inc.,54102020,식품 가공,1045340964,"1조 4,128억원",USD
COF PRI,Capital One Financial 40 DS Representing Perpetual Pref Shs Series I,55101030,소비자 대출,1041600000,"1조 4,077억원",USD
JPM PRK,JPMorgan Chase DRC Rep 1 400 4 55 Non Cumul Pref Shs Series JJ,55101010,은행,1040400000,"1조 4,061억원",USD
PPLC,Ppl Units,59104010,복합 유틸리티,1032470000,"1조 3,954억원",USD
YELP,Yelp Inc.,57201030,온라인 서비스,1028838254,"1조 3,905억원",USD
GS PRD,Goldman Sachs Group Depository Shares Repstg 1/1000th Floating Rate Non,55102010,투자 은행 및 중개 서비스,1021661080,"1조 3,808억원",USD
XIFR,XPLR Infrastructure LP,59101010,전력 유틸리티,1020031642,"1조 3,786억원",USD
NPKI,NPK International Inc.,50103020,오일 관련 서비스 및 장비,996842156,"1조 3,472억원",USD
XTND,Xtend AI Robotics  Inc,,,989053877,"1조 3,367억원",USD
VYX,NCR Voyix Corporation,57201010,IT 서비스 및 컨설팅,1021717245,"1조 3,809억원",USD
GHM,Graham Corp,52102010,산업용 기계 및 장비,1020417649,"1조 3,791억원",USD
MS PRQ,Morgan Stanley Depositary Shares Each Repsng 1 1000th Share of 6 625 Non,55102010,투자 은행 및 중개 서비스,1010000000,"1조 3,650억원",USD
FPF,First Trust Intermediate Duration Preferred & Inc,55501030,폐쇄형 펀드,1004597624,"1조 3,577억원",USD
EQBK,Equity Bancshares Inc,55101010,은행,999971314,"1조 3,515억원",USD
CMP,Compass Minerals International  Inc.,51101090,다각적 화학 산업,999144801,"1조 3,503억원",USD
MS PRP,Morgan Stanley Dep Shs Repstg 1 1000 Sh Non-Cumulative Ser P Pref Shs Series P,55102010,투자 은행 및 중개 서비스,998400000,"1조 3,493억원",USD
LU,Lufax Holding Ltd ADR,55101050,기업 금융 서비스,996692226,"1조 3,470억원",USD
LAR,Lithium Argentina AG,51201050,특수 채굴 및 금속,996476263,"1조 3,467억원",USD
HRTG,Heritage Insurance Holdings Inc,55301020,손해보험,996035936,"1조 3,461억원",USD
PTA,Cohen & Steers Tax-Adv Pref Secs and Inc Fund,,,989947615,"1조 3,379억원",USD
BV,BrightView Holdings  Inc.,52203010,환경 서비스 및 장비,988042000,"1조 3,353억원",USD
KRO,Kronos Worldwide  Inc.,51101010,상품 화학,987536687,"1조 3,347억원",USD
DEC,Diversified Energy Co,50102020,"오일, 가스 탐사 및 생산",983696926,"1조 3,295억원",USD
BTGO,BitGo Holdings Inc,52203040,경영 지원 서비스,973277750,"1조 3,154억원",USD
RHLD,Resolute Holdings Management  Inc,52203040,경영 지원 서비스,970255348,"1조 3,113억원",USD
BAC PRN,Bank of America 1000 Depositary Shares Representing Pref Series LL,55101010,은행,968557450,"1조 3,090억원",USD
NXDR,Nextdoor Holdings  Inc.,57201030,온라인 서비스,967121005,"1조 3,071억원",USD
AGBK,Agi Inc,55101030,소비자 대출,965977623,"1조 3,055억원",USD
SB,Safe Bulkers  Inc.,52405020,해양 화물 및 물류,965307851,"1조 3,046억원",USD
TDAY,USA TODAY Co Inc,53302040,소비자 출판,963125693,"1조 3,017억원",USD
MS PRI,Morgan Stanley DS Representing 1 1000 Fixed Floating Non Cumulative Pref Shs,55102010,투자 은행 및 중개 서비스,959600000,"1조 2,969억원",USD
STK,Columbia Seligman Premium Technology Growth Fund,55501030,폐쇄형 펀드,958188041,"1조 2,950억원",USD
USB PRA,U S Bancorp 100 DS Rep Non Cumulative preference Series A,55101010,은행,957152610,"1조 2,936억원",USD
UA,Under Armour Inc Class C,53202020,의류 및 액세서리,954965442,"1조 2,906억원",USD
SAFE,Safehold Inc,60102010,복합부동산 REITs,952478966,"1조 2,873억원",USD
ANGX,Angel Studios  Inc.,53302030,엔터테인먼트 제작,952457227,"1조 2,872억원",USD
OI,O-I Glass  Inc.,51302010,용기(종이 제외) 및 포장재,951153834,"1조 2,855억원",USD
BKSY,BlackSky Technology Inc.,52101010,항공우주 및 방위,949047179,"1조 2,826억원",USD
PXED,Phoenix Education Partners  Inc.,63102010,"초, 중, 고등 교육기관",948406463,"1조 2,818억원",USD
NX,Quanex Building Products Corp,53203020,건설 자재 및 비품,946769457,"1조 2,796억원",USD
KODK,Eastman Kodak Co,57105010,사무기기,946693000,"1조 2,795억원",USD
CPF,Central Pacific Financial Corp,55101010,은행,946475600,"1조 2,792억원",USD
BCX,BlackRock Resources And Commodities Strategy Trust,55501030,폐쇄형 펀드,943827554,"1조 2,756억원",USD
UTL,Unitil Corp,59104010,복합 유틸리티,941741845,"1조 2,728억원",USD
IBTA,Ibotta  Inc.,57201030,온라인 서비스,941613113,"1조 2,726억원",USD
CSR,Centerspace,60102030,주거용 REITs,939656905,"1조 2,699억원",USD
CIM,Chimera Investment Corporation,60102040,특수 REITs,933386771,"1조 2,615억원",USD
RNP,Cohen & Steers REIT & Preferred & Income Fund Inc,55501030,폐쇄형 펀드,932641535,"1조 2,605억원",USD
KFRC,Kforce Inc.,52203030,고용 서비스,931088910,"1조 2,584억원",USD
SYF PRA,Synchrony Finl 40 Dep Shs Representing Perp Prf Shs Series A,55101030,소비자 대출,929880000,"1조 2,567억원",USD
SBSI,Southside Bancshares Inc,55101010,은행,929114737,"1조 2,557억원",USD
FET,Forum Energy Technologies Inc,50103020,오일 관련 서비스 및 장비,928714984,"1조 2,552억원",USD
BBN,BlackRock Taxable Municipal Bond Trust,55501030,폐쇄형 펀드,926269785,"1조 2,519억원",USD
PLOW,Douglas Dynamics Inc,52102020,중장비 및 차량,920543365,"1조 2,441억원",USD
BBDC,Barings BDC Inc,55501030,폐쇄형 펀드,917232304,"1조 2,396억원",USD
SG,Sweetgreen  Inc.,53301020,레스토랑 및 바,913046886,"1조 2,340억원",USD
PDX,PIMCO Dynamic Income Strategy Fund,55501030,폐쇄형 펀드,912022800,"1조 2,326억원",USD
ACEL,Accel Entertainment  Inc.,53301030,카지노 및 도박,908554985,"1조 2,279억원",USD
FSSL,FS Specialty Lending Close End Fund,55101050,기업 금융 서비스,901143467,"1조 2,179억원",USD
BTZ,BlackRock Credit Allocation Income Trust,55501030,폐쇄형 펀드,894981543,"1조 2,096억원",USD
TTI,TETRA Technologies  Inc.,50103020,오일 관련 서비스 및 장비,891398130,"1조 2,047억원",USD
DUK PRA,Duke Energy 1000 Drc Representing Pref Shs Series A,59101010,전력 유틸리티,890800000,"1조 2,039억원",USD
BZH,Beazer Homes USA  Inc.,53203010,주택 건설,890032223,"1조 2,029억원",USD
MS PRK,Morgan Stanley DS Representing 1/1000 Non Cum Pref Shs Series K,55102010,투자 은행 및 중개 서비스,884000000,"1조 1,947억원",USD
MS PRE,Morgan Stanley Depositary Shares Representing 1/1000th Fixed/Floating Non,55102010,투자 은행 및 중개 서비스,881130000,"1조 1,908억원",USD
RPC,Ridgepost Capital Inc,55102020,투자 관리 및 펀드 운영,873088445,"1조 1,800억원",USD
SMBK,SmartFinancial Inc,55101010,은행,870825230,"1조 1,769억원",USD
EIG,Employers Holdings  Inc.,55301020,손해보험,866055599,"1조 1,705억원",USD
HSHP,Himalaya Shipping Ltd,52405020,해양 화물 및 물류,855663800,"1조 1,564억원",USD
VPG,Vishay Precision Group  Inc.,52102010,산업용 기계 및 장비,931231261,"1조 2,586억원",USD
RSKD,Riskified Ltd,57201020,소프트웨어,925584515,"1조 2,509억원",USD
BUR,Burford Capital Ltd,55102020,투자 관리 및 펀드 운영,900296462,"1조 2,168억원",USD
RERE,ATRenew Inc ADR,53402010,백화점,884609458,"1조 1,955억원",USD
JMIA,Jumia Technologies AG ADR,57201030,온라인 서비스,874466468,"1조 1,818억원",USD
AIO,Virtus Artificial Intelligence and Technology Opportunities Fund,55501030,폐쇄형 펀드,873718419,"1조 1,808억원",USD
KOP,Koppers Holdings Inc,51101010,상품 화학,871823285,"1조 1,783억원",USD
CVLG,Covenant Logistics Group Inc,52405030,지상 화물 및 물류,871472897,"1조 1,778억원",USD
KBDC,Kayne Anderson BDC Inc,55501030,폐쇄형 펀드,867736823,"1조 1,727억원",USD
NRGV,Energy Vault Holdings  Inc.,52102030,전기 부품 및 장비,867374749,"1조 1,723억원",USD
MFA,MFA Financial  Inc.,60102040,특수 REITs,865312749,"1조 1,695억원",USD
VRTS,Virtus Investment Partners  Inc.,55102020,투자 관리 및 펀드 운영,863002734,"1조 1,663억원",USD
MS PRF,Morgan Stanley DS Representing 1/1000th Non-Cumulative Pref Shs Series F,55102010,투자 은행 및 중개 서비스,861900000,"1조 1,649억원",USD
MYN,BlackRock MuniYield New York Quality Fund，Inc.,55501030,폐쇄형 펀드,858406749,"1조 1,601억원",USD
MCS,Marcus Corp,53301040,여가 및 오락시설,857442342,"1조 1,588억원",USD
ALL PRH,Allstate Depositary Shares Representing 1/1000th Shares Perpetual Preferred,55301020,손해보험,857440000,"1조 1,588억원",USD
NRK,Nuveen New York AMT-Free Quality Municipal Inc Fd,55501030,폐쇄형 펀드,854033626,"1조 1,542억원",USD
AWF,AllianceBernstein Global High Income Closed Fund,55501030,폐쇄형 펀드,852811506,"1조 1,526억원",USD
CODI,Compass Diversified Holdings,55601010,투자 지주 회사,852423495,"1조 1,521억원",USD
T PRA,AT T Depositary Shares Reprs a 1 1 000th interest in a share of 5.000%,57401020,무선 통신 서비스,851040000,"1조 1,502억원",USD
PML,PIMCO Municipal Income Fund II,55501030,폐쇄형 펀드,850673040,"1조 1,497억원",USD
NXP,Nuveen Select Tax-Free Income Portfolio,55501030,폐쇄형 펀드,849451771,"1조 1,480억원",USD
MS PRA,Morgan Stanley Depository Shares Repstg 1/1000th Interest in Floating Rate Non,55102010,투자 은행 및 중개 서비스,845240000,"1조 1,423억원",USD
YALA,Yalla Group Limited ADR,57201030,온라인 서비스,844169168,"1조 1,409억원",USD
SMP,Standard Motor Products Inc,53101020,"자동차, 트럭 및 오토바이 부품",842005643,"1조 1,380억원",USD
MS PRO,Morgan Stanley Each DS Repstg 1 1000 Shs of 4 250  Non Cum Pref Shs Series O,55102010,투자 은행 및 중개 서비스,841360000,"1조 1,371억원",USD
OGG,Osisko Gold Group Inc,51201060,금,838817673,"1조 1,337억원",USD
MNTN,MNTN  Inc.,53302010,광고 및 마케팅,838543457,"1조 1,333억원",USD
CAPL,CrossAmerica Partners Common Units,50102030,"오일, 가스 정제 및 마케팅",837902947,"1조 1,324억원",USD
SXC,SunCoke Energy Inc,51201020,철 및 강철,834319776,"1조 1,276억원",USD
BAC PRQ,Bank Amer DS Repstg 1 1000Th Non Cum Pref Shs Series QQ,55101010,은행,834214320,"1조 1,274억원",USD
DQ,Daqo New Energy Corp ADR,50201010,재생 가능 에너지 장비 및 서비스,832970146,"1조 1,258억원",USD
COF PRJ,Capital One Finl 40 DS Representing 1 Perp Pfd Series J,55101030,소비자 대출,832500000,"1조 1,251억원",USD
HTD,John Hancock Tax Advantaged Dividend Income Closed Fund,55501030,폐쇄형 펀드,830521955,"1조 1,225억원",USD
HIPO,Hippo Holdings Inc.,55301020,손해보험,827834882,"1조 1,188억원",USD
PCN,PIMCO Corporate & Income Strategy Fund,55501030,폐쇄형 펀드,827302630,"1조 1,181억원",USD
SOC,Sable Offshore Corp.,50102020,"오일, 가스 탐사 및 생산",826957855,"1조 1,176억원",USD
INR,Infinity Natural Resources Inc,50102020,"오일, 가스 탐사 및 생산",826392022,"1조 1,169억원",USD
SKYH,Sky Harbour Group Corporation,52407010,공항 운영 및 서비스,824458031,"1조 1,143억원",USD
ARI,Apollo Commercial Real Estate Finance Inc,60102040,특수 REITs,823969303,"1조 1,136억원",USD
ABR,Arbor Realty Trust  Inc.,60102040,특수 REITs,818989809,"1조 1,069억원",USD
EOI,Eaton Vance Enhanced Equity Income Closed Fund,55501030,폐쇄형 펀드,817984873,"1조 1,055억원",USD
MTW,Manitowoc Company Inc,52102020,중장비 및 차량,815361119,"1조 1,020억원",USD
VLRS,Controladora Vuela Compania de Aviacion SAB de CV ADR,52406010,항공사,808021839,1조 920억원,USD
REF,Reformation Inc.,53403040,의류 및 액세서리 소매,803478752,1조 859억원,USD
WFC PRA,Wells Fargo And New 1000 DS Repstg Perp Pfd Ser Aa Class A,55101010,은행,801684000,1조 835억원,USD
WGO,Winnebago Industries  Inc.,53205020,오락용 제품,798878916,1조 797억원,USD
THQ,abrdn Healthcare Opportunities Fund,55501030,폐쇄형 펀드,797257000,1조 775억원,USD
FINV,FinVolution Group ADR,57301010,핀테크,793120728,1조 719억원,USD
TXO,TXO Partners Units,50102020,"오일, 가스 탐사 및 생산",790111300,1조 678억원,USD
MTUS,Metallus Inc,51201020,철 및 강철,790023353,1조 677억원,USD
PMT,PennyMac Mortgage Investment Trust,60102040,특수 REITs,785693282,1조 619억원,USD
PEO,Adams Natural Resources Fund，Inc.,55501030,폐쇄형 펀드,784975492,1조 609억원,USD
ABX,Abacus Global Management Inc,55301010,복합보험 및 중개인,784293837,1조 600억원,USD
PHK,PIMCO High Income Fund,55501030,폐쇄형 펀드,776834350,1조 499억원,USD
WFC PRD,Wells Fargo And Company Dep Shs Repstg 1 1000Th Int Perp Pfd Class A Ser Dd,55101010,은행,775500000,1조 481억원,USD
BAC PRK,Bank of America DS Rep 1/1000th 5.875% Non Cum PRF Series HH,55101010,은행,772231320,1조 437억원,USD
MTB PRJ,M And T Bk Dep Shs Repstg 1 400Th Int Perp Prf Shs Series J,55101010,은행,765600000,1조 347억원,USD
CTO,CTO Realty Growth Inc,60102020,상업용 REITs,763953553,1조 325억원,USD
HTB,HomeTrust Bancshares Inc,55101010,은행,762699858,1조 308억원,USD
NABL,N-Able Inc,57201020,소프트웨어,776403866,1조 493억원,USD
LXU,LSB Industries  Inc.,51101090,다각적 화학 산업,756693767,1조 227억원,USD
WLKP,Westlake Chemical Partners Units,51101010,상품 화학,753556893,1조 184억원,USD
GDOT,Green Dot Corporation,55101030,소비자 대출,752774215,1조 174억원,USD
SMWB,Similarweb Ltd.,57201020,소프트웨어,750113984,1조 138억원,USD
EVEX,Eve Holding  Inc.,52101010,항공우주 및 방위,749245616,1조 126억원,USD
FFC,Flaherty Crumrine Preferred and Income Securities Mutual Fund  Incorporated,55501030,폐쇄형 펀드,749166283,1조 125억원,USD
EVC,Entravision Communications Corp,53302020,방송,747535271,1조 103억원,USD
MKC V,Mccormick & Co Voting Ord Shs,54102020,식품 가공,747218301,1조 99억원,USD
BFS,Saul Centers Inc,60102020,상업용 REITs,747197963,1조 98억원,USD
C PRR,Citigroup Dep Shs Repstg 1 1000 Int Sh Non Cum Pfd Ser II,55102010,투자 은행 및 중개 서비스,744000000,1조 55억원,USD
USB PRH,US Depository Shares Repstg 1/1000th Non Cum Perp Pref Shs Series B,55101010,은행,742000000,1조 28억원,USD
RMT,Royce Micro Cap Closed Fund,55501030,폐쇄형 펀드,738088312,"9,975억원",USD
MEGI,NYLIM CBRE Global Infrstrctr Megatrends Term Fd,55501030,폐쇄형 펀드,736472606,"9,953억원",USD
BTO,John Hancock Financial Opportunities Fund,55501030,폐쇄형 펀드,734219881,"9,923억원",USD
GLAS,Glass House Brands Inc,54301010,의약품 소매,733078388,"9,908억원",USD
BH,Biglari Holdings Inc Class B,53301020,레스토랑 및 바,731409148,"9,885억원",USD
BCSF,Bain Capital Specialty Finance Inc,55102020,투자 관리 및 펀드 운영,727824649,"9,837억원",USD
NLY PRF,Annaly Capital Mgt 6.95% Fixed to Floating Rate Cum Redeemable Pref Shs Series F,60102040,특수 REITs,726912000,"9,824억원",USD
ASC,Ardmore Shipping Corp,50103030,오일 및 가스 수송 서비스,725937730,"9,811억원",USD
TCBX,Third Coast Bancshares Inc,55101010,은행,725490493,"9,805억원",USD
LUCK,Lucky Strike Entertainment Corp,53301040,여가 및 오락시설,725265066,"9,802억원",USD
PSTL,Postal Realty Trust  Inc.,60102020,상업용 REITs,724809331,"9,796억원",USD
UAMY,United States Antimony Corp,51201050,특수 채굴 및 금속,718413043,"9,709억원",USD
NIE,Virtus Equity And Convertible Income Fund,55501030,폐쇄형 펀드,712674580,"9,632억원",USD
IVR,Invesco Mortgage Capital Inc,60102040,특수 REITs,712579561,"9,631억원",USD
ESRT,Empire State Realty Trust  Inc.,60102020,상업용 REITs,709843861,"9,594억원",USD
VTS,Vitesse Energy Inc,50102020,"오일, 가스 탐사 및 생산",709457741,"9,588억원",USD
GPRK,GeoPark Ltd,50102020,"오일, 가스 탐사 및 생산",707363708,"9,560억원",USD
BAC PRO,Bank of America Depositary shares Representing 1 1000 Non Cumulative Pref Shs,55101010,은행,706374990,"9,547억원",USD
PFLT,PennantPark Floating Rate Capital Ltd,55501030,폐쇄형 펀드,705439241,"9,534억원",USD
TROX,Tronox Holdings PLC,51101030,특수 화학제,702680128,"9,497억원",USD
SUPV,Grupo Supervielle S.A. ADR,55101010,은행,693366165,"9,371억원",USD
JQC,Nuveen Credit Strategies Income Closed Fund,55501030,폐쇄형 펀드,693260225,"9,369억원",USD
NGVC,Natural Grocers by Vitamin Cottage Inc,53403090,기타 전문 소매,693219198,"9,369억원",USD
MATV,Mativ Holdings  Inc.,51101010,상품 화학,693187631,"9,368억원",USD
MET PRF,Metlife 1000 DS Rep Prf Series F,55301030,생명 및 건강 보험,688000000,"9,298억원",USD
OFRM,Once Upon A Farm PBC,54102020,식품 가공,686127270,"9,273억원",USD
BOE,BlackRock Enhanced Global Dividend Closed End Fund,55501030,폐쇄형 펀드,683325536,"9,235억원",USD
BUI,BlackRock Utilities Infrastructure & Power Oppty,55501030,폐쇄형 펀드,678853404,"9,175억원",USD
CNNE,Cannae Holdings Inc,53301020,레스토랑 및 바,678372910,"9,168억원",USD
RGR,Sturm  Ruger & Company  Inc.,53205020,오락용 제품,670128057,"9,057억원",USD
MG,Mistras Group Inc,50102010,통합 오일 및 가스,664925546,"8,986억원",USD
BWMX,Betterware de Mexico SAPI de CV,53402010,백화점,661374638,"8,938억원",USD
RA,Brookfield Real Assets Income Closed Fund,55501030,폐쇄형 펀드,659741070,"8,916억원",USD
BIT,BlackRock Multi-Sector Income Trust,55501030,폐쇄형 펀드,657933035,"8,892억원",USD
MET PRE,Metlife DS 1 1000 representing Pref Shs Series E,55301030,생명 및 건강 보험,657202000,"8,882억원",USD
HPP,Hudson Pacific Properties  Inc.,60102020,상업용 REITs,655566391,"8,860억원",USD
SCHW PRD,Charles Schwab DS Representing 1 40 interest 5.95 Non Cum Perpetual Pref Shs,55102010,투자 은행 및 중개 서비스,654900000,"8,851억원",USD
JPM PRJ,JP Morgan Chase DS Representing 1 400 Non Cumulaive Series GG Pref Shs,55101010,은행,653040000,"8,826억원",USD
PKE,Park Aerospace Corp,52101010,항공우주 및 방위,651231257,"8,801억원",USD
JBGS,JBG SMITH Properties,60102020,상업용 REITs,644918138,"8,716억원",USD
SMC,Summit Midstream Corp,50103030,오일 및 가스 수송 서비스,644578618,"8,711억원",USD
FBRT,Franklin Bsp Realty Trust  Inc.,60102040,특수 REITs,643601974,"8,698억원",USD
VEL,Velocity Financial Inc,55101030,소비자 대출,642758120,"8,687억원",USD
DLY,DoubleLine Yield Opportunities Fund,55501030,폐쇄형 펀드,642176024,"8,679억원",USD
TFC PRR,Truist Financial DS Rep 1 1000th Non Cum Perp Pfd Series R,55101010,은행,638990000,"8,636억원",USD
WFC PRC,Wells Fargo 1000 Depositary Shares representing Non-Cumulative Perpetual Class,55101010,은행,638800000,"8,633억원",USD
NKX,Nuveen California AMT-Free Quality Municipal In Fd,55501030,폐쇄형 펀드,631485554,"8,535억원",USD
MAX,MediaAlpha  Inc.,57201030,온라인 서비스,611414500,"8,263억원",USD
BXC,BlueLinx Holdings Inc.,53203020,건설 자재 및 비품,648389300,"8,763억원",USD
WDI,Western Asset Diversified Income Fund,55501030,폐쇄형 펀드,638519027,"8,630억원",USD
YEXT,Yext  Inc.,57201030,온라인 서비스,630494344,"8,521억원",USD
ALL PRJ,Allstate Dep Shs Repstg 1 1000Th Non Cum Perp Pfd Series J,55301020,손해보험,627600000,"8,482억원",USD
PHR,Phreesia  Inc.,57201020,소프트웨어,626916534,"8,473억원",USD
PAR,PAR Technology Corporation,57105010,사무기기,626645026,"8,469억원",USD
PFN,Pimco Income Strategy II Closed Fund,55501030,폐쇄형 펀드,626512460,"8,467억원",USD
PAXS,PIMCO Access Income Fund,55501030,폐쇄형 펀드,624764000,"8,444억원",USD
ASGI,abrdn Global Infrastructure Income Fund,55501030,폐쇄형 펀드,623254160,"8,423억원",USD
WHK,Whitehawk Minerals Corp,50102010,통합 오일 및 가스,622964881,"8,419억원",USD
IGR,CBRE Global Real Estate Income Closed End Fund,55501030,폐쇄형 펀드,619684907,"8,375억원",USD
RYAM,Rayonier Advanced Materials Inc.,51101030,특수 화학제,619620945,"8,374억원",USD
MLR,Miller Industries Inc,53101020,"자동차, 트럭 및 오토바이 부품",617218244,"8,342억원",USD
MUJ,BlackRock MuniHoldings New Jersey Quality Fd，Inc.,55501030,폐쇄형 펀드,616947137,"8,338억원",USD
CLDT,Chatham Lodging Trust,60102040,특수 REITs,616528729,"8,332억원",USD
VMO,Invesco Municipal Opportunity Trust,55501030,폐쇄형 펀드,616407861,"8,331억원",USD
INN,Summit Hotel Properties Inc,60102040,특수 REITs,615843274,"8,323억원",USD
AHRT,AH Realty Trust  Inc,60102010,복합부동산 REITs,615484427,"8,318억원",USD
EGY,VAALCO Energy Inc,50102020,"오일, 가스 탐사 및 생산",614319984,"8,303억원",USD
OOMA,Ooma  Inc.,57401010,통합 통신 서비스,613272000,"8,288억원",USD
BHK,BlackRock Core Bond Closed Fund,55501030,폐쇄형 펀드,613183662,"8,287억원",USD
BCSS U,Bain Capital GSS Investment Units,55601010,투자 지주 회사,612616000,"8,280억원",USD
GMRS,GMR Solutions Inc,56102010,의료 시설 및 서비스,610985551,"8,257억원",USD
JBI,Janus International Group  Inc.,53203020,건설 자재 및 비품,609867981,"8,242억원",USD
HOV,Hovnanian Enterprises  Inc.,53203010,주택 건설,609343455,"8,235억원",USD
HQL,abrdn Life Sciences Investors,55501030,폐쇄형 펀드,607552779,"8,211억원",USD
BCSS,Bain Capital GSS Investment Corp,55601010,투자 지주 회사,603856000,"8,161억원",USD
EVAC,EQV Ventures Acquisition Corp II,55601010,투자 지주 회사,602305166,"8,140억원",USD
VTEX,VTEX,57201020,소프트웨어,600155643,"8,111억원",USD
GRNT,Granite Ridge Resources  Inc.,50102020,"오일, 가스 탐사 및 생산",600146101,"8,111억원",USD
KEY PRL,KeyCorp Depositary Shares Reprstg A 1 40th interest Fixed Rate Perpetual Non,55101010,은행,597600000,"8,077억원",USD
DDD,3D Systems Corp,57104010,전자 장비 및 부품,596467827,"8,061억원",USD
NCDL,Nuveen Churchill Direct Lending Corp,55102020,투자 관리 및 펀드 운영,596101875,"8,056억원",USD
RNR PRF,Renaissancere Holdings Depositary Shares Rep 1/1000 Int Pref Shs Series F,55301050,재보험,595500000,"8,048억원",USD
HY,Hyster-Yale Inc,52102020,중장비 및 차량,595288848,"8,045억원",USD
PDT,John Hancock Premium Dividend Fund,55501030,폐쇄형 펀드,595141223,"8,043억원",USD
ONT,Onterris  Inc.,52203010,환경 서비스 및 장비,594889163,"8,040억원",USD
ENHA,Enhanced Group Inc,53301040,여가 및 오락시설,589110332,"7,962억원",USD
CWH,Camping World Holdings Inc,53403010,"자동차 차량, 부품 및 서비스 소매",588781021,"7,957억원",USD
EROK,EagleRock Land LLC,50102020,"오일, 가스 탐사 및 생산",588249381,"7,950억원",USD
WEAV,Weave Communications  Inc,57201020,소프트웨어,587300565,"7,937억원",USD
TWN,Taiwan Fund Inc.,55501030,폐쇄형 펀드,587295749,"7,937억원",USD
DSU,BlackRock Debt Strategies Fund，Inc.,55501030,폐쇄형 펀드,585637805,"7,915억원",USD
EMD,Western Asset Emerging Markets Debt Fund,55501030,폐쇄형 펀드,583048343,"7,880억원",USD
IIIN,Insteel Industries Inc,53203020,건설 자재 및 비품,582489652,"7,872억원",USD
BME,BlackRock Health Sciences Trust,55501030,폐쇄형 펀드,581455394,"7,858억원",USD
NVRI,Enviri Corp (Delaware),52203010,환경 서비스 및 장비,580716451,"7,848억원",USD
CARS,Cars.com Inc,57201030,온라인 서비스,578153311,"7,814억원",USD
MTB PRL,M&T BK Depositary Shs Repstg 1 400th Perp Series L Prf Shs,55101010,은행,577680000,"7,807억원",USD
WFC PRY,Wells Fargo DS Repstg 1000 Int Non Cumulative Perp Series Y Pref shs Class A,55101010,은행,576840000,"7,796억원",USD
BAC PRP,Bank of America 1000 DS Representing Non-Cumulative Pref Shs Series PP,55101010,은행,574875000,"7,769억원",USD
GS PRA,Goldman Sachs Depository Shares Repstg 1/1000 Floating Rate Non Cumulative,55102010,투자 은행 및 중개 서비스,573580880,"7,752억원",USD
MSIF,MSC Income Fund Inc,55101050,기업 금융 서비스,571349885,"7,722억원",USD
ACP,abrdn Income Credit Strategies Mutual Fund,55501030,폐쇄형 펀드,570891585,"7,716억원",USD
LDP,Cohen & Steers Ltd Dur Pref and Income Fund Inc,55501030,폐쇄형 펀드,568498771,"7,683억원",USD
EQH PRA,Equitable Hldngs 1000 DRC Representing Pref Shs Series A,55102030,다각적 투자 서비스,567360000,"7,668억원",USD
NOAH,Noah Holdings Limited ADR,55102020,투자 관리 및 펀드 운영,563581714,"7,617억원",USD
IIM,Invesco Value Municipal Income Closed Fund,55501030,폐쇄형 펀드,560980473,"7,582억원",USD
CMDB,Costamare Bulkers Holdings Ltd,52405020,해양 화물 및 물류,552858898,"7,472억원",USD
WTI,W&T Offshore  Inc.,50102020,"오일, 가스 탐사 및 생산",550941775,"7,446억원",USD
BALY,Bally's Corporation,53301030,카지노 및 도박,621279816,"8,397억원",USD
DNA,Ginkgo Bioworks Holdings  Inc.,56202010,생명 공학 및 의학 연구,602868395,"8,148억원",USD
ETJ,Eaton Vance Risk Managed Diversified Equity Income Closed Fund,55501030,폐쇄형 펀드,563315957,"7,613억원",USD
THW,abrdn World Healthcare Fund,55501030,폐쇄형 펀드,560794277,"7,579억원",USD
JXN PRA,Jackson Financial Depositary Shr each representg a 1 1000th int shr Fxd Rt Rst,55301010,복합보험 및 중개인,560120000,"7,570억원",USD
EBF,Ennis Inc,52203020,상업 인쇄 서비스,558585846,"7,549억원",USD
AEXA,American Exceptionalism Acquisition Corp A,55601010,투자 지주 회사,556433033,"7,520억원",USD
NXRT,NexPoint Residential Trust Inc,60102030,주거용 REITs,554941938,"7,500억원",USD
NDMO,Nuveen Dynamic Municipal Opportunities Fund,,,552220901,"7,463억원",USD
TRTX,TPG RE Finance Trust Inc,60102040,특수 REITs,551969175,"7,460억원",USD
NPB,Northpointe Bancshares Inc,55101010,은행,550197106,"7,436억원",USD
JKS,JinkoSolar Holding Co.  Ltd. ADR,50201010,재생 가능 에너지 장비 및 서비스,548839570,"7,418억원",USD
NMCO,Nuveen Municipal Credit Opportunities Fund,55501030,폐쇄형 펀드,547289079,"7,397억원",USD
OPFI,OppFi Inc,57201020,소프트웨어,547036946,"7,393억원",USD
GUT,Gabelli Utility Trust,55501030,폐쇄형 펀드,546470816,"7,386억원",USD
FOUR PRA,Shift4 Pmts Mandatory Pfd Stk Conv Prf Shs Ser A,52203040,경영 지원 서비스,542011392,"7,325억원",USD
BRSP,BrightSpire Capital  Inc.,60102040,특수 REITs,541523490,"7,319억원",USD
HUYA,HUYA Inc ADR,57201030,온라인 서비스,541227640,"7,315억원",USD
UHT,Universal Health Realty Income Trust,60102040,특수 REITs,541075768,"7,313억원",USD
GOTU,Gaotu Techedu Inc. ADR,63101010,기타 교육 서비스 제공,540628384,"7,307억원",USD
HKD,AMTD Digital Inc ADR,57201020,소프트웨어,540560482,"7,306억원",USD
ETD,Ethan Allen Interiors Inc.,53204040,가정용 가구,537569389,"7,265억원",USD
AVK,Advent Convertible and Income Fund,55501030,폐쇄형 펀드,534641302,"7,226억원",USD
MOV,Movado Group Inc,53202020,의류 및 액세서리,531037079,"7,177억원",USD
BGY,BlackRock Enhanced International Dividend Closed End Fund,55501030,폐쇄형 펀드,530094562,"7,164억원",USD
SDHC,Smith Douglas Homes Corp,53203010,주택 건설,526073743,"7,110억원",USD
VGM,Invesco Trust For Inv Grade Munis,55102020,투자 관리 및 펀드 운영,523880811,"7,080억원",USD
SD,SandRidge Energy Inc,50102020,"오일, 가스 탐사 및 생산",521278662,"7,045억원",USD
SCE PRM,SCE Trust VII 7 50 Pref Shs,55101050,기업 금융 서비스,518980000,"7,014억원",USD
SYF PRB,Synchrony Finl Depositary Shs Each Rep 1 40Th Int In A Sh Of Fxd Rate Non Cum,55101030,소비자 대출,518000000,"7,001억원",USD
ALL PRB,Allstate 5.100% Fixed-To-Floating Rate Subordinated Debenture Exp 2053,55301020,손해보험,517600000,"6,995억원",USD
RWT,Redwood Trust  Inc.,60102040,특수 REITs,516267096,"6,977억원",USD
LNC PRD,Lincoln Natl Depositary Shs Representing 1/1000Th Class D Non Cumulative Pref,55301030,생명 및 건강 보험,515400000,"6,966억원",USD
BDN,Brandywine Realty Trust,60102020,상업용 REITs,515001846,"6,960억원",USD
EDN,Empresa Distribuidora y Comercializadora Norte SA ADR,59101010,전력 유틸리티,514732882,"6,957억원",USD
IQI,Invesco Quality Municipal Income Closed Fund,55501030,폐쇄형 펀드,514559345,"6,954억원",USD
MMU,Western Asset Managed Municipals Fund,55501030,폐쇄형 펀드,512870983,"6,931억원",USD
BANC PRF,Banc of California Depositary Shs Each Repsntg 1 40th Interest 7 75 Non,55101010,은행,512223500,"6,923억원",USD
BK PR K,Bank New York Mellon Depositary Shs Repstg 1 4000Th Prf Shs Ser K,55102020,투자 관리 및 펀드 운영,512000000,"6,920억원",USD
AII,American Integrity Insurance Group Inc,55301020,손해보험,508645365,"6,874억원",USD
DDL,Dingdong (Cayman) Ltd ADR,57201030,온라인 서비스,508401765,"6,871억원",USD
MFM,Aberdeen Municipal Income Fund,55501030,폐쇄형 펀드,508086273,"6,867억원",USD
MET PRA,MetLife Floating Rate Non Cumulative Pref Shs Series A,55301030,생명 및 건강 보험,507360000,"6,857억원",USD
IGD,Voya Global Equity Dividend & Premium Opportunity Closed Fund,55501030,폐쇄형 펀드,507124545,"6,854억원",USD
TDS PRV,Telephone And Data Sys Dep Shs Repstg 1 1000Th Perp Pref Shs Series VV,57401020,무선 통신 서비스,505908000,"6,837억원",USD
VKQ,Invesco Municipal Trust,55501030,폐쇄형 펀드,505766607,"6,835억원",USD
BGB,Blackstone Strategic Credit 2027 Term Fund,55501030,폐쇄형 펀드,505763337,"6,835억원",USD
ETO,Eaton Vance Tax Advantaged Global Dividend Opportunities Closed Fund,55501030,폐쇄형 펀드,505574057,"6,833억원",USD
SPCE,Virgin Galactic Holdings Inc,52101010,항공우주 및 방위,503298398,"6,802억원",USD
NWAX,New America Acquisition I Corp,55601010,투자 지주 회사,502980000,"6,798억원",USD
MMT,Aberdeen Multimarket Income Fund,55501030,폐쇄형 펀드,502251751,"6,788억원",USD
CLB,Core Laboratories Inc.,52203040,경영 지원 서비스,501976889,"6,784억원",USD
OLP,One Liberty Properties Inc,60102020,상업용 REITs,501757302,"6,781억원",USD
IPI,Intrepid Potash Inc,51101020,농화학제,500722840,"6,767억원",USD
KEY PRI,Keycorp DS Representing 1 40 Non Cumulative Pref Shs Series E,55101010,은행,500200000,"6,760억원",USD
ATH PRE,Athene Holding Ltd DRC,55501050,연금,499800000,"6,755억원",USD
CTEV,Claritev Corp,52203040,경영 지원 서비스,499102785,"6,745억원",USD
AAC,Ares Acquisition Corporation III,55601010,투자 지주 회사,498635188,"6,739억원",USD
OIS,Oil States International  Inc.,50103020,오일 관련 서비스 및 장비,496455154,"6,710억원",USD
WIW,Western Asset Inflation Linked Opportunities Income Closed End Fund,55501030,폐쇄형 펀드,494979644,"6,690억원",USD
CSV,Carriage Services Inc,54201030,개인 서비스,506009951,"6,839억원",USD
SPIR,Spire Global  Inc.,57401020,무선 통신 서비스,495999150,"6,703억원",USD
QUAD,Quad/Graphics Inc,52203020,상업 인쇄 서비스,495057725,"6,691억원",USD
FLG PRA,Flagstar Bank National Association DS Representing 1 40 Noncumulative Perp Pref,55101010,은행,493988000,"6,676억원",USD
WNC,Wabash National Corporation,52102020,중장비 및 차량,493734537,"6,673억원",USD
BAC PRS,Bank Amer Dep Shs Repstg 1 1000 Interest Share of 4 750 Non Cum Prf Shs Series,55101010,은행,492411590,"6,655억원",USD
BNY PRK,Bank New York Mellon Depositary Shs Repstg 1 4000Th Prf Shs Ser K,55102020,투자 관리 및 펀드 운영,491400000,"6,641억원",USD
MUA,BlackRock MuniAssets Fund，Inc.,55501030,폐쇄형 펀드,487938215,"6,594억원",USD
EVAC U,EQV Ventures Acquisition II Units,55601010,투자 지주 회사,484501884,"6,548억원",USD
KRSP,Rice Acquisition Corp 3,55601010,투자 지주 회사,484407378,"6,547억원",USD
XRN,Chiron Real Estate Inc,60102040,특수 REITs,483710308,"6,537억원",USD
TWI,Titan International Inc,53101020,"자동차, 트럭 및 오토바이 부품",483422216,"6,533억원",USD
NMAI,Nuveen Multi-Asset Income Fund,55501030,폐쇄형 펀드,481997801,"6,514억원",USD
MEI,Methode Electronics  Inc.,57104010,전자 장비 및 부품,481921117,"6,513억원",USD
RF PRC,Regions Financial DS Representing 1/40th 5.7% Fixed to Floating Rate Non Cum,55101010,은행,481600000,"6,509억원",USD
DPG,Duff & Phelps Utility and Infrastructure Fund Inc,55501030,폐쇄형 펀드,481281214,"6,505억원",USD
ECC,Eagle Point Credit Company Inc,55501030,폐쇄형 펀드,480168800,"6,489억원",USD
FTHY,First Trust High Yield Opportunities 2027 Term Closed End Fd,55501030,폐쇄형 펀드,478416587,"6,466억원",USD
FPI,Farmland Partners Inc,60102040,특수 REITs,476447484,"6,439억원",USD
ET PRI,Energy Transfer Prf Shs Series I,50103030,오일 및 가스 수송 서비스,476381953,"6,438억원",USD
NEE PRN,NextEra Energy Capital Holdings Junior Subordinated  Debentures Series N Exp 1,59101010,전력 유틸리티,476160000,"6,435억원",USD
IFN,Aberdeen India Fund,55501030,폐쇄형 펀드,475968350,"6,433억원",USD
VHI,Valhi Inc,51101030,특수 화학제,475512830,"6,427억원",USD
USB PRP,US DS Representing 1/1000 Perp Pref Shs Series K,55101010,은행,473800000,"6,403억원",USD
GUG,Guggenheim Active Allocation CEF,55501020,뮤추얼 펀드,471615187,"6,374억원",USD
RITM PRD,Rithm Capital 7 00 Fixed Rate Reset Cumulative Redeemable Pref Shs Series D,60102040,특수 REITs,470208000,"6,355억원",USD
VCV,Invesco California Value Muni Inc Tr,55501030,폐쇄형 펀드,468555221,"6,333억원",USD
LXFR,Luxfer Holdings PLC,52102010,산업용 기계 및 장비,466712497,"6,308억원",USD
NMG,Nouveau Monde Graphite Inc,51201050,특수 채굴 및 금속,464111130,"6,272억원",USD
BLW,BlackRock Limited Duration Income Trust,55501030,폐쇄형 펀드,461759946,"6,241억원",USD
ZKH,ZKH Group Ltd ADR,52202010,다각적 산업용 제품 도매,460886967,"6,229억원",USD
FITB PRI,Fifth Third Bancorp Depositary Shares Representing 1/1000th Perp Pref Shs,55101010,은행,460800000,"6,228억원",USD
GHY,PGIM Global High Yield Fund，Inc,55501030,폐쇄형 펀드,459993355,"6,217억원",USD
ETB,Eaton Vance Tax Managed Buy Write Income Closed Fund,55501030,폐쇄형 펀드,458539301,"6,197억원",USD
HBB,Hamilton Beach Brands Holding Company,53204030,"가전제품, 도구 및 가정 용품",457845828,"6,188억원",USD
PCQ,PIMCO California Municipal Income Fund,55501030,폐쇄형 펀드,457483950,"6,183억원",USD
ASPN,Aspen Aerogels  Inc.,51101030,특수 화학제,454778536,"6,146억원",USD
FFA,First Trust Enhanced Equity Income Closed Fund,55501030,폐쇄형 펀드,454728934,"6,146억원",USD
ASIX,AdvanSix Inc.,51101030,특수 화학제,451459830,"6,101억원",USD
TRC,Tejon Ranch Co,60101010,"부동산 임대, 개발 및 운영",446124040,"6,029억원",USD
FVR,FrontView REIT  Inc.,60102010,복합부동산 REITs,445587464,"6,022억원",USD
VVR,Invesco Senior Income Trust,55501030,폐쇄형 펀드,444843334,"6,012억원",USD
TFC PRO,Truist Financial 1000 Depositary Shares Representing Perp Pref Shs Series O,55101010,은행,442520000,"5,981억원",USD
CBAN,Colony Bankcorp Inc,55101010,은행,442457120,"5,980억원",USD
MEC,Mayville Engineering Company Inc,53101020,"자동차, 트럭 및 오토바이 부품",442175740,"5,976억원",USD
NLY PRI,Annaly Capital Management Pref Shs Series I,60102040,특수 REITs,441615000,"5,968억원",USD
AVBC,Avidia Bancorp Inc,55101010,은행,434953265,"5,878억원",USD
KIO,KKR Income Opportunities Fund,55501030,폐쇄형 펀드,434442749,"5,871억원",USD
BGR,BlackRock Energy and Resources Closed Fund,55501030,폐쇄형 펀드,434027716,"5,866억원",USD
GTN,Gray Media Inc,53302020,방송,432985103,"5,852억원",USD
MAGN,Magnera Corporation,53202010,직물 및 가죽제품,432822000,"5,850억원",USD
NBB,Nuveen Taxable Municipal Income Fund,55501030,폐쇄형 펀드,432690735,"5,848억원",USD
NGS,Natural Gas Services Group  Inc.,50103020,오일 관련 서비스 및 장비,429512891,"5,805억원",USD
NLY PRG,Annaly Capital Management Pref Shs Series G,60102040,특수 REITs,428230000,"5,788억원",USD
NPFD,Nuveen Variable Rate Preferred Income Closed End Fund,55501030,폐쇄형 펀드,427946937,"5,784억원",USD
GNE,Genie Energy Ltd,59101010,전력 유틸리티,424272323,"5,734억원",USD
SGU,Star Group Units,50102030,"오일, 가스 정제 및 마케팅",422608462,"5,712억원",USD
MTB PRK,M T Bk Dep Shs Repstg 1 400Th Int Perp Non Cum Pfd Ser K,55101010,은행,421200000,"5,693억원",USD
OXM,Oxford Industries Inc,53202020,의류 및 액세서리,421039282,"5,690억원",USD
CINT,CI&T Inc.,57201020,소프트웨어,413158776,"5,584억원",USD
CAL,Caleres Inc,53403040,의류 및 액세서리 소매,441318656,"5,964억원",USD
BKKT,Bakkt Inc,57301030,블록 체인 및 암호화폐,438525826,"5,927억원",USD
OPTU,Optimum Communications Inc,57401010,통합 통신 서비스,431017663,"5,825억원",USD
EVH,Evolent Health  Inc.,56101010,첨단 의료 장비 및 기술,429625473,"5,806억원",USD
CYH,Community Health Systems Inc,56102010,의료 시설 및 서비스,425848258,"5,755억원",USD
CPS,Cooper-Standard Holdings Inc.,53101020,"자동차, 트럭 및 오토바이 부품",425750224,"5,754억원",USD
JRI,Nuveen Real Asset Income and Growth Fund,55501030,폐쇄형 펀드,415737211,"5,619억원",USD
CHCT,Community Healthcare Trust Inc,60102040,특수 REITs,413474940,"5,588억원",USD
WLYB,John Wiley & Sons  Inc. Class B,53302040,소비자 출판,412959456,"5,581억원",USD
NXG,NXG NextGen Infrastructure Income Fund,55501030,폐쇄형 펀드,411187925,"5,557억원",USD
COF PRL,Capital One FINL DRC Rep 1 40TH INT Pref Shs Series L,55101030,소비자 대출,410805000,"5,552억원",USD
CFG PRH,Citizens Finl Group Dep Shs Repstg 1 40Th Perp Pfd Series H,55101010,은행,410240000,"5,544억원",USD
FITB PRM,Fifth Third Bancorp Depositary Shares Representing a 1 40th Ownership Interest,55101010,은행,409600000,"5,536억원",USD
CLBR,Colombier Acquisition Corp III,55601010,투자 지주 회사,409170420,"5,530억원",USD
FINS,Angel Oak Financial Strategies Income Term Trust,55501030,폐쇄형 펀드,408019751,"5,514억원",USD
QXO PRB,Qxo Depositary Shares Repstg 1 20Th Int Conv Pfd Ser B,53203020,건설 자재 및 비품,408000000,"5,514억원",USD
EVN,Eaton Vance Municipal Income Trust,55501030,폐쇄형 펀드,407612564,"5,509억원",USD
NPWR,NET Power Inc.,59101010,전력 유틸리티,406993995,"5,501억원",USD
RVI,Robinhood Ventures Fund I,,,406835199,"5,498억원",USD
HVT,Haverty Furniture Companies Inc,53403030,가정용 가구 소매,406625786,"5,496억원",USD
HPS,John Hancock Preferred Income III Closed Fund,55501030,폐쇄형 펀드,406614403,"5,495억원",USD
MVF,BlackRock MuniVest Fund，Inc.,55501030,폐쇄형 펀드,405363392,"5,478억원",USD
AAC U,Ares Acquisition III Units,55601010,투자 지주 회사,402110000,"5,435억원",USD
DFP,Flaherty & Crumrine Dynamic Pfd and Inc Fd,55501030,폐쇄형 펀드,401520578,"5,427억원",USD
FCBM,First Carolina Financial Services Inc,55101010,은행,401098879,"5,421억원",USD
ACCO,ACCO Brands Corp,52203060,비즈니스 지원 용품,399691769,"5,402억원",USD
HFRO,Highland Opportunities and Income Fund,55501030,폐쇄형 펀드,399229639,"5,396억원",USD
ISD,PGIM High Yield Bond Fund，Inc,55501030,폐쇄형 펀드,399128123,"5,394억원",USD
STT PRG,State Street DS Representing 1/4000th Perpetual Non Cumulative Pref Shs Series G,55102020,투자 관리 및 펀드 운영,397800000,"5,376억원",USD
RITM PRC,Rithm Capital 6 375 Cumulative Redeemable Pref Shs Series C,60102040,특수 REITs,393607715,"5,320억원",USD
SCHW PRJ,Charles Schwab DS Each Rep 1 40 Intrst of 4 450 Non Cumulative Perpetual Pref,55102010,투자 은행 및 중개 서비스,392880000,"5,310억원",USD
AXS PRE,Axis Cap 100 DS Representing 1 Pref Shs Series E,55301010,복합보험 및 중개인,392700000,"5,307억원",USD
CFG PRI,Citizens Finl Group Dep Shs Repstg 1 40Th Perp Pfd Ser I Depositary Share,55101010,은행,390720000,"5,281억원",USD
MCI,Barings Corporate Investors,55501030,폐쇄형 펀드,388271669,"5,247억원",USD
KREF,KKR Real Estate Finance Trust Inc,60102040,특수 REITs,387786016,"5,241억원",USD
HTT,High Templar Tech Ltd ADR,52406020,지상 및 해상 여객 운송,386655925,"5,226억원",USD
AUNA,Auna SA,56102010,의료 시설 및 서비스,386347677,"5,221억원",USD
BNED,Barnes & Noble Education Inc,53403090,기타 전문 소매,385821227,"5,214억원",USD
EQV.U,EQV Ventures Acquisition Units,55601010,투자 지주 회사,385808325,"5,214억원",USD
HPI,John Hancock Preferred Income Closed Fund,55501030,폐쇄형 펀드,385271117,"5,207억원",USD
BOC,Boston Omaha Corp,53302010,광고 및 마케팅,384724588,"5,200억원",USD
SDHY,PGIM Short Duration High Yield Opportunities Fund,55501030,폐쇄형 펀드,381198715,"5,152억원",USD
FHN PRH,First Horizon Depositary Sh Repstg 1 4000 Int Sh Non Cum Perp Pfd Stk Ser H,55101010,은행,377600000,"5,103억원",USD
FRA,BlackRock Floating Rate Income Strategies Fd，Inc.,55501030,폐쇄형 펀드,377380173,"5,100억원",USD
SOR,Source Capital Beneficial Interest,55501030,폐쇄형 펀드,375332278,"5,073억원",USD
MZYX,Mozayyx Acquisition Corp,55601010,투자 지주 회사,374625000,"5,063억원",USD
PSA PRL,Public Storage 1000 Depositary Shares Representing 4 625 Cumulative Pref Shs,60102040,특수 REITs,374256000,"5,058억원",USD
BH A,Biglari Holdings Inc Class A,53301020,레스토랑 및 바,373773492,"5,052억원",USD
EDD,Morgan Stanley Emerging Mrkt Domestic Debt Fd Inc,55501030,폐쇄형 펀드,373200512,"5,044억원",USD
MS PRL,Morgan Stanley 1000 Depositary Share Representing Pref Shs Series L,55102010,투자 은행 및 중개 서비스,371800000,"5,025억원",USD
ATH PRD,Athene Holding DS Representing a 1 1 000 Non Cum Pref Shs Series D,55501050,연금,371520000,"5,021억원",USD
KNOP,KNOT Offshore Partners Common Units,50103030,오일 및 가스 수송 서비스,368244141,"4,977억원",USD
FCRS,FutureCrest Acquisition Corp,55601010,투자 지주 회사,368179688,"4,976억원",USD
KRSP U,Rice Acquisition Redeemable Units,55601010,투자 지주 회사,367425000,"4,966억원",USD
SI,Shoulder Innovations  Inc.,56101020,"의료 장비, 물품 및 유통",366621833,"4,955억원",USD
ORN,Orion Group Holdings Inc,52201020,건설 및 엔지니어링,365672469,"4,942억원",USD
RNGR,Ranger Energy Services Inc,50103020,오일 관련 서비스 및 장비,363433417,"4,912억원",USD
DSX,Diana Shipping Inc,52405020,해양 화물 및 물류,363288054,"4,910억원",USD
KEY PRK,Keycorp New Depository Shares Representing 1 40th Ownership Fixed Rate,55101010,은행,358740000,"4,848억원",USD
NCV,Virtus Convertible And Income Fund,55501030,폐쇄형 펀드,358557147,"4,846억원",USD
GCO,Genesco Inc,53403040,의류 및 액세서리 소매,379570932,"5,130억원",USD
LZM,Lifezone Metals Ltd,51201050,특수 채굴 및 금속,369548829,"4,994억원",USD
CRD A,Crawford & Co Class A,55301010,복합보험 및 중개인,368338923,"4,978억원",USD
JILL,JJill Inc,53403040,의류 및 액세서리 소매,364886085,"4,931억원",USD
ALUB,Alussa Energy Acquisition Corp II,55601010,투자 지주 회사,363687500,"4,915억원",USD
PACK,Ranpak Holdings Corp.,51302020,종이 포장재,361899980,"4,891억원",USD
DIN,Dine Brands Global  Inc.,53301020,레스토랑 및 바,361798507,"4,890억원",USD
PNFP PRB,Pinnacle Financial Partners Non Cumulative Prf Shs Series B,55101010,은행,361340000,"4,884억원",USD
LEO,BNY Mellon Strategic Municipals Inc,55501030,폐쇄형 펀드,361286953,"4,883억원",USD
NWAX U,New America Acquisition I Units,55601010,투자 지주 회사,360828000,"4,877억원",USD
TCI,Transcontinental Realty Investors Inc,60101010,"부동산 임대, 개발 및 운영",360083524,"4,867억원",USD
LND,BrasilAgro - Companhia Brasileira de Propriedades Agricolas ADR,54102010,어업 및 농업,359611800,"4,860억원",USD
GBAB,Guggenheim Taxable Muni Bd & Inv Grade Dbt Trust,55501030,폐쇄형 펀드,358984898,"4,852억원",USD
JOF,Japan Smaller Capitalization Closed Fund,55501030,폐쇄형 펀드,355873696,"4,810억원",USD
SOUL,Soulpower Acquisition Corp,55601010,투자 지주 회사,355491397,"4,804억원",USD
CION,Cion Investment Corp,55102020,투자 관리 및 펀드 운영,354259469,"4,788억원",USD
CLW,Clearwater Paper Corp,51301020,종이 제품,353359309,"4,776억원",USD
FPH,Five Point Holdings  LLC,60101010,"부동산 임대, 개발 및 운영",353285928,"4,775억원",USD
CVEO,Civeo Corp,60101010,"부동산 임대, 개발 및 운영",352383523,"4,762억원",USD
SBXE,SilverBox Corp V,55601010,투자 지주 회사,350419500,"4,736억원",USD
PSFE,Paysafe Ltd,57301010,핀테크,350365817,"4,735억원",USD
EVMN,Evommune  Inc.,56202010,생명 공학 및 의학 연구,348404285,"4,709억원",USD
MIY,BlackRock MuniYield Michigan Quality Fund，Inc.,55501030,폐쇄형 펀드,348348098,"4,708억원",USD
SCD,LMP Capital & Income Fund,55501030,폐쇄형 펀드,348176307,"4,706억원",USD
FOF,Cohen & Steers Closed End Opportunity Closed Fund,55501030,폐쇄형 펀드,348097555,"4,705억원",USD
ALIT,Alight Inc,57201020,소프트웨어,347783691,"4,700억원",USD
BMNP,Bitmine Immersion Technologies Perpetual 9 5 Prf Shs Ser A,57301030,블록 체인 및 암호화폐,347760000,"4,700억원",USD
PFL,Pimco Income Strategy Closed Fund,55501030,폐쇄형 펀드,347589360,"4,698억원",USD
GOOS,Canada Goose Holdings Inc.,53202020,의류 및 액세서리,347570801,"4,697억원",USD
EBS,Emergent BioSolutions Inc.,56201040,제약,346607751,"4,684억원",USD
EMF,Templeton Emerging Markets Closed Fund,55501030,폐쇄형 펀드,345894337,"4,675억원",USD
NL,NLI Holdings Inc,52102010,산업용 기계 및 장비,345714049,"4,672억원",USD
WHR PRA,Whirlpool Dep Shs Repstg 1 20th Int Mandatory Conv Prf Series A,53204030,"가전제품, 도구 및 가정 용품",345575000,"4,670억원",USD
PSA PRP,PUBLIC STORAGE DS Representing 1 1000TH BEN Pref Shs Series P,60102040,특수 REITs,345345000,"4,667억원",USD
OEC,Orion SA,51101030,특수 화학제,342527556,"4,629억원",USD
NAN,Nuveen New York Quality Municipal Income Fund,55501030,폐쇄형 펀드,341737429,"4,619억원",USD
KEY PRJ,KeyCorp DS Rep 1/40th Fixed Rate Perpetual Non Cumulative PRF Shs Series F,55101010,은행,340340000,"4,600억원",USD
HIX,Western Asset High Income Fund II Inc,55501030,폐쇄형 펀드,338662102,"4,577억원",USD
TDS PRU,TELEPHONE DATA SYS 1000 DRC Representing 6 625 Cumulative Redeemable Perp Pref,57401020,무선 통신 서비스,338016000,"4,568억원",USD
NOA,North American Construction Group Ltd,50103020,오일 관련 서비스 및 장비,336423675,"4,547억원",USD
AWP,abrdn Global Premier Properties Mutual Fund,55501030,폐쇄형 펀드,335709439,"4,537억원",USD
JGH,Nuveen Global High Income Fund,55501030,폐쇄형 펀드,334416202,"4,520억원",USD
KTF,DWS Municipal Income Trust,55501030,폐쇄형 펀드,330710504,"4,470억원",USD
DBI,Designer Brands Inc.,53403040,의류 및 액세서리 소매,326678552,"4,415억원",USD
NGL PRB,NGL Energy Partners 9 Cumulative Redeemable Perpetual Pref Shs Unit Class B,50102030,"오일, 가스 정제 및 마케팅",325717674,"4,402억원",USD
ASG,Liberty All Star Growth Closed Fund,55501030,폐쇄형 펀드,324960153,"4,392억원",USD
HIO,Western Asset High Income Opportunity Closed Fund,55501030,폐쇄형 펀드,323337331,"4,370억원",USD
MLP,Maui Land & Pineapple Company Inc,60101010,"부동산 임대, 개발 및 운영",322711269,"4,361억원",USD
FTW,Presidio Production Co,50102020,"오일, 가스 탐사 및 생산",322374258,"4,357억원",USD
RLJ PRA,RLJ Lodging 1.95 Cumulative Convertible Pref Shs Series A,60102040,특수 REITs,322244465,"4,355억원",USD
BGT,BlackRock Floating Rate Income Closed Fund,55501030,폐쇄형 펀드,320615740,"4,333억원",USD
PSBD,Palmer Square Capital BDC Inc,55501030,폐쇄형 펀드,320305259,"4,329억원",USD
COSO,CoastalSouth Bancshares Inc,55101010,은행,318705530,"4,307억원",USD
JACS,Jackson Acquisition Co II,55601010,투자 지주 회사,318684300,"4,307억원",USD
CLBR U,Colombier Acquisition III Units,55601010,투자 지주 회사,318530000,"4,305억원",USD
SAC,Safeguard Acquisition Corp,55601010,투자 지주 회사,316489670,"4,277억원",USD
HIG PRG,Hartford Insurance Group Depositary Shares Representing  1 1000Th 6 000 Non,55301010,복합보험 및 중개인,316434000,"4,277억원",USD
CFG PRE,Citizens Financial Group DR Representing 1/40th Perpetual Preferred Series E,55101010,은행,316260000,"4,274억원",USD
SCE PRL,SCE Trust VI Tr Pref Shs,55101050,기업 금융 서비스,314640000,"4,252억원",USD
ZIP,Ziprecruiter Inc,52203030,고용 서비스,305881326,"4,134억원",USD
BBW,Build-A-Bear Workshop  Inc.,53403090,기타 전문 소매,324860864,"4,390억원",USD
HLLY,Holley Inc.,53101020,"자동차, 트럭 및 오토바이 부품",323695162,"4,375억원",USD
CBNA,Chain Bridge Bancorp Inc,55101010,은행,323563196,"4,373억원",USD
PPT,Franklin Premier Income Trust,55102020,투자 관리 및 펀드 운영,317284220,"4,288억원",USD
BKT,BlackRock Income Trust，Inc.,55501030,폐쇄형 펀드,313848945,"4,242억원",USD
AIV,Apartment Investment and Management Co,60102030,주거용 REITs,313711700,"4,240억원",USD
BRW,Saba Capital Income & Opportunities Fund,55501030,폐쇄형 펀드,313513200,"4,237억원",USD
BML PRL,Bank of America Depository Shares Repstng 1/1200th of Floating Rate Non Cum,55101010,은행,313225176,"4,233억원",USD
AGD,abrdn Global Dynamic Dividend Mutual Fund,55501030,폐쇄형 펀드,312783375,"4,227억원",USD
FVRR,Fiverr International Ltd,57201030,온라인 서비스,311692812,"4,213억원",USD
MTAL,Metals Acquisition Corp II,55601010,투자 지주 회사,311573337,"4,211억원",USD
RAC,Rithm Acquisition Corp,55601010,투자 지주 회사,310569600,"4,197억원",USD
TEI,Templeton Emerging Markets Income Closed Fund,55102020,투자 관리 및 펀드 운영,310290706,"4,194억원",USD
ZTR,Virtus Total Return Fund Inc.,55102020,투자 관리 및 펀드 운영,309460403,"4,182억원",USD
SCE PRN,Sce Trust Viii Prf Shs Series N,55101050,기업 금융 서비스,309120000,"4,178억원",USD
NREF,NexPoint Real Estate Finance  Inc.,60102020,상업용 REITs,308919195,"4,175억원",USD
CIM PRB,Chimera Investment 8 00 Cumulative Redeemable Pref Shs Series B,60102040,특수 REITs,307970000,"4,162억원",USD
VII,Viking Acquisition Corp II,55601010,투자 지주 회사,307449637,"4,155억원",USD
SEG,Seaport Entertainment Group Inc,53301040,여가 및 오락시설,307428864,"4,155억원",USD
EFR,Eaton Vance Senior Floating Rate Closed Fund,55501030,폐쇄형 펀드,306455155,"4,142억원",USD
HPF,John Hancock Preferred Income II Closed Fund,55501030,폐쇄형 펀드,305926214,"4,135억원",USD
PINE,Alpine Income Property Trust Inc,60102020,상업용 REITs,305366939,"4,127억원",USD
ZH,Zhihu Inc ADR,57201030,온라인 서비스,305344234,"4,127억원",USD
JENA,Jena Acquisition Corp II,55601010,투자 지주 회사,303658000,"4,104억원",USD
MXF,Mexico Closed Fund,55501030,폐쇄형 펀드,303109766,"4,097억원",USD
MZYX U,MOZAYYX Acquisition Redeemable Units,55601010,투자 지주 회사,302400000,"4,087억원",USD
USB PRS,US Bancorp Del DS Representing 1 1000Th Int Non Cum Perp Pref Shs Series O,55101010,은행,301140000,"4,070억원",USD
QLEP,Quantum Leap Acquisition Corp,55601010,투자 지주 회사,299495205,"4,048억원",USD
FCRS U,FutureCrest Acquisition Units,55601010,투자 지주 회사,299399625,"4,046억원",USD
RFMZ,RiverNorth Flexible Municipal Income Fund II Inc.,55501030,폐쇄형 펀드,298309011,"4,032억원",USD
ALUB U,Alussa Energy Acquisition Redeemable Units,55601010,투자 지주 회사,297850000,"4,025억원",USD
LVWR,LiveWire Group  Inc.,53205020,오락용 제품,297848063,"4,025억원",USD
XFLT,XAI Floating Rate Alternative Income Trust Closed End Fund,55501030,폐쇄형 펀드,297154547,"4,016억원",USD
WAL PRA,Western Alliance Ban Oration 400 Dep Shs Repst Perpetual Pref Shs Series A,55101010,은행,297000000,"4,014억원",USD
WDH,Waterdrop Inc. ADR,55301010,복합보험 및 중개인,294727644,"3,983억원",USD
MTNE,CH4 Natural Solutions Corp,55601010,투자 지주 회사,292675340,"3,956억원",USD
JPI,Nuveen Preferred Securities and Income Opptys Fund,55501030,폐쇄형 펀드,291733629,"3,943억원",USD
RFI,Cohen Steers Total Return Realty Closed Fund,55501030,폐쇄형 펀드,289560923,"3,913억원",USD
KPET,KPET Ultra Paceline Corp,55601010,투자 지주 회사,289560150,"3,913억원",USD
RM,Regional Management Corp,55101030,소비자 대출,288582836,"3,900억원",USD
AFB,AllianceBernstein National Municipal Income Fund,55501030,폐쇄형 펀드,288311708,"3,897억원",USD
JCE,Nuveen Core Equity Alpha Closed Fund,55501030,폐쇄형 펀드,288195392,"3,895억원",USD
BAK,Braskem S.A. ADR,51101010,상품 화학,288125406,"3,894억원",USD
RIV,RiverNorth Opportunities Fund Inc,55501030,폐쇄형 펀드,287862700,"3,890억원",USD
RITM PRB,Rithm Capital 7 125 Cumulative Redeemable Pref Shs Series B,60102040,특수 REITs,286416210,"3,871억원",USD
NCZ,Virtus Convertible and Income Fund II,55501030,폐쇄형 펀드,286004938,"3,865억원",USD
SAR,Saratoga Investment Corp,55102020,투자 관리 및 펀드 운영,285436259,"3,858억원",USD
ANG PRD,American Natl Group Inc New Depositary Shs Repstg 1/1000Th Int Pfd Ser D,55301030,생명 및 건강 보험,285360000,"3,857억원",USD
RNR PRG,RenaissanceRe Holdings DRC Rep 1 1000th Interest 4 20 Pref Shs Series G,55301050,재보험,285200000,"3,854억원",USD
FTRA,FutureCorp Space Acquisition 1,55601010,투자 지주 회사,284050000,"3,839억원",USD
NLY PRJ,Annaly Cap Mgmt Cum Red Fixed Pref Shs Ser J,60102040,특수 REITs,284020000,"3,839억원",USD
NCA,Nuveen California Municipal Value Fund,55501030,폐쇄형 펀드,283855429,"3,836억원",USD
ARDC,Ares Dynamic Credit Allocation Fund Inc,55501030,폐쇄형 펀드,283757108,"3,835억원",USD
UMH PRD,Umh Pptys  Cumulative Redeemable  Pref Shs Series D,60102030,주거용 REITs,282768675,"3,822억원",USD
SAMO,Samos Energy Acquisition Corp,,,281750000,"3,808억원",USD
USB PRQ,US Bancorp Del 1000 DS Repstg Perp Pref Shs Series L,55101010,은행,281600000,"3,806억원",USD
VOYA PRB,Voya Financial 40 DRC Representing Pref Shs Series B,55102030,다각적 투자 서비스,281400000,"3,803억원",USD
NC,NACCO Industries Inc,50101010,석탄,277341041,"3,748억원",USD
BLND,Blend Labs  Inc.,57201020,소프트웨어,276720583,"3,740억원",USD
KWY,Kingsway Corp,55301020,손해보험,274844500,"3,715억원",USD
TBI,TrueBlue Inc,52203030,고용 서비스,302616779,"4,090억원",USD
KF,Korea Closed Fund,55501030,폐쇄형 펀드,284514170,"3,845억원",USD
NXDT,NexPoint Diversified Real Estate Trust,60102010,복합부동산 REITs,282524064,"3,818억원",USD
PAII,Pyrophyte Acquisition Corp II,55601010,투자 지주 회사,280848771,"3,796억원",USD
EFT,Eaton Vance Floating Rate Income Closed Fund,55501030,폐쇄형 펀드,280398512,"3,790억원",USD
EOD,Allspring Global Dividend Opportunity Mutual Fund,55501030,폐쇄형 펀드,280359100,"3,789억원",USD
KLC,Kindercare Learning Companies Inc,54201030,개인 서비스,274959517,"3,716억원",USD
RC,Ready Capital Corp,60102040,특수 REITs,274217047,"3,706억원",USD
TSI,TCW Strategic Income Closed Fund,55501030,폐쇄형 펀드,273969856,"3,703억원",USD
XPER,Xperi Inc,57201020,소프트웨어,273609921,"3,698억원",USD
LAW,CS Disco  Inc.,57201020,소프트웨어,273312211,"3,694억원",USD
USNA,USANA Health Sciences Inc,54102020,식품 가공,273083173,"3,691억원",USD
SRV,NXG Cushing Midstream Energy Closed End Fund,55501030,폐쇄형 펀드,273003281,"3,690억원",USD
OIA,Invesco Muni Income Opportunities Trust,55501030,폐쇄형 펀드,272732153,"3,686억원",USD
NPCT,Nuveen Core Plus Impact Fund,55501030,폐쇄형 펀드,272597400,"3,684억원",USD
MSB,Mesabi Trust,51201020,철 및 강철,271977807,"3,676억원",USD
BGH,Barings Global Short Duration High Yield Fund,55501030,폐쇄형 펀드,271915845,"3,675억원",USD
SOUL U,Soulpower Acquisition Units,55601010,투자 지주 회사,270946872,"3,662억원",USD
DBL,DoubleLine Opportunistic Credit Fund,55501030,폐쇄형 펀드,270875414,"3,661억원",USD
MIN,Aberdeen Intermediate Income Fund,55501030,폐쇄형 펀드,269701824,"3,645억원",USD
ONIT,Onity Group Inc,55101010,은행,267762366,"3,619억원",USD
DSM,BNY Mellon Strategic Municipal Bond Fund Inc,55501030,폐쇄형 펀드,267409218,"3,614억원",USD
ACV,Virtus Diversified Income And Convertible Fund,55501030,폐쇄형 펀드,266450198,"3,601억원",USD
BRT,BRT Apartments Corp,60102030,주거용 REITs,265549004,"3,589억원",USD
MMD,NYLIM MacKay DefinedTerm Muni Opport Fd,55501030,폐쇄형 펀드,265165876,"3,584억원",USD
CHPT,ChargePoint Holdings Inc,52102030,전기 부품 및 장비,264475691,"3,574억원",USD
PMO,Franklin Municipal Opportunities Trust,55102020,투자 관리 및 펀드 운영,262760841,"3,551억원",USD
RMM,RiverNorth Managed Duration Muni Income Fd Inc,55501030,폐쇄형 펀드,261747467,"3,538억원",USD
FOA,Finance of America Companies Inc,55102020,투자 관리 및 펀드 운영,261507108,"3,534억원",USD
TVC,Tennessee Valley Authority Power Bonds 1998 Series D due 01 June 2028,59101010,전력 유틸리티,260392993,"3,519억원",USD
MFA PRC,Mfa Finl Pref Shs Series C,60102040,특수 REITs,260283960,"3,518억원",USD
TDF,Templeton Dragon Closed Fund,55501030,폐쇄형 펀드,259282490,"3,504억원",USD
TWO PRB,Two Harbors Invest 7.625 Fixed to Floating Rate Cumulative Redeemable Pref Shs,60102040,특수 REITs,257027760,"3,474억원",USD
JACS U,Jackson Acquisition II Units,55601010,투자 지주 회사,256995200,"3,473억원",USD
ARL,American Realty Investors Inc,60101010,"부동산 임대, 개발 및 운영",256655963,"3,469억원",USD
COF PRN,Capital One Finl DRC Repstg 1 40Th Prf Shs Series N,55101030,소비자 대출,256037000,"3,460억원",USD
TVE,Tennessee Valley Authority Power Bonds 1999 Series A due May 1 2029 (Putable,59101010,전력 유틸리티,254683192,"3,442억원",USD
DLR PRL,Digital Realty Pref Shs Series L,60102040,특수 REITs,253506000,"3,426억원",USD
RF PRE,Regions Finl Drc Series E,55101010,은행,253440000,"3,425억원",USD
VACI,Viking Acquisition Corp I,55601010,투자 지주 회사,253432736,"3,425억원",USD
HYAC U,Haymaker Acquisition V Units,55601010,투자 지주 회사,252000000,"3,406억원",USD
RAC U,Rithm Acquisition Units,55601010,투자 지주 회사,251979000,"3,405억원",USD
CAF,Morgan Stanley China A Share Closed Fund,55501030,폐쇄형 펀드,251454803,"3,398억원",USD
FCT,First Trust Senior Floating Rate Income Fund II,55501030,폐쇄형 펀드,251259362,"3,396억원",USD
ABR PRF,Arbor Realty Trust 6.25 Cumulative Pref Shs Series F,60102040,특수 REITs,250885040,"3,391억원",USD
JENA U,Jena Acquisition II Units,55601010,투자 지주 회사,250365500,"3,384억원",USD
MTB PRH,M and T Bank Perpetual Fixed to Floating Rate Non Cumulative Prf Shs Series H,55101010,은행,250200000,"3,381억원",USD
TG,Tredegar Corp,51201030,알루미늄,249501331,"3,372억원",USD
PSA PRR,Public Storage DS  Repstg 1 1000  of a 4 00 Cumulative Pref Shs Series R,60102040,특수 REITs,249342000,"3,370억원",USD
HPP PRC,Hudson Pacific Properties 4 750 Cumulative Redeemable Pref Shs Series C,60102020,상업용 REITs,248455000,"3,358억원",USD
EOT,Eaton Vance National Municipal Opportunities Closed Fund,55501030,폐쇄형 펀드,247654998,"3,347억원",USD
MCR,MFS Charter Income Trust,55501030,폐쇄형 펀드,247629304,"3,347억원",USD
MTAL U,Metals Acquisition II Units,55601010,투자 지주 회사,247250000,"3,342억원",USD
SBXE U,SilverBox V Units,55601010,투자 지주 회사,247200000,"3,341억원",USD
RITM PRF,Rithm Capital 8 750 Fixed Rate Reset Cumulative Redeemable Prf Shs Series F,60102040,특수 REITs,247100000,"3,340억원",USD
PMM,Franklin Managed Municipal Income Trust,55102020,투자 관리 및 펀드 운영,246720367,"3,334억원",USD
SAC U,Safeguard Acquisition Units,55601010,투자 지주 회사,246480000,"3,331억원",USD
TWO PRC,Two Harbors Investment Cum Redeemable Fixed to Fltg Rate Pref Shs Series C,60102040,특수 REITs,245061310,"3,312억원",USD
SMHI,SEACOR Marine Holdings Inc,50103030,오일 및 가스 수송 서비스,244466762,"3,304억원",USD
PHT,Pioneer High Income Fund，Inc.,55501030,폐쇄형 펀드,244122403,"3,299억원",USD
EAF,GrafTech International Ltd,52102030,전기 부품 및 장비,292493158,"3,953억원",USD
YSG,Yatsen Holding Ltd ADR,54201020,개인 생활 필수 용품,256075499,"3,461억원",USD
LDI,loanDepot Inc,55101030,소비자 대출,247462025,"3,344억원",USD
BGS,B&G Foods Inc,54102020,식품 가공,247078040,"3,339억원",USD
ACRE,Ares Commercial Real Estate Corp,60102040,특수 REITs,246890953,"3,337억원",USD
ATH PRB,Athene Hldg Depository Shares Repstg 1 1000 Perp Non Cum Prf Series B,55501050,연금,245916000,"3,324억원",USD
RLTY,Cohen & Steers Real Estate Opps and Income Fund,55501030,폐쇄형 펀드,245484920,"3,318억원",USD
CURV,Torrid Holdings Inc,53403040,의류 및 액세서리 소매,241321033,"3,261억원",USD
KREF PRA,KKR Real Estate Finance Trust 6.50% Cumulative Redeem Pref Shs Series A,60102040,특수 REITs,240568500,"3,251억원",USD
NUW,Nuveen AMT-Free Municipal Value Fund,55501030,폐쇄형 펀드,236957635,"3,202억원",USD
NUS,Nu Skin Enterprises  Inc.,54201020,개인 생활 필수 용품,236568441,"3,197억원",USD
KCAC U,Kensington Capital Acquisition VI Units,55601010,투자 지주 회사,236440000,"3,195억원",USD
VII U,Viking Acquisition II Units,55601010,투자 지주 회사,235155600,"3,178억원",USD
CRD B,Crawford & Co Class B,55301010,복합보험 및 중개인,234987969,"3,176억원",USD
RCS,PIMCO Strategic Income Fund Inc,55102020,투자 관리 및 펀드 운영,234836160,"3,174억원",USD
KPET U,KPET Ultra Paceline Units,55601010,투자 지주 회사,234600000,"3,171억원",USD
COPL,Copley Acquisition Corp,55601010,투자 지주 회사,233791967,"3,160억원",USD
CIM PRC,Chimera Investment Cumulative Redeemable Pref Shs Series C,60102040,특수 REITs,232648000,"3,144억원",USD
BRCC,BRC Inc,54102020,식품 가공,232517041,"3,142억원",USD
FF,FutureFuel Corp,50201020,재생 가능 연료,232036952,"3,136억원",USD
BIII,Black Spade Acquisition III Co,55601010,투자 지주 회사,231150000,"3,124억원",USD
MBI,MBIA Inc,55301020,손해보험,231104491,"3,123억원",USD
BAC PRE,Bank of America Depositary Shares Representing 1/1000th of Floating Rate Non,55101010,은행,230697410,"3,118억원",USD
AGM A,Federal Agricultural Mortgage Corporation Class A,55101050,기업 금융 서비스,229662150,"3,104억원",USD
IRAB,Iris Acquisition II Corp,55601010,투자 지주 회사,229046670,"3,096억원",USD
SAMO U,Samos Energy Acquisition Units,,,228850000,"3,093억원",USD
SMRT,SmartRent Inc,57107010,통합 하드웨어 및 소프트웨어,228018041,"3,082억원",USD
PSA PRH,Public Storage DS Representing 1/1000 Cumulative Pref Shs Class H,60102040,특수 REITs,227772000,"3,078억원",USD
LGI,Lazard Global Total Return & Income Closed Fund,55501030,폐쇄형 펀드,226669974,"3,063억원",USD
SCM,Stellus Capital Investment Corp,55501030,폐쇄형 펀드,224991502,"3,041억원",USD
PSF,Cohen & Steers Select Preferred and Income Fd Inc,55501030,폐쇄형 펀드,224746674,"3,037억원",USD
AMWL,American Well Corporation,56102010,의료 시설 및 서비스,224685693,"3,037억원",USD
PNNT,PennantPark Investment Corporation,55501030,폐쇄형 펀드,224618563,"3,036억원",USD
MTNE U,CH4 Natural Solutions Units,55601010,투자 지주 회사,223554000,"3,021억원",USD
SBXD U,SilverBox IV Units,55601010,투자 지주 회사,222754950,"3,011억원",USD
JRS,Nuveen Real Estate Income Closed Fund,55501030,폐쇄형 펀드,221894177,"2,999억원",USD
DGAC,Disciplined Growth Acquisition Corp,55601010,투자 지주 회사,220635000,"2,982억원",USD
PAII U,Pyrophyte Acquisition II Units,55601010,투자 지주 회사,220456500,"2,979억원",USD
BML PRH,Bank of America Depository Shares Repstg 1/1200th Floating Rate Non Cumulative,55101010,은행,220370370,"2,978억원",USD
EIC,Eagle Point Income Company Closed End Fund,55501030,폐쇄형 펀드,220298317,"2,977억원",USD
PSA PRI,Public Storage 1000 DS Repstg Ben Int Cum Pfd Series I,60102040,특수 REITs,219857000,"2,971억원",USD
EP PRC,El Paso Energy Capital 4.75% Conv Pref,55101050,기업 금융 서비스,219530743,"2,967억원",USD
PSA PRG,Public Storage DS Representing 1/1000 Cum Pref Shs Series G,60102040,특수 REITs,218580000,"2,954억원",USD
PNFP PRC,Pinnacle Financial Partners Depositary shares each representing 1 40th interest,55101010,은행,217845000,"2,944억원",USD
VNO PRM,Vornado Rlty Cumulative Redeemable Pref Shs Series M,60102020,상업용 REITs,217132200,"2,935억원",USD
SABA,Saba Capital Income & Opportunities Fund II,55102020,투자 관리 및 펀드 운영,216994149,"2,933억원",USD
KIM PRM,Kimco Rlty DS Representing 1/1000 5.25 Cumulative Redeemable Pref Shs Class M,60102020,상업용 REITs,211706950,"2,861억원",USD
ALL PRI,Allstate 1000 DS Represnting Perp Pref Shs Series I,55301020,손해보험,210480000,"2,845억원",USD
DDT,Dillards Capital Trust I 7.50% Capital Securities Exp 01 Aug 2038,55101050,기업 금융 서비스,209440000,"2,831억원",USD
IIF,Morgan Stanley India Investment Closed Fund,55501030,폐쇄형 펀드,209228674,"2,828억원",USD
PSA PRT,Public Storage 6.000% Cumulative of Beneficial Interest Pref Shs Series T,60102040,특수 REITs,208616343,"2,819억원",USD
SES,SES AI Corporation,52102030,전기 부품 및 장비,206955597,"2,797억원",USD
RVII,Robinhood Ventures Fund II,,,206751102,"2,794억원",USD
PSA PRF,Public Storage 1000 DS Representing Pref Shs Series F,60102040,특수 REITs,206080000,"2,785억원",USD
AHL PRF,Aspen Insurance Holdings Depositary Shs Repstg 1 1000 Int In Sh Of Perpetual,55301020,손해보험,205470000,"2,777억원",USD
MITT,TPG Mortgage Investment Trust Inc,60102040,특수 REITs,204814379,"2,768억원",USD
DHX,DHI Group Inc,52203030,고용 서비스,204527935,"2,764억원",USD
FTRA U,FutureCorp Space Acquisition 1 Units,55601010,투자 지주 회사,204400000,"2,762억원",USD
VNO PRL,Vornado Realty 5.40% Cumulative Redeemable Pref Shs Series L,60102020,상업용 REITs,204300000,"2,761억원",USD
CMTG,Claros Mortgage Trust Inc,60102040,특수 REITs,194696204,"2,631억원",USD
VLN,Valens Semiconductor Ltd,57101010,반도체,207897708,"2,810억원",USD
XYF,X Financial ADR,57301010,핀테크,207548343,"2,805억원",USD
ALTG,Alta Equipment Group Inc,52102010,산업용 기계 및 장비,205147956,"2,773억원",USD
SRI,Stoneridge Inc,53101020,"자동차, 트럭 및 오토바이 부품",204509007,"2,764억원",USD
FBRT PRE,Franklin BSP Realty Trust 7 50 Cumulative Redeemable Pref Shs Series E,60102040,특수 REITs,204309424,"2,761억원",USD
MHI,Pioneer Municipal High Income Fund，Inc.,55501030,폐쇄형 펀드,203689717,"2,753억원",USD
GCTS,GCT Semiconductor Holding Inc,57101010,반도체,202333397,"2,735억원",USD
PNAQ U,Pinnacle Acquisition Units,,,202250000,"2,733억원",USD
KCA U,Kensington Capital Acquisition VI Units,55601010,투자 지주 회사,200880000,"2,715억원",USD
PNFP PRA,Pinnacle Financial Partners Non Cumulative Prf Shs Series A,55101010,은행,200800800,"2,714억원",USD
BEBE,TGE Value Creative Solutions Corp,55601010,투자 지주 회사,200800000,"2,714억원",USD
VACI U,Viking Acquisition Units,55601010,투자 지주 회사,199927000,"2,702억원",USD
TPVG,Triplepoint Venture Growth BDC Corp,55102020,투자 관리 및 펀드 운영,199884740,"2,701억원",USD
VNO PRN,Vornado Rlty 5.25 Cumulative Redeemable Pref Shs Series N,60102020,상업용 REITs,199800000,"2,700억원",USD
ETSS,Energy Transition Special Opportunities,55601010,투자 지주 회사,198400000,"2,681억원",USD
FC,Franklin Covey Co.,63103010,전문 및 비즈니스 교육,198320410,"2,680억원",USD
AIIA,AI Infrastructure Acquisition Corp,55601010,투자 지주 회사,197915400,"2,675억원",USD
OSG,Octave Specialty Group Inc,55301020,손해보험,197325509,"2,667억원",USD
XPOF,Xponential Fitness  Inc.,53301040,여가 및 오락시설,197296000,"2,666억원",USD
SLG PRI,SL Green Realty 6.50 Per Cumulative Redeemable Pref Shs Series I,60102020,상업용 REITs,197064000,"2,663억원",USD
PERF,Perfect Corp.,57201020,소프트웨어,196567935,"2,657억원",USD
SF PRC,Stifel Financial 6 125 Dep Shs Rep 1000 Non Cum Pref Shs Series C,55102010,투자 은행 및 중개 서비스,194796000,"2,633억원",USD
DBRG PRI,DigitalBridge Group 7.15 Cumulative Redeemable Perpetual Pref Shs Series I,55102020,투자 관리 및 펀드 운영,194484705,"2,628억원",USD
CNF,CNFinance Holdings Ltd ADR,55101050,기업 금융 서비스,194481953,"2,628억원",USD
VPV,Invesco Pennsylvania Value Municipal Income Trust,55501030,폐쇄형 펀드,193458386,"2,615억원",USD
MAV,Pioneer Municipal High Income Advantage Fund，Inc.,55501030,폐쇄형 펀드,193228667,"2,611억원",USD
ETX,Eaton Vance Municipal Income 2028 Term Trust,55501030,폐쇄형 펀드,192315512,"2,599억원",USD
MIO,Pioneer Municipal High Income Opportnts Fund，Inc.,55501030,폐쇄형 펀드,192238833,"2,598억원",USD
GGT,Gabelli Multimedia Trust Inc,55501030,폐쇄형 펀드,192041780,"2,595억원",USD
EQH PRC,Equitable Hldgs Drc Series C,55102030,다각적 투자 서비스,191280000,"2,585억원",USD
SF PRD,Stifel Financial 4 50 Dep Shs Rep 1000th Pref Shs Series D,55102010,투자 은행 및 중개 서비스,191160000,"2,584억원",USD
NPV,Nuveen Virginia Quality Municipal Income Fund,55102020,투자 관리 및 펀드 운영,191127774,"2,583억원",USD
OAK PRB,Brookfield Oaktree Holdings Units Pref Shs Series B,55102020,투자 관리 및 펀드 운영,190820000,"2,579억원",USD
IDE,Voya Infrastructure Industrials & Materials Fund,55501030,폐쇄형 펀드,189757126,"2,565억원",USD
CIM PRD,Chimera Invt 8 Cumulative Redeemable Pref Shs Series D,60102040,특수 REITs,188320000,"2,545억원",USD
DLNG,Dynagas LNG Partners Common Units,50103030,오일 및 가스 수송 서비스,188156780,"2,543억원",USD
TRAK,ReposiTrak Inc,57201020,소프트웨어,188101564,"2,542억원",USD
CIA,Citizens Inc,55301030,생명 및 건강 보험,187885931,"2,539억원",USD
COPL U,Copley Acquisition Units,55601010,투자 지주 회사,187139935,"2,529억원",USD
AOMR,Angel Oak Mortgage REIT  Inc.,55101010,은행,184093975,"2,488억원",USD
RITM PRE,Rithm Cap Fxd Rate Cumulative Redeemable Pref Shs Ser E,60102040,특수 REITs,183920000,"2,486억원",USD
FT,Franklin Universal Closed Fund,55501030,폐쇄형 펀드,183714145,"2,483억원",USD
FITB PRK,Fifth Third Bancorp 1000 DS Representing Preferred Series K,55101010,은행,182200000,"2,462억원",USD
GNL PRD,Global Net Lease 7 50 Cumulative Redeemable Perpetual Prf Shs Series D,60102020,상업용 REITs,181966009,"2,459억원",USD
WIA,Western Asset Inflation Linked Income Closed End Fund,55501030,폐쇄형 펀드,181680374,"2,455억원",USD
DMB,BNY Mellon Municipal Bond Infrastructure Fund In,55501030,폐쇄형 펀드,181114764,"2,448억원",USD
DBRG PRJ,DigitalBridge Group 7.125 Cumulative Redeemable Perpetual Pref Shs Series J,55102020,투자 관리 및 펀드 운영,180829980,"2,444억원",USD
PEB PRG,Pebblebrook Hotel Tr Cum Red Pfd Pref Shs Series G,60102040,특수 REITs,180810385,"2,444억원",USD
SPMC,Sound Point Meridian Capital Inc,55501030,폐쇄형 펀드,180708507,"2,442억원",USD
KIM PRL,Kimco Realty DS Representing 1/1000 5.125% Cum Redm Pref Shs Class L,60102020,상업용 REITs,179909420,"2,431억원",USD
TEN PRF,Tsakos Energy Navigation Cum Red Perp Fixed to Fltg Pref Shs Series F,50103030,오일 및 가스 수송 서비스,179743321,"2,429억원",USD
WHG,Westwood Holdings Group Inc,55102020,투자 관리 및 펀드 운영,179697552,"2,429억원",USD
GF,New Germany Fund Inc.,55501030,폐쇄형 펀드,179058491,"2,420억원",USD
UIS,Unisys Corporation,57201010,IT 서비스 및 컨설팅,178644090,"2,414억원",USD
MPV,Barings Participation Investors,55501030,폐쇄형 펀드,178126202,"2,407억원",USD
AHL PRE,Aspen Insurance Holdings 1000 DS Representing Perp Pref Shs,55301020,손해보험,178000000,"2,406억원",USD
DLR PRK,Digital Rlty Red Pfd Series K,60102040,특수 REITs,176568000,"2,386억원",USD
GAM PRB,General American Investors 5.95% Series B Cumulative Pref Shs,55501030,폐쇄형 펀드,175595874,"2,373억원",USD
MSC,Studio City International Holdings Ltd ADR,53301030,카지노 및 도박,175379023,"2,370억원",USD
AMPY,Amplify Energy Corp.,50102020,"오일, 가스 탐사 및 생산",175360784,"2,370억원",USD
FIRY,Firy Inc,57201030,온라인 서비스,209440438,"2,831억원",USD
AP,Ampco-Pittsburgh Corp,51201020,철 및 강철,179110244,"2,421억원",USD
BWIV,Blue Water Acquisition Corp IV,55601010,투자 지주 회사,176873007,"2,390억원",USD
OPP,RiverNorth/DoubleLine Strategic Opportunity Fund,55501030,폐쇄형 펀드,176430318,"2,384억원",USD
BIII U,Black Spade Acquisition III Units,55601010,투자 지주 회사,176295000,"2,383억원",USD
ENO,Entergy New Orleans First Mortgage Bonds 5 50 Series Pref Shs Exp 1 April 2066,59101010,전력 유틸리티,175466720,"2,371억원",USD
CHN,China Closed Fund,55501030,폐쇄형 펀드,174849374,"2,363억원",USD
PSA PRJ,Public Storage 1000 DS Repstg Cumulative Pref Shs,60102040,특수 REITs,174604500,"2,360억원",USD
FITB PRA,Fifth Third Bancorp 40 Depository Shares representing Non Cum Series A Pref,55101010,은행,174080000,"2,353억원",USD
PMT PRC,PennyMac Mortgage Investment 6 75 Cumulative Red Pref Shs Series C,60102040,특수 REITs,173750000,"2,348억원",USD
IRAB U,Iris Acquisition II Units,55601010,투자 지주 회사,173744400,"2,348억원",USD
CODI PRC,Compass Diversified Hldgs Ser C Pref Shs Series C,55601010,투자 지주 회사,173242370,"2,341억원",USD
EDF,Virtus Stone Harbor Emerging Markets Income Fund,55501030,폐쇄형 펀드,172775363,"2,335억원",USD
HGLB,Highland Global Allocation Fund,55501030,폐쇄형 펀드,172682057,"2,334억원",USD
DGAC U,Disciplined Growth Acquisition Units,55601010,투자 지주 회사,170658706,"2,306억원",USD
BOH PRB,Bank Hawaii Dep Shs Repstg 1 40Th Int Sh Non Cum Perpetual Pfd Class B,55101010,은행,170412000,"2,303억원",USD
SEAL PRB,Seapeak 8 50 Fixed to Floating Rate Cumulative Redeemable Perpetual Pref Shs,50103030,오일 및 가스 수송 서비스,170377650,"2,303억원",USD
PMT PRB,Pennymac Mtg Invt 8 Fxd To Fltng Rte Cum Redeemable Pref Shs Series B,60102040,특수 REITs,170118000,"2,299억원",USD
BSL,Blackstone Senior Floating Rate 2027 Term Fund,55501030,폐쇄형 펀드,169779992,"2,295억원",USD
EHI,Western Asset Global High Income Fund,55501030,폐쇄형 펀드,169072560,"2,285억원",USD
FLC,Flaherty Crumrine Total Return Mutual Fund  Incorporated,55501030,폐쇄형 펀드,168250250,"2,274억원",USD
VNO PRO,Vornado Realty 4 45 Cumulative Redeemable Pref Shs Series O,60102020,상업용 REITs,167880000,"2,269억원",USD
BW PRA,BABCOCK WILCOX ENTERPRISES Perpetual Pref Shs,52102040,중전기장비,167874410,"2,269억원",USD
ACR PRC,ACRES Commercial Realty 8 625 Fixed to Floating Cumulative Redeemable Pref Shs,60102040,특수 REITs,167778000,"2,268억원",USD
CODI PRB,Compass Diversified Holdings 7.875 Fixed Floating Rate Cumulative Pref Shs,55601010,투자 지주 회사,167559480,"2,265억원",USD
ACR,ACRES Commercial Realty Corp.,60102040,특수 REITs,166945388,"2,256억원",USD
TRTN PRC,Triton International Cumulative Redeemable Perpetual Preferred Series C,52203040,경영 지원 서비스,166810000,"2,254억원",USD
SSTK,Shutterstock  Inc.,57201030,온라인 서비스,166634055,"2,252억원",USD
DHF,BNY Mellon High Yield Strategies Fund,55501030,폐쇄형 펀드,165111932,"2,231억원",USD
AUB PRA,Atlantic Un Bankshares 400 Dep Shs Repstg 1 Perp Prf  Shs Series A,55101010,은행,164910000,"2,229억원",USD
BML PRJ,Bank of America Depository Shares Repstg 1/1200th of Floating Rate Non Cum Pref,55101010,은행,164286360,"2,220억원",USD
IGA,Voya Global Advantage & Premium Opportunity Fund,55501030,폐쇄형 펀드,164152894,"2,219억원",USD
TRTN PRG,Triton Intl Cum Red Perp Pref Shs Ser G,52203040,경영 지원 서비스,164010000,"2,217억원",USD
VBF,Invesco Bond Fd,55501030,폐쇄형 펀드,163835776,"2,214억원",USD
EARN,Ellington Credit Closed End Fund,55501030,폐쇄형 펀드,162609235,"2,198억원",USD
IVR PRC,Invesco Mortgage Capital 7 5 Fixd to Floating Cum Redem Pref Shs Series C,60102040,특수 REITs,161948148,"2,189억원",USD
SAGU,Shreya Acquisition Group,55601010,투자 지주 회사,161926416,"2,188억원",USD
QRED,QuasarEdge Acquisition Corp,55601010,투자 지주 회사,161121800,"2,178억원",USD
WENC,West Enclave Merger Corp,55601010,투자 지주 회사,160816822,"2,173억원",USD
MFA PRB,MFA Financial 7.50% Cumulative Redeemable Pref Shs Series B,60102040,특수 REITs,160675980,"2,172억원",USD
SITC,SITE Centers Corp.,60102020,상업용 REITs,160574537,"2,170억원",USD
GLED,GalaxyEdge Acquisition Corp,55601010,투자 지주 회사,160144650,"2,164억원",USD
WPAC,White Pearl Acquisition Corp,55601010,투자 지주 회사,157620234,"2,130억원",USD
WRB PRG,W R Berkley 425 Subordinated Debenture due 2060,55301020,손해보험,157350000,"2,127억원",USD
NLOP,Net Lease Office Properties,60102020,상업용 REITs,157177336,"2,124억원",USD
PSA PRN,Public Storage Dep Shs Repstg 1 1000 Pfd Sh Ben Int Ser N Drc Series N,60102040,특수 REITs,156844000,"2,120억원",USD
OCAC,Ocean Capital Acquisition Corp,55601010,투자 지주 회사,156220263,"2,111억원",USD
PSA PRK,Public Storage Ds Repstg 1 1000 Cum Ben Int Series K Prf Shs Series K,60102040,특수 REITs,155848000,"2,106억원",USD
GS PRC,Goldman Sachs Group Depository Shares Repstg 1/1000th Floating Rate Non,55102010,투자 은행 및 중개 서비스,155600000,"2,103억원",USD
ELME,Elme Communities,60102030,주거용 REITs,154612716,"2,090억원",USD
ASB PRE,Associated Banc 40 Depositary Shares Representing Pref Shs Series E,55101010,은행,154400000,"2,087억원",USD
PNI,PIMCO New York Municipal Income Fund II,55501030,폐쇄형 펀드,154058250,"2,082억원",USD
GNL PRA,Global Net Lease 7.25 Cumulative Redeemable Pref Shs Series A,60102020,상업용 REITs,153599960,"2,076억원",USD
ETSS U,Energy Transition Special Opportunities Redeemable Units,55601010,투자 지주 회사,152250000,"2,058억원",USD
AIIA U,AI Infrastructure Acquisition Units,55601010,투자 지주 회사,152188400,"2,057억원",USD
CMS PRC,CMS Energy DRC representing a 1 1000th interest 4 200 Cumulative Pref Shs,59104010,복합 유틸리티,151524000,"2,048억원",USD
ARR PRC,ARMOUR Residential REIT 7 00 Cumulative Redeemable Prf Shs Series C,60102040,특수 REITs,151353229,"2,046억원",USD
BEBE U,TGE Value Creative Solutions Units,55601010,투자 지주 회사,151050000,"2,041억원",USD
ASB PRF,Associated Banc 40 DS Representing 5 625 Non Cumulative Pref Shs Series F,55101010,은행,150000000,"2,027억원",USD
DAVA,Endava PLC ADR,57201010,IT 서비스 및 컨설팅,114631242,"1,549억원",USD
OWLT,Owlet Inc,56101010,첨단 의료 장비 및 기술,161595874,"2,184억원",USD
JELD,JELD-WEN Holding Inc,53203020,건설 자재 및 비품,159644623,"2,158억원",USD
ADCT,ADC Therapeutics SA,56202010,생명 공학 및 의학 연구,157031265,"2,122억원",USD
GNT,GAMCO Natural Resources Gold & Income Trust,55501030,폐쇄형 펀드,151305507,"2,045억원",USD
AHH PR A,Armada Hoffler Properties Pref Shs Series A,60102010,복합부동산 REITs,150418328,"2,033억원",USD
DLR PRJ,Digital Rlty 5.250% Cum Redeemable Pref Shs Series J,60102040,특수 REITs,148800000,"2,011억원",USD
TRAD U,APEX Tech Acquisition Units,55601010,투자 지주 회사,148754942,"2,010억원",USD
PSA PRS,Public Storage Depositary Shs Each Repstg 1 1000 Of of a  4 100 Cumulative Pfd,60102040,특수 REITs,148300000,"2,004억원",USD
OAK PRA,Brookfield Oaktree Holdings 6 625 Pref Shs Series A,55102020,투자 관리 및 펀드 운영,148032000,"2,001억원",USD
NNY,Nuveen New York Municipal Value Fund,55102020,투자 관리 및 펀드 운영,147688919,"1,996억원",USD
BMN,BlackRock 2037 Municipal Target Term Trust,,,147605149,"1,995억원",USD
PIM,Franklin Master Intermediate Income Trust,55102020,투자 관리 및 펀드 운영,147444083,"1,993억원",USD
TRAD,APEX Tech Acquisition Inc,55601010,투자 지주 회사,146955480,"1,986억원",USD
SCE PRG,SCE 5.10% TRUPS,55601010,투자 지주 회사,146872000,"1,985억원",USD
AHRT PRA,AH Realty 6 75 Cumulative Redeemable Perpetual Prf Shs Series A,60102010,복합부동산 REITs,146859750,"1,985억원",USD
NAZ,Nuveen Arizona Quality Municipal Income Fund,55501030,폐쇄형 펀드,146634658,"1,982억원",USD
ONL,Orion Properties Inc.,60102020,상업용 REITs,146604915,"1,981억원",USD
SF PRB,Stifel Financial 6 25 Non Cum Dep Shs Rep 1000th Pref Shs Series B,55102010,투자 은행 및 중개 서비스,146560000,"1,981억원",USD
SPE,Special Opportunities Fund，Inc.,55501030,폐쇄형 펀드,144821538,"1,957억원",USD
PEB PRH,Pebblebrook Hotel 5 700 Cumulative Redeemable Pref Shs Series H,60102040,특수 REITs,144802534,"1,957억원",USD
SJT,San Juan Basin Royalty Units,50102020,"오일, 가스 탐사 및 생산",144487268,"1,953억원",USD
MSD,Morgan Stanley Emerging Markets Debt Closed Fund,55501030,폐쇄형 펀드,143844422,"1,944억원",USD
TRTN PRB,TRITON INTL Perpetual Pref Shs Series B,52203040,경영 지원 서비스,143692500,"1,942억원",USD
VTN,Invesco Trust For Inv Grade NY Munis,55102020,투자 관리 및 펀드 운영,143566865,"1,940억원",USD
MHF,Western Asset Municipal High Income Fund,55501030,폐쇄형 펀드,142899195,"1,931억원",USD
TRTN PRF,Triton International 7 625 Cumulative Redeemable Perpetual Prf Shs Series F,52203040,경영 지원 서비스,142800000,"1,930억원",USD
GHI,Greystone Housing Impact Investors Units,55101010,은행,142317560,"1,923억원",USD
PFD,Flaherty Crumrine Preferred and Income Mutual Fund  Incorporated,55501030,폐쇄형 펀드,142020744,"1,919억원",USD
DOUG,Douglas Elliman Inc,60101020,부동산 서비스,141789138,"1,916억원",USD
PLUN,Plutonian Acquisition Corp II,55601010,투자 지주 회사,141557650,"1,913억원",USD
ABR PRD,Arbor Realty Trust 6 375 Cumulative Redeemable Pref Shs Series D,60102040,특수 REITs,141496000,"1,912억원",USD
IIPR PRA,Innovative Industrial Properties 9.00% Cumulative Redeemable Pref Shs Series A,60102020,상업용 REITs,141425407,"1,911억원",USD
GRX,Gabelli Healthcare & WellnessRx Trust,55501030,폐쇄형 펀드,141374805,"1,911억원",USD
UP,Wheels Up Experience Inc.,52406010,항공사,141113021,"1,907억원",USD
FHN PRE,First Horizon 4000 Depositary Shs Representing Perp Pref Shs Series E,55101010,은행,140580000,"1,900억원",USD
XFLH,XFLH Capital Corp,55601010,투자 지주 회사,139438562,"1,885억원",USD
EPR PRC,EPR Properties 5.75% Cumulative Conv Pref Shs Series C,60102010,복합부동산 REITs,138482379,"1,872억원",USD
TRTX PRC,TPG RE Finance Trust 6 25 Cumulative Red Pref Shs Series C,60102040,특수 REITs,138460000,"1,871억원",USD
COOK,Traeger  Inc.,53204030,"가전제품, 도구 및 가정 용품",138176301,"1,867억원",USD
SKLZ,Skillz Inc,57201030,온라인 서비스,137970804,"1,865억원",USD
IHD,Voya Emerging Markets High Dividend Equity Fund,55501030,폐쇄형 펀드,137630281,"1,860억원",USD
OTAI,Starlink Ai Acquisition Corp,55601010,투자 지주 회사,137374988,"1,857억원",USD
EVG,Eaton Vance Short Duration Diversified Income Closed Fund,55501030,폐쇄형 펀드,136856734,"1,850억원",USD
SNUS PRI,Santander Holdings USA Depositary Shares 1 40 Non Cumulative Perpetual Prf Shs,55101010,은행,136674000,"1,847억원",USD
BGX,Blackstone Long Short Credit Income Fund,55501030,폐쇄형 펀드,136105625,"1,839억원",USD
PSA PRM,Public Storage DS Repstg 1 1000 Int Cum Pref Shs Series M,60102040,특수 REITs,136068000,"1,839억원",USD
HEQ,John Hancock Diversified Income Fund,55501030,폐쇄형 펀드,135627886,"1,833억원",USD
BWIV U,Blue Water Acquisition IV Redeemable Units,55601010,투자 지주 회사,135189750,"1,827억원",USD
MED,Medifast Inc,54102020,식품 가공,135062892,"1,825억원",USD
BIP PRA,Brookfield Infrastructure 5 125 Class A Limited Partnership Pref Units Series 13,54401010,소비재 대기업,133240000,"1,801억원",USD
BEP PRA,Brookfield Renewable Red Perp Class A Pref Shs Series 17,59101010,전력 유틸리티,132000000,"1,784억원",USD
TRTN PRD,Triton International 6.875% Cumulative Redeemable Perpetual Prf Shs Series D,52203040,경영 지원 서비스,131940000,"1,783억원",USD
MPA,BlackRock MuniYield Pennsylvania Quality Closed Fund,55501030,폐쇄형 펀드,131438745,"1,776억원",USD
TISI,Team Inc,52203040,경영 지원 서비스,130850617,"1,768억원",USD
BIP PRB,Brookfield Infrastructure Partners PFD Units,54401010,소비재 대기업,130188000,"1,759억원",USD
HYI,Western Asset High Yield Opportunity Fund Inc.,55501030,폐쇄형 펀드,129933990,"1,756억원",USD
VECA,Vernal Capital Acquisition Corp,55601010,투자 지주 회사,128769525,"1,740억원",USD
GLOP PRA,Gaslog Partners 8 625 Cumulative Redeemable Perpetual Pref Shs Series A,50103030,오일 및 가스 수송 서비스,128395846,"1,735억원",USD
WBS PR G,Webster Financial Depositary Shs Each Rep 1 40th Interest of 6 50 Pref Shs,55101010,은행,128358000,"1,735억원",USD
TRTN PRE,Triton International 5 75 Cumulative Redeemable Perpetual Pref Shs Series E,52203040,경영 지원 서비스,128100000,"1,731억원",USD
TLYS,Tillys Inc,53403040,의류 및 액세서리 소매,133054603,"1,798억원",USD
CEE,Central and Eastern Europe Fund Inc,55501030,폐쇄형 펀드,128187014,"1,732억원",USD
TWO PRA,Two Harbors Investment 8.125 Cum Red Pref Shs Series A,60102040,특수 REITs,127821599,"1,728억원",USD
SEAL PRA,Seapeak 9 00 Cumulative Redeemable Perpetual Prf Shs Series A,50103030,오일 및 가스 수송 서비스,127358389,"1,721억원",USD
PSA PRU,Public Storage 6.000% Cumulative of Beneficial Interest Pref Shs Series U,60102040,특수 REITs,126816429,"1,714억원",USD
DBRG PRH,DigitalBridge Group 7.125 Cumulative Redeemable Perpetual Pref Shs Series H,55102020,투자 관리 및 펀드 운영,126344750,"1,708억원",USD
BHR,Braemar Hotels & Resorts Inc,60102040,특수 REITs,124996359,"1,689억원",USD
SNUS PRH,Santander Holdings USA Depositary Shares Representing 1 1000th Non Cumulative,55101010,은행,124980000,"1,689억원",USD
TFC PRI,Truist Financial Ds Representing 1 4000Th Interest Non-Cumulative Perpetual,55101010,은행,124897711,"1,688억원",USD
GPMT PRA,Granite Point Mortgage Trust 7 00  Fixed to Floating Rate Cumulative Redeemable,60102040,특수 REITs,124594630,"1,684억원",USD
EVTL,Vertical Aerospace Ltd.,52101010,항공우주 및 방위,124389548,"1,681억원",USD
WBS PR F,Webster Financial Ds Representing 1 1000 Series F Non Cumulative Perpetual Pref,55101010,은행,123840000,"1,674억원",USD
PHD,Pioneer Floating Rate Fund，Inc.,55501030,폐쇄형 펀드,123130583,"1,664억원",USD
JHS,John Hancock Income Securities Closed Fund,55501030,폐쇄형 펀드,122522074,"1,656억원",USD
UFI,Unifi Inc,53202010,직물 및 가죽제품,122500436,"1,656억원",USD
BWG,BrandywineGLOBAL Global Income Opptys Fd Inc,55501030,폐쇄형 펀드,122244566,"1,652억원",USD
YCY U,AA Mission Acquisition II Units,55601010,투자 지주 회사,122066879,"1,650억원",USD
TEN PRE,Tsakos Energy Navigation Fixed Fltg Perpetual Pref Shs Series E,50103030,오일 및 가스 수송 서비스,121733541,"1,645억원",USD
YCY,AA Mission Acquisition Corp II,55601010,투자 지주 회사,121330358,"1,640억원",USD
EFC PRB,Ellington Financial 6 250 Fixed Rate Reset Cumulative Redeemable Pref Shs,60102040,특수 REITs,121233588,"1,638억원",USD
AKA,AKA Brands Holding Corp,53403040,의류 및 액세서리 소매,120901649,"1,634억원",USD
AXR,AMREP Corp,52201020,건설 및 엔지니어링,120341587,"1,626억원",USD
EPR PRG,Epr Properties 5 750 Cumulative Redeemable Pref Shs Series G,60102010,복합부동산 REITs,119700000,"1,618억원",USD
OCAC U,Ocean Capital Acquisition Units,55601010,투자 지주 회사,119529000,"1,615억원",USD
WEA,Western Asset Premier Bond Closed Fund,55501030,폐쇄형 펀드,119249280,"1,612억원",USD
WPAC U,White Pearl Acquisition Units,55601010,투자 지주 회사,119140000,"1,610억원",USD
GLED U,GalaxyEdge Acquisition Units,55601010,투자 지주 회사,118916850,"1,607억원",USD
BFH PRB,Bread Financial Hlds Depositary Shares representing 1 40th interest a share of,55101030,소비자 대출,118896000,"1,607억원",USD
GGZ,Gabelli Global Small and Mid Cap Value Closed Fund,55501030,폐쇄형 펀드,118450549,"1,601억원",USD
QRED U,QuasarEdge Acquisition Units,55601010,투자 지주 회사,118105000,"1,596억원",USD
CIM PRA,Chimera Investment Pref Shs Series A,60102040,특수 REITs,117624000,"1,590억원",USD
PEB PRF,Pebblebrook Hotel 6.3 Cumulative Redeemable Pref Shs Series F,60102040,특수 REITs,117514976,"1,588억원",USD
GSL PRB,Global Ship Lease  Representing 8.75 Cumulative Redeemable Perpetual Pref Shs,52405020,해양 화물 및 물류,117436848,"1,587억원",USD
LANV,Lanvin Group Holdings Ltd,53403040,의류 및 액세서리 소매,116944667,"1,581억원",USD
MX,Magnachip Semiconductor Corp,57101010,반도체,116832355,"1,579억원",USD
PFO,Flaherty Crumrine Preferred and Income Opportunity Mutual Fund  Incorporated,55501030,폐쇄형 펀드,116388201,"1,573억원",USD
NMI,Nuveen Municipal Income Fund Inc,55501030,폐쇄형 펀드,115951296,"1,567억원",USD
RMMZ,RiverNorth Managed Duration Muni Income Fd II Inc.,55501030,폐쇄형 펀드,115664400,"1,563억원",USD
NMT,Nuveen Massachusetts Quality Municipal Income Fund,55102020,투자 관리 및 펀드 운영,114678608,"1,550억원",USD
DX PRC,Dynex Cap Pref Shs Series C,60102040,특수 REITs,114309800,"1,545억원",USD
FRT PRC,Federal Realty Investment Depositary Shares representing 1 1000th 5 Cumulative,60102020,상업용 REITs,113580000,"1,535억원",USD
MCN,XAI Madison Equity Premium Income Closed End Fund,55501030,폐쇄형 펀드,113154803,"1,529억원",USD
SAGU U,Shreya Acquisition Group Units,55601010,투자 지주 회사,113148593,"1,529억원",USD
KIM PRN,Kimco Realty Oration Depositary Shares Representing 1000Th 7 25 Cum Convertible,60102020,상업용 REITs,112913118,"1,526억원",USD
ADC PRA,Agree Rlty 1000 Dep shs Rep of a 4 250 Cumulative Redeemable Pref Shs Series A,60102020,상업용 REITs,112350000,"1,518억원",USD
NIM,Nuveen Select Maturities Municipal Fund,55501030,폐쇄형 펀드,111894907,"1,512억원",USD
INN PRE,Summit Hotel Pptys Cum Red Pref Shs Series E,60102040,특수 REITs,111680000,"1,509억원",USD
BOH PRA,Bank of Hawaii DRC Each Representing 1/40th Interest 4 375 Fixed Rate Non,55101010,은행,111600000,"1,508억원",USD
VATE,Innovate Corp,52201020,건설 및 엔지니어링,111590464,"1,508억원",USD
DMO,Western Asset Mortgage Opportunity Fund,55501030,폐쇄형 펀드,111414498,"1,506억원",USD
NRDY,Nerdy Inc.,57201030,온라인 서비스,111261470,"1,504억원",USD
PAI,Western Asset Investment Grade Income Closed End Fund Inc,55501020,뮤추얼 펀드,110897817,"1,499억원",USD
CTA PRB,EIDP INC USD3.50 CUM PFD NPV,54102010,어업 및 농업,109621811,"1,482억원",USD
PLUN U,Plutonian Acquisition II Units,55601010,투자 지주 회사,109406826,"1,479억원",USD
EPR PRE,EPR Properties 9.00% Cumulative Conv Pref Shs Series E,60102010,복합부동산 REITs,109237566,"1,476억원",USD
JHI,John Hancock Investors Closed Fund,55501030,폐쇄형 펀드,108519828,"1,467억원",USD
VECA U,Vernal Capital Acquisition Units,55601010,투자 지주 회사,108150688,"1,462억원",USD
RITM PRA,Rithm Capital 7 50 Cumulative Redeemable Pref Shs Series A,60102040,특수 REITs,107164735,"1,448억원",USD
CMRE PRC,Costamare 8.50% Cumulative Redeemable Perpetual Pref Shs Series C,52405020,해양 화물 및 물류,106595239,"1,441억원",USD
ZVIA,Zevia PBC,54101030,무알콜 음료,103642837,"1,401억원",USD
WENC U,West Enclave Merger Units,55601010,투자 지주 회사,105813750,"1,430억원",USD
TAP A,Molson Coors Beverage Company Class A,54101010,양조업,105673892,"1,428억원",USD
CHMI,Cherry Hill Mortgage Investment Corporation,60102040,특수 REITs,105300073,"1,423억원",USD
CMRE PRD,Costamare 8.75 Cumulative Redeemable Perpetual Pref Shs Series D,52405020,해양 화물 및 물류,105210425,"1,422억원",USD
SRG,Seritage Growth Properties,60101010,"부동산 임대, 개발 및 운영",104763769,"1,416억원",USD
RFL,Rafael Holdings Inc,56201040,제약,103999992,"1,406억원",USD
GNL PRE,Global Net Lease 7 375 Cumulative Redeemable Perpetual Prf Shs Series E,60102020,상업용 REITs,103988810,"1,405억원",USD
OTAI U,Starlink AI Acquisition Units,55601010,투자 지주 회사,103747203,"1,402억원",USD
XFLH U,XFLH Capital Units,55601010,투자 지주 회사,103022171,"1,392억원",USD
EFC PRC,Ellington Finl Cumulative Pfd Redeemable Fxd Rate Reset Series C,60102040,특수 REITs,103000000,"1,392억원",USD
GHG,GreenTree Hospitality Group Ltd ADR,53301010,"호텔, 모텔 및 크루즈 라인",102915272,"1,391억원",USD
GNL PRB,GLOBAL NET LEASE Perpetual Pref Shs Series B,60102020,상업용 REITs,102135542,"1,380억원",USD
SBI,Western Asset Intermediate Muni Fund,55501030,폐쇄형 펀드,102096784,"1,380억원",USD
AMH PRH,American Homes 4 Rent Series H Pref Shs,60102030,주거용 REITs,101752000,"1,375억원",USD
LOB PRA,Live Oak Bancshares Depositary Shs Repstg 1 40Th Int Non Cumulative Perpetual,55101010,은행,101160000,"1,367억원",USD
PMT PRA,PennyMac Mortgage Investment 8.125 Cum Red Preferred Shs Series A,60102040,특수 REITs,100878000,"1,363억원",USD
PCF,High Income Securities Fund,55102020,투자 관리 및 펀드 운영,100507337,"1,358억원",USD
GETY,Getty Images Holdings Inc,57201030,온라인 서비스,99679157,"1,347억원",USD
SOL,Emeren Group Ltd ADR,52201020,건설 및 엔지니어링,99563947,"1,346억원",USD
FHN PRF,First Horizon DRC Rep 1 4000th Perp Pref Shs Series F,55101010,은행,99300000,"1,342억원",USD
AGM PRI,Federal Agricultural Mortgage 6 875 Non Cumulative Preferred Shs Series I,55101050,기업 금융 서비스,98938400,"1,337억원",USD
AMH PRG,American Homes 4 Rent Series G Cumulative Redeemable Perpetual Prf Shs,60102030,주거용 REITs,98095000,"1,326억원",USD
IGI,Western Asset Investment Grade Opps Trust Inc.,55501030,폐쇄형 펀드,97456749,"1,317억원",USD
CABO,Cable One Inc,57401010,통합 통신 서비스,96797161,"1,308억원",USD
CFR PRB,Cullen Frost Bankers 40 Depositary Shares Representing Ord Shs Series B,55101010,은행,96720000,"1,307억원",USD
PGP,PIMCO Global StocksPLUS & Income Fund,55501030,폐쇄형 펀드,96677280,"1,307억원",USD
CLDT PRA,Chatham Lodging 6 625 Cumulative Redeemable Pref Shs Series A,60102040,특수 REITs,96631200,"1,306억원",USD
IAE,Voya Asia Pacific High Dividend Equity Income Fund,55501030,폐쇄형 펀드,96323002,"1,302억원",USD
RGT,Royce Global Trust Inc,55501030,폐쇄형 펀드,96151047,"1,299억원",USD
LXP PRC,LXP Industrial 6 5 Cumulative Convertible Pref Shs Series C,60102020,상업용 REITs,95336573,"1,288억원",USD
CTO PRA,CTO Realty Growth 6 375 Cumulative Redeemable Pref Shs Series A,60102020,상업용 REITs,94766621,"1,281억원",USD
PSA PRO,PUBLIC STORAGE 1000 DEPOSITARY SHS REPSTG PFD BEN INT SER O,60102040,특수 REITs,94486000,"1,277억원",USD
MITT PRC,Mortgage Investment Trust Pref Shs Series C,60102040,특수 REITs,93336870,"1,261억원",USD
RMI,RiverNorth Opportunistic Municipal Income Fund Inc,55501030,폐쇄형 펀드,92692122,"1,253억원",USD
TSQ,Townsquare Media Inc,53302010,광고 및 마케팅,91522828,"1,237억원",USD
CODI PRA,Compass Diversified Hldgs 7.25 Pref Shs Series A,55601010,투자 지주 회사,91221000,"1,233억원",USD
AGM PRH,Federal Agric Mtg Non Cumulative Prf Shs Series H,55101050,기업 금융 서비스,91160000,"1,232억원",USD
CANG,Cango Inc,57301030,블록 체인 및 암호화폐,91068767,"1,231억원",USD
GLOP PRB,Gaslog Partners Perp Fixed Fltg Unit Pref Shs Series B,50103030,오일 및 가스 수송 서비스,90206656,"1,219억원",USD
GDL,GDL Fund,55501030,폐쇄형 펀드,90133258,"1,218억원",USD
ICR PRA,InPoint Commercial Real Estate Income 6 75 Cumulative Redeemable Pref Shs,60102040,특수 REITs,90079500,"1,217억원",USD
JLS,Nuveen Mortgage and Income Fund,55501030,폐쇄형 펀드,89707134,"1,212억원",USD
GCV,Gabelli Convertible and Income Securities Mutual Fund,55501030,폐쇄형 펀드,89656313,"1,212억원",USD
MGF,Aberdeen Government Markets Income Fund,55501030,폐쇄형 펀드,89623031,"1,211억원",USD
SHO PRH,Sunstone Hotel Investors 6 125 Cumulative Redeemable Pref Shs Series H,60102040,특수 REITs,89351323,"1,208억원",USD
GDV PRK,Gabelli Dividend and Income 4 250 Cumulative Pref Shs Series K,55501030,폐쇄형 펀드,88974661,"1,202억원",USD
BFS PRE,Saul Ctrs 100 DS Repstg Pref Series E,60102020,상업용 REITs,88836000,"1,201억원",USD
DCOM PR,Dime Community Bancshares Pref Shs Series A,55101010,은행,88655616,"1,198억원",USD
YRD,Yiren Digital Ltd ADR,55101030,소비자 대출,88363346,"1,194억원",USD
AGM PRF,FEDERAL AGRIC MTG 5 250 Non Cumulative Pref Shs Series F,55101050,기업 금융 서비스,88344000,"1,194억원",USD
EVF,Eaton Vance Senior Income Closed Fund,55501030,폐쇄형 펀드,88125902,"1,191억원",USD
TRTN PRA,Triton Intl Red Per Pref Shs Series A,52203040,경영 지원 서비스,88078500,"1,190억원",USD
ACR PRD,ACRES Commercial Realty 7 875 Cumulative Red Pref Shs Series D,60102040,특수 REITs,87857682,"1,187억원",USD
RPT,Rithm Property Trust Inc,60102020,상업용 REITs,87829973,"1,187억원",USD
HFRO PRA,Highland Opportunities and Income Fund 5 375 Series A Cumulative Pref Shs,55501030,폐쇄형 펀드,87588000,"1,184억원",USD
ABR PRE,ARBOR RLTY Pref Shs Series E,60102040,특수 REITs,87227500,"1,179억원",USD
CMU,MFS High Yield Municipal Trust,55501030,폐쇄형 펀드,85655748,"1,158억원",USD
AGM PRG,Federal Agricultural Mortgage 4 875 Non Cumulative Pref Shs Series G,55101050,기업 금융 서비스,85250000,"1,152억원",USD
PEB PRE,Pebblebrook Hotel 6.375 Cumulative Redeemable Pref Shs Series E,60102040,특수 REITs,84710328,"1,145억원",USD
SLQT,Selectquote  Inc,55301010,복합보험 및 중개인,80093573,"1,082억원",USD
SRFM,Surf Air Mobility Inc.,52406010,항공사,95206067,"1,287억원",USD
PSEC PRA,Prospect Capital 5 35 Fixed Rate Cumulative Perpetual Pref Shs Series A,55501030,폐쇄형 펀드,84491116,"1,142억원",USD
NCZ PRA,Virtus Convertible And Income Fund II 5 50 Cumulative Prf Shs Series A,55501030,폐쇄형 펀드,84148000,"1,137억원",USD
CHGG,Chegg Inc,52203070,전문 정보 서비스,83137379,"1,124억원",USD
AGM PRD,Federal Agricultural Mortgage 5 700 Non Cumulative Prf Shs Series D,55101050,기업 금융 서비스,83080000,"1,123억원",USD
SB PRD,Safe Bulkers 8 Cum Redeemable Perpetual Pref Shs Series D,52405020,해양 화물 및 물류,82496191,"1,115억원",USD
RFM,RiverNorth Flexible Municipal Income Fund Inc.,55501030,폐쇄형 펀드,82181555,"1,111억원",USD
RIV PRA,Rivernorth Opportunities Fd Perpetual Pref Shs Series A,55501030,폐쇄형 펀드,81719000,"1,104억원",USD
FMN,Federated Hermes Premier Municipal Income Closed End Fund,55501030,폐쇄형 펀드,81470864,"1,101억원",USD
CMCM,Cheetah Mobile Inc ADR,57201020,소프트웨어,81272241,"1,098억원",USD
SRL,Scully Royalty Ltd,51201070,채굴 지원 서비스 및 장비,81156451,"1,097억원",USD
PSA PRQ,Public Storage Depositary Shares Each Representing 1 1000 of 3 950 Cumulative,60102040,특수 REITs,81131925,"1,096억원",USD
NRT,North European Oil Royalty Units,50102020,"오일, 가스 탐사 및 생산",80601474,"1,089억원",USD
COF PRK,Capital One Financial DS Rep 1 40th Perp Prf Series K,55101030,소비자 대출,80400000,"1,087억원",USD
DTF,DTF Tax-Free Income 2028 Term Fund Inc.,55501030,폐쇄형 펀드,79504403,"1,075억원",USD
NCV PRA,Virtus Convertible And Income Fund 5 625 Cumulative Prf Shs Series A,55501030,폐쇄형 펀드,78920000,"1,067억원",USD
DLNG PRA,Dynagas LNG Partners 9 Cumulative Redeemable Pref Units Series A,50103030,오일 및 가스 수송 서비스,78666300,"1,063억원",USD
VGI,Virtus Global Multi-Sector Income Fund,55501030,폐쇄형 펀드,78512872,"1,061억원",USD
GLOP PRC,Gaslog Partners Perpetual Unit Pref Shs Series C,50103030,오일 및 가스 수송 서비스,77812070,"1,052억원",USD
BARK,Bark Inc,53403090,기타 전문 소매,77687730,"1,050억원",USD
XRN PRA,Chiron Real Estate Cumulative Redeemable Pref Shs Series A,60102040,특수 REITs,77625000,"1,049억원",USD
ECC PRD,Eagle Point Credit Company 6 75 Pref Shs Series D,55501030,폐쇄형 펀드,77067099,"1,042억원",USD
SWZ,Total Return Securities Fund,55102020,투자 관리 및 펀드 운영,76545786,"1,035억원",USD
GMRE PR A,Global Med REIT Cumulative Redeemable Pref Shs Series A,60102040,특수 REITs,76476150,"1,034억원",USD
MITT PRB,AG Mortgage Investment 8% Per Cumulative Redeemable Pref Shs Series B,60102040,특수 REITs,73814400,998억원,USD
EEA,The European Equity Fund Inc,55501030,폐쇄형 펀드,73729274,996억원,USD
GDO,Western Asset Global Corporate Opportunity Fd Inc.,55501030,폐쇄형 펀드,73464538,993억원,USD
CRT,Cross Timbers Royalty Units,50102020,"오일, 가스 탐사 및 생산",73440000,993억원,USD
BFH PRA,Bread Finl Hldgs Depositary Shs Repstg 1 40Th Perp Pfd Ser A,55101030,소비자 대출,73287000,990억원,USD
REXR PRC,Rexford Individual Realty Pref Shs Series C,60102020,상업용 REITs,70877145,958억원,USD
DSX PRB,Diana Shipping 8.875% Cumulative Redeemable Perpetual Pref Shs Series B,52405020,해양 화물 및 물류,70850260,958억원,USD
BML PRG,Bank of America Depository Shares Repstg 1/1200th Floating Rate Non Cumulative,55101010,은행,70346880,951억원,USD
SBXD,SilverBox Corp IV,55601010,투자 지주 회사,69939217,945억원,USD
GAB PRH,Gabelli Equity Trust 5.00% Cumulative Pref Shs Series H,55501030,폐쇄형 펀드,69742790,943억원,USD
SHO PRI,Sunstone Hotel Investors 5 70 Cumulative Pref Shs Series I,60102040,특수 REITs,69190709,935억원,USD
DMA,Destra Multi-Alternative Fund,,,68748043,929억원,USD
GAB PRK,GABELLI EQUITY Pref Shs Series K,55501030,폐쇄형 펀드,67101988,907억원,USD
INN PRF,Summit Hotel Pptys Cum Red Pref Shs Series F,60102040,특수 REITs,65920000,891억원,USD
ACH,Accendra Health  Inc.,56101020,"의료 장비, 물품 및 유통",65368998,883억원,USD
REXR PRB,Rexford Indl Rlty Pref Shs Series B,60102020,상업용 REITs,65310000,883억원,USD
NMS,Nuveen Minnesota Quality Municipal Income Fund,55501030,폐쇄형 펀드,65186252,881억원,USD
PEW,GrabAGun Digital Holdings Inc,53403090,기타 전문 소매,64929564,878억원,USD
WBX,Wallbox NV,52102030,전기 부품 및 장비,64884700,877억원,USD
AGM PRE,Federal Agricultural Mortgage 5 750 Non Cumulative Pref Shs Series E,55101050,기업 금융 서비스,64677384,874억원,USD
HFRO PRB,Highland Opportunities and Income Fund 5 375 Cumulative Prf Shs Series B,55501030,폐쇄형 펀드,64240000,868억원,USD
PCM,PCM Fund Inc,55501030,폐쇄형 펀드,61940870,837억원,USD
PGZ,Principal Real Estate Income Fund,55501030,폐쇄형 펀드,61920508,837억원,USD
PINE PRA,Alpine Income Ppty Tr Redeemable Pref Shs Series A,60102020,상업용 REITs,61738341,834억원,USD
AVD,American Vanguard Corporation,52102020,중장비 및 차량,61656321,833억원,USD
PDCC,Pearl Diver Credit Company Inc,55501030,폐쇄형 펀드,61379083,830억원,USD
VLT,Invesco High Income Trust II,55102020,투자 관리 및 펀드 운영,61205684,827억원,USD
CHMI PRA,Cherry Hill Mortgage Invstmnt 8 20 Cumulative Redeemable Pref Shs Series A,60102040,특수 REITs,60528378,818억원,USD
LITB,LightInthebox Holding Co.  Ltd ADR,53202020,의류 및 액세서리,60363341,816억원,USD
PVL,Permianville Royalty Unit,50102020,"오일, 가스 탐사 및 생산",60225000,814억원,USD
SRG PRA,Seritage Growth Pptys Cum Red 7 00 Pref Shs Series A,60101010,"부동산 임대, 개발 및 운영",59191160,800억원,USD
RWT PRA,Redwood Tr Prf Shs Series A,60102040,특수 REITs,58760000,794억원,USD
IH,iHuman Inc ADR,57201020,소프트웨어,58268663,788억원,USD
MXE,Mexico Equity and Income Closed Fund,55501030,폐쇄형 펀드,57840747,782억원,USD
GMRE PR B,Global Medical REIT 8 00 Cumulative Redeemable Prf Shs Series B,60102040,특수 REITs,57661000,779억원,USD
SPMA,Sound Point Meridian Capital 8 00 Pref Shs Series A,55501030,폐쇄형 펀드,57408000,776억원,USD
VOC,VOC Energy Units,50102010,통합 오일 및 가스,57630000,779억원,USD
FHN PR C,First Horizon 400 Depositary Shs Representing Non Cumulative Pref Shs Series C,55101010,은행,57500000,777억원,USD
SPME,Sound Point Meridian Capital 7 875 Prf Shs Series B Due 2030,55501030,폐쇄형 펀드,57267700,774억원,USD
RC PRE,Ready Capital 6.5 Pref Shs Series E,60102040,특수 REITs,56166000,759억원,USD
CLPR,Clipper Realty Inc.,60102030,주거용 REITs,55743603,753억원,USD
SPE PRC,Special Opportunities Fund 2 75 Convertible Pref Shs Series C,55501030,폐쇄형 펀드,55335431,748억원,USD
SKIL,Skillsoft Corp,63103010,전문 및 비즈니스 교육,54056637,731억원,USD
ANVS,Annovis Bio Inc,56202010,생명 공학 및 의학 연구,53775614,727억원,USD
BGSF,BGSF Inc,52203030,고용 서비스,53398825,722억원,USD
JMM,Nuveen Multi-Market Income Fund,55501030,폐쇄형 펀드,53083784,717억원,USD
XRN PRB,Chiron Real Estate 8 00 Cumulative Redeemable Prf Shs Series B,60102040,특수 REITs,52992500,716억원,USD
RPT PRC,Rithm Ppty Tr Prf Shs Ser C,60102020,상업용 REITs,52376959,708억원,USD
CCIF,Carlyle Credit Income Fund,55501030,폐쇄형 펀드,51512651,696억원,USD
GTN A,Gray Media Inc Class A,53302020,방송,51320396,694억원,USD
MAA PRI,Mid America Apartment Communities 8.50% Cumulative Redeemable Pref Shs Series I,60102030,주거용 REITs,50060000,677억원,USD
CMRE PRB,Costamare 7.625% Cumulative Redeemable Perpetual Pref Shs Series B,52405020,해양 화물 및 물류,50054485,676억원,USD
RSF,RiverNorth Capital and Income Interval Fund,55501030,폐쇄형 펀드,49385407,667억원,USD
CATO,Cato Corp,53403040,의류 및 액세서리 소매,49182514,665억원,USD
FMY,First Trust Mortgage Income Fund,55501030,폐쇄형 펀드,48297465,653억원,USD
NGL PRC,NGL Energy Partners 9.625 Fixed to Floating Rate Cumulative Redeemable,50102030,"오일, 가스 정제 및 마케팅",46710000,631억원,USD
SQNS,Sequans Communications SA ADR,57101010,반도체,46362347,627억원,USD
ECCC,Eagle Point Credit Company 6 50 Term Pref Shs Series C,55501030,폐쇄형 펀드,45504750,615억원,USD
NXDT PRA,NexPoint Diversified Real Estate 5.50 Cumulative Pref Shs Series A,60102010,복합부동산 REITs,44430617,600억원,USD
GAB PRG,Gabelli Equity Trust Cumulative Pref Shs Series G,55501030,폐쇄형 펀드,44160548,597억원,USD
GROV,Grove Collaborative Holdings Inc,57201030,온라인 서비스,43555067,589억원,USD
SPG PRJ,Simon Property 8.375% Cumulative Redeemable Pref Shs Series J,60102020,상업용 REITs,43314124,585억원,USD
GRBK PRA,Green Brick Partners Dep Shs Repstg 1 1000Th Perp Pfd Ser A,53203010,주택 건설,42280000,571억원,USD
TGE,Generation Essentials Group,52203040,경영 지원 서비스,42146593,570억원,USD
BHR PRB,Braemar Hotels Resorts 5 50 Cumulative Convertible Pref Shs Series B,60102040,특수 REITs,41245428,557억원,USD
KTN,Structured Products 8.205% Credit-Enhanced Corporate-Backed Trust Securities,55101050,기업 금융 서비스,41193692,557억원,USD
NREF PRA,Nexpoint Real Estate Fin Pref Series A,60102020,상업용 REITs,40917730,553억원,USD
GPMT,Granite Point Mortgage Trust Inc.,60102040,특수 REITs,40852766,552억원,USD
GDV PRH,Gabelli Dividend And Income 5.375% Cumulative Preferred Shs Series H,55501030,폐쇄형 펀드,39848175,539억원,USD
OPP PRB,Rivernorth Doubleline Strategic Opportunity Pref Shs Series B,55501030,폐쇄형 펀드,39676080,536억원,USD
LFT PRA,LUMENT FIN Pref Shs,60102040,특수 REITs,39600000,535억원,USD
PRIF PR J,PRIORITY INCOME FD Term Pref Shs Series J,55501030,폐쇄형 펀드,39594800,535억원,USD
STEM,Stem  Inc.,50201010,재생 가능 에너지 장비 및 서비스,38795778,524억원,USD
SPRU,Spruce Power Holding Corp,59101010,전력 유틸리티,38696894,523억원,USD
GUT PRC,Gabelli Utility 5.375 Cumulative Pref Shs Series C,55501030,폐쇄형 펀드,38290919,518억원,USD
CHMI PRB,Cherry Hill Mtg Invt Pref Shs Series B,60102040,특수 REITs,38225935,517억원,USD
EICA,Eagle Point Income Company 5 00 Term Pref Shs Series A,55501030,폐쇄형 펀드,37995576,514억원,USD
STG,Sunlands Technology Group ADR,63101010,기타 교육 서비스 제공,37422569,506억원,USD
OPP PRA,Rivernorth Doubleline Strategic Opportunity Fd Pref Shs Series A,55501030,폐쇄형 펀드,36619200,495억원,USD
SST,System1  Inc.,57201010,IT 서비스 및 컨설팅,36395612,492억원,USD
ZEPP,Zepp Health Corp ADR,57106020,전화 및 소형 장치,36378542,492억원,USD
CTA PRA,EIDP INC USD4.50 CUM PFD NPV,54102010,어업 및 농업,36372000,492억원,USD
EIIA,Eagle Point Institutional Income 8 125 Term Prf Shs Series A,55501030,폐쇄형 펀드,35364000,478억원,USD
MITT PRA,AG Mortgage Investment Trust 8.25% Cumulative Redeemable Pref Shs Series A,60102040,특수 REITs,35072670,474억원,USD
PRIF PRK,Priority Income Fund 7 000 Cumulative Pref Shs Series K,55501030,폐쇄형 펀드,34832000,471억원,USD
PDPA,Pearl Diver Credit 8 00 PRF Series A,55501030,폐쇄형 펀드,34582800,467억원,USD
HVT A,Haverty Furniture Companies Inc Class A,53403030,가정용 가구 소매,33988226,459억원,USD
PYT,Merrill Lynch Depositor PPLUS Floating Rate TRUPS Series GSC-2,55101050,기업 금융 서비스,33278000,450억원,USD
GGT PRE,Gabelli Multimedia 5 125 Cumulative Pref Shs Series E,55501030,폐쇄형 펀드,31303585,423억원,USD
ALTG PRA,Alta Equip Group 1000 DS Representing Prf Shs Series A,52102010,산업용 기계 및 장비,31134120,421억원,USD
TY PR,Tri Continental 2.5% Cumulative Pref Shs,55501030,폐쇄형 펀드,30839758,417억원,USD
ETI PR,Entergy Tex Pref Shs Series A,59101010,전력 유틸리티,30632000,414억원,USD
AMTD,AMTD IDEA Group ADR,52203040,경영 지원 서비스,30590822,413억원,USD
CCID,Carlyle Credit Income 7 375 Preferred Shares Series D,55501030,폐쇄형 펀드,29964000,405억원,USD
ACP PRA,Abrdn Income Credit Strategies 5 250 Perpetual Prf Shs Series A,55501030,폐쇄형 펀드,29408000,397억원,USD
LFT,Lument Finance Trust Inc,60102040,특수 REITs,29067892,393억원,USD
KTH,Structured Products 8% Corporate-Backed Trust Securities Certificates by PECO,55102010,투자 은행 및 중개 서비스,29071167,393억원,USD
CIF,MFS Intermediate High Income Fund,55501030,폐쇄형 펀드,28643178,387억원,USD
CMS PRB,Consumers Energy Cumulative Pref Shs Class B,59101010,전력 유틸리티,28538359,386억원,USD
PRIF PRL,Priority Income Fund 6 375 Prf Shs Series L,55501030,폐쇄형 펀드,27913930,377억원,USD
BHR PRD,Braemar Hotels Resorts Pref Shs Series D,60102040,특수 REITs,27744000,375억원,USD
PRIF PRD,Priority Income 7.00% Prf Shs Exp 2029 Series D,55501030,폐쇄형 펀드,27726233,375억원,USD
CDR PRC,Cedar Realty 6 5 Cumulative Redeemable Pref Shs Series C,60102020,상업용 REITs,27546777,372억원,USD
NOM,Nuveen Missouri Quality Municipal Income Fund,55501030,폐쇄형 펀드,25881471,350억원,USD
JBK,Lehman 3.50% Adjustable Corporate Backed Trust Certificates Goldman Sachs,55102020,투자 관리 및 펀드 운영,25320000,342억원,USD
LOCL,Local Bounti Corp,54102010,어업 및 농업,25018222,338억원,USD
PRT,PermRock Royalty Units,50102020,"오일, 가스 탐사 및 생산",24574779,332억원,USD
GGT PRG,Gabelli Multimedia Trust Pref Shs Series G,55501030,폐쇄형 펀드,24229485,327억원,USD
FEDU,Four Seasons Education Cayman Inc ADR,63102010,"초, 중, 고등 교육기관",23117776,312억원,USD
CFND,C1 Fund Inc,55102020,투자 관리 및 펀드 운영,21347131,289억원,USD
SB PRC,Safe Bulkers 8.00% Cumulative Redeemable Perpetual Pref Shs Series C,52405020,해양 화물 및 물류,21019096,284억원,USD
CFTR PRA,Cantor Fitzgerald Income 9 50 Cumulative Redeemable Prf Shs Series A,60102020,상업용 REITs,20560000,278억원,USD
BHV,BlackRock Virginia Municipal Bond Closed Fund,55501030,폐쇄형 펀드,20118408,272억원,USD
NYC,American Strategic Investment Co,60101020,부동산 서비스,19139974,259억원,USD
GNT PRA,GAMCO Natural Resources Gold 5 2 Cumulative Pref Shs Series A,55501030,폐쇄형 펀드,18507933,250억원,USD
PSQH,PSQ Holdings Inc,57201020,소프트웨어,18343517,248억원,USD
AHT,Ashford Hospitality Trust Inc,60102040,특수 REITs,17209705,233억원,USD
FENG,Phoenix New Media Ltd ADR,53302010,광고 및 마케팅,17175410,232억원,USD
GJP,STRATS SM Trust for Dominion Resources Securities Certificate Series 2005-6,55101050,기업 금융 서비스,16632800,225억원,USD
CCM,Concord Medical Services Holdings Ltd ADR,56102010,의료 시설 및 서비스,16107792,218억원,USD
GWH,ESS Tech  Inc.,52102030,전기 부품 및 장비,15896207,215억원,USD
MOGU,Mogu Inc ADR,57201030,온라인 서비스,15220925,206억원,USD
CDR PRB,Cedar Realty 7 25 Cumulative Redeemable Pref Shs Series B,60102020,상업용 REITs,13645049,184억원,USD
EQS,EQUUS Total Return Inc,55501030,폐쇄형 펀드,13268361,179억원,USD
GJH,STRATS SM Untd States Cell 6.375 Structured Repackaged Aset Backed Securits,55101050,기업 금융 서비스,11818750,160억원,USD
HL PRB,Hecla Mining Cumulative Conv Pref Series B,51201010,금 제외 귀금속 및 광물,10852992,147억원,USD
EFC PRD,Ellington Financial 7 00 Cumulative Perpetual Redeemable Prf Shs Series D,60102040,특수 REITs,9043995,122억원,USD
MVO,MV Oil Trust Units,50102020,"오일, 가스 탐사 및 생산",6848250,92.6억원,USD
AHT PRG,Ashford Hospitality 7.375 Cumulative Pref Shs Series G,60102040,특수 REITs,6810489,92억원,USD
SOS,Sos Ltd,55102010,투자 은행 및 중개 서비스,6747345,91.2억원,USD
AHT PRD,Ashford Hospitality 8.45% Cumulative Pref Shs Series D,60102040,특수 REITs,6000086,81.1억원,USD
AHT PRF,Ashford Hospitality 7.375 Cumulative Pref Shs Series F,60102040,특수 REITs,5444481,73.6억원,USD
ATHS,Athene Holding 7 250 Fixed Rate Reset Junior Subordinated Debentures Due 2064,55501050,연금,5031945,68억원,USD
AHT PRI,Ashford Hospitality 7.50% Pref Shs Series I,60102040,특수 REITs,4830195,65.3억원,USD
AHT PRH,Ashford Hospitality 7 5 Cumulative Pref Shs Series H,60102040,특수 REITs,4795357,64.8억원,USD
MTR,Mesa Royalty Trust,50102020,"오일, 가스 탐사 및 생산",4528524,61.2억원,USD
RC PRC,Ready Capital 6 25 Cumul Convertible Prf Shs Series C,60102040,특수 REITs,3785208,51.2억원,USD
BFS PRD,Saul Ctrs 1 100 Cum DS Representing Pref Shs Series D,60102020,상업용 REITs,607500,8.21억원,USD
AHL PRD,Aspen Insurance 5 625 Perpetual Non Cumulative Pref Shs,55301020,손해보험,179800,2.43억원,USD
AFGB,American Financial Group 5 875 Subordinated Debentures Exp 2059,55301020,손해보험,,,USD
AFGD,American Financial Group 5 625 Subordinated Debenture,55301020,손해보험,,,USD
AEFC,Aegon Funding Company 5 10 Subordinated Notes due 2049,55301030,생명 및 건강 보험,,,USD
AFGC,American Financial Group 5 125 Subordinated Debentures due 2059,55301020,손해보험,,,USD
CCZ,Comcast Holdings ZONES 2 Exchangeable Subor Debentures Exp 15 Nov 2029,53302020,방송,,,USD
CELG RT,Bristol Myers Squibb Company Contingent Rights Exp 31 Dec 2030,56201040,제약,,,USD
IPB,Merrill Lynch Depositor Certificates Series 2003 1 Exp 15 May 2033,55101050,기업 금융 서비스,,,USD
GJO,STRATS SM Wal-Mart 4.65 Floating Rate STRATS Certificates Series 2005-4,55101050,기업 금융 서비스,,,USD
GJS,Strats Sm Trust For Goldman Sachs Group Securities Certificates Series 2006-2,55101050,기업 금융 서비스,,,USD
GJR,STRATS SM Floating Rate Structured Repackaged Asset Backed Gamble Securities,55101050,기업 금융 서비스,,,USD
GJT,STRATS SM Trust for Allstate Securities Certificates Series 2006-3,55101050,기업 금융 서비스,,,USD
EMP,Entergy Mississippi 4.90 First Mortgage Bonds Exp 1 Oct 2066,59101010,전력 유틸리티,,,USD
DUKB,Duke Energy Corporation 5.625% Junior Subordinated Debentures Exp 15 Sep 2078,59101010,전력 유틸리티,,,USD
EAI,Entergy Arkansas First Mortgage Bonds 4.875 Series Exp 01 Sept 2066,59101010,전력 유틸리티,,,USD
DTW,Dte Energy Company 5 25 Junior Subordinated Debentures due 2077 Series E,59101010,전력 유틸리티,,,USD
ENJ,Entergy Orleans 5% Mortgage Bonds Series Exp 01 Dec 2052,59101010,전력 유틸리티,,,USD
ELC,Entergy Louisiana Collateral Mortgage Bonds 4.875 Series Exp 01 Sept 2066,59101010,전력 유틸리티,,,USD
RCB,Ready Capital 6 20 Senior Notes due 2026,60102040,특수 REITs,,,USD
SFB,Stifel Financial 5 20 Senior Notes Exp 15th Oct 2047,55102010,투자 은행 및 중개 서비스,,,USD
WRB PRE,WR Berkley 5.70 Subordinated Debentures Due 2058,55301020,손해보험,,,USD
WRB PRF,W R Berkley 5.10% Subordinated Debentures Exp 2059,55301020,손해보험,,,USD
UZD,Array Digital Infrtre 6 250 Senior Notes due 2069,57401020,무선 통신 서비스,,,USD
AFGE,American Financial Group 4 500 Subordinated Debentures due 2060,55301020,손해보험,,,USD
DTB,DTE Energy 4 375 Junior Subordinated Debentures Series G due 2080,59101010,전력 유틸리티,,,USD
CNO PRA,CNO Financial Group 5 125 Subordinated Debentures,55301030,생명 및 건강 보험,,,USD
UZE,Array Digital Infrtre 5 500 Senior Notes due 2070,57401020,무선 통신 서비스,,,USD
WRB PRH,W.R. Berkley 4.125% Subordinated Debentures due 2061,55301020,손해보험,,,USD
UZF,Array Digital Infrtre 5 500 Senior Notes Due 2070,57401020,무선 통신 서비스,,,USD
GL PRD,Globe Life 4 25 Junior Subordinated Debentures due 2061,55301030,생명 및 건강 보험,,,USD
DTG,DTE Energy 2021 4 375 Junior Subordinated Debentures Series E,59101010,전력 유틸리티,,,USD
KMPB,Kemper 5 875 Fixed Rate Reset Junior Subordinated Debentures due 2062,55301020,손해보험,,,USD
RZC,Reinsurance Group of America 7 125 Fixed Rate Reset Subordinated Debentures due,55301050,재보험,,,USD
PMTU,PennyMac Mortgage Investment 8 50 Senior Notes due 2028,60102040,특수 REITs,,,USD
FGN,F&G Annuities And Life 7 950 Senior Notes due 2053,55301030,생명 및 건강 보험,,,USD
MFAN,MFA Financial 8 875 Senior Notes due 2029,60102040,특수 REITs,,,USD
RWTN,Redwood Trust 9 125 Senior Notes Due 2029,60102040,특수 REITs,,,USD
MITN,TPG Mortgage Investment Trust 9 500 Senior Notes Due 2029,60102040,특수 REITs,,,USD
MFAO,MFA Financial 9 00 Senior Notes due 2029,60102040,특수 REITs,,,USD
MITP,TPG Mortgage Investment Trust 9 500 Senior Notes Due 2029,60102040,특수 REITs,,,USD
CIMN,Chimera Investment 9 00 Senior Notes due 2029,60102040,특수 REITs,,,USD
RWTO,Redwood Trust 9 00 Senior Notes Due 2029,60102040,특수 REITs,,,USD
AOMN,Angel Oak Mortgage REIT 9.500 Senior Notes due 2029,55101010,은행,,,USD
CIMO,Chimera Investment 9 250 Senior Notes due 2029,60102040,특수 REITs,,,USD
FLG PRU,Flagstar Bank National Association Prf Shs,55102020,투자 관리 및 펀드 운영,,,USD
NEE PRT,Nextera Energy Units,59101010,전력 유틸리티,,,USD
RCD,Ready Capital 9.00% Senior Notes due 2029,60102040,특수 REITs,,,USD
JACS RT,Jackson Acquisition II Rights,55601010,투자 지주 회사,,,USD
RWTP,Redwood Trust 9 125 Senior Notes Due 2030,60102040,특수 REITs,,,USD
PMTV,PennyMac Mortgage Investment Trust 9 00 Senior Notes due 2030,60102040,특수 REITs,,,USD
TWOD,Two Harbors Investment 9 375 Senior Notes due 2030,60102040,특수 REITs,,,USD
NEE PRU,Nextera Energy Capital Holdings Junior Subordinated Debentures Series U Due,59101010,전력 유틸리티,,,USD
SOUL RT,Soulpower Acquisition Rights,55601010,투자 지주 회사,,,USD
AOMD,Angel Oak Mortgage Reit 9 750 Senior Notes Due 2030,55101010,은행,,,USD
PMTW,Pennymac Mortgage Investment 9 00 Senior Notes Due 2030,60102040,특수 REITs,,,USD
RAL WI,Ralliant Corp,52102010,산업용 기계 및 장비,,,USD
JENA RT,Jena Acquisition Rights,55601010,투자 지주 회사,,,USD
BIT RT WI,BlackRock Multi Sector Income Rights When Issued,55501030,폐쇄형 펀드,,,USD
RIV RT WI,RiverNorth Opportunities Rights Exp 23rd Sep 2026 When Issued,55501030,폐쇄형 펀드,,,USD
EMO RT WI,ClearBridge Energy Midstream Opportunity Rights When Issued Exp 10th October,55501030,폐쇄형 펀드,,,USD
CIMP,Chimera Investment 8 875 Senior Notes due 2030,60102040,특수 REITs,,,USD
UTF RT WI,Cohen Steers Infrastructure Rights When Issued Exp 16th October 2025,55501030,폐쇄형 펀드,,,USD
DTK,DTE Energy Company 2025 6 25 Junior Subordinated Debentures Series H,59101010,전력 유틸리티,,,USD
BKT RT WI,BlackRock Income Rights When Issued Exp 20 Oct 2025,55501030,폐쇄형 펀드,,,USD
BRW RT WI,Saba Capital Income And Opportunities Rights When Issued Expiry 28th October,55501030,폐쇄형 펀드,,,USD
JGH RT WI,Nuveen Global High Income Rights When Issued Exp 20 Nov 2025,55501030,폐쇄형 펀드,,,USD
NEE PRV,Nextera Energy 7 375 Corporate Units,59101010,전력 유틸리티,,,USD
GAB RT WI,Gabelli Equity Trust Rights Exp 14 April 2026 When Issued,55501030,폐쇄형 펀드,,,USD
WPAC RT,White Pearl Acquisition Rights Exp 10 Sep 2030,55601010,투자 지주 회사,,,USD
TSI RT WI,TCW Strategic Income Fd Rights Exp 18 March 2026 When Issued,55501030,폐쇄형 펀드,,,USD
HYT RT WI,BlackRock Corporate High Yield Rights Expiry 26 January 2026 When Issued,55501030,폐쇄형 펀드,,,USD
ABXL,Abacus Global Management 9 875 Fixed Rate Senior Notes due 2028,55301010,복합보험 및 중개인,,,USD
RWTQ,Redwood 9 5 Senior Notes Due 2030,60102040,특수 REITs,,,USD
AIIA RT,AI Infrastructure Acquisition Rights Class A,55601010,투자 지주 회사,,,USD
OPP RT WI,RiverNorth DoubleLine Strategic Opportunity Fund Rights When Issued Exp 18 Nov,55501030,폐쇄형 펀드,,,USD
Q WI,Qnity Electronics Inc,57101010,반도체,,,USD
SRV RT WI,NXG Cushing Midstream Energy Rights Exp 11th Dec 2025 When Issued,55501030,폐쇄형 펀드,,,USD
GFR RT WI,Greenfire Resources Rights exp 15th Sep 2026,50102020,"오일, 가스 탐사 및 생산",,,USD
CTRA,Coterra Energy Inc,50102020,"오일, 가스 탐사 및 생산",27055934590,"36조 5,661억원",USD
SEMR,SEMrush Holdings Inc,57201020,소프트웨어,1814168904,"2조 4,518억원",USD
PRA,Proassurance Corp,55301020,손해보험,1290193150,"1조 7,437억원",USD
PRO,Pros Holdings Inc,57201020,소프트웨어,1122440407,"1조 5,170억원",USD
WSR,Whitestone REIT,60102020,상업용 REITs,975971623,"1조 3,190억원",USD
KUKE,Kuke Music Holding Ltd ADR,53302030,엔터테인먼트 제작,941343743,"1조 2,722억원",USD
BUI RT WI,BlackRock Utilities Infrastructure Power Opportunities Rights Exp 2 April 2026,55501030,폐쇄형 펀드,,,USD
XFLH RT,XFLH Capital Rights,55601010,투자 지주 회사,,,USD
NEE PRW,NextEra Energy Capital Holdings Junior Subordinated Debentures Series Z due,59101010,전력 유틸리티,,,USD
VGNT WI,Versigent Ltd,52203040,경영 지원 서비스,,,USD
NXG RT WI,NXG NextGen Infrastructure Income Rights When Issued,55501030,폐쇄형 펀드,,,USD
NXG RT,NXG Nextgen Infrastructure Income Rights,55501030,폐쇄형 펀드,,,USD
GLED RT,GalaxyEdge Acquisition Rights,55601010,투자 지주 회사,,,USD
TRAD RT,Apex Tech Acquisition Rights,55601010,투자 지주 회사,,,USD
QRED RT,QuasarEdge Acquisition Rights,55601010,투자 지주 회사,,,USD
WENC RT,West Enclave Merger Rights,55601010,투자 지주 회사,,,USD
VECA RT,Vernal Capital Acquisition Rights,55601010,투자 지주 회사,,,USD
TYG RT WI,Tortoise Energy Infrastructure Rights When Issued Expiry 17th June 2026,55501030,폐쇄형 펀드,,,USD
SAGU RT,Shreya Acquisition Group Rights,55601010,투자 지주 회사,,,USD
NVRI WI,Enviri II Corp,52203010,환경 서비스 및 장비,,,USD
FDXF WI,FedEx Freight Holding Company Inc,52405030,지상 화물 및 물류,,,USD
RWTS,Redwood 9 75 Senior Notes Due 2031,60102040,특수 REITs,,,USD
CTGG,Qwest 6 500 Senior Notes due 2051,57401010,통합 통신 서비스,,,USD
RQI RT WI,Cohen and Steers Quality Income Realty Rights When issued expiring 15th july,55501030,폐쇄형 펀드,,,USD
CTHH,Qwest 6 750 Senior Notes due 2052,57401010,통합 통신 서비스,,,USD
PLUN RT,Plutonian Acquisition II Rights,55601010,투자 지주 회사,,,USD
TPTS,Terra Property Trust 7 Senior Secured Notes due 2029,60102010,복합부동산 REITs,,,USD
MBGL WI,Mobility Global Inc,52203040,경영 지원 서비스,,,USD
OTAI RT,Starlink AI Acquisition Rights,55601010,투자 지주 회사,,,USD
DGAC RT,Disciplined Growth Acquisition Rights,55601010,투자 지주 회사,,,USD
MUA RT WI,BlackRock MuniAssets Exp 20th August 2026 Rights When issued,55501030,폐쇄형 펀드,,,USD
ADIG WI,ADI Global Distribution Inc,57104010,전자 장비 및 부품,,,USD
OCAC RT,Ocean Capital Acquisition Rights,55601010,투자 지주 회사,,,USD
RIV RT,RiverNorth Opportunities Rights Exp 23rd Sep 2026,55501030,폐쇄형 펀드,,,USD
NMCO RT,Nuveen Municipal Credit Opportunities Fund Rights Exp 7th Oct 2026,55501030,폐쇄형 펀드,,,USD
ASGI RTWI,Abrdn Global Infrastructure Income FD Rights When Issued Expiry 15th October,55501030,폐쇄형 펀드,,,USD
QVCD,QVC 6.375% Senior Secured Notes Exp 13 Sep 2067,57201030,온라인 서비스,,,USD
QVCC,QVC 6.250 Senior Secured Notes due 2068,57201030,온라인 서비스,,,USD
